"month","Argentina","Australia","Belgium","Brazil","Canada","Switzerland","Chile","China","Colombia","Germany","Denmark","Egypt","Spain","Finland","France","United_Kingdom","Hong_Kong","Hungary","Indonesia","India","Israel","Italy","Japan","South_Korea","Mexico","Malaysia","Netherlands","Norway","Peru","Philippines","Poland","Portugal","Russia","Saudi_Arabia","Sweden","Thailand","Tunisia","Turkiye","Taiwan","Ukraine","United_States","Venezuela","Viet_Nam","South_Africa"
"1900-01-01 00:00:00",0.03,0.08,0.09,0.01,0.09,0.04,0.01,0.23,0.03,0.53,0.01,0.05,0.56,0.03,0.67,1.54,0.0,0.03,0.0,0.27,0.0,0.05,0.09,0.01,0.06,0.0,0.25,0.01,0.01,0.88,0.05,0.25,0.26,0.0,0.01,0.08,0.0,0.04,0.0,0.0,2.72,0.05,0.01,1.15
"1900-02-01 00:00:00",0.01,0.15,0.15,0.03,0.1,0.08,0.01,0.1,0.0,0.64,0.03,0.2,0.39,0.0,0.96,1.88,0.0,0.04,0.0,0.39,0.01,0.2,0.04,0.0,0.1,0.0,0.31,0.01,0.01,0.47,0.01,0.14,0.33,0.0,0.0,0.08,0.0,0.13,0.0,0.0,2.73,0.03,0.0,1.14
"1900-03-01 00:00:00",0.01,0.13,0.1,0.01,0.18,0.03,0.0,0.14,0.01,0.46,0.0,0.09,0.39,0.0,0.54,1.35,0.0,0.04,0.0,0.28,0.04,0.18,0.1,0.06,0.05,0.0,0.21,0.03,0.01,0.35,0.01,0.05,0.39,0.0,0.01,0.12,0.0,0.18,0.0,0.0,2.15,0.03,0.0,0.86
"1900-04-01 00:00:00",0.0,0.08,0.03,0.0,0.08,0.01,0.0,0.11,0.05,0.21,0.04,0.01,0.29,0.03,0.39,1.12,0.0,0.0,0.0,0.12,0.0,0.09,0.15,0.03,0.05,0.0,0.04,0.01,0.03,0.33,0.0,0.08,0.27,0.0,0.0,0.04,0.0,0.07,0.0,0.0,1.78,0.0,0.0,0.64
"1900-05-01 00:00:00",0.0,0.12,0.03,0.05,0.26,0.01,0.03,0.11,0.05,0.41,0.03,0.04,0.26,0.0,0.49,1.11,0.0,0.03,0.0,0.22,0.0,0.12,0.07,0.0,0.07,0.0,0.19,0.03,0.0,0.49,0.0,0.08,0.18,0.0,0.0,0.16,0.0,0.08,0.0,0.0,1.97,0.01,0.0,0.79
"1900-06-01 00:00:00",0.0,0.07,0.12,0.0,0.05,0.03,0.01,1.49,0.05,0.69,0.05,0.05,0.14,0.0,0.99,1.6,0.0,0.0,0.0,0.3,0.0,0.21,0.73,0.04,0.05,0.0,0.14,0.03,0.03,0.53,0.01,0.07,0.95,0.0,0.01,0.08,0.01,0.11,0.03,0.0,2.73,0.03,0.04,0.67
"1900-07-01 00:00:00",0.03,0.07,0.09,0.04,0.08,0.07,0.05,2.8,0.05,1.1,0.04,0.05,0.48,0.01,1.21,1.82,0.01,0.04,0.01,0.62,0.01,0.28,1.04,0.07,0.12,0.0,0.09,0.01,0.0,0.62,0.01,0.04,1.04,0.0,0.01,0.25,0.0,0.15,0.04,0.0,3.54,0.03,0.03,0.29
"1900-08-01 00:00:00",0.0,0.08,0.13,0.0,0.11,0.0,0.0,2.65,0.0,1.07,0.01,0.03,0.38,0.01,1.08,1.9,0.01,0.04,0.0,0.26,0.03,0.45,1.27,0.07,0.08,0.0,0.09,0.0,0.0,0.54,0.05,0.03,1.11,0.0,0.04,0.24,0.01,0.08,0.04,0.0,3.55,0.03,0.01,0.24
"1900-09-01 00:00:00",0.05,0.03,0.04,0.05,0.04,0.03,0.07,0.91,0.05,0.72,0.0,0.01,0.46,0.01,0.54,0.77,0.0,0.03,0.0,0.12,0.03,0.24,0.3,0.01,0.12,0.0,0.03,0.01,0.03,0.41,0.01,0.09,0.79,0.0,0.0,0.14,0.0,0.04,0.01,0.0,2.01,0.01,0.0,0.18
"1900-10-01 00:00:00",0.0,0.05,0.11,0.0,0.04,0.0,0.0,0.44,0.01,0.32,0.0,0.03,0.27,0.03,0.27,0.45,0.03,0.01,0.0,0.12,0.0,0.05,0.07,0.01,0.04,0.0,0.05,0.01,0.04,0.41,0.0,0.01,0.18,0.0,0.01,0.07,0.0,0.03,0.0,0.0,1.26,0.0,0.0,0.21
"1900-11-01 00:00:00",0.03,0.01,0.03,0.03,0.04,0.03,0.04,0.45,0.04,0.46,0.0,0.03,0.33,0.01,0.42,0.6,0.0,0.05,0.0,0.08,0.0,0.16,0.08,0.0,0.03,0.0,0.08,0.0,0.04,0.34,0.03,0.03,0.2,0.0,0.01,0.07,0.0,0.04,0.0,0.0,1.6,0.0,0.01,0.29
"1900-12-01 00:00:00",0.03,0.07,0.04,0.03,0.07,0.04,0.04,0.33,0.08,0.37,0.01,0.13,0.25,0.01,0.39,0.92,0.0,0.01,0.0,0.16,0.0,0.1,0.12,0.03,0.03,0.0,0.17,0.01,0.03,0.2,0.0,0.07,0.14,0.0,0.03,0.09,0.01,0.09,0.0,0.0,1.61,0.08,0.0,0.41
"1901-01-01 00:00:00",0.01,0.0,0.07,0.0,0.06,0.0,0.0,0.32,0.04,0.13,0.09,0.03,0.28,0.0,0.36,0.53,0.0,0.04,0.0,0.25,0.01,0.06,0.1,0.0,0.03,0.0,0.09,0.0,0.04,0.25,0.0,0.03,0.15,0.0,0.01,0.13,0.0,0.01,0.0,0.0,1.44,0.16,0.0,0.23
"1901-02-01 00:00:00",0.0,0.11,0.06,0.03,0.11,0.0,0.02,0.32,0.02,0.36,0.05,0.06,0.4,0.02,0.45,0.73,0.0,0.03,0.0,0.17,0.0,0.14,0.09,0.02,0.06,0.0,0.17,0.02,0.0,0.37,0.02,0.03,0.25,0.0,0.02,0.09,0.0,0.09,0.02,0.0,1.65,0.06,0.0,0.28
"1901-03-01 00:00:00",0.0,0.01,0.04,0.0,0.04,0.04,0.0,0.59,0.01,0.34,0.0,0.01,0.27,0.0,0.31,0.79,0.0,0.01,0.0,0.16,0.0,0.04,0.39,0.14,0.03,0.0,0.03,0.0,0.0,0.39,0.0,0.0,0.61,0.0,0.01,0.01,0.0,0.11,0.0,0.0,1.69,0.0,0.0,0.29
"1901-04-01 00:00:00",0.01,0.07,0.03,0.01,0.09,0.0,0.0,0.35,0.03,0.29,0.03,0.07,0.26,0.03,0.25,0.5,0.0,0.01,0.0,0.28,0.0,0.1,0.15,0.04,0.01,0.0,0.06,0.0,0.0,0.25,0.0,0.04,0.23,0.0,0.01,0.01,0.0,0.04,0.0,0.0,1.3,0.01,0.0,0.16
"1901-05-01 00:00:00",0.01,0.03,0.01,0.01,0.04,0.01,0.01,0.16,0.03,0.2,0.01,0.04,0.17,0.0,0.16,0.42,0.0,0.0,0.0,0.07,0.01,0.11,0.1,0.03,0.06,0.0,0.03,0.03,0.01,0.24,0.0,0.0,0.16,0.0,0.01,0.03,0.0,0.06,0.0,0.0,1.23,0.01,0.0,0.1
"1901-06-01 00:00:00",0.0,0.04,0.0,0.01,0.04,0.0,0.0,0.19,0.0,0.28,0.01,0.04,0.1,0.0,0.26,0.37,0.0,0.01,0.0,0.23,0.0,0.1,0.1,0.01,0.04,0.0,0.06,0.0,0.0,0.07,0.01,0.0,0.22,0.0,0.01,0.03,0.01,0.01,0.0,0.0,1.07,0.03,0.0,0.21
"1901-07-01 00:00:00",0.03,0.01,0.04,0.01,0.04,0.0,0.03,0.12,0.03,0.32,0.06,0.0,0.29,0.0,0.2,0.42,0.0,0.0,0.0,0.09,0.01,0.1,0.04,0.01,0.07,0.0,0.12,0.01,0.0,0.16,0.01,0.01,0.07,0.0,0.01,0.01,0.0,0.03,0.0,0.0,1.21,0.03,0.0,0.28
"1901-08-01 00:00:00",0.01,0.01,0.1,0.06,0.19,0.04,0.01,0.36,0.78,0.37,0.06,0.03,0.27,0.01,0.46,0.72,0.0,0.03,0.0,0.07,0.0,0.25,0.01,0.0,0.1,0.0,0.09,0.01,0.04,0.13,0.0,0.06,0.24,0.0,0.01,0.04,0.0,0.18,0.0,0.0,2.02,0.63,0.03,0.27
"1901-09-01 00:00:00",0.0,0.0,0.06,0.08,0.11,0.02,0.0,0.2,0.33,0.25,0.02,0.02,0.27,0.0,0.33,0.48,0.0,0.02,0.0,0.09,0.0,0.11,0.06,0.0,0.05,0.0,0.06,0.02,0.02,0.14,0.02,0.0,0.12,0.0,0.0,0.03,0.0,0.09,0.0,0.0,1.44,0.25,0.0,0.19
"1901-10-01 00:00:00",0.02,0.06,0.03,0.02,0.03,0.0,0.03,0.15,0.17,0.3,0.02,0.05,0.24,0.0,0.33,0.48,0.0,0.03,0.0,0.18,0.0,0.15,0.06,0.02,0.05,0.0,0.05,0.03,0.03,0.35,0.05,0.05,0.21,0.0,0.05,0.03,0.02,0.09,0.0,0.0,1.27,0.18,0.0,0.18
"1901-11-01 00:00:00",0.03,0.01,0.04,0.06,0.06,0.01,0.03,0.1,0.18,0.4,0.04,0.06,0.21,0.0,0.41,0.52,0.0,0.03,0.0,0.16,0.01,0.13,0.08,0.0,0.06,0.0,0.03,0.01,0.01,0.37,0.03,0.06,0.16,0.0,0.0,0.07,0.0,0.16,0.0,0.0,1.49,0.08,0.0,0.21
"1901-12-01 00:00:00",0.32,0.01,0.03,0.07,0.1,0.01,0.35,0.13,0.14,0.48,0.0,0.1,0.34,0.0,0.31,0.83,0.01,0.0,0.0,0.18,0.0,0.13,0.03,0.01,0.1,0.0,0.1,0.0,0.04,0.14,0.03,0.01,0.07,0.0,0.0,0.01,0.0,0.14,0.0,0.0,1.77,0.32,0.0,0.25
"1902-01-01 00:00:00",0.07,0.04,0.07,0.0,0.01,0.0,0.13,0.11,0.15,0.34,0.04,0.01,0.32,0.0,0.32,0.46,0.0,0.03,0.0,0.15,0.01,0.09,0.03,0.03,0.04,0.0,0.04,0.01,0.0,0.15,0.0,0.01,0.13,0.0,0.01,0.03,0.01,0.03,0.0,0.0,1.2,0.08,0.0,0.18
"1902-02-01 00:00:00",0.01,0.03,0.03,0.0,0.09,0.03,0.01,0.18,0.06,0.43,0.03,0.0,0.54,0.0,0.32,0.63,0.0,0.03,0.0,0.13,0.0,0.16,0.18,0.04,0.06,0.0,0.09,0.01,0.0,0.15,0.0,0.01,0.26,0.0,0.01,0.15,0.01,0.04,0.0,0.0,1.43,0.06,0.0,0.15
"1902-03-01 00:00:00",0.0,0.03,0.0,0.0,0.03,0.01,0.0,0.14,0.1,0.29,0.04,0.0,0.26,0.0,0.24,0.48,0.0,0.05,0.0,0.13,0.0,0.09,0.09,0.0,0.01,0.0,0.03,0.0,0.03,0.25,0.01,0.01,0.2,0.0,0.0,0.05,0.0,0.09,0.0,0.0,1.27,0.08,0.0,0.14
"1902-04-01 00:00:00",0.01,0.03,0.16,0.06,0.11,0.03,0.0,0.13,0.1,0.23,0.11,0.0,0.3,0.06,0.19,0.46,0.0,0.0,0.0,0.13,0.01,0.16,0.03,0.01,0.03,0.0,0.04,0.01,0.01,0.23,0.03,0.01,0.14,0.0,0.01,0.09,0.0,0.04,0.0,0.0,1.48,0.07,0.0,0.17
"1902-05-01 00:00:00",0.0,0.0,0.0,0.01,0.05,0.01,0.0,0.09,0.04,0.18,0.04,0.01,0.23,0.01,0.28,0.37,0.0,0.03,0.0,0.11,0.0,0.11,0.01,0.0,0.07,0.0,0.03,0.01,0.01,0.42,0.0,0.04,0.16,0.0,0.01,0.07,0.0,0.05,0.0,0.0,1.3,0.0,0.0,0.11
"1902-06-01 00:00:00",0.01,0.07,0.03,0.03,0.08,0.03,0.01,0.12,0.07,0.17,0.03,0.04,0.24,0.0,0.26,0.34,0.01,0.01,0.01,0.2,0.01,0.08,0.05,0.0,0.09,0.0,0.04,0.01,0.03,0.42,0.03,0.04,0.05,0.0,0.0,0.04,0.0,0.03,0.0,0.0,1.24,0.15,0.01,0.18
"1902-07-01 00:00:00",0.0,0.04,0.04,0.0,0.04,0.01,0.0,0.08,0.07,0.18,0.05,0.07,0.2,0.0,0.25,0.3,0.0,0.03,0.0,0.16,0.0,0.07,0.01,0.0,0.0,0.0,0.08,0.04,0.0,0.21,0.05,0.0,0.16,0.0,0.03,0.03,0.0,0.1,0.0,0.0,1.29,0.24,0.01,0.17
"1902-08-01 00:00:00",0.0,0.03,0.07,0.01,0.08,0.01,0.0,0.12,0.24,0.34,0.0,0.0,0.18,0.0,0.3,0.49,0.0,0.01,0.0,0.09,0.01,0.08,0.09,0.0,0.04,0.0,0.15,0.01,0.01,0.32,0.03,0.01,0.05,0.0,0.01,0.08,0.0,0.03,0.0,0.0,1.88,0.33,0.0,0.09
"1902-09-01 00:00:00",0.0,0.01,0.06,0.03,0.1,0.03,0.0,0.1,0.39,0.38,0.01,0.0,0.17,0.0,0.31,0.66,0.0,0.03,0.0,0.22,0.0,0.17,0.04,0.0,0.08,0.0,0.07,0.03,0.0,0.15,0.01,0.03,0.14,0.0,0.01,0.01,0.0,0.07,0.01,0.0,1.73,0.3,0.0,0.17
"1902-10-01 00:00:00",0.0,0.04,0.03,0.03,0.08,0.08,0.01,0.07,0.09,0.34,0.07,0.03,0.25,0.0,0.3,0.45,0.0,0.01,0.0,0.24,0.01,0.09,0.03,0.01,0.09,0.0,0.04,0.01,0.0,0.18,0.01,0.03,0.12,0.0,0.0,0.09,0.0,0.09,0.0,0.0,1.7,0.2,0.0,0.01
"1902-11-01 00:00:00",0.01,0.01,0.03,0.04,0.0,0.0,0.0,0.15,0.15,0.18,0.01,0.01,0.14,0.01,0.14,0.3,0.0,0.01,0.0,0.07,0.01,0.01,0.04,0.0,0.1,0.0,0.0,0.0,0.0,0.18,0.0,0.01,0.1,0.0,0.03,0.01,0.0,0.05,0.0,0.0,0.88,0.14,0.0,0.05
"1902-12-01 00:00:00",0.01,0.01,0.07,0.05,0.03,0.0,0.0,0.11,0.08,1.03,0.03,0.01,0.52,0.0,0.48,1.13,0.0,0.01,0.0,0.19,0.0,0.45,0.03,0.01,0.15,0.03,0.2,0.03,0.01,0.08,0.0,0.0,0.14,0.0,0.01,0.08,0.0,0.07,0.0,0.0,1.82,1.17,0.0,0.03
"1903-01-01 00:00:00",0.03,0.07,0.1,0.1,0.04,0.03,0.01,0.14,0.1,0.95,0.05,0.01,0.32,0.0,0.44,0.9,0.0,0.04,0.0,0.12,0.01,0.51,0.04,0.01,0.05,0.0,0.18,0.05,0.03,0.15,0.01,0.03,0.19,0.0,0.05,0.19,0.0,0.04,0.0,0.0,1.79,0.79,0.0,0.03
"1903-02-01 00:00:00",0.0,0.0,0.12,0.09,0.07,0.03,0.03,0.18,0.04,0.55,0.01,0.03,0.22,0.03,0.41,0.69,0.0,0.03,0.0,0.12,0.0,0.34,0.04,0.01,0.09,0.0,0.03,0.01,0.03,0.1,0.0,0.0,0.35,0.0,0.01,0.15,0.0,0.38,0.0,0.0,1.76,0.49,0.0,0.04
"1903-03-01 00:00:00",0.05,0.03,0.0,0.09,0.03,0.01,0.03,0.04,0.06,0.19,0.01,0.01,0.14,0.03,0.16,0.27,0.0,0.01,0.0,0.11,0.0,0.05,0.0,0.0,0.04,0.0,0.01,0.01,0.03,0.15,0.01,0.03,0.11,0.0,0.04,0.13,0.0,0.08,0.0,0.0,1.01,0.1,0.0,0.03
"1903-04-01 00:00:00",0.0,0.01,0.06,0.0,0.01,0.03,0.01,0.14,0.01,0.24,0.03,0.0,0.1,0.01,0.24,0.33,0.0,0.07,0.0,0.06,0.0,0.2,0.09,0.01,0.01,0.0,0.14,0.0,0.0,0.13,0.0,0.01,0.26,0.0,0.0,0.04,0.0,0.14,0.0,0.0,1.09,0.04,0.0,0.01
"1903-05-01 00:00:00",0.0,0.0,0.03,0.0,0.03,0.03,0.01,0.21,0.05,0.21,0.0,0.0,0.12,0.0,0.25,0.45,0.0,0.04,0.0,0.05,0.03,0.24,0.12,0.01,0.04,0.0,0.04,0.0,0.0,0.15,0.03,0.01,0.28,0.0,0.01,0.17,0.01,0.32,0.0,0.0,1.2,0.03,0.0,0.04
"1903-06-01 00:00:00",0.0,0.01,0.01,0.01,0.04,0.06,0.0,0.08,0.12,0.1,0.01,0.0,0.15,0.01,0.22,0.32,0.0,0.0,0.0,0.06,0.0,0.17,0.06,0.04,0.04,0.0,0.06,0.04,0.03,0.04,0.0,0.01,0.19,0.0,0.01,0.07,0.0,0.18,0.0,0.0,1.0,0.06,0.0,0.03
"1903-07-01 00:00:00",0.03,0.0,0.03,0.01,0.03,0.0,0.01,0.2,0.04,0.13,0.06,0.0,0.08,0.01,0.11,0.41,0.0,0.0,0.0,0.13,0.0,0.06,0.27,0.08,0.07,0.0,0.01,0.06,0.01,0.08,0.0,0.01,0.38,0.0,0.03,0.07,0.0,0.08,0.0,0.0,1.14,0.08,0.0,0.01
"1903-08-01 00:00:00",0.0,0.01,0.04,0.01,0.09,0.01,0.0,0.09,0.31,0.28,0.01,0.01,0.11,0.0,0.24,0.67,0.0,0.12,0.0,0.08,0.0,0.19,0.08,0.01,0.09,0.0,0.01,0.0,0.01,0.07,0.01,0.01,0.68,0.0,0.01,0.09,0.03,0.87,0.0,0.0,1.97,0.01,0.0,0.04
"1903-09-01 00:00:00",0.01,0.03,0.06,0.01,0.16,0.01,0.0,0.03,0.2,0.65,0.01,0.0,0.1,0.01,0.52,0.96,0.0,0.22,0.0,0.13,0.01,0.19,0.04,0.0,0.01,0.0,0.01,0.01,0.0,0.07,0.01,0.01,0.63,0.0,0.01,0.16,0.0,1.17,0.0,0.0,2.13,0.01,0.0,0.1
"1903-10-01 00:00:00",0.0,0.04,0.03,0.0,0.03,0.03,0.03,0.38,0.14,0.37,0.0,0.03,0.13,0.0,0.41,0.75,0.0,0.07,0.0,0.1,0.0,0.17,0.65,0.32,0.01,0.0,0.01,0.01,0.01,0.06,0.04,0.01,0.79,0.0,0.0,0.1,0.0,0.24,0.03,0.0,1.56,0.07,0.0,0.04
"1903-11-01 00:00:00",0.05,0.0,0.05,0.05,0.07,0.0,0.04,0.23,0.71,0.45,0.03,0.03,0.23,0.04,0.52,0.59,0.0,0.05,0.0,0.16,0.0,0.27,0.29,0.11,0.11,0.0,0.01,0.0,0.05,0.18,0.01,0.01,0.52,0.0,0.0,0.18,0.0,0.15,0.0,0.0,2.21,0.14,0.01,0.03
"1903-12-01 00:00:00",0.06,0.01,0.0,0.03,0.01,0.01,0.04,0.37,0.61,0.47,0.01,0.07,0.18,0.01,0.68,0.78,0.0,0.01,0.01,0.18,0.01,0.24,0.68,0.28,0.11,0.0,0.04,0.0,0.01,0.09,0.0,0.0,0.8,0.0,0.01,0.16,0.01,0.09,0.03,0.0,2.19,0.06,0.01,0.09
"1904-01-01 00:00:00",0.2,0.07,0.03,0.0,0.14,0.01,0.06,0.75,0.47,0.43,0.03,0.2,0.11,0.0,0.73,1.41,0.01,0.01,0.0,0.32,0.01,0.29,1.59,0.56,0.14,0.0,0.1,0.0,0.0,0.19,0.0,0.01,1.58,0.0,0.0,0.24,0.01,0.14,0.04,0.0,3.03,0.01,0.0,0.04
"1904-02-01 00:00:00",0.08,0.03,0.0,0.0,0.19,0.02,0.05,1.41,0.11,1.04,0.14,0.14,0.28,0.05,1.52,2.19,0.0,0.03,0.02,0.19,0.02,0.34,3.39,1.12,0.05,0.0,0.09,0.03,0.03,0.23,0.06,0.02,3.51,0.0,0.08,0.36,0.0,0.5,0.02,0.0,4.43,0.06,0.06,0.11
"1904-03-01 00:00:00",0.01,0.04,0.03,0.01,0.04,0.01,0.03,1.03,0.01,0.63,0.07,0.1,0.03,0.03,1.01,1.42,0.0,0.03,0.0,0.16,0.01,0.21,2.25,0.69,0.07,0.0,0.06,0.07,0.03,0.16,0.07,0.0,2.38,0.0,0.07,0.19,0.0,0.16,0.0,0.0,2.79,0.04,0.0,0.1
"1904-04-01 00:00:00",0.08,0.02,0.05,0.0,0.03,0.02,0.02,0.51,0.05,0.45,0.05,0.05,0.11,0.02,0.67,0.85,0.0,0.05,0.0,0.24,0.0,0.23,1.27,0.44,0.03,0.0,0.05,0.03,0.03,0.08,0.03,0.03,1.29,0.0,0.02,0.11,0.02,0.05,0.0,0.0,1.85,0.02,0.0,0.02
"1904-05-01 00:00:00",0.04,0.01,0.01,0.07,0.01,0.0,0.01,0.96,0.0,0.37,0.03,0.03,0.12,0.04,0.61,0.87,0.01,0.01,0.0,0.15,0.0,0.24,1.86,0.35,0.03,0.0,0.09,0.01,0.07,0.03,0.09,0.03,1.95,0.0,0.01,0.15,0.0,0.09,0.04,0.0,2.57,0.03,0.0,0.01
"1904-06-01 00:00:00",0.0,0.0,0.0,0.0,0.03,0.02,0.0,0.51,0.0,0.22,0.03,0.06,0.09,0.03,0.57,0.95,0.0,0.02,0.0,0.09,0.0,0.23,1.43,0.17,0.08,0.0,0.02,0.03,0.03,0.09,0.05,0.03,1.54,0.0,0.03,0.06,0.0,0.09,0.03,0.0,2.08,0.02,0.0,0.02
"1904-07-01 00:00:00",0.01,0.07,0.0,0.0,0.04,0.0,0.03,0.49,0.01,0.41,0.04,0.11,0.08,0.06,0.34,1.14,0.0,0.0,0.03,0.22,0.0,0.07,1.57,0.15,0.06,0.0,0.08,0.03,0.01,0.08,0.07,0.01,1.6,0.0,0.01,0.13,0.0,0.14,0.04,0.0,2.13,0.01,0.04,0.07
"1904-08-01 00:00:00",0.14,0.0,0.03,0.06,0.03,0.03,0.03,0.72,0.03,0.74,0.06,0.03,0.06,0.02,0.57,1.31,0.0,0.0,0.0,0.12,0.02,0.12,1.8,0.17,0.02,0.0,0.06,0.0,0.0,0.06,0.02,0.05,1.97,0.0,0.0,0.11,0.0,0.22,0.03,0.0,2.69,0.03,0.05,0.02
"1904-09-01 00:00:00",0.05,0.02,0.05,0.02,0.05,0.02,0.0,0.54,0.08,0.38,0.02,0.06,0.18,0.05,0.46,0.77,0.0,0.0,0.0,0.1,0.0,0.18,1.2,0.05,0.06,0.0,0.05,0.02,0.02,0.08,0.05,0.0,1.37,0.0,0.05,0.1,0.02,0.13,0.03,0.0,2.22,0.02,0.0,0.05
"1904-10-01 00:00:00",0.0,0.03,0.04,0.0,0.04,0.03,0.01,0.33,0.1,0.3,0.01,0.03,0.13,0.0,0.34,0.76,0.0,0.0,0.0,0.04,0.0,0.13,1.21,0.06,0.04,0.0,0.04,0.03,0.0,0.07,0.04,0.03,1.33,0.0,0.01,0.07,0.0,0.06,0.0,0.0,1.92,0.04,0.0,0.01
"1904-11-01 00:00:00",0.02,0.03,0.02,0.0,0.02,0.02,0.0,0.22,0.02,0.37,0.05,0.07,0.1,0.0,0.35,0.72,0.0,0.02,0.0,0.08,0.0,0.07,0.71,0.02,0.12,0.0,0.03,0.0,0.02,0.1,0.15,0.02,0.91,0.0,0.02,0.15,0.0,0.05,0.03,0.0,1.45,0.0,0.0,0.0
"1904-12-01 00:00:00",0.0,0.0,0.0,0.02,0.05,0.02,0.0,0.21,0.02,0.21,0.03,0.03,0.02,0.06,0.19,0.57,0.0,0.02,0.0,0.02,0.0,0.11,0.96,0.03,0.0,0.0,0.02,0.0,0.02,0.03,0.16,0.0,1.07,0.0,0.02,0.13,0.0,0.0,0.03,0.0,1.41,0.0,0.0,0.05
"1905-01-01 00:00:00",0.0,0.0,0.03,0.03,0.06,0.08,0.03,0.44,0.02,0.65,0.08,0.06,0.05,0.12,0.57,1.01,0.0,0.05,0.02,0.18,0.02,0.17,1.07,0.05,0.08,0.0,0.06,0.03,0.02,0.08,0.32,0.0,1.58,0.0,0.05,0.09,0.02,0.09,0.02,0.0,2.09,0.03,0.03,0.08
"1905-02-01 00:00:00",0.08,0.02,0.02,0.05,0.02,0.03,0.03,0.22,0.07,0.63,0.03,0.0,0.1,0.05,0.45,0.78,0.0,0.02,0.0,0.12,0.0,0.18,0.58,0.07,0.15,0.0,0.03,0.05,0.03,0.1,0.43,0.02,1.15,0.0,0.08,0.05,0.0,0.1,0.0,0.0,2.0,0.08,0.0,0.02
"1905-03-01 00:00:00",0.0,0.02,0.02,0.02,0.02,0.0,0.03,0.32,0.09,0.35,0.06,0.02,0.14,0.05,0.61,0.9,0.0,0.02,0.0,0.17,0.0,0.21,1.26,0.06,0.03,0.0,0.05,0.06,0.03,0.08,0.29,0.0,1.52,0.0,0.09,0.11,0.0,0.11,0.0,0.0,2.28,0.21,0.03,0.0
"1905-04-01 00:00:00",0.03,0.03,0.04,0.0,0.03,0.04,0.03,0.24,0.0,0.36,0.0,0.04,0.14,0.03,0.43,0.35,0.0,0.03,0.03,0.12,0.01,0.16,0.49,0.04,0.01,0.0,0.0,0.0,0.04,0.12,0.17,0.01,0.69,0.0,0.0,0.01,0.0,0.07,0.04,0.0,1.32,0.03,0.07,0.0
"1905-05-01 00:00:00",0.02,0.0,0.0,0.02,0.06,0.0,0.02,0.47,0.0,0.31,0.02,0.08,0.09,0.03,0.61,0.63,0.0,0.02,0.0,0.13,0.03,0.08,0.77,0.19,0.0,0.0,0.06,0.05,0.03,0.14,0.08,0.0,0.92,0.0,0.06,0.05,0.0,0.06,0.08,0.0,1.56,0.06,0.23,0.05
"1905-06-01 00:00:00",0.02,0.02,0.03,0.0,0.05,0.02,0.03,0.36,0.02,0.79,0.14,0.06,0.17,0.0,0.89,1.01,0.0,0.06,0.03,0.19,0.0,0.11,1.3,0.16,0.02,0.0,0.03,0.23,0.02,0.19,0.17,0.0,1.55,0.0,0.23,0.05,0.03,0.06,0.02,0.0,2.3,0.08,0.02,0.0
"1905-07-01 00:00:00",0.03,0.03,0.01,0.01,0.06,0.04,0.0,0.19,0.03,0.5,0.04,0.01,0.18,0.03,0.46,0.55,0.0,0.06,0.0,0.04,0.01,0.28,0.75,0.09,0.03,0.0,0.03,0.24,0.0,0.09,0.16,0.0,1.18,0.0,0.24,0.03,0.01,0.18,0.0,0.0,1.95,0.07,0.0,0.03
"1905-08-01 00:00:00",0.0,0.05,0.02,0.0,0.05,0.0,0.03,0.37,0.02,0.25,0.0,0.06,0.11,0.0,0.43,0.41,0.0,0.0,0.02,0.14,0.02,0.17,0.84,0.11,0.02,0.0,0.03,0.0,0.0,0.03,0.05,0.0,0.97,0.0,0.0,0.09,0.0,0.0,0.0,0.0,1.77,0.05,0.0,0.05
"1905-09-01 00:00:00",0.0,0.0,0.02,0.0,0.03,0.0,0.03,0.29,0.03,0.51,0.0,0.05,0.14,0.1,0.46,0.56,0.02,0.06,0.0,0.11,0.0,0.14,0.67,0.08,0.02,0.0,0.03,0.19,0.02,0.08,0.11,0.0,0.84,0.0,0.19,0.06,0.0,0.1,0.05,0.0,1.69,0.05,0.02,0.06
"1905-10-01 00:00:00",0.04,0.01,0.03,0.0,0.04,0.04,0.03,0.17,0.01,0.37,0.06,0.0,0.14,0.1,0.34,0.47,0.0,0.04,0.0,0.16,0.0,0.18,0.31,0.06,0.03,0.0,0.04,0.04,0.0,0.13,0.07,0.0,0.66,0.0,0.08,0.04,0.0,0.06,0.0,0.0,1.4,0.06,0.0,0.0
"1905-11-01 00:00:00",0.02,0.05,0.0,0.03,0.05,0.02,0.02,0.14,0.02,0.17,0.08,0.02,0.0,0.17,0.19,0.39,0.0,0.03,0.0,0.08,0.0,0.06,0.3,0.03,0.0,0.0,0.03,0.05,0.03,0.05,0.28,0.0,0.6,0.0,0.0,0.08,0.0,0.16,0.0,0.0,1.32,0.0,0.02,0.0
"1905-12-01 00:00:00",0.0,0.0,0.0,0.01,0.01,0.03,0.01,0.1,0.01,0.27,0.03,0.0,0.09,0.12,0.29,0.34,0.0,0.01,0.0,0.06,0.0,0.09,0.1,0.04,0.03,0.0,0.01,0.0,0.0,0.06,0.28,0.0,0.68,0.0,0.0,0.07,0.0,0.07,0.0,0.0,1.5,0.09,0.0,0.01
"1906-01-01 00:00:00",0.03,0.0,0.07,0.0,0.01,0.0,0.0,0.12,0.0,0.34,0.01,0.01,0.13,0.06,0.32,0.29,0.0,0.0,0.0,0.13,0.0,0.16,0.16,0.0,0.1,0.0,0.07,0.01,0.0,0.09,0.06,0.03,0.38,0.0,0.03,0.04,0.01,0.01,0.0,0.0,1.31,0.09,0.0,0.01
"1906-02-01 00:00:00",0.03,0.0,0.02,0.0,0.06,0.0,0.02,0.28,0.0,0.58,0.03,0.02,0.19,0.0,0.42,0.37,0.0,0.03,0.0,0.05,0.0,0.08,0.25,0.03,0.03,0.0,0.02,0.0,0.02,0.17,0.02,0.02,0.34,0.0,0.02,0.02,0.02,0.05,0.0,0.0,1.34,0.06,0.0,0.0
"1906-03-01 00:00:00",0.01,0.01,0.03,0.01,0.1,0.03,0.0,0.22,0.0,0.25,0.01,0.0,0.15,0.0,0.32,0.33,0.0,0.01,0.0,0.08,0.0,0.07,0.19,0.0,0.03,0.0,0.03,0.01,0.0,0.17,0.03,0.0,0.23,0.0,0.01,0.01,0.0,0.0,0.01,0.0,1.12,0.03,0.0,0.06
"1906-04-01 00:00:00",0.0,0.02,0.05,0.02,0.05,0.0,0.0,0.12,0.0,0.27,0.02,0.02,0.12,0.0,0.45,0.26,0.0,0.05,0.0,0.11,0.0,0.12,0.12,0.0,0.09,0.0,0.05,0.02,0.0,0.02,0.0,0.02,0.23,0.0,0.02,0.02,0.0,0.02,0.02,0.0,0.93,0.0,0.0,0.02
"1906-05-01 00:00:00",0.02,0.03,0.02,0.03,0.05,0.03,0.02,0.12,0.0,0.25,0.02,0.15,0.05,0.0,0.34,0.54,0.0,0.05,0.0,0.12,0.02,0.25,0.11,0.03,0.09,0.0,0.0,0.0,0.02,0.05,0.09,0.0,0.51,0.0,0.0,0.05,0.0,0.31,0.0,0.0,1.24,0.03,0.0,0.03
"1906-06-01 00:00:00",0.0,0.03,0.02,0.03,0.08,0.0,0.03,0.03,0.0,0.26,0.0,0.07,0.16,0.08,0.18,0.59,0.0,0.0,0.0,0.07,0.02,0.08,0.15,0.07,0.07,0.0,0.03,0.02,0.02,0.02,0.16,0.0,0.51,0.0,0.0,0.05,0.02,0.08,0.0,0.0,1.44,0.0,0.0,0.03
"1906-07-01 00:00:00",0.02,0.02,0.0,0.05,0.08,0.02,0.0,0.05,0.0,0.23,0.03,0.08,0.09,0.06,0.27,0.47,0.0,0.0,0.0,0.15,0.0,0.02,0.15,0.02,0.29,0.0,0.02,0.03,0.03,0.11,0.11,0.02,0.6,0.0,0.03,0.05,0.0,0.08,0.02,0.0,1.61,0.02,0.0,0.06
"1906-08-01 00:00:00",0.0,0.02,0.0,0.05,0.06,0.03,0.03,0.03,0.02,0.19,0.0,0.06,0.18,0.19,0.19,0.29,0.0,0.02,0.0,0.08,0.0,0.06,0.1,0.02,0.08,0.0,0.02,0.05,0.03,0.06,0.16,0.0,0.5,0.0,0.03,0.03,0.0,0.05,0.0,0.02,1.66,0.02,0.0,0.05
"1906-09-01 00:00:00",0.02,0.02,0.06,0.09,0.05,0.05,0.02,0.13,0.06,0.33,0.02,0.03,0.51,0.03,0.3,0.49,0.0,0.03,0.0,0.19,0.0,0.19,0.14,0.0,0.09,0.02,0.02,0.02,0.03,0.24,0.27,0.0,0.39,0.0,0.0,0.08,0.0,0.06,0.0,0.0,2.31,0.08,0.02,0.02
"1906-10-01 00:00:00",0.0,0.0,0.06,0.01,0.03,0.0,0.0,0.1,0.04,0.17,0.03,0.01,0.2,0.04,0.28,0.23,0.0,0.01,0.0,0.12,0.0,0.09,0.09,0.01,0.12,0.0,0.01,0.01,0.01,0.16,0.07,0.0,0.2,0.0,0.01,0.03,0.01,0.0,0.0,0.0,1.41,0.04,0.01,0.01
"1906-11-01 00:00:00",0.0,0.0,0.01,0.03,0.03,0.01,0.0,0.0,0.0,0.15,0.0,0.0,0.09,0.01,0.09,0.15,0.0,0.0,0.0,0.06,0.0,0.09,0.04,0.0,0.01,0.0,0.01,0.01,0.01,0.04,0.1,0.0,0.18,0.0,0.0,0.01,0.0,0.01,0.0,0.0,1.03,0.0,0.0,0.01
"1906-12-01 00:00:00",0.0,0.0,0.01,0.0,0.0,0.0,0.0,0.09,0.0,0.2,0.0,0.03,0.09,0.0,0.21,0.17,0.0,0.01,0.0,0.16,0.0,0.07,0.2,0.03,0.07,0.0,0.01,0.0,0.0,0.11,0.04,0.0,0.16,0.0,0.0,0.01,0.0,0.01,0.0,0.0,0.98,0.0,0.01,0.0
"1907-01-01 00:00:00",0.01,0.03,0.01,0.0,0.03,0.0,0.0,0.05,0.0,0.16,0.0,0.0,0.12,0.0,0.22,0.16,0.0,0.0,0.0,0.09,0.0,0.04,0.07,0.0,0.03,0.0,0.03,0.0,0.03,0.03,0.05,0.01,0.22,0.0,0.0,0.01,0.0,0.0,0.0,0.0,1.03,0.01,0.0,0.01
"1907-02-01 00:00:00",0.07,0.0,0.01,0.03,0.04,0.04,0.01,0.12,0.01,0.13,0.01,0.03,0.16,0.0,0.13,0.36,0.0,0.0,0.0,0.1,0.0,0.1,0.29,0.0,0.24,0.0,0.01,0.0,0.0,0.04,0.07,0.01,0.22,0.0,0.01,0.03,0.0,0.03,0.0,0.0,1.43,0.07,0.0,0.04
"1907-03-01 00:00:00",0.0,0.01,0.0,0.0,0.01,0.01,0.0,0.02,0.04,0.2,0.0,0.0,0.11,0.0,0.2,0.25,0.0,0.02,0.01,0.11,0.01,0.04,0.1,0.0,0.16,0.0,0.01,0.01,0.01,0.01,0.01,0.0,0.2,0.0,0.0,0.02,0.0,0.0,0.0,0.0,1.14,0.06,0.0,0.01
"1907-04-01 00:00:00",0.0,0.0,0.01,0.01,0.03,0.0,0.0,0.08,0.01,0.2,0.0,0.01,0.09,0.01,0.22,0.2,0.0,0.01,0.0,0.08,0.0,0.13,0.07,0.0,0.08,0.0,0.0,0.01,0.01,0.01,0.04,0.01,0.1,0.0,0.03,0.03,0.0,0.04,0.0,0.0,0.96,0.01,0.0,0.0
"1907-05-01 00:00:00",0.01,0.05,0.0,0.01,0.01,0.0,0.01,0.1,0.0,0.27,0.01,0.0,0.06,0.01,0.21,0.32,0.0,0.0,0.0,0.05,0.0,0.12,0.1,0.03,0.13,0.0,0.06,0.01,0.06,0.03,0.03,0.0,0.21,0.0,0.0,0.03,0.0,0.06,0.0,0.0,1.01,0.0,0.01,0.0
"1907-06-01 00:00:00",0.03,0.01,0.0,0.05,0.04,0.03,0.01,0.24,0.0,0.34,0.01,0.03,0.11,0.05,0.47,0.44,0.0,0.03,0.0,0.08,0.0,0.14,0.55,0.03,0.15,0.0,0.01,0.03,0.01,0.18,0.08,0.03,0.4,0.0,0.03,0.06,0.0,0.03,0.0,0.01,1.56,0.03,0.0,0.01
"1907-07-01 00:00:00",0.01,0.08,0.01,0.05,0.01,0.03,0.01,0.13,0.0,0.34,0.0,0.03,0.16,0.03,0.34,0.41,0.0,0.01,0.0,0.12,0.01,0.18,0.65,0.07,0.05,0.0,0.07,0.03,0.03,0.24,0.0,0.04,0.38,0.0,0.01,0.05,0.0,0.05,0.03,0.0,1.59,0.01,0.0,0.04
"1907-08-01 00:00:00",0.01,0.0,0.03,0.0,0.04,0.05,0.0,0.14,0.0,0.33,0.0,0.01,0.24,0.03,0.46,0.37,0.0,0.01,0.0,0.09,0.0,0.14,0.19,0.01,0.05,0.0,0.06,0.0,0.01,0.05,0.01,0.03,0.19,0.0,0.04,0.03,0.0,0.05,0.01,0.0,1.28,0.01,0.0,0.01
"1907-09-01 00:00:00",0.0,0.0,0.01,0.03,0.0,0.01,0.0,0.03,0.0,0.21,0.0,0.0,0.14,0.0,0.26,0.22,0.0,0.01,0.0,0.03,0.0,0.04,0.12,0.0,0.04,0.0,0.01,0.0,0.0,0.09,0.0,0.03,0.13,0.0,0.04,0.03,0.01,0.0,0.0,0.0,0.82,0.0,0.0,0.01
"1907-10-01 00:00:00",0.03,0.0,0.0,0.0,0.04,0.0,0.0,0.09,0.0,0.12,0.0,0.04,0.07,0.0,0.15,0.17,0.0,0.0,0.0,0.03,0.0,0.09,0.25,0.03,0.05,0.0,0.03,0.0,0.01,0.07,0.0,0.0,0.09,0.0,0.03,0.01,0.0,0.0,0.0,0.0,0.91,0.01,0.0,0.03
"1907-11-01 00:00:00",0.0,0.0,0.01,0.01,0.04,0.0,0.0,0.06,0.0,0.1,0.0,0.03,0.06,0.0,0.19,0.15,0.0,0.0,0.0,0.08,0.01,0.07,0.11,0.0,0.01,0.01,0.0,0.03,0.01,0.01,0.01,0.04,0.04,0.0,0.03,0.04,0.0,0.0,0.0,0.0,0.72,0.0,0.0,0.01
"1907-12-01 00:00:00",0.0,0.0,0.0,0.0,0.01,0.0,0.01,0.05,0.0,0.09,0.0,0.01,0.04,0.0,0.1,0.2,0.0,0.01,0.0,0.01,0.03,0.09,0.11,0.01,0.05,0.0,0.0,0.0,0.01,0.11,0.0,0.01,0.15,0.0,0.0,0.01,0.0,0.01,0.0,0.0,0.93,0.0,0.0,0.01
"1908-01-01 00:00:00",0.04,0.01,0.03,0.01,0.03,0.01,0.01,0.14,0.0,0.37,0.01,0.01,0.2,0.0,0.37,0.38,0.0,0.01,0.0,0.09,0.0,0.17,0.39,0.03,0.01,0.0,0.0,0.01,0.0,0.12,0.0,0.0,0.26,0.0,0.01,0.03,0.0,0.05,0.01,0.0,1.3,0.0,0.03,0.04
"1908-02-01 00:00:00",0.0,0.0,0.0,0.04,0.03,0.0,0.0,0.04,0.0,0.09,0.0,0.04,0.13,0.03,0.17,0.28,0.0,0.03,0.0,0.04,0.0,0.07,0.18,0.0,0.03,0.0,0.0,0.0,0.06,0.04,0.03,0.18,0.18,0.0,0.0,0.03,0.0,0.07,0.0,0.0,0.77,0.01,0.0,0.0
"1908-03-01 00:00:00",0.01,0.0,0.0,0.0,0.03,0.0,0.04,0.14,0.0,0.11,0.01,0.0,0.11,0.0,0.2,0.15,0.0,0.0,0.01,0.05,0.0,0.1,0.3,0.03,0.0,0.0,0.01,0.0,0.03,0.08,0.01,0.1,0.09,0.0,0.01,0.03,0.0,0.03,0.0,0.0,1.02,0.01,0.0,0.0
"1908-04-01 00:00:00",0.01,0.01,0.0,0.0,0.01,0.01,0.0,0.05,0.03,0.11,0.0,0.01,0.08,0.0,0.16,0.19,0.0,0.0,0.0,0.1,0.0,0.08,0.18,0.0,0.04,0.0,0.01,0.0,0.0,0.08,0.01,0.0,0.18,0.0,0.01,0.05,0.0,0.07,0.0,0.0,0.86,0.11,0.01,0.0
"1908-05-01 00:00:00",0.0,0.01,0.0,0.01,0.04,0.0,0.0,0.09,0.04,0.05,0.03,0.03,0.05,0.0,0.17,0.11,0.0,0.01,0.0,0.18,0.0,0.05,0.08,0.0,0.04,0.0,0.0,0.0,0.04,0.03,0.04,0.0,0.11,0.0,0.0,0.0,0.0,0.0,0.0,0.0,0.86,0.04,0.03,0.0
"1908-06-01 00:00:00",0.01,0.0,0.01,0.03,0.03,0.01,0.0,0.03,0.01,0.2,0.0,0.0,0.03,0.01,0.27,0.3,0.0,0.01,0.01,0.14,0.0,0.07,0.09,0.01,0.16,0.0,0.07,0.01,0.01,0.07,0.0,0.03,0.3,0.0,0.03,0.04,0.0,0.06,0.0,0.0,1.17,0.06,0.0,0.0
"1908-07-01 00:00:00",0.01,0.04,0.01,0.03,0.04,0.0,0.0,0.11,0.01,0.2,0.01,0.03,0.04,0.01,0.37,0.16,0.0,0.01,0.0,0.19,0.0,0.08,0.12,0.03,0.24,0.0,0.05,0.01,0.0,0.11,0.0,0.01,0.15,0.0,0.03,0.15,0.01,0.07,0.04,0.0,1.11,0.05,0.03,0.0
"1908-08-01 00:00:00",0.01,0.01,0.0,0.03,0.07,0.0,0.01,0.07,0.0,0.22,0.0,0.01,0.04,0.0,0.16,0.24,0.0,0.0,0.0,0.11,0.0,0.03,0.12,0.0,0.03,0.0,0.11,0.01,0.0,0.0,0.0,0.01,0.07,0.0,0.0,0.05,0.0,0.09,0.0,0.0,0.92,0.05,0.01,0.01
"1908-09-01 00:00:00",0.01,0.01,0.0,0.06,0.07,0.01,0.0,0.04,0.0,0.22,0.0,0.03,0.11,0.07,0.22,0.17,0.0,0.0,0.0,0.06,0.0,0.01,0.14,0.0,0.03,0.0,0.0,0.0,0.0,0.15,0.03,0.04,0.19,0.0,0.06,0.01,0.0,0.08,0.0,0.0,0.68,0.04,0.0,0.0
"1908-10-01 00:00:00",0.0,0.0,0.01,0.0,0.01,0.01,0.0,0.04,0.0,0.66,0.0,0.03,0.05,0.0,0.62,0.72,0.0,0.4,0.0,0.04,0.01,0.23,0.08,0.0,0.08,0.0,0.07,0.0,0.0,0.05,0.0,0.01,0.48,0.0,0.0,0.07,0.0,0.74,0.0,0.0,1.28,0.04,0.0,0.05
"1908-11-01 00:00:00",0.0,0.01,0.01,0.0,0.01,0.01,0.01,0.1,0.03,0.49,0.0,0.01,0.12,0.0,0.42,0.42,0.0,0.17,0.0,0.04,0.01,0.11,0.15,0.01,0.0,0.0,0.1,0.0,0.0,0.08,0.01,0.01,0.22,0.0,0.01,0.04,0.0,0.12,0.0,0.0,1.08,0.06,0.0,0.06
"1908-12-01 00:00:00",0.0,0.01,0.0,0.03,0.03,0.0,0.04,0.1,0.03,0.49,0.0,0.0,0.16,0.0,0.39,0.4,0.0,0.06,0.0,0.06,0.06,0.16,0.14,0.0,0.04,0.0,0.24,0.0,0.01,0.01,0.0,0.0,0.1,0.0,0.0,0.07,0.0,0.11,0.0,0.0,1.24,0.3,0.0,0.03
"1909-01-01 00:00:00",0.01,0.0,0.0,0.01,0.0,0.01,0.01,0.17,0.01,0.2,0.0,0.0,0.03,0.0,0.17,0.27,0.0,0.04,0.0,0.09,0.01,0.07,0.13,0.0,0.0,0.0,0.06,0.0,0.03,0.03,0.0,0.0,0.13,0.0,0.0,0.04,0.0,0.12,0.0,0.0,0.82,0.04,0.0,0.0
"1909-02-01 00:00:00",0.03,0.02,0.02,0.0,0.08,0.0,0.0,0.1,0.0,0.21,0.0,0.02,0.02,0.02,0.19,0.33,0.0,0.16,0.0,0.1,0.0,0.13,0.41,0.0,0.02,0.0,0.05,0.0,0.0,0.03,0.0,0.0,0.26,0.0,0.0,0.05,0.0,0.06,0.0,0.03,1.23,0.02,0.0,0.02
"1909-03-01 00:00:00",0.01,0.03,0.0,0.0,0.09,0.0,0.0,0.01,0.0,0.29,0.0,0.0,0.06,0.0,0.28,0.37,0.0,0.09,0.01,0.13,0.0,0.15,0.03,0.0,0.04,0.0,0.03,0.0,0.0,0.03,0.03,0.0,0.18,0.0,0.01,0.07,0.0,0.07,0.0,0.0,1.17,0.03,0.0,0.06
"1909-04-01 00:00:00",0.0,0.0,0.04,0.0,0.0,0.01,0.0,0.04,0.01,0.28,0.0,0.01,0.18,0.0,0.33,0.52,0.0,0.0,0.0,0.1,0.01,0.21,0.07,0.0,0.01,0.0,0.03,0.0,0.03,0.03,0.0,0.0,0.19,0.0,0.0,0.04,0.0,0.38,0.0,0.0,1.2,0.04,0.0,0.0
"1909-05-01 00:00:00",0.01,0.01,0.07,0.0,0.03,0.03,0.01,0.04,0.03,0.29,0.03,0.01,0.08,0.01,0.34,0.22,0.0,0.06,0.0,0.01,0.0,0.12,0.1,0.0,0.04,0.0,0.06,0.0,0.07,0.07,0.03,0.03,0.12,0.0,0.03,0.04,0.0,0.14,0.0,0.0,0.99,0.01,0.0,0.01
"1909-06-01 00:00:00",0.01,0.0,0.0,0.03,0.04,0.0,0.01,0.03,0.0,0.25,0.01,0.01,0.03,0.03,0.12,0.29,0.0,0.03,0.0,0.04,0.01,0.12,0.13,0.0,0.06,0.0,0.04,0.01,0.04,0.13,0.01,0.0,0.12,0.0,0.06,0.04,0.0,0.16,0.0,0.0,0.88,0.01,0.0,0.04
"1909-07-01 00:00:00",0.07,0.03,0.03,0.03,0.07,0.01,0.04,0.06,0.1,0.16,0.0,0.0,0.33,0.0,0.27,0.41,0.0,0.01,0.0,0.06,0.0,0.01,0.06,0.0,0.04,0.04,0.01,0.0,0.07,0.03,0.0,0.0,0.17,0.0,0.0,0.03,0.0,0.06,0.0,0.0,1.1,0.06,0.0,0.01
"1909-08-01 00:00:00",0.04,0.0,0.01,0.03,0.04,0.01,0.04,0.11,0.01,0.18,0.0,0.01,0.23,0.01,0.24,0.24,0.0,0.03,0.03,0.05,0.0,0.09,0.11,0.0,0.14,0.03,0.04,0.0,0.05,0.04,0.01,0.04,0.14,0.0,0.08,0.07,0.0,0.19,0.01,0.0,1.06,0.0,0.0,0.03
"1909-09-01 00:00:00",0.0,0.04,0.06,0.0,0.07,0.01,0.0,0.08,0.0,0.2,0.0,0.0,0.16,0.0,0.28,0.3,0.0,0.03,0.0,0.04,0.0,0.03,0.08,0.03,0.04,0.0,0.0,0.01,0.01,0.01,0.0,0.01,0.06,0.0,0.0,0.0,0.0,0.01,0.0,0.0,0.78,0.0,0.0,0.0
"1909-10-01 00:00:00",0.03,0.01,0.0,0.0,0.01,0.04,0.01,0.05,0.04,0.2,0.04,0.0,0.14,0.0,0.31,0.33,0.0,0.0,0.0,0.12,0.01,0.12,0.05,0.01,0.04,0.0,0.03,0.03,0.01,0.01,0.0,0.03,0.14,0.0,0.03,0.08,0.0,0.0,0.0,0.0,0.9,0.01,0.0,0.0
"1909-11-01 00:00:00",0.04,0.0,0.0,0.04,0.11,0.03,0.06,0.01,0.01,0.16,0.0,0.01,0.06,0.0,0.14,0.33,0.0,0.0,0.0,0.03,0.0,0.04,0.04,0.01,0.06,0.0,0.0,0.01,0.03,0.01,0.01,0.0,0.01,0.0,0.01,0.07,0.0,0.01,0.0,0.0,1.01,0.04,0.0,0.01
"1909-12-01 00:00:00",0.03,0.0,0.03,0.01,0.04,0.03,0.04,0.07,0.01,0.12,0.03,0.01,0.0,0.01,0.09,0.2,0.0,0.01,0.0,0.11,0.0,0.08,0.05,0.03,0.15,0.0,0.01,0.01,0.03,0.04,0.0,0.01,0.09,0.0,0.01,0.08,0.0,0.01,0.0,0.0,1.06,0.0,0.0,0.0
"1910-01-01 00:00:00",0.02,0.01,0.02,0.0,0.05,0.0,0.01,0.06,0.0,0.25,0.04,0.04,0.1,0.0,0.16,0.19,0.0,0.01,0.0,0.04,0.0,0.05,0.07,0.01,0.05,0.0,0.02,0.02,0.02,0.07,0.02,0.02,0.07,0.0,0.02,0.06,0.0,0.02,0.0,0.0,0.9,0.0,0.0,0.0
"1910-02-01 00:00:00",0.0,0.03,0.01,0.0,0.04,0.0,0.0,0.04,0.0,0.2,0.0,0.01,0.05,0.0,0.12,0.16,0.0,0.0,0.0,0.08,0.0,0.05,0.05,0.01,0.08,0.0,0.0,0.0,0.0,0.03,0.01,0.01,0.08,0.0,0.0,0.05,0.0,0.07,0.0,0.0,0.94,0.0,0.0,0.01
"1910-03-01 00:00:00",0.05,0.02,0.01,0.01,0.25,0.01,0.07,0.07,0.0,0.12,0.04,0.01,0.06,0.0,0.31,0.16,0.0,0.01,0.0,0.1,0.0,0.1,0.17,0.0,0.06,0.0,0.04,0.0,0.04,0.06,0.0,0.0,0.05,0.0,0.0,0.07,0.0,0.04,0.0,0.0,1.11,0.0,0.0,0.0
"1910-04-01 00:00:00",0.03,0.01,0.03,0.01,0.09,0.0,0.01,0.04,0.04,0.16,0.01,0.05,0.07,0.0,0.08,0.15,0.0,0.0,0.0,0.07,0.0,0.05,0.04,0.0,0.04,0.0,0.04,0.01,0.09,0.0,0.0,0.01,0.07,0.0,0.01,0.03,0.0,0.05,0.0,0.0,0.87,0.01,0.0,0.01
"1910-05-01 00:00:00",0.08,0.0,0.05,0.05,0.03,0.0,0.03,0.05,0.03,0.13,0.01,0.01,0.15,0.0,0.15,0.13,0.0,0.0,0.0,0.11,0.01,0.06,0.01,0.0,0.05,0.0,0.05,0.04,0.1,0.03,0.01,0.0,0.06,0.0,0.01,0.06,0.0,0.04,0.0,0.01,1.06,0.01,0.0,0.0
"1910-06-01 00:00:00",0.08,0.01,0.01,0.07,0.01,0.0,0.0,0.09,0.0,0.16,0.01,0.0,0.16,0.01,0.11,0.12,0.0,0.01,0.0,0.09,0.0,0.08,0.08,0.0,0.12,0.0,0.01,0.0,0.12,0.05,0.01,0.0,0.04,0.0,0.03,0.05,0.0,0.03,0.0,0.0,0.95,0.01,0.0,0.0
"1910-07-01 00:00:00",0.03,0.01,0.0,0.01,0.03,0.0,0.0,0.09,0.0,0.17,0.0,0.04,0.17,0.01,0.17,0.19,0.0,0.0,0.0,0.04,0.01,0.13,0.06,0.0,0.04,0.0,0.01,0.14,0.01,0.04,0.01,0.04,0.09,0.0,0.0,0.04,0.0,0.0,0.0,0.0,1.12,0.0,0.0,0.01
"1910-08-01 00:00:00",0.0,0.01,0.03,0.0,0.03,0.0,0.01,0.05,0.0,0.12,0.0,0.01,0.27,0.0,0.16,0.2,0.0,0.0,0.0,0.07,0.0,0.12,0.05,0.0,0.08,0.0,0.0,0.01,0.0,0.03,0.0,0.05,0.05,0.0,0.0,0.07,0.0,0.01,0.0,0.0,1.06,0.0,0.0,0.0
"1910-09-01 00:00:00",0.01,0.01,0.0,0.01,0.03,0.0,0.01,0.06,0.0,0.11,0.01,0.03,0.07,0.0,0.07,0.1,0.0,0.0,0.0,0.06,0.0,0.03,0.03,0.0,0.01,0.0,0.03,0.01,0.01,0.06,0.03,0.01,0.03,0.0,0.0,0.04,0.0,0.03,0.0,0.0,0.83,0.0,0.0,0.0
"1910-10-01 00:00:00",0.01,0.0,0.05,0.1,0.01,0.01,0.01,0.03,0.0,0.18,0.01,0.01,0.23,0.0,0.39,0.32,0.0,0.0,0.0,0.05,0.0,0.18,0.04,0.0,0.05,0.0,0.01,0.0,0.04,0.01,0.0,0.36,0.09,0.0,0.0,0.08,0.0,0.08,0.0,0.0,0.92,0.03,0.0,0.0
"1910-11-01 00:00:00",0.01,0.03,0.0,0.12,0.04,0.03,0.0,0.03,0.0,0.12,0.0,0.01,0.09,0.0,0.24,0.27,0.0,0.0,0.0,0.05,0.0,0.03,0.08,0.0,0.4,0.01,0.0,0.0,0.01,0.07,0.0,0.04,0.04,0.0,0.0,0.04,0.0,0.03,0.0,0.0,1.08,0.0,0.0,0.0
"1910-12-01 00:00:00",0.03,0.03,0.0,0.07,0.04,0.0,0.01,0.07,0.01,0.14,0.0,0.0,0.04,0.0,0.17,0.17,0.01,0.01,0.0,0.05,0.01,0.07,0.13,0.0,0.33,0.0,0.03,0.0,0.08,0.09,0.0,0.05,0.05,0.0,0.0,0.04,0.01,0.03,0.01,0.0,1.18,0.01,0.0,0.01
"1911-01-01 00:00:00",0.06,0.01,0.05,0.14,0.1,0.0,0.01,0.1,0.03,0.28,0.0,0.03,0.14,0.0,0.17,0.37,0.0,0.0,0.0,0.09,0.01,0.1,0.19,0.0,0.08,0.0,0.04,0.01,0.14,0.06,0.01,0.03,0.18,0.0,0.01,0.08,0.0,0.11,0.0,0.0,1.44,0.01,0.0,0.0
"1911-02-01 00:00:00",0.03,0.01,0.01,0.0,0.07,0.0,0.0,0.11,0.0,0.19,0.0,0.06,0.06,0.0,0.11,0.26,0.0,0.0,0.0,0.09,0.0,0.11,0.16,0.0,0.23,0.0,0.0,0.0,0.0,0.04,0.0,0.01,0.19,0.0,0.01,0.07,0.0,0.09,0.0,0.0,1.02,0.01,0.0,0.0
"1911-03-01 00:00:00",0.04,0.04,0.03,0.04,0.11,0.0,0.01,0.33,0.01,0.46,0.0,0.01,0.16,0.0,0.37,0.5,0.0,0.03,0.0,0.16,0.0,0.11,0.44,0.01,1.75,0.0,0.07,0.0,0.03,0.08,0.0,0.0,0.36,0.0,0.0,0.09,0.0,0.11,0.0,0.0,2.72,0.04,0.0,0.07
"1911-04-01 00:00:00",0.01,0.0,0.0,0.03,0.05,0.03,0.03,0.08,0.01,0.22,0.01,0.07,0.2,0.0,0.36,0.48,0.0,0.03,0.0,0.12,0.0,0.09,0.18,0.0,0.87,0.0,0.04,0.0,0.01,0.05,0.0,0.03,0.14,0.0,0.04,0.13,0.01,0.1,0.0,0.0,1.72,0.03,0.0,0.03
"1911-05-01 00:00:00",0.01,0.01,0.04,0.01,0.07,0.08,0.0,0.18,0.0,0.31,0.03,0.0,0.23,0.0,0.32,0.38,0.0,0.0,0.0,0.08,0.0,0.08,0.15,0.0,0.84,0.0,0.01,0.0,0.01,0.08,0.0,0.07,0.13,0.0,0.0,0.01,0.0,0.08,0.0,0.0,1.71,0.03,0.0,0.01
"1911-06-01 00:00:00",0.03,0.01,0.04,0.03,0.07,0.01,0.0,0.03,0.0,0.14,0.04,0.0,0.11,0.01,0.19,0.21,0.0,0.01,0.0,0.01,0.0,0.07,0.06,0.03,0.26,0.0,0.03,0.03,0.0,0.03,0.0,0.06,0.07,0.0,0.03,0.04,0.0,0.06,0.0,0.0,0.92,0.01,0.0,0.0
"1911-07-01 00:00:00",0.01,0.04,0.05,0.03,0.1,0.01,0.0,0.08,0.03,0.41,0.0,0.03,0.19,0.01,0.41,0.45,0.0,0.01,0.0,0.12,0.0,0.12,0.13,0.01,0.15,0.0,0.05,0.05,0.0,0.01,0.0,0.13,0.12,0.0,0.01,0.03,0.0,0.08,0.0,0.0,1.38,0.05,0.0,0.04
"1911-08-01 00:00:00",0.0,0.08,0.03,0.0,0.07,0.01,0.03,0.05,0.0,0.35,0.0,0.0,0.12,0.0,0.46,0.53,0.0,0.0,0.01,0.05,0.0,0.09,0.14,0.03,0.23,0.0,0.01,0.0,0.01,0.01,0.0,0.04,0.08,0.0,0.0,0.01,0.0,0.05,0.0,0.0,1.5,0.0,0.0,0.0
"1911-09-01 00:00:00",0.04,0.04,0.07,0.08,0.19,0.21,0.01,0.28,0.01,0.97,0.0,0.19,0.31,0.03,0.97,0.86,0.01,0.03,0.01,0.13,0.0,0.99,0.21,0.04,0.1,0.0,0.01,0.0,0.04,0.07,0.03,0.11,0.25,0.0,0.0,0.08,0.1,0.93,0.0,0.0,2.26,0.0,0.0,0.01
"1911-10-01 00:00:00",0.03,0.01,0.08,0.03,0.06,0.05,0.01,0.71,0.01,0.88,0.03,0.12,0.12,0.01,0.51,1.06,0.0,0.04,0.0,0.08,0.01,1.22,0.3,0.0,0.21,0.0,0.03,0.0,0.0,0.1,0.01,0.08,0.25,0.0,0.0,0.1,0.04,1.27,0.0,0.0,2.43,0.01,0.0,0.0
"1911-11-01 00:00:00",0.06,0.0,0.04,0.0,0.11,0.07,0.0,0.58,0.03,0.57,0.01,0.08,0.12,0.0,0.48,0.76,0.0,0.04,0.0,0.15,0.01,0.36,0.21,0.0,0.22,0.0,0.01,0.03,0.01,0.07,0.0,0.01,0.35,0.0,0.03,0.04,0.01,0.3,0.01,0.0,2.02,0.03,0.03,0.0
"1911-12-01 00:00:00",0.0,0.0,0.04,0.0,0.06,0.04,0.0,0.26,0.0,0.31,0.01,0.01,0.11,0.01,0.24,0.79,0.0,0.0,0.01,0.23,0.01,0.13,0.17,0.0,0.13,0.0,0.01,0.0,0.0,0.08,0.0,0.01,0.72,0.0,0.03,0.04,0.0,0.15,0.0,0.0,1.62,0.0,0.0,0.0
"1912-01-01 00:00:00",0.03,0.0,0.03,0.03,0.08,0.03,0.0,0.4,0.0,0.39,0.0,0.07,0.07,0.0,0.43,0.47,0.0,0.04,0.0,0.04,0.0,0.25,0.1,0.0,0.08,0.0,0.01,0.01,0.01,0.06,0.01,0.04,0.17,0.0,0.01,0.03,0.01,0.26,0.0,0.0,1.44,0.0,0.0,0.0
"1912-02-01 00:00:00",0.01,0.03,0.03,0.03,0.0,0.01,0.0,0.08,0.06,0.33,0.03,0.03,0.13,0.0,0.42,0.4,0.0,0.01,0.01,0.06,0.03,0.23,0.06,0.0,0.58,0.0,0.03,0.0,0.0,0.06,0.01,0.04,0.1,0.0,0.0,0.04,0.0,0.1,0.0,0.0,1.66,0.04,0.0,0.03
"1912-03-01 00:00:00",0.0,0.02,0.04,0.01,0.0,0.0,0.0,0.29,0.01,0.36,0.0,0.01,0.12,0.04,0.36,0.46,0.01,0.02,0.0,0.1,0.0,0.19,0.14,0.0,0.56,0.0,0.0,0.0,0.0,0.09,0.0,0.01,0.17,0.0,0.01,0.05,0.0,0.14,0.0,0.0,1.49,0.01,0.0,0.01
"1912-04-01 00:00:00",0.0,0.01,0.01,0.0,0.04,0.0,0.0,0.1,0.0,0.14,0.01,0.06,0.11,0.0,0.23,0.3,0.0,0.03,0.0,0.11,0.04,0.13,0.11,0.0,0.3,0.0,0.0,0.0,0.01,0.06,0.0,0.01,0.06,0.0,0.0,0.1,0.01,0.11,0.0,0.0,1.18,0.0,0.01,0.0
"1912-05-01 00:00:00",0.03,0.01,0.0,0.03,0.07,0.04,0.01,0.06,0.0,0.27,0.01,0.0,0.19,0.0,0.18,0.22,0.0,0.03,0.0,0.07,0.0,0.27,0.12,0.0,0.69,0.0,0.0,0.01,0.01,0.03,0.0,0.03,0.12,0.0,0.01,0.03,0.0,0.16,0.0,0.0,1.83,0.0,0.0,0.0
"1912-06-01 00:00:00",0.01,0.0,0.05,0.01,0.03,0.0,0.0,0.08,0.0,0.19,0.01,0.03,0.19,0.01,0.16,0.23,0.0,0.0,0.0,0.1,0.0,0.23,0.07,0.0,0.25,0.0,0.03,0.0,0.0,0.03,0.0,0.01,0.08,0.0,0.0,0.07,0.0,0.11,0.0,0.0,1.34,0.0,0.0,0.0
"1912-07-01 00:00:00",0.01,0.01,0.01,0.01,0.03,0.01,0.01,0.04,0.0,0.15,0.01,0.0,0.13,0.01,0.04,0.3,0.0,0.01,0.0,0.06,0.0,0.13,0.04,0.01,0.27,0.0,0.04,0.0,0.0,0.0,0.0,0.09,0.07,0.0,0.03,0.04,0.0,0.16,0.0,0.0,1.17,0.0,0.0,0.01
"1912-08-01 00:00:00",0.02,0.05,0.02,0.02,0.09,0.03,0.03,0.14,0.02,0.27,0.02,0.03,0.06,0.0,0.21,0.46,0.0,0.02,0.0,0.15,0.0,0.11,0.06,0.0,0.35,0.0,0.02,0.02,0.02,0.02,0.02,0.0,0.12,0.0,0.05,0.03,0.0,0.29,0.0,0.0,1.82,0.0,0.0,0.02
"1912-09-01 00:00:00",0.0,0.01,0.03,0.0,0.06,0.04,0.0,0.08,0.01,0.26,0.04,0.04,0.04,0.01,0.29,0.44,0.01,0.03,0.0,0.19,0.0,0.12,0.1,0.01,0.62,0.0,0.08,0.01,0.0,0.04,0.01,0.01,0.12,0.0,0.04,0.01,0.0,0.21,0.0,0.0,1.81,0.01,0.0,0.04
"1912-10-01 00:00:00",0.04,0.03,0.07,0.01,0.19,0.1,0.0,0.18,0.03,0.93,0.0,0.11,0.17,0.01,0.94,1.61,0.0,0.15,0.0,0.21,0.0,0.66,0.14,0.03,0.32,0.0,0.06,0.0,0.06,0.06,0.06,0.01,0.68,0.0,0.03,0.06,0.03,2.2,0.03,0.0,3.49,0.01,0.0,0.07
"1912-11-01 00:00:00",0.03,0.04,0.04,0.01,0.1,0.06,0.0,0.07,0.0,0.98,0.01,0.08,0.06,0.0,0.88,1.6,0.0,0.53,0.0,0.14,0.04,0.61,0.01,0.0,0.14,0.0,0.08,0.0,0.0,0.01,0.1,0.0,1.05,0.0,0.0,0.1,0.0,2.02,0.0,0.01,3.03,0.0,0.01,0.03
"1912-12-01 00:00:00",0.0,0.04,0.07,0.0,0.05,0.08,0.01,0.04,0.03,0.43,0.0,0.01,0.12,0.0,0.46,0.89,0.0,0.24,0.0,0.05,0.0,0.3,0.11,0.01,0.23,0.0,0.01,0.0,0.0,0.03,0.08,0.0,0.46,0.0,0.0,0.04,0.0,0.67,0.0,0.0,1.61,0.01,0.0,0.0
"1913-01-01 00:00:00",0.04,0.03,0.01,0.05,0.14,0.01,0.03,0.1,0.0,0.27,0.0,0.04,0.08,0.0,0.38,0.69,0.0,0.04,0.0,0.08,0.0,0.23,0.04,0.0,0.22,0.0,0.03,0.01,0.04,0.16,0.01,0.03,0.29,0.0,0.0,0.0,0.0,0.48,0.01,0.0,1.44,0.03,0.0,0.01
"1913-02-01 00:00:00",0.04,0.0,0.03,0.03,0.09,0.03,0.01,0.07,0.01,0.34,0.0,0.04,0.17,0.0,0.31,0.38,0.0,0.01,0.0,0.11,0.0,0.07,0.03,0.0,1.29,0.0,0.09,0.0,0.01,0.06,0.0,0.0,0.1,0.0,0.0,0.11,0.0,0.28,0.0,0.0,2.22,0.06,0.0,0.01
"1913-03-01 00:00:00",0.01,0.01,0.02,0.0,0.09,0.0,0.0,0.05,0.01,0.35,0.04,0.06,0.06,0.0,0.35,0.48,0.0,0.11,0.0,0.21,0.01,0.22,0.0,0.0,0.5,0.0,0.02,0.0,0.0,0.05,0.0,0.0,0.2,0.0,0.0,0.06,0.0,0.27,0.0,0.0,1.59,0.05,0.0,0.01
"1913-04-01 00:00:00",0.01,0.04,0.05,0.0,0.08,0.04,0.0,0.09,0.0,0.41,0.0,0.01,0.03,0.01,0.39,0.68,0.0,0.14,0.0,0.08,0.0,0.31,0.19,0.0,0.22,0.0,0.01,0.01,0.0,0.04,0.0,0.0,0.26,0.0,0.0,0.07,0.0,0.26,0.01,0.0,1.58,0.0,0.0,0.04
"1913-05-01 00:00:00",0.01,0.04,0.04,0.04,0.05,0.03,0.0,0.09,0.01,0.27,0.01,0.0,0.11,0.01,0.36,0.6,0.0,0.03,0.0,0.07,0.0,0.15,0.29,0.03,0.32,0.0,0.0,0.01,0.01,0.08,0.04,0.01,0.2,0.0,0.03,0.07,0.0,0.17,0.01,0.0,1.49,0.0,0.0,0.0
"1913-06-01 00:00:00",0.0,0.0,0.01,0.0,0.04,0.03,0.0,0.03,0.0,0.13,0.0,0.01,0.07,0.01,0.21,0.34,0.0,0.03,0.0,0.11,0.0,0.03,0.06,0.0,0.13,0.0,0.0,0.01,0.0,0.04,0.0,0.0,0.15,0.0,0.01,0.01,0.0,0.08,0.0,0.0,0.85,0.0,0.0,0.01
"1913-07-01 00:00:00",0.03,0.0,0.05,0.06,0.09,0.0,0.02,0.41,0.06,0.44,0.03,0.0,0.23,0.02,0.55,1.11,0.0,0.06,0.02,0.12,0.0,0.2,0.38,0.0,0.61,0.0,0.03,0.03,0.06,0.03,0.0,0.09,0.49,0.0,0.08,0.05,0.0,0.58,0.0,0.0,2.35,0.05,0.0,0.08
"1913-08-01 00:00:00",0.09,0.03,0.06,0.09,0.1,0.0,0.06,0.25,0.12,0.36,0.03,0.03,0.26,0.0,0.39,0.62,0.01,0.01,0.0,0.2,0.0,0.22,0.19,0.0,1.1,0.0,0.03,0.0,0.0,0.03,0.0,0.0,0.19,0.0,0.01,0.15,0.0,0.28,0.01,0.0,2.35,0.32,0.0,0.0
"1913-09-01 00:00:00",0.03,0.0,0.04,0.01,0.13,0.0,0.01,0.16,0.0,0.31,0.0,0.01,0.04,0.0,0.25,0.34,0.0,0.03,0.0,0.12,0.0,0.06,0.22,0.01,0.41,0.0,0.07,0.0,0.01,0.01,0.0,0.01,0.16,0.0,0.03,0.01,0.0,0.2,0.0,0.0,1.33,0.03,0.0,0.0
"1913-10-01 00:00:00",0.03,0.0,0.0,0.03,0.03,0.0,0.0,0.03,0.0,0.17,0.0,0.0,0.08,0.0,0.25,0.28,0.0,0.0,0.0,0.06,0.0,0.03,0.08,0.0,0.53,0.0,0.0,0.01,0.01,0.0,0.0,0.0,0.01,0.0,0.0,0.03,0.0,0.03,0.0,0.0,0.95,0.01,0.0,0.0
"1913-11-01 00:00:00",0.0,0.01,0.09,0.01,0.04,0.03,0.0,0.14,0.01,0.52,0.03,0.01,0.22,0.0,0.3,0.54,0.0,0.01,0.0,0.16,0.0,0.04,0.16,0.0,1.38,0.0,0.04,0.05,0.0,0.05,0.0,0.0,0.08,0.0,0.01,0.08,0.0,0.04,0.0,0.0,2.15,0.04,0.01,0.0
"1913-12-01 00:00:00",0.03,0.0,0.0,0.0,0.07,0.03,0.0,0.05,0.03,0.21,0.01,0.03,0.22,0.01,0.11,0.48,0.0,0.01,0.0,0.09,0.0,0.05,0.09,0.0,0.83,0.0,0.0,0.0,0.0,0.12,0.01,0.01,0.05,0.0,0.0,0.05,0.0,0.04,0.0,0.0,1.54,0.0,0.0,0.0
"1914-01-01 00:00:00",0.0,0.01,0.03,0.03,0.04,0.01,0.0,0.08,0.07,0.28,0.0,0.0,0.08,0.0,0.36,0.41,0.0,0.03,0.0,0.11,0.0,0.07,0.27,0.01,0.84,0.0,0.01,0.0,0.0,0.07,0.03,0.0,0.16,0.0,0.0,0.03,0.0,0.05,0.0,0.0,1.84,0.01,0.0,0.07
"1914-02-01 00:00:00",0.04,0.01,0.0,0.03,0.1,0.03,0.03,0.07,0.06,0.29,0.01,0.07,0.22,0.0,0.32,0.65,0.0,0.0,0.0,0.1,0.0,0.19,0.14,0.0,1.24,0.0,0.0,0.01,0.12,0.06,0.01,0.06,0.06,0.0,0.03,0.07,0.01,0.07,0.0,0.0,2.36,0.03,0.0,0.06
"1914-03-01 00:00:00",0.03,0.03,0.0,0.03,0.12,0.03,0.01,0.06,0.05,0.31,0.01,0.03,0.13,0.01,0.36,0.82,0.0,0.0,0.0,0.08,0.0,0.14,0.17,0.0,0.78,0.0,0.05,0.03,0.01,0.06,0.01,0.01,0.17,0.0,0.03,0.03,0.0,0.05,0.0,0.0,2.0,0.03,0.0,0.04
"1914-04-01 00:00:00",0.33,0.01,0.01,0.38,0.37,0.0,0.33,0.16,0.08,0.95,0.07,0.05,0.84,0.01,0.57,1.22,0.0,0.04,0.0,0.25,0.0,0.22,0.33,0.0,3.48,0.0,0.04,0.04,0.03,0.17,0.03,0.0,0.07,0.0,0.01,0.22,0.0,0.04,0.0,0.01,5.07,0.04,0.0,0.11
"1914-05-01 00:00:00",0.18,0.05,0.04,0.35,0.18,0.04,0.21,0.1,0.0,0.54,0.01,0.08,0.41,0.0,0.41,0.65,0.0,0.01,0.0,0.24,0.0,0.15,0.17,0.0,2.22,0.0,0.13,0.01,0.06,0.1,0.0,0.03,0.05,0.0,0.01,0.08,0.0,0.1,0.01,0.0,3.51,0.03,0.01,0.0
"1914-06-01 00:00:00",0.07,0.0,0.01,0.14,0.05,0.01,0.05,0.08,0.03,0.3,0.01,0.0,0.23,0.0,0.18,0.45,0.0,0.05,0.0,0.07,0.0,0.23,0.1,0.0,1.37,0.0,0.07,0.01,0.01,0.04,0.0,0.03,0.08,0.0,0.04,0.08,0.0,0.14,0.0,0.0,2.49,0.03,0.0,0.01
"1914-07-01 00:00:00",0.18,0.05,0.21,0.25,0.3,0.1,0.15,0.11,0.11,2.14,0.07,0.07,0.12,0.07,1.81,2.18,0.0,1.04,0.0,0.12,0.0,0.67,0.33,0.0,0.8,0.0,0.19,0.15,0.07,0.08,0.1,0.07,1.79,0.0,0.04,0.14,0.0,0.22,0.0,0.0,4.47,0.04,0.0,0.05
"1914-08-01 00:00:00",0.32,0.3,4.63,0.19,1.22,1.6,0.15,1.29,0.01,12.58,1.01,0.25,0.58,0.44,9.53,10.89,0.04,1.47,0.0,0.41,0.01,2.85,2.23,0.11,0.41,0.0,2.15,0.36,0.07,0.27,0.84,0.21,5.65,0.0,0.53,0.56,0.04,0.85,0.01,0.03,15.98,0.05,0.01,0.16
"1914-09-01 00:00:00",0.22,0.13,2.65,0.2,0.56,0.47,0.12,0.63,0.07,10.09,0.63,0.23,0.4,0.2,7.47,8.26,0.01,0.92,0.0,0.63,0.06,2.24,1.38,0.07,0.71,0.0,1.38,0.23,0.17,0.12,1.12,0.04,4.37,0.0,0.39,0.24,0.04,1.04,0.0,0.03,12.98,0.06,0.0,0.33
"1914-10-01 00:00:00",0.12,0.17,3.46,0.09,0.7,0.5,0.08,0.36,0.03,8.33,0.34,0.38,0.26,0.04,5.61,7.29,0.0,0.74,0.0,0.62,0.0,1.4,0.79,0.01,0.34,0.0,2.09,0.16,0.09,0.19,1.36,0.34,3.58,0.0,0.15,0.3,0.01,0.94,0.0,0.03,10.7,0.03,0.0,0.34
"1914-11-01 00:00:00",0.13,0.16,2.35,0.16,0.47,0.43,0.25,0.26,0.04,7.11,0.42,0.88,0.26,0.09,4.77,6.65,0.0,0.6,0.0,0.92,0.01,1.21,0.59,0.01,0.68,0.0,1.16,0.17,0.04,0.09,1.34,0.11,3.55,0.0,0.28,0.18,0.09,2.06,0.0,0.01,10.27,0.01,0.0,0.22
"1914-12-01 00:00:00",0.2,0.19,2.21,0.07,0.4,0.23,0.19,0.43,0.04,6.55,0.24,0.23,0.2,0.12,4.18,5.46,0.0,0.75,0.0,0.34,0.04,0.98,0.81,0.04,0.59,0.0,0.94,0.13,0.05,0.32,1.52,0.12,2.99,0.0,0.32,0.17,0.04,0.96,0.0,0.01,9.5,0.01,0.0,0.2
"1915-01-01 00:00:00",0.15,0.21,1.26,0.09,0.28,0.37,0.03,0.19,0.05,5.34,0.37,0.21,0.2,0.03,3.23,4.75,0.0,0.69,0.0,0.32,0.03,1.3,0.36,0.0,0.45,0.0,0.83,0.25,0.04,0.08,1.11,0.08,2.41,0.0,0.37,0.15,0.0,0.97,0.0,0.0,7.6,0.0,0.0,0.16
"1915-02-01 00:00:00",0.21,0.21,1.62,0.18,0.4,0.22,0.04,0.49,0.0,8.31,0.84,0.28,0.43,0.0,4.1,7.19,0.0,0.66,0.0,0.37,0.03,0.87,0.59,0.0,0.44,0.0,1.22,0.6,0.07,0.1,0.94,0.16,2.86,0.0,0.44,0.19,0.0,0.81,0.0,0.0,10.36,0.0,0.01,0.12
"1915-03-01 00:00:00",0.15,0.16,1.28,0.19,0.39,0.33,0.15,0.29,0.04,6.11,0.27,0.16,0.28,0.07,4.09,5.1,0.0,0.47,0.0,0.32,0.04,1.23,0.48,0.05,0.59,0.0,0.81,0.23,0.04,0.07,0.68,0.09,2.8,0.0,0.19,0.12,0.01,1.5,0.01,0.01,8.53,0.03,0.0,0.09
"1915-04-01 00:00:00",0.15,0.09,1.36,0.05,0.41,0.45,0.09,0.37,0.01,5.4,0.23,0.24,0.27,0.07,3.64,4.78,0.0,0.81,0.0,0.25,0.01,1.28,0.43,0.0,0.47,0.0,0.79,0.15,0.03,0.05,0.59,0.04,2.34,0.0,0.17,0.11,0.03,1.16,0.0,0.0,7.62,0.0,0.0,0.05
"1915-05-01 00:00:00",0.2,0.26,1.08,0.06,0.38,0.52,0.12,0.59,0.01,7.15,0.22,0.15,0.33,0.01,4.19,5.99,0.01,0.91,0.0,0.4,0.08,2.85,0.52,0.03,0.44,0.0,0.69,0.19,0.05,0.01,0.67,0.12,2.65,0.0,0.13,0.28,0.01,1.48,0.01,0.0,10.05,0.03,0.0,0.15
"1915-06-01 00:00:00",0.1,0.12,1.03,0.15,0.55,0.52,0.12,0.32,0.01,6.93,0.23,0.14,0.23,0.0,3.94,5.97,0.0,0.8,0.0,0.41,0.04,2.9,0.33,0.01,0.76,0.0,0.89,0.19,0.04,0.07,0.65,0.07,3.44,0.0,0.28,0.17,0.03,1.13,0.0,0.0,10.66,0.0,0.0,0.06
"1915-07-01 00:00:00",0.07,0.23,0.83,0.07,0.38,0.4,0.08,0.21,0.01,6.38,0.23,0.22,0.14,0.01,3.38,5.15,0.0,0.53,0.0,0.31,0.03,2.11,0.3,0.03,0.66,0.01,0.68,0.19,0.01,0.05,1.16,0.0,2.96,0.0,0.37,0.38,0.0,1.29,0.0,0.0,9.94,0.03,0.0,0.18
"1915-08-01 00:00:00",0.35,0.29,1.05,0.27,0.36,0.43,0.27,0.24,0.03,7.08,0.35,0.23,0.29,0.09,3.5,5.59,0.0,0.69,0.01,0.32,0.04,2.34,0.45,0.01,0.98,0.0,0.76,0.24,0.04,0.17,1.25,0.17,3.83,0.0,0.39,0.21,0.03,1.72,0.0,0.05,10.59,0.01,0.0,0.09
"1915-09-01 00:00:00",0.07,0.2,0.85,0.11,0.3,0.43,0.06,0.16,0.03,5.75,0.14,0.16,0.13,0.06,3.5,4.82,0.0,0.73,0.0,0.33,0.0,1.45,0.23,0.0,0.52,0.0,0.63,0.17,0.06,0.06,0.44,0.04,3.05,0.0,0.24,0.22,0.0,1.22,0.0,0.01,9.01,0.01,0.0,0.06
"1915-10-01 00:00:00",0.14,0.11,1.02,0.13,0.25,0.24,0.15,0.16,0.04,6.16,0.16,0.18,0.19,0.03,4.72,5.96,0.0,0.83,0.0,0.39,0.0,2.02,0.25,0.0,0.7,0.01,0.58,0.03,0.03,0.05,0.33,0.04,3.54,0.0,0.18,0.18,0.0,1.73,0.0,0.0,8.85,0.04,0.0,0.1
"1915-11-01 00:00:00",0.05,0.16,0.7,0.03,0.23,0.32,0.08,0.16,0.01,4.96,0.32,0.35,0.24,0.03,3.94,5.15,0.0,0.82,0.0,0.4,0.03,2.04,0.43,0.04,0.3,0.0,0.77,0.11,0.01,0.08,0.24,0.04,2.09,0.0,0.27,0.13,0.12,1.2,0.0,0.0,7.89,0.0,0.01,0.04
"1915-12-01 00:00:00",0.12,0.13,0.87,0.08,0.48,0.44,0.12,0.45,0.01,4.51,0.3,0.44,0.25,0.01,3.24,4.48,0.0,0.52,0.0,0.4,0.03,1.4,0.47,0.0,0.39,0.0,0.49,0.16,0.03,0.18,0.18,0.04,1.58,0.0,0.21,0.16,0.01,1.31,0.0,0.0,7.06,0.01,0.01,0.09
"1916-01-01 00:00:00",0.06,0.17,0.61,0.1,0.35,0.4,0.09,0.31,0.05,4.29,0.36,0.31,0.3,0.02,2.77,4.42,0.0,0.45,0.0,0.35,0.01,1.39,0.61,0.01,0.7,0.0,0.83,0.32,0.04,0.27,0.17,0.09,1.7,0.0,0.4,0.09,0.0,1.13,0.0,0.01,7.14,0.02,0.0,0.07
"1916-02-01 00:00:00",0.12,0.18,0.78,0.11,0.4,0.36,0.08,0.33,0.11,4.37,0.16,0.29,0.28,0.0,2.49,3.62,0.0,0.41,0.01,0.33,0.0,1.32,0.42,0.01,0.37,0.0,0.55,0.07,0.01,0.15,0.28,0.15,1.46,0.0,0.15,0.15,0.0,0.9,0.0,0.0,6.73,0.01,0.0,0.2
"1916-03-01 00:00:00",0.11,0.15,0.73,0.11,0.28,0.17,0.11,0.22,0.01,4.57,0.24,0.23,0.38,0.03,2.74,3.88,0.0,0.2,0.0,0.51,0.01,1.22,0.46,0.0,2.09,0.0,0.67,0.15,0.03,0.15,0.2,0.56,1.39,0.0,0.18,0.15,0.03,0.7,0.0,0.0,8.04,0.03,0.0,0.04
"1916-04-01 00:00:00",0.01,0.09,0.74,0.03,0.25,0.28,0.03,0.18,0.03,4.55,0.19,0.23,0.14,0.0,2.68,4.19,0.0,0.2,0.03,0.33,0.03,0.86,0.24,0.04,1.35,0.01,0.73,0.1,0.05,0.1,0.19,0.1,1.21,0.0,0.1,0.25,0.0,0.93,0.0,0.0,7.64,0.03,0.01,0.08
"1916-05-01 00:00:00",0.03,0.08,0.85,0.05,0.18,0.31,0.0,0.16,0.03,4.33,0.14,0.3,0.08,0.04,2.82,3.92,0.01,0.54,0.0,0.27,0.03,1.61,0.3,0.01,1.17,0.0,0.46,0.15,0.0,0.05,0.18,0.05,1.17,0.0,0.16,0.09,0.0,0.68,0.0,0.0,7.48,0.01,0.01,0.03
"1916-06-01 00:00:00",0.22,0.18,0.53,0.08,0.5,0.18,0.1,0.2,0.0,4.05,0.19,0.16,0.52,0.01,2.57,3.46,0.0,0.58,0.0,0.45,0.01,1.36,0.38,0.0,4.36,0.0,0.48,0.07,0.05,0.11,0.16,0.03,2.04,0.0,0.14,0.23,0.0,0.58,0.0,0.01,10.49,0.01,0.0,0.08
"1916-07-01 00:00:00",0.11,0.31,0.99,0.08,0.36,0.31,0.09,0.21,0.03,6.22,0.2,0.23,0.36,0.05,4.12,5.93,0.0,0.56,0.0,0.47,0.01,1.59,0.42,0.0,2.15,0.0,0.54,0.11,0.07,0.11,0.19,0.13,2.97,0.0,0.11,0.19,0.0,0.86,0.01,0.01,10.06,0.03,0.0,0.05
"1916-08-01 00:00:00",0.06,0.28,0.51,0.06,0.39,0.25,0.01,0.36,0.04,6.34,0.49,0.42,0.16,0.06,4.15,5.91,0.0,1.09,0.0,0.31,0.0,2.24,0.52,0.01,0.85,0.0,0.57,0.15,0.04,0.18,0.24,0.16,3.28,0.0,0.13,0.24,0.03,1.0,0.04,0.0,9.68,0.03,0.0,0.13
"1916-09-01 00:00:00",0.06,0.11,0.51,0.03,0.29,0.36,0.06,0.32,0.02,5.99,0.22,0.22,0.22,0.03,3.92,6.02,0.0,0.82,0.02,0.23,0.02,1.82,0.34,0.02,0.68,0.0,0.62,0.11,0.03,0.12,0.06,0.05,3.09,0.02,0.09,0.22,0.0,1.42,0.0,0.0,9.36,0.02,0.0,0.06
"1916-10-01 00:00:00",0.06,0.13,0.53,0.04,0.36,0.18,0.04,0.28,0.0,5.85,0.2,0.14,0.2,0.04,3.68,5.61,0.0,0.68,0.0,0.17,0.0,1.21,0.38,0.01,0.99,0.0,0.52,0.29,0.03,0.04,0.2,0.04,2.43,0.0,0.35,0.32,0.0,0.98,0.0,0.01,8.51,0.0,0.0,0.04
"1916-11-01 00:00:00",0.09,0.13,0.66,0.04,0.28,0.16,0.07,0.22,0.0,5.59,0.12,0.1,0.19,0.0,3.61,4.98,0.0,0.87,0.01,0.12,0.01,1.42,0.21,0.01,0.75,0.0,0.56,0.22,0.07,0.07,0.35,0.06,2.64,0.0,0.16,0.23,0.03,0.65,0.0,0.0,7.41,0.01,0.0,0.13
"1916-12-01 00:00:00",0.1,0.1,1.15,0.01,0.38,0.37,0.06,0.28,0.03,5.59,0.28,0.16,0.37,0.07,3.61,5.06,0.0,0.8,0.01,0.38,0.01,1.36,0.5,0.0,0.57,0.0,0.67,0.1,0.0,0.07,0.3,0.17,2.76,0.0,0.13,0.17,0.0,0.9,0.0,0.06,8.04,0.0,0.01,0.03
"1917-01-01 00:00:00",0.13,0.13,0.94,0.14,0.33,0.28,0.06,0.16,0.01,4.69,0.17,0.13,0.23,0.0,3.11,4.37,0.0,0.67,0.0,0.18,0.0,1.32,0.3,0.0,0.51,0.0,0.5,0.1,0.03,0.06,0.23,0.01,2.3,0.0,0.14,0.09,0.03,0.71,0.0,0.0,6.68,0.01,0.0,0.03
"1917-02-01 00:00:00",0.22,0.12,1.11,0.24,0.31,1.01,0.09,0.24,0.04,8.66,0.7,0.12,1.16,0.16,3.4,5.69,0.0,0.67,0.0,0.3,0.01,1.5,0.59,0.01,0.67,0.0,1.33,0.5,0.1,0.22,0.16,0.16,1.19,0.0,0.44,0.15,0.0,0.89,0.01,0.0,12.1,0.01,0.0,0.01
"1917-03-01 00:00:00",0.08,0.17,0.92,0.11,0.39,0.37,0.04,0.5,0.1,7.62,0.34,0.17,0.55,0.15,3.48,4.87,0.0,0.22,0.0,0.5,0.06,1.24,1.1,0.01,1.35,0.0,0.59,0.25,0.07,0.15,0.12,0.04,2.53,0.0,0.21,0.29,0.0,0.99,0.0,0.04,11.18,0.03,0.0,0.01
"1917-04-01 00:00:00",0.38,0.16,0.87,0.5,0.68,0.38,0.21,0.21,0.09,7.38,0.53,0.13,0.51,0.06,3.72,4.86,0.0,0.41,0.0,0.43,0.06,1.11,0.4,0.01,0.74,0.0,0.63,0.14,0.19,0.11,0.13,0.16,2.34,0.0,0.33,0.1,0.0,0.84,0.0,0.03,11.26,0.04,0.0,0.1
"1917-05-01 00:00:00",0.1,0.22,1.19,0.19,0.83,0.29,0.07,0.29,0.03,6.29,0.37,0.06,0.29,0.04,4.63,5.18,0.0,0.51,0.0,0.3,0.01,1.5,0.39,0.0,0.33,0.0,0.51,0.12,0.06,0.04,0.21,0.06,2.31,0.0,0.35,0.12,0.0,0.8,0.0,0.01,9.68,0.03,0.0,0.04
"1917-06-01 00:00:00",0.12,0.15,1.55,0.12,0.69,0.32,0.04,0.52,0.01,5.54,0.37,0.12,0.19,0.09,4.45,4.66,0.0,0.44,0.0,0.41,0.04,1.68,0.35,0.0,0.24,0.0,0.55,0.24,0.03,0.03,0.21,0.1,2.73,0.0,0.44,0.09,0.0,0.87,0.0,0.06,8.45,0.01,0.0,0.06
"1917-07-01 00:00:00",0.12,0.2,1.48,0.16,0.61,0.41,0.09,0.41,0.03,6.83,0.78,0.15,0.28,0.15,4.43,5.16,0.0,0.65,0.0,0.49,0.01,1.49,0.49,0.03,0.49,0.0,0.93,0.28,0.11,0.04,0.19,0.07,3.19,0.0,0.6,0.21,0.0,0.9,0.0,0.07,9.87,0.03,0.01,0.04
"1917-08-01 00:00:00",0.13,0.17,1.97,0.13,0.9,0.42,0.04,0.49,0.01,7.76,0.39,0.1,0.34,0.18,4.85,5.37,0.0,0.69,0.0,0.41,0.06,1.99,0.41,0.01,0.31,0.0,0.65,0.23,0.16,0.08,0.39,0.27,2.92,0.0,0.44,0.25,0.0,0.92,0.0,0.01,10.63,0.03,0.0,0.06
"1917-09-01 00:00:00",0.55,0.26,1.56,0.11,0.41,0.34,0.15,0.18,0.03,6.57,0.4,0.05,0.25,0.36,4.09,4.28,0.01,0.36,0.0,0.26,0.04,1.92,0.42,0.0,0.42,0.0,0.53,0.22,0.08,0.11,0.23,0.12,2.75,0.0,0.67,0.12,0.0,0.78,0.0,0.04,9.4,0.01,0.0,0.08
"1917-10-01 00:00:00",0.26,0.23,1.7,0.12,0.48,0.19,0.07,0.2,0.04,6.64,0.27,0.15,0.31,0.26,4.2,4.82,0.0,0.42,0.01,0.2,0.05,2.17,0.27,0.01,0.15,0.0,0.71,0.13,0.05,0.07,0.18,0.03,2.05,0.0,0.39,0.3,0.0,0.84,0.0,0.01,8.59,0.03,0.0,0.09
"1917-11-01 00:00:00",0.3,0.14,0.95,0.29,0.47,0.39,0.17,0.26,0.06,6.81,0.32,0.11,0.18,0.15,4.32,5.14,0.0,0.7,0.0,0.17,0.23,3.53,0.39,0.01,0.25,0.0,0.39,0.19,0.14,0.1,0.19,0.08,2.01,0.0,0.36,0.33,0.04,0.84,0.0,0.12,9.92,0.06,0.01,0.11
"1917-12-01 00:00:00",0.22,0.13,0.89,0.23,0.24,0.32,0.1,0.26,0.05,6.63,0.17,0.06,0.36,0.1,4.45,5.01,0.0,1.42,0.0,0.19,0.28,3.11,0.34,0.0,0.26,0.0,0.57,0.13,0.04,0.04,0.26,0.22,2.55,0.0,0.54,0.18,0.0,1.24,0.0,0.34,9.62,0.05,0.0,0.06
"1918-01-01 00:00:00",0.12,0.12,0.92,0.04,0.41,0.42,0.08,0.22,0.01,5.95,0.19,0.12,0.33,0.29,4.45,4.83,0.0,0.67,0.0,0.31,0.1,2.19,0.25,0.0,0.22,0.01,0.71,0.11,0.07,0.04,0.52,0.1,2.49,0.0,0.49,0.16,0.0,0.55,0.0,0.41,9.0,0.0,0.01,0.14
"1918-02-01 00:00:00",0.15,0.17,1.13,0.06,0.48,0.52,0.03,0.26,0.03,6.79,0.16,0.12,0.28,0.51,4.75,4.52,0.0,0.73,0.0,0.39,0.17,1.8,0.32,0.0,0.26,0.01,0.86,0.19,0.06,0.01,0.67,0.09,3.14,0.0,0.57,0.17,0.0,0.74,0.0,1.09,9.69,0.01,0.0,0.04
"1918-03-01 00:00:00",0.1,0.26,1.19,0.09,0.31,0.48,0.01,0.46,0.0,8.92,0.2,0.12,0.29,0.46,6.5,6.35,0.0,0.41,0.0,0.43,0.16,1.54,1.01,0.01,0.12,0.0,0.97,0.09,0.06,0.1,0.22,0.46,2.79,0.0,0.43,0.25,0.0,0.84,0.0,0.67,10.94,0.0,0.01,0.06
"1918-04-01 00:00:00",0.14,0.22,1.26,0.04,0.63,0.43,0.08,0.2,0.0,9.42,0.17,0.03,0.2,0.42,7.71,7.24,0.0,0.57,0.0,0.28,0.06,1.38,0.53,0.03,0.18,0.0,1.06,0.04,0.08,0.06,0.15,0.43,1.37,0.0,0.18,0.18,0.0,0.77,0.0,0.27,11.56,0.0,0.0,0.08
"1918-05-01 00:00:00",0.11,0.45,0.6,0.05,0.39,0.41,0.03,0.29,0.01,6.83,0.07,0.08,0.19,0.25,5.73,5.41,0.0,0.4,0.0,0.12,0.08,1.61,0.39,0.0,0.21,0.0,0.55,0.01,0.08,0.03,0.2,0.05,1.3,0.0,0.25,0.12,0.03,0.77,0.0,0.49,9.61,0.01,0.0,0.01
"1918-06-01 00:00:00",0.06,0.26,0.74,0.1,0.52,0.53,0.03,0.28,0.01,9.3,0.38,0.06,0.35,0.3,7.99,6.38,0.01,0.91,0.0,0.34,0.01,2.63,0.61,0.0,0.35,0.0,0.82,0.12,0.09,0.08,0.27,0.1,1.8,0.0,0.32,0.13,0.0,0.49,0.0,0.39,12.52,0.01,0.0,0.06
"1918-07-01 00:00:00",0.08,0.76,0.63,0.08,0.45,0.44,0.06,0.41,0.0,10.57,0.3,0.18,0.25,0.42,8.77,7.15,0.0,0.79,0.01,0.41,0.1,3.59,0.76,0.01,0.25,0.01,0.89,0.17,0.07,0.07,0.35,0.06,2.18,0.0,0.54,0.18,0.04,0.61,0.0,0.45,14.01,0.0,0.01,0.04
"1918-08-01 00:00:00",0.06,0.91,0.59,0.05,1.12,0.51,0.02,0.38,0.0,10.31,0.32,0.11,0.26,0.26,9.06,7.89,0.0,0.42,0.02,0.27,0.02,1.86,0.91,0.0,0.21,0.0,0.93,0.16,0.14,0.08,0.27,0.06,1.94,0.0,0.47,0.05,0.0,0.34,0.0,0.27,13.09,0.0,0.0,0.03
"1918-09-01 00:00:00",0.02,0.96,1.6,0.07,0.95,0.46,0.03,0.34,0.02,10.48,0.33,0.09,0.31,0.24,8.52,8.22,0.0,0.86,0.0,0.34,0.03,2.1,0.52,0.0,0.14,0.0,0.95,0.1,0.03,0.05,0.19,0.07,1.94,0.0,0.33,0.19,0.0,0.86,0.0,0.1,13.75,0.0,0.0,0.05
"1918-10-01 00:00:00",0.09,0.33,3.41,0.1,0.66,0.91,0.07,0.1,0.0,10.54,0.38,0.03,0.52,0.12,8.45,6.7,0.0,1.56,0.0,0.35,0.03,2.66,0.16,0.02,0.19,0.0,1.47,0.03,0.02,0.05,0.49,0.12,1.33,0.0,0.31,0.24,0.0,1.52,0.0,0.19,13.15,0.0,0.0,0.02
"1918-11-01 00:00:00",0.02,0.19,1.82,0.0,0.58,0.69,0.02,0.21,0.02,6.37,0.83,0.19,0.32,0.07,4.46,3.93,0.0,0.83,0.0,0.28,0.05,1.53,0.21,0.0,0.19,0.0,1.29,0.09,0.09,0.07,0.32,0.07,1.22,0.0,0.19,0.16,0.0,0.6,0.02,0.09,9.1,0.0,0.0,0.02
"1918-12-01 00:00:00",0.05,0.08,0.51,0.08,0.24,0.36,0.08,0.17,0.0,3.89,0.52,0.11,0.19,0.09,3.01,2.31,0.0,0.3,0.0,0.17,0.02,0.85,0.32,0.02,0.09,0.02,0.51,0.17,0.06,0.03,0.46,0.13,1.38,0.0,0.22,0.13,0.02,0.33,0.0,0.24,6.76,0.0,0.0,0.03
"1919-01-01 00:00:00",0.16,0.25,0.55,0.04,0.22,0.28,0.03,0.46,0.0,3.3,0.59,0.04,0.27,0.06,3.1,2.37,0.0,0.13,0.0,0.22,0.01,0.99,0.55,0.01,0.12,0.0,0.34,0.04,0.07,0.06,0.69,0.16,1.67,0.0,0.19,0.22,0.01,0.37,0.0,0.21,6.16,0.0,0.0,0.09
"1919-02-01 00:00:00",0.08,0.25,0.79,0.06,0.35,0.35,0.09,0.36,0.02,3.79,0.41,0.02,0.28,0.09,4.28,3.08,0.02,0.31,0.0,0.24,0.0,1.41,0.69,0.0,0.27,0.0,0.35,0.08,0.03,0.08,0.58,0.06,2.12,0.0,0.17,0.19,0.0,0.44,0.0,0.13,6.98,0.0,0.0,0.08
"1919-03-01 00:00:00",0.1,0.17,0.57,0.04,0.17,0.35,0.14,0.49,0.03,3.59,0.42,0.1,0.33,0.1,3.9,2.53,0.0,0.97,0.01,0.21,0.04,1.32,0.81,0.01,0.18,0.0,0.24,0.04,0.11,0.03,0.82,0.06,2.05,0.0,0.19,0.24,0.04,0.32,0.0,0.24,6.35,0.03,0.03,0.03
"1919-04-01 00:00:00",0.09,0.12,0.45,0.02,0.14,0.32,0.03,0.45,0.02,3.43,0.54,0.08,0.14,0.17,3.72,2.93,0.0,0.79,0.0,0.29,0.06,1.2,0.69,0.05,0.22,0.0,0.29,0.06,0.06,0.02,0.56,0.05,2.39,0.0,0.11,0.22,0.0,0.46,0.0,0.23,6.58,0.02,0.0,0.06
"1919-05-01 00:00:00",0.12,0.03,0.51,0.09,0.2,0.35,0.03,0.36,0.05,2.97,0.26,0.03,0.09,0.3,2.82,1.57,0.0,0.42,0.02,0.11,0.0,0.77,0.47,0.06,0.24,0.0,0.2,0.03,0.05,0.08,0.42,0.08,1.25,0.0,0.12,0.06,0.0,0.24,0.0,0.17,5.25,0.03,0.0,0.0
"1919-06-01 00:00:00",0.07,0.07,0.54,0.06,0.37,0.29,0.04,0.15,0.01,3.24,0.38,0.15,0.13,0.1,2.79,1.94,0.0,0.38,0.01,0.23,0.01,0.87,0.32,0.03,0.44,0.0,0.25,0.07,0.04,0.06,0.59,0.03,1.04,0.0,0.15,0.22,0.0,0.25,0.0,0.06,5.76,0.0,0.0,0.03
"1919-07-01 00:00:00",0.08,0.14,0.43,0.03,0.23,0.08,0.0,0.64,0.05,3.06,0.17,0.11,0.14,0.15,3.12,1.74,0.0,0.7,0.0,0.28,0.03,0.84,0.67,0.05,0.44,0.0,0.12,0.02,0.09,0.14,0.28,0.03,1.22,0.0,0.11,0.06,0.0,0.26,0.0,0.08,5.8,0.02,0.0,0.08
"1919-08-01 00:00:00",0.03,0.07,0.43,0.01,0.12,0.22,0.01,0.68,0.01,2.23,0.18,0.12,0.18,0.1,2.95,1.8,0.0,0.82,0.01,0.37,0.0,1.06,0.79,0.07,0.63,0.0,0.24,0.04,0.03,0.1,0.45,0.01,1.16,0.0,0.12,0.16,0.0,0.45,0.0,0.13,5.37,0.0,0.0,0.03
"1919-09-01 00:00:00",0.0,0.19,0.6,0.02,0.24,0.06,0.0,0.49,0.0,2.18,0.27,0.03,0.17,0.08,2.37,2.13,0.0,0.49,0.02,0.27,0.03,1.11,0.57,0.0,0.25,0.0,0.25,0.03,0.02,0.03,0.44,0.02,0.95,0.0,0.06,0.11,0.0,0.36,0.0,0.16,4.83,0.0,0.0,0.03
"1919-10-01 00:00:00",0.06,0.2,0.41,0.04,0.22,0.09,0.03,0.25,0.0,2.06,0.32,0.07,0.26,0.2,1.76,1.64,0.0,0.25,0.0,0.19,0.0,0.85,0.37,0.01,0.26,0.0,0.31,0.03,0.03,0.04,0.44,0.01,1.36,0.0,0.23,0.13,0.0,0.18,0.0,0.23,4.89,0.0,0.0,0.06
"1919-11-01 00:00:00",0.09,0.2,0.41,0.05,0.19,0.08,0.08,0.22,0.02,2.19,0.2,0.11,0.35,0.08,1.84,1.77,0.0,0.3,0.0,0.25,0.02,0.82,0.47,0.05,0.3,0.0,0.3,0.0,0.03,0.06,0.24,0.05,1.15,0.0,0.09,0.06,0.0,0.25,0.0,0.11,5.33,0.0,0.0,0.0
"1919-12-01 00:00:00",0.08,0.09,0.26,0.05,0.26,0.08,0.0,0.15,0.0,1.7,0.12,0.05,0.2,0.12,1.79,1.48,0.0,0.22,0.0,0.19,0.0,0.68,0.35,0.0,0.39,0.0,0.14,0.02,0.03,0.03,0.32,0.02,1.05,0.0,0.02,0.08,0.02,0.26,0.02,0.2,4.32,0.0,0.0,0.02
"1920-01-01 00:00:00",0.03,0.01,0.06,0.03,0.06,0.13,0.03,0.14,0.0,0.98,0.1,0.03,0.13,0.06,1.29,1.19,0.0,0.14,0.0,0.29,0.0,0.51,0.35,0.03,0.14,0.0,0.04,0.01,0.0,0.01,0.58,0.03,1.09,0.0,0.06,0.01,0.0,0.3,0.0,0.14,3.55,0.0,0.0,0.01
"1920-02-01 00:00:00",0.0,0.03,0.18,0.03,0.06,0.09,0.0,0.21,0.01,0.84,0.06,0.04,0.06,0.12,1.44,1.19,0.0,0.15,0.0,0.19,0.01,0.68,0.29,0.01,0.09,0.0,0.13,0.04,0.0,0.03,0.32,0.01,0.84,0.0,0.0,0.03,0.0,0.25,0.0,0.06,3.13,0.0,0.0,0.03
"1920-03-01 00:00:00",0.06,0.01,0.22,0.03,0.07,0.09,0.06,0.13,0.0,2.41,0.19,0.18,0.09,0.1,1.68,1.93,0.0,0.25,0.0,0.22,0.01,0.77,0.31,0.04,0.16,0.0,0.48,0.01,0.09,0.07,0.44,0.0,1.15,0.0,0.06,0.06,0.0,0.54,0.0,0.06,4.24,0.01,0.0,0.03
"1920-04-01 00:00:00",0.03,0.02,0.25,0.03,0.14,0.08,0.02,0.08,0.0,1.7,0.05,0.08,0.05,0.0,1.38,1.14,0.0,0.11,0.0,0.28,0.0,0.75,0.19,0.0,0.66,0.0,0.03,0.0,0.03,0.05,0.27,0.0,0.59,0.0,0.03,0.06,0.02,0.42,0.0,0.08,4.56,0.0,0.0,0.02
"1920-05-01 00:00:00",0.06,0.05,0.06,0.03,0.15,0.06,0.02,0.11,0.02,0.89,0.06,0.05,0.09,0.05,0.82,0.99,0.0,0.2,0.0,0.14,0.02,0.35,0.23,0.0,0.48,0.0,0.08,0.02,0.02,0.02,0.32,0.03,0.63,0.0,0.06,0.08,0.03,0.25,0.0,0.2,3.05,0.0,0.0,0.02
"1920-06-01 00:00:00",0.05,0.0,0.11,0.06,0.09,0.05,0.05,0.06,0.02,0.65,0.09,0.02,0.06,0.05,0.75,0.95,0.0,0.05,0.0,0.26,0.0,0.39,0.16,0.0,0.14,0.0,0.08,0.03,0.05,0.03,0.39,0.05,0.59,0.0,0.06,0.0,0.0,0.39,0.0,0.2,2.71,0.0,0.0,0.03
"1920-07-01 00:00:00",0.03,0.06,0.31,0.05,0.11,0.08,0.12,0.33,0.0,1.15,0.0,0.05,0.09,0.06,1.49,1.66,0.0,0.14,0.0,0.22,0.02,0.46,0.33,0.02,0.29,0.0,0.12,0.02,0.05,0.06,0.88,0.05,1.08,0.0,0.05,0.05,0.0,0.6,0.02,0.17,3.51,0.0,0.0,0.02
"1920-08-01 00:00:00",0.0,0.06,0.19,0.06,0.08,0.08,0.03,0.15,0.0,1.84,0.0,0.14,0.11,0.14,2.18,2.12,0.0,0.25,0.0,0.39,0.03,0.5,0.26,0.0,0.33,0.0,0.06,0.03,0.03,0.05,2.2,0.02,2.4,0.0,0.02,0.05,0.02,0.36,0.02,0.23,3.58,0.0,0.0,0.02
"1920-09-01 00:00:00",0.02,0.05,0.08,0.03,0.05,0.0,0.02,0.13,0.0,0.68,0.05,0.03,0.02,0.08,1.03,0.76,0.0,0.08,0.0,0.08,0.0,0.3,0.2,0.02,0.1,0.0,0.05,0.02,0.05,0.02,0.88,0.0,1.01,0.0,0.1,0.03,0.0,0.22,0.0,0.17,2.57,0.0,0.0,0.02
"1920-10-01 00:00:00",0.06,0.06,0.14,0.03,0.01,0.07,0.03,0.16,0.04,0.84,0.07,0.04,0.14,0.06,1.15,0.94,0.0,0.06,0.0,0.1,0.0,0.39,0.23,0.0,0.09,0.0,0.06,0.04,0.03,0.09,0.46,0.06,0.74,0.0,0.01,0.04,0.0,0.19,0.0,0.04,3.17,0.04,0.0,0.03
"1920-11-01 00:00:00",0.03,0.07,0.15,0.04,0.12,0.12,0.04,0.1,0.0,0.68,0.06,0.01,0.12,0.06,0.84,1.18,0.0,0.09,0.0,0.1,0.03,0.43,0.24,0.03,0.09,0.0,0.07,0.06,0.04,0.04,0.35,0.01,0.68,0.0,0.04,0.0,0.0,0.38,0.01,0.1,2.54,0.0,0.0,0.03
"1920-12-01 00:00:00",0.12,0.07,0.08,0.04,0.12,0.15,0.09,0.12,0.0,0.7,0.08,0.01,0.09,0.01,0.72,0.96,0.0,0.0,0.0,0.04,0.0,0.68,0.31,0.0,0.12,0.0,0.04,0.03,0.08,0.04,0.14,0.03,0.27,0.0,0.09,0.03,0.0,0.15,0.01,0.01,2.56,0.0,0.0,0.03
"1921-01-01 00:00:00",0.04,0.0,0.1,0.04,0.1,0.08,0.0,0.08,0.03,0.71,0.01,0.03,0.05,0.01,0.64,0.85,0.0,0.07,0.0,0.1,0.01,0.23,0.29,0.01,0.03,0.0,0.07,0.03,0.01,0.03,0.22,0.01,0.46,0.0,0.05,0.03,0.0,0.12,0.0,0.03,1.85,0.0,0.0,0.03
"1921-02-01 00:00:00",0.03,0.02,0.11,0.02,0.06,0.11,0.03,0.05,0.03,0.77,0.02,0.0,0.06,0.02,0.74,0.96,0.0,0.03,0.0,0.11,0.0,0.31,0.27,0.0,0.06,0.0,0.08,0.02,0.03,0.0,0.2,0.03,0.44,0.0,0.03,0.08,0.0,0.24,0.0,0.03,2.43,0.0,0.0,0.02
"1921-03-01 00:00:00",0.04,0.04,0.31,0.03,0.03,0.1,0.04,0.18,0.03,1.35,0.13,0.04,0.06,0.27,1.14,1.21,0.0,0.03,0.0,0.08,0.0,0.38,0.25,0.01,0.03,0.0,0.07,0.01,0.01,0.04,0.3,0.01,0.7,0.0,0.15,0.01,0.01,0.23,0.01,0.13,2.76,0.01,0.01,0.01
"1921-04-01 00:00:00",0.04,0.08,0.19,0.01,0.03,0.15,0.03,0.12,0.04,1.12,0.06,0.04,0.07,0.01,0.96,1.06,0.0,0.32,0.0,0.11,0.01,0.5,0.28,0.0,0.03,0.0,0.1,0.0,0.01,0.06,0.12,0.0,0.33,0.0,0.04,0.04,0.0,0.18,0.01,0.06,2.4,0.0,0.0,0.0
"1921-05-01 00:00:00",0.05,0.01,0.25,0.0,0.08,0.07,0.03,0.07,0.0,1.58,0.04,0.01,0.11,0.03,1.32,1.37,0.0,0.1,0.0,0.05,0.03,0.51,0.23,0.01,0.04,0.0,0.07,0.03,0.03,0.04,0.61,0.01,0.19,0.0,0.01,0.01,0.01,0.19,0.0,0.0,2.8,0.01,0.0,0.01
"1921-06-01 00:00:00",0.0,0.07,0.09,0.03,0.04,0.03,0.01,0.18,0.0,1.11,0.01,0.05,0.08,0.08,1.07,1.2,0.0,0.13,0.0,0.07,0.0,0.43,0.33,0.07,0.04,0.0,0.08,0.01,0.04,0.07,0.34,0.01,0.53,0.0,0.05,0.03,0.01,0.3,0.0,0.01,2.6,0.01,0.0,0.03
"1921-07-01 00:00:00",0.03,0.07,0.09,0.04,0.11,0.07,0.03,0.19,0.01,0.89,0.04,0.03,0.09,0.08,0.91,0.74,0.0,0.05,0.0,0.08,0.0,0.34,0.32,0.01,0.05,0.0,0.07,0.03,0.0,0.04,0.24,0.03,0.33,0.0,0.04,0.03,0.01,0.25,0.01,0.03,2.36,0.0,0.01,0.03
"1921-08-01 00:00:00",0.01,0.04,0.08,0.03,0.11,0.05,0.03,0.25,0.01,0.72,0.01,0.05,0.18,0.03,0.8,0.95,0.0,0.14,0.0,0.23,0.0,0.37,0.37,0.0,0.1,0.0,0.01,0.04,0.08,0.01,0.22,0.01,0.35,0.0,0.05,0.03,0.0,0.3,0.03,0.01,2.4,0.0,0.0,0.03
"1921-09-01 00:00:00",0.01,0.09,0.07,0.0,0.07,0.04,0.03,0.16,0.0,0.49,0.01,0.03,0.1,0.03,0.54,0.69,0.0,0.13,0.0,0.09,0.0,0.21,0.24,0.03,0.04,0.0,0.07,0.04,0.04,0.0,0.26,0.03,0.43,0.0,0.06,0.01,0.0,0.16,0.01,0.07,2.0,0.0,0.0,0.07
"1921-10-01 00:00:00",0.04,0.07,0.12,0.01,0.07,0.18,0.01,0.32,0.0,0.86,0.0,0.02,0.1,0.02,0.75,0.88,0.0,0.43,0.0,0.13,0.0,0.36,0.41,0.01,0.05,0.0,0.07,0.0,0.02,0.11,0.12,0.04,0.3,0.0,0.0,0.05,0.0,0.07,0.02,0.0,2.46,0.0,0.01,0.04
"1921-11-01 00:00:00",0.05,0.05,0.09,0.04,0.07,0.05,0.0,0.54,0.01,0.97,0.0,0.02,0.13,0.01,1.04,1.17,0.0,0.13,0.0,0.13,0.0,0.56,0.81,0.02,0.04,0.0,0.09,0.02,0.02,0.1,0.05,0.1,0.29,0.0,0.05,0.04,0.0,0.12,0.06,0.04,2.52,0.02,0.04,0.01
"1921-12-01 00:00:00",0.04,0.02,0.02,0.02,0.05,0.05,0.04,0.29,0.0,0.68,0.04,0.04,0.09,0.07,0.85,1.03,0.0,0.02,0.0,0.13,0.0,0.44,0.62,0.04,0.05,0.0,0.06,0.01,0.05,0.07,0.1,0.04,0.33,0.0,0.02,0.02,0.0,0.07,0.02,0.01,2.3,0.0,0.0,0.01
"1922-01-01 00:00:00",0.0,0.02,0.07,0.0,0.02,0.0,0.0,0.33,0.0,0.56,0.01,0.05,0.02,0.04,0.66,0.74,0.0,0.08,0.0,0.04,0.0,0.25,0.46,0.0,0.06,0.0,0.05,0.0,0.0,0.06,0.12,0.04,0.34,0.0,0.02,0.04,0.01,0.05,0.0,0.01,1.92,0.0,0.01,0.01
"1922-02-01 00:00:00",0.0,0.04,0.08,0.0,0.01,0.0,0.03,0.25,0.0,0.44,0.0,0.03,0.07,0.03,0.53,0.72,0.0,0.05,0.0,0.05,0.0,0.23,0.29,0.0,0.14,0.0,0.05,0.0,0.01,0.05,0.08,0.03,0.27,0.0,0.0,0.03,0.0,0.05,0.0,0.03,1.86,0.0,0.0,0.01
"1922-03-01 00:00:00",0.04,0.04,0.09,0.01,0.05,0.04,0.0,0.24,0.01,0.34,0.02,0.0,0.04,0.02,0.59,0.81,0.0,0.01,0.0,0.13,0.0,0.19,0.38,0.02,0.15,0.0,0.04,0.0,0.01,0.06,0.02,0.0,0.26,0.0,0.01,0.01,0.0,0.08,0.0,0.0,2.0,0.0,0.0,0.15
"1922-04-01 00:00:00",0.06,0.01,0.18,0.06,0.09,0.05,0.0,0.27,0.01,0.54,0.04,0.02,0.11,0.01,0.75,0.97,0.0,0.06,0.0,0.15,0.0,0.27,0.35,0.0,0.15,0.0,0.05,0.0,0.0,0.04,0.13,0.04,0.52,0.0,0.02,0.04,0.0,0.07,0.0,0.05,2.36,0.0,0.0,0.0
"1922-05-01 00:00:00",0.01,0.02,0.15,0.01,0.02,0.05,0.05,0.4,0.0,0.7,0.01,0.05,0.08,0.01,0.56,0.72,0.01,0.06,0.0,0.12,0.0,0.32,0.32,0.02,0.08,0.0,0.08,0.0,0.06,0.02,0.16,0.04,0.55,0.0,0.02,0.02,0.0,0.07,0.0,0.0,2.0,0.0,0.0,0.04
"1922-06-01 00:00:00",0.02,0.0,0.04,0.05,0.04,0.01,0.0,0.28,0.0,0.41,0.0,0.07,0.05,0.0,0.4,0.84,0.01,0.0,0.0,0.07,0.01,0.17,0.2,0.0,0.1,0.0,0.01,0.01,0.01,0.0,0.04,0.01,0.28,0.0,0.04,0.0,0.0,0.05,0.0,0.0,2.07,0.0,0.0,0.0
"1922-07-01 00:00:00",0.03,0.03,0.05,0.0,0.06,0.08,0.03,0.21,0.0,0.48,0.03,0.04,0.05,0.03,0.4,0.6,0.0,0.04,0.0,0.21,0.0,0.15,0.14,0.01,0.15,0.0,0.05,0.0,0.03,0.05,0.1,0.01,0.15,0.0,0.01,0.06,0.01,0.06,0.0,0.0,2.8,0.0,0.0,0.01
"1922-08-01 00:00:00",0.05,0.04,0.18,0.08,0.05,0.05,0.04,0.14,0.01,0.53,0.01,0.01,0.08,0.0,0.65,0.75,0.0,0.05,0.0,0.14,0.01,0.39,0.15,0.0,0.14,0.0,0.04,0.0,0.06,0.0,0.09,0.01,0.34,0.0,0.03,0.03,0.0,0.16,0.0,0.0,2.01,0.0,0.0,0.01
"1922-09-01 00:00:00",0.04,0.07,0.11,0.03,0.08,0.04,0.01,0.13,0.0,0.57,0.03,0.04,0.03,0.03,1.31,1.45,0.0,0.14,0.0,0.15,0.01,0.8,0.2,0.01,0.06,0.0,0.03,0.0,0.06,0.01,0.07,0.0,0.63,0.0,0.0,0.06,0.04,1.24,0.0,0.01,2.74,0.0,0.0,0.04
"1922-10-01 00:00:00",0.0,0.03,0.03,0.0,0.12,0.05,0.01,0.03,0.0,0.29,0.0,0.03,0.04,0.0,0.78,1.02,0.0,0.04,0.0,0.05,0.0,0.53,0.08,0.0,0.05,0.0,0.03,0.0,0.03,0.0,0.0,0.01,0.38,0.0,0.0,0.01,0.01,0.85,0.0,0.0,2.03,0.0,0.0,0.0
"1922-11-01 00:00:00",0.0,0.0,0.09,0.04,0.04,0.07,0.03,0.09,0.0,0.51,0.0,0.05,0.01,0.0,0.89,0.73,0.0,0.01,0.0,0.11,0.0,0.49,0.11,0.0,0.04,0.0,0.01,0.01,0.04,0.01,0.05,0.01,0.28,0.0,0.0,0.03,0.01,0.49,0.0,0.0,1.84,0.0,0.0,0.03
"1922-12-01 00:00:00",0.02,0.01,0.16,0.0,0.09,0.01,0.01,0.1,0.0,0.6,0.0,0.01,0.02,0.05,0.7,0.69,0.01,0.05,0.0,0.01,0.0,0.26,0.13,0.0,0.01,0.0,0.02,0.0,0.01,0.0,0.11,0.0,0.36,0.0,0.0,0.0,0.0,0.29,0.0,0.0,1.75,0.0,0.0,0.02
"1923-01-01 00:00:00",0.06,0.02,0.66,0.04,0.06,0.04,0.08,0.07,0.0,1.84,0.06,0.05,0.06,0.04,2.1,1.35,0.0,0.18,0.0,0.14,0.02,0.6,0.14,0.0,0.05,0.0,0.11,0.01,0.02,0.02,0.35,0.01,0.57,0.0,0.06,0.06,0.0,0.51,0.0,0.01,2.74,0.0,0.0,0.0
"1923-02-01 00:00:00",0.04,0.0,0.38,0.03,0.0,0.07,0.05,0.07,0.0,1.09,0.01,0.03,0.05,0.01,1.52,0.97,0.0,0.04,0.0,0.04,0.04,0.42,0.01,0.0,0.12,0.0,0.12,0.03,0.04,0.0,0.38,0.03,0.54,0.0,0.04,0.04,0.0,0.5,0.0,0.0,2.21,0.0,0.0,0.0
"1923-03-01 00:00:00",0.05,0.01,0.32,0.04,0.06,0.07,0.04,0.09,0.01,0.75,0.0,0.04,0.05,0.01,1.02,0.54,0.0,0.02,0.0,0.11,0.0,0.2,0.06,0.0,0.07,0.0,0.09,0.02,0.06,0.02,0.09,0.05,0.22,0.0,0.0,0.06,0.0,0.11,0.0,0.01,1.77,0.01,0.0,0.01
"1923-04-01 00:00:00",0.02,0.04,0.14,0.06,0.06,0.05,0.05,0.07,0.0,0.54,0.0,0.04,0.04,0.0,0.69,0.52,0.01,0.06,0.0,0.06,0.01,0.16,0.12,0.01,0.07,0.0,0.02,0.04,0.0,0.04,0.08,0.01,0.22,0.0,0.0,0.04,0.01,0.17,0.0,0.01,1.58,0.0,0.0,0.02
"1923-05-01 00:00:00",0.04,0.04,0.14,0.0,0.08,0.15,0.0,0.65,0.0,0.72,0.03,0.04,0.04,0.03,0.83,0.88,0.0,0.03,0.0,0.15,0.03,0.37,0.13,0.0,0.09,0.0,0.1,0.0,0.0,0.05,0.17,0.04,0.45,0.0,0.01,0.03,0.0,0.49,0.0,0.03,2.27,0.0,0.0,0.01
"1923-06-01 00:00:00",0.04,0.01,0.1,0.03,0.04,0.01,0.03,0.13,0.0,0.52,0.03,0.01,0.07,0.01,0.64,0.59,0.01,0.05,0.0,0.09,0.0,0.18,0.09,0.0,0.05,0.0,0.05,0.01,0.01,0.05,0.03,0.0,0.16,0.0,0.03,0.0,0.0,0.09,0.0,0.0,1.59,0.01,0.01,0.01
"1923-07-01 00:00:00",0.06,0.04,0.23,0.0,0.09,0.05,0.0,0.05,0.0,0.69,0.01,0.02,0.06,0.02,0.85,0.74,0.0,0.01,0.0,0.09,0.01,0.26,0.12,0.0,0.09,0.0,0.04,0.0,0.0,0.04,0.11,0.01,0.28,0.0,0.05,0.06,0.0,0.16,0.0,0.0,1.94,0.0,0.0,0.0
"1923-08-01 00:00:00",0.03,0.03,0.16,0.05,0.06,0.03,0.0,0.09,0.01,0.51,0.03,0.0,0.16,0.01,0.6,0.43,0.0,0.03,0.0,0.08,0.0,0.22,0.1,0.0,0.1,0.01,0.04,0.01,0.01,0.08,0.01,0.01,0.14,0.0,0.01,0.01,0.01,0.08,0.0,0.0,1.36,0.0,0.0,0.0
"1923-09-01 00:00:00",0.06,0.01,0.22,0.04,0.07,0.08,0.06,0.14,0.01,0.78,0.06,0.03,0.24,0.03,1.17,0.94,0.01,0.08,0.0,0.06,0.0,1.18,0.35,0.03,0.1,0.0,0.07,0.06,0.04,0.06,0.17,0.03,0.33,0.0,0.08,0.07,0.01,0.25,0.0,0.0,2.69,0.01,0.0,0.01
"1923-10-01 00:00:00",0.0,0.06,0.14,0.01,0.1,0.0,0.0,0.06,0.0,0.86,0.01,0.01,0.14,0.01,0.7,0.48,0.0,0.06,0.0,0.04,0.01,0.23,0.05,0.0,0.01,0.0,0.08,0.0,0.03,0.09,0.13,0.05,0.24,0.0,0.01,0.04,0.0,0.1,0.0,0.0,1.59,0.0,0.0,0.06
"1923-11-01 00:00:00",0.04,0.05,0.21,0.04,0.06,0.06,0.02,0.05,0.0,0.96,0.04,0.02,0.06,0.01,0.69,0.56,0.0,0.05,0.0,0.05,0.0,0.24,0.05,0.01,0.06,0.0,0.19,0.06,0.02,0.07,0.1,0.02,0.24,0.0,0.06,0.0,0.0,0.09,0.0,0.01,1.4,0.0,0.0,0.01
"1923-12-01 00:00:00",0.0,0.01,0.06,0.01,0.02,0.01,0.05,0.07,0.0,0.27,0.0,0.01,0.1,0.0,0.39,0.29,0.0,0.05,0.0,0.1,0.01,0.1,0.07,0.01,0.99,0.0,0.04,0.0,0.04,0.02,0.05,0.06,0.24,0.0,0.01,0.06,0.01,0.02,0.0,0.01,1.9,0.0,0.0,0.0
"1924-01-01 00:00:00",0.01,0.0,0.04,0.01,0.09,0.0,0.01,0.04,0.0,0.29,0.01,0.01,0.06,0.01,0.43,0.34,0.0,0.04,0.0,0.11,0.01,0.15,0.04,0.0,0.81,0.0,0.03,0.0,0.0,0.04,0.03,0.01,0.16,0.0,0.01,0.04,0.0,0.02,0.0,0.0,2.0,0.0,0.0,0.0
"1924-02-01 00:00:00",0.01,0.04,0.06,0.0,0.1,0.02,0.02,0.06,0.02,0.25,0.0,0.04,0.05,0.01,0.25,0.36,0.0,0.0,0.0,0.11,0.01,0.08,0.06,0.0,0.43,0.0,0.02,0.0,0.01,0.04,0.04,0.01,0.14,0.0,0.0,0.05,0.0,0.02,0.0,0.04,1.41,0.0,0.0,0.0
"1924-03-01 00:00:00",0.02,0.01,0.01,0.01,0.03,0.04,0.0,0.03,0.0,0.21,0.0,0.01,0.05,0.0,0.26,0.34,0.0,0.04,0.01,0.04,0.01,0.12,0.05,0.01,0.18,0.0,0.01,0.0,0.01,0.05,0.07,0.0,0.17,0.0,0.01,0.02,0.0,0.03,0.0,0.0,1.05,0.0,0.0,0.01
"1924-04-01 00:00:00",0.02,0.05,0.16,0.04,0.05,0.02,0.0,0.04,0.0,0.39,0.03,0.07,0.07,0.02,0.39,0.37,0.0,0.03,0.0,0.12,0.01,0.14,0.18,0.01,0.13,0.0,0.05,0.0,0.01,0.04,0.05,0.01,0.16,0.0,0.02,0.02,0.0,0.02,0.0,0.02,1.45,0.0,0.0,0.01
"1924-05-01 00:00:00",0.05,0.02,0.08,0.01,0.02,0.07,0.0,0.04,0.0,0.38,0.0,0.02,0.1,0.01,0.4,0.26,0.0,0.03,0.0,0.13,0.02,0.16,0.15,0.0,0.13,0.0,0.03,0.0,0.02,0.02,0.07,0.01,0.25,0.0,0.03,0.01,0.0,0.07,0.0,0.0,1.26,0.01,0.0,0.03
"1924-06-01 00:00:00",0.0,0.02,0.01,0.0,0.03,0.01,0.0,0.03,0.0,0.26,0.0,0.01,0.05,0.0,0.38,0.25,0.0,0.01,0.0,0.04,0.0,0.1,0.09,0.0,0.04,0.0,0.0,0.0,0.0,0.05,0.01,0.01,0.1,0.0,0.0,0.05,0.0,0.03,0.0,0.0,1.1,0.01,0.0,0.0
"1924-07-01 00:00:00",0.35,0.01,0.18,0.51,0.05,0.0,0.01,0.05,0.0,0.56,0.0,0.07,0.06,0.0,0.64,0.72,0.0,0.01,0.0,0.07,0.01,0.25,0.1,0.0,0.16,0.0,0.02,0.0,0.02,0.02,0.04,0.04,0.13,0.0,0.01,0.04,0.0,0.02,0.0,0.01,1.91,0.0,0.01,0.06
"1924-08-01 00:00:00",0.01,0.03,0.24,0.03,0.05,0.03,0.01,0.17,0.01,0.64,0.05,0.05,0.09,0.0,0.75,0.83,0.0,0.05,0.0,0.13,0.0,0.21,0.16,0.01,0.1,0.0,0.01,0.0,0.01,0.06,0.02,0.02,0.33,0.0,0.01,0.06,0.01,0.12,0.0,0.01,2.11,0.0,0.0,0.02
"1924-09-01 00:00:00",0.04,0.04,0.14,0.07,0.05,0.1,0.02,0.81,0.02,0.72,0.06,0.04,0.13,0.0,1.04,1.06,0.0,0.07,0.0,0.12,0.0,0.4,0.7,0.0,0.08,0.0,0.07,0.04,0.02,0.04,0.1,0.02,0.54,0.0,0.13,0.11,0.0,0.14,0.0,0.01,2.48,0.0,0.0,0.04
"1924-10-01 00:00:00",0.01,0.06,0.14,0.03,0.05,0.0,0.0,0.47,0.0,0.4,0.02,0.05,0.05,0.01,0.46,0.6,0.0,0.03,0.0,0.09,0.02,0.16,0.38,0.0,0.07,0.0,0.03,0.03,0.0,0.03,0.05,0.01,0.3,0.0,0.07,0.05,0.0,0.16,0.01,0.0,1.68,0.02,0.0,0.07
"1924-11-01 00:00:00",0.01,0.04,0.09,0.03,0.07,0.02,0.02,0.22,0.0,0.35,0.01,0.17,0.11,0.01,0.49,0.56,0.0,0.06,0.0,0.13,0.02,0.21,0.24,0.0,0.11,0.0,0.04,0.0,0.06,0.07,0.02,0.02,0.29,0.0,0.0,0.07,0.02,0.06,0.0,0.0,1.56,0.0,0.0,0.02
"1924-12-01 00:00:00",0.01,0.05,0.08,0.02,0.06,0.02,0.03,0.07,0.0,0.5,0.0,0.1,0.09,0.0,0.5,0.53,0.0,0.02,0.0,0.06,0.0,0.24,0.24,0.02,0.0,0.0,0.07,0.01,0.01,0.08,0.05,0.01,0.24,0.0,0.06,0.03,0.0,0.07,0.01,0.0,1.5,0.01,0.0,0.01
"1925-01-01 00:00:00",0.04,0.04,0.1,0.03,0.06,0.03,0.04,0.18,0.0,0.43,0.01,0.03,0.1,0.01,0.55,0.49,0.0,0.03,0.0,0.11,0.0,0.26,0.23,0.0,0.06,0.0,0.03,0.02,0.01,0.06,0.06,0.04,0.21,0.0,0.04,0.08,0.0,0.04,0.0,0.0,1.26,0.0,0.0,0.01
"1925-02-01 00:00:00",0.04,0.04,0.09,0.01,0.05,0.04,0.0,0.07,0.0,0.47,0.0,0.0,0.15,0.0,0.59,0.46,0.0,0.02,0.0,0.06,0.01,0.15,0.14,0.0,0.02,0.0,0.05,0.01,0.0,0.02,0.04,0.0,0.21,0.0,0.04,0.05,0.0,0.13,0.0,0.0,1.33,0.0,0.01,0.0
"1925-03-01 00:00:00",0.01,0.03,0.16,0.02,0.05,0.02,0.03,0.14,0.0,0.56,0.01,0.03,0.07,0.02,0.57,0.63,0.0,0.02,0.0,0.12,0.0,0.16,0.2,0.0,0.05,0.0,0.03,0.01,0.05,0.01,0.28,0.0,0.33,0.0,0.03,0.02,0.0,0.09,0.0,0.0,1.26,0.0,0.0,0.0
"1925-04-01 00:00:00",0.03,0.03,0.05,0.04,0.05,0.04,0.05,0.04,0.0,0.49,0.04,0.01,0.15,0.03,0.59,0.54,0.0,0.09,0.0,0.05,0.01,0.22,0.08,0.01,0.02,0.0,0.07,0.01,0.04,0.03,0.08,0.07,0.35,0.0,0.03,0.02,0.0,0.14,0.0,0.0,1.69,0.02,0.0,0.03
"1925-05-01 00:00:00",0.0,0.02,0.07,0.01,0.07,0.04,0.01,0.02,0.0,0.37,0.02,0.01,0.26,0.01,0.71,0.44,0.0,0.02,0.0,0.03,0.0,0.2,0.12,0.0,0.04,0.0,0.02,0.0,0.0,0.03,0.04,0.01,0.21,0.0,0.0,0.01,0.0,0.1,0.0,0.0,1.44,0.0,0.0,0.01
"1925-06-01 00:00:00",0.04,0.04,0.06,0.02,0.02,0.05,0.02,0.29,0.01,0.31,0.0,0.02,0.49,0.0,0.83,0.58,0.02,0.01,0.0,0.07,0.0,0.19,0.21,0.04,0.11,0.02,0.01,0.01,0.01,0.01,0.08,0.01,0.31,0.0,0.0,0.05,0.01,0.05,0.01,0.0,1.71,0.0,0.0,0.0
"1925-07-01 00:00:00",0.01,0.02,0.11,0.0,0.06,0.02,0.01,0.26,0.0,0.4,0.04,0.04,0.38,0.01,0.96,0.53,0.01,0.02,0.0,0.05,0.0,0.16,0.19,0.02,0.06,0.0,0.01,0.01,0.0,0.05,0.14,0.02,0.27,0.0,0.01,0.07,0.0,0.07,0.0,0.02,1.72,0.0,0.0,0.0
"1925-08-01 00:00:00",0.03,0.01,0.16,0.01,0.04,0.01,0.03,0.25,0.01,0.49,0.02,0.06,0.35,0.03,0.93,0.49,0.0,0.03,0.0,0.09,0.03,0.13,0.12,0.0,0.03,0.01,0.03,0.02,0.02,0.01,0.11,0.0,0.2,0.0,0.04,0.04,0.02,0.13,0.0,0.0,1.68,0.01,0.01,0.0
"1925-09-01 00:00:00",0.01,0.0,0.13,0.01,0.05,0.07,0.02,0.22,0.01,0.43,0.02,0.0,0.33,0.0,0.79,0.6,0.0,0.04,0.0,0.15,0.02,0.18,0.13,0.0,0.05,0.01,0.02,0.01,0.01,0.02,0.08,0.01,0.18,0.0,0.02,0.02,0.0,0.16,0.0,0.0,1.51,0.0,0.0,0.0
"1925-10-01 00:00:00",0.01,0.03,0.16,0.0,0.09,0.14,0.01,0.16,0.0,0.56,0.02,0.05,0.13,0.02,0.87,0.85,0.0,0.01,0.0,0.13,0.0,0.32,0.09,0.0,0.03,0.0,0.02,0.0,0.0,0.05,0.24,0.0,0.3,0.0,0.03,0.07,0.0,0.1,0.0,0.0,1.89,0.0,0.0,0.01
"1925-11-01 00:00:00",0.01,0.03,0.05,0.02,0.02,0.01,0.0,0.14,0.0,0.28,0.02,0.05,0.04,0.0,0.6,0.43,0.0,0.0,0.0,0.04,0.01,0.23,0.08,0.0,0.03,0.0,0.04,0.0,0.0,0.0,0.1,0.0,0.18,0.0,0.0,0.01,0.01,0.05,0.0,0.02,1.2,0.0,0.0,0.02
"1925-12-01 00:00:00",0.01,0.02,0.04,0.04,0.02,0.01,0.02,0.11,0.0,0.2,0.02,0.06,0.09,0.01,0.47,0.5,0.0,0.03,0.01,0.1,0.0,0.18,0.11,0.0,0.01,0.0,0.03,0.0,0.02,0.02,0.06,0.01,0.21,0.0,0.02,0.06,0.0,0.16,0.0,0.0,1.27,0.0,0.0,0.0
"1926-01-01 00:00:00",0.0,0.01,0.02,0.0,0.02,0.03,0.02,0.09,0.01,0.25,0.03,0.0,0.03,0.0,0.26,0.3,0.0,0.08,0.0,0.02,0.0,0.17,0.09,0.01,0.03,0.0,0.05,0.01,0.02,0.04,0.05,0.01,0.16,0.0,0.0,0.01,0.0,0.08,0.01,0.0,0.83,0.0,0.0,0.01
"1926-02-01 00:00:00",0.02,0.01,0.1,0.02,0.06,0.02,0.02,0.03,0.0,0.46,0.02,0.0,0.07,0.02,0.38,0.42,0.0,0.03,0.0,0.05,0.0,0.27,0.08,0.01,0.07,0.0,0.01,0.0,0.0,0.0,0.13,0.03,0.16,0.0,0.02,0.06,0.0,0.13,0.0,0.0,1.07,0.0,0.0,0.01
"1926-03-01 00:00:00",0.0,0.01,0.03,0.04,0.04,0.03,0.01,0.23,0.0,0.32,0.0,0.02,0.07,0.0,0.31,0.29,0.0,0.02,0.0,0.07,0.02,0.11,0.13,0.0,0.09,0.0,0.03,0.01,0.01,0.0,0.07,0.01,0.17,0.0,0.01,0.01,0.01,0.04,0.0,0.0,0.93,0.0,0.0,0.01
"1926-04-01 00:00:00",0.02,0.0,0.04,0.01,0.02,0.05,0.02,0.12,0.01,0.39,0.0,0.03,0.16,0.03,0.48,0.37,0.0,0.0,0.0,0.08,0.01,0.27,0.1,0.02,0.11,0.0,0.01,0.01,0.05,0.03,0.06,0.01,0.29,0.0,0.0,0.03,0.0,0.17,0.0,0.0,1.36,0.01,0.01,0.0
"1926-05-01 00:00:00",0.07,0.02,0.13,0.03,0.06,0.1,0.02,0.17,0.0,0.46,0.01,0.06,0.32,0.05,0.85,0.79,0.01,0.09,0.0,0.1,0.0,0.3,0.15,0.0,0.07,0.0,0.05,0.06,0.02,0.06,0.37,0.08,0.24,0.0,0.03,0.05,0.0,0.03,0.0,0.02,1.83,0.0,0.0,0.01
"1926-06-01 00:00:00",0.02,0.03,0.04,0.07,0.03,0.01,0.01,0.1,0.0,0.31,0.02,0.03,0.09,0.01,0.43,0.29,0.01,0.09,0.0,0.04,0.0,0.2,0.08,0.0,0.1,0.0,0.06,0.01,0.0,0.04,0.13,0.02,0.19,0.0,0.07,0.01,0.0,0.08,0.0,0.02,1.24,0.0,0.0,0.02
"1926-07-01 00:00:00",0.02,0.01,0.09,0.0,0.03,0.03,0.0,0.1,0.0,0.24,0.06,0.0,0.08,0.01,0.35,0.3,0.0,0.01,0.0,0.07,0.0,0.18,0.06,0.0,0.14,0.0,0.03,0.0,0.01,0.0,0.13,0.0,0.14,0.0,0.01,0.01,0.01,0.03,0.0,0.0,1.22,0.01,0.0,0.01
"1926-08-01 00:00:00",0.0,0.04,0.08,0.03,0.04,0.01,0.01,0.14,0.0,0.25,0.03,0.04,0.14,0.01,0.36,0.29,0.0,0.04,0.0,0.08,0.0,0.24,0.11,0.0,0.38,0.0,0.04,0.01,0.01,0.07,0.04,0.0,0.2,0.0,0.02,0.04,0.01,0.05,0.0,0.0,1.27,0.0,0.0,0.01
"1926-09-01 00:00:00",0.01,0.01,0.11,0.05,0.01,0.04,0.0,0.37,0.01,0.4,0.01,0.03,0.16,0.03,0.49,0.56,0.0,0.01,0.0,0.13,0.0,0.2,0.15,0.01,0.25,0.0,0.03,0.03,0.01,0.02,0.14,0.03,0.23,0.0,0.06,0.01,0.0,0.05,0.0,0.0,1.52,0.0,0.0,0.01
"1926-10-01 00:00:00",0.0,0.0,0.08,0.01,0.02,0.07,0.02,0.2,0.01,0.3,0.01,0.08,0.08,0.02,0.33,0.34,0.0,0.04,0.0,0.05,0.0,0.13,0.05,0.0,0.12,0.0,0.0,0.01,0.01,0.01,0.05,0.01,0.19,0.0,0.0,0.02,0.01,0.03,0.0,0.01,1.12,0.03,0.0,0.01
"1926-11-01 00:00:00",0.01,0.04,0.03,0.03,0.04,0.0,0.02,0.18,0.01,0.25,0.01,0.01,0.09,0.01,0.34,0.32,0.0,0.01,0.04,0.12,0.0,0.26,0.11,0.0,0.22,0.0,0.06,0.02,0.0,0.03,0.05,0.0,0.17,0.0,0.02,0.03,0.0,0.09,0.0,0.0,1.17,0.0,0.0,0.01
"1926-12-01 00:00:00",0.03,0.04,0.09,0.02,0.04,0.01,0.03,0.15,0.01,0.34,0.0,0.02,0.03,0.02,0.34,0.43,0.0,0.02,0.01,0.08,0.01,0.2,0.14,0.0,0.2,0.01,0.06,0.01,0.01,0.03,0.13,0.02,0.25,0.0,0.01,0.01,0.01,0.05,0.0,0.0,1.32,0.01,0.0,0.03
"1927-01-01 00:00:00",0.04,0.01,0.07,0.03,0.07,0.02,0.06,0.44,0.03,0.36,0.0,0.01,0.12,0.02,0.42,0.69,0.0,0.03,0.0,0.25,0.0,0.29,0.23,0.0,0.94,0.0,0.03,0.0,0.02,0.06,0.12,0.01,0.51,0.0,0.01,0.03,0.0,0.09,0.0,0.03,2.24,0.01,0.0,0.01
"1927-02-01 00:00:00",0.02,0.0,0.12,0.02,0.08,0.04,0.05,0.47,0.0,0.27,0.02,0.03,0.13,0.01,0.48,0.83,0.02,0.03,0.0,0.1,0.01,0.27,0.25,0.0,0.4,0.0,0.07,0.01,0.04,0.04,0.03,0.21,0.17,0.0,0.01,0.04,0.0,0.02,0.0,0.0,1.8,0.01,0.0,0.01
"1927-03-01 00:00:00",0.01,0.01,0.07,0.02,0.03,0.06,0.01,0.62,0.02,0.41,0.0,0.07,0.11,0.02,0.69,0.87,0.0,0.06,0.0,0.12,0.0,0.4,0.3,0.0,0.45,0.0,0.05,0.0,0.0,0.08,0.08,0.0,0.44,0.0,0.04,0.05,0.0,0.07,0.0,0.0,2.12,0.02,0.0,0.03
"1927-04-01 00:00:00",0.0,0.01,0.09,0.0,0.05,0.06,0.02,0.94,0.0,0.25,0.01,0.08,0.09,0.01,0.59,0.99,0.01,0.01,0.0,0.13,0.0,0.35,0.66,0.03,0.2,0.0,0.07,0.03,0.01,0.07,0.02,0.0,0.59,0.0,0.07,0.02,0.0,0.04,0.01,0.01,1.96,0.0,0.02,0.01
"1927-05-01 00:00:00",0.02,0.0,0.03,0.01,0.02,0.01,0.01,0.33,0.0,0.22,0.0,0.04,0.03,0.0,0.35,0.44,0.0,0.01,0.0,0.07,0.0,0.08,0.17,0.0,0.12,0.0,0.04,0.0,0.01,0.03,0.09,0.0,0.29,0.0,0.01,0.01,0.0,0.03,0.0,0.0,1.2,0.0,0.0,0.01
"1927-06-01 00:00:00",0.01,0.03,0.06,0.01,0.02,0.02,0.0,0.29,0.0,0.31,0.01,0.05,0.03,0.04,0.37,0.64,0.0,0.03,0.0,0.04,0.01,0.14,0.21,0.0,0.07,0.0,0.04,0.01,0.0,0.08,0.24,0.0,0.48,0.0,0.01,0.01,0.0,0.03,0.0,0.06,1.34,0.0,0.0,0.01
"1927-07-01 00:00:00",0.0,0.06,0.02,0.02,0.06,0.06,0.0,0.19,0.02,0.34,0.03,0.05,0.06,0.02,0.27,0.49,0.0,0.07,0.0,0.09,0.02,0.17,0.22,0.01,0.07,0.0,0.03,0.01,0.0,0.06,0.08,0.0,0.27,0.0,0.03,0.01,0.01,0.03,0.01,0.03,1.19,0.01,0.0,0.01
"1927-08-01 00:00:00",0.03,0.04,0.03,0.02,0.07,0.03,0.01,0.17,0.01,0.28,0.02,0.03,0.07,0.0,0.4,0.43,0.0,0.03,0.0,0.11,0.01,0.09,0.13,0.0,0.06,0.0,0.03,0.02,0.0,0.02,0.05,0.02,0.19,0.0,0.02,0.01,0.0,0.04,0.0,0.01,1.31,0.0,0.0,0.01
"1927-09-01 00:00:00",0.02,0.03,0.05,0.0,0.07,0.06,0.05,0.09,0.01,0.35,0.01,0.01,0.04,0.08,0.4,0.35,0.0,0.04,0.0,0.08,0.01,0.12,0.05,0.0,0.09,0.0,0.07,0.05,0.01,0.01,0.1,0.0,0.22,0.0,0.04,0.0,0.0,0.04,0.0,0.01,1.08,0.0,0.0,0.01
"1927-10-01 00:00:00",0.04,0.01,0.1,0.0,0.06,0.02,0.02,0.24,0.0,0.23,0.02,0.01,0.03,0.0,0.23,0.28,0.0,0.03,0.0,0.11,0.01,0.07,0.1,0.0,0.36,0.0,0.04,0.0,0.01,0.01,0.03,0.02,0.16,0.0,0.03,0.04,0.0,0.0,0.01,0.0,1.42,0.0,0.02,0.0
"1927-11-01 00:00:00",0.02,0.01,0.05,0.01,0.04,0.01,0.0,0.17,0.01,0.36,0.0,0.03,0.09,0.0,0.43,0.46,0.0,0.05,0.0,0.0,0.02,0.2,0.11,0.0,0.17,0.0,0.05,0.0,0.0,0.02,0.17,0.01,0.29,0.0,0.02,0.03,0.0,0.06,0.0,0.02,1.52,0.01,0.0,0.01
"1927-12-01 00:00:00",0.01,0.02,0.06,0.01,0.04,0.05,0.02,0.25,0.01,0.43,0.0,0.02,0.02,0.0,0.47,0.51,0.02,0.04,0.0,0.07,0.01,0.18,0.2,0.01,0.11,0.0,0.04,0.01,0.0,0.01,0.14,0.02,0.49,0.0,0.01,0.02,0.0,0.04,0.0,0.0,1.44,0.07,0.0,0.0
"1928-01-01 00:00:00",0.05,0.02,0.03,0.04,0.06,0.01,0.03,0.09,0.03,0.32,0.01,0.03,0.07,0.0,0.49,0.46,0.0,0.02,0.0,0.1,0.01,0.13,0.16,0.0,0.2,0.0,0.04,0.02,0.02,0.02,0.11,0.0,0.16,0.0,0.01,0.05,0.0,0.01,0.0,0.0,1.58,0.01,0.0,0.03
"1928-02-01 00:00:00",0.04,0.0,0.05,0.03,0.05,0.04,0.02,0.06,0.02,0.27,0.02,0.02,0.06,0.02,0.35,0.39,0.0,0.09,0.0,0.08,0.0,0.16,0.06,0.0,0.24,0.0,0.01,0.0,0.02,0.03,0.04,0.0,0.18,0.0,0.01,0.02,0.0,0.03,0.0,0.02,1.22,0.0,0.0,0.0
"1928-03-01 00:00:00",0.04,0.04,0.03,0.03,0.02,0.03,0.01,0.14,0.02,0.42,0.02,0.15,0.17,0.03,0.47,0.55,0.0,0.07,0.01,0.13,0.04,0.22,0.14,0.02,0.09,0.0,0.06,0.03,0.04,0.03,0.07,0.03,0.19,0.0,0.03,0.01,0.01,0.04,0.0,0.01,1.39,0.02,0.02,0.02
"1928-04-01 00:00:00",0.02,0.03,0.07,0.01,0.04,0.04,0.01,0.12,0.01,0.34,0.04,0.07,0.15,0.02,0.51,0.48,0.0,0.03,0.0,0.1,0.03,0.18,0.23,0.0,0.11,0.0,0.05,0.03,0.01,0.04,0.09,0.02,0.18,0.0,0.04,0.02,0.0,0.04,0.0,0.0,1.26,0.02,0.0,0.01
"1928-05-01 00:00:00",0.05,0.03,0.09,0.03,0.02,0.01,0.01,0.58,0.02,0.24,0.03,0.06,0.1,0.0,0.41,0.51,0.0,0.04,0.0,0.06,0.0,0.14,0.56,0.05,0.06,0.0,0.04,0.02,0.01,0.05,0.04,0.0,0.12,0.0,0.01,0.0,0.01,0.03,0.0,0.0,1.38,0.01,0.01,0.03
"1928-06-01 00:00:00",0.03,0.03,0.03,0.01,0.09,0.06,0.0,0.18,0.01,0.18,0.01,0.02,0.05,0.02,0.27,0.35,0.0,0.07,0.01,0.14,0.0,0.14,0.13,0.01,0.03,0.0,0.04,0.01,0.0,0.06,0.13,0.01,0.08,0.0,0.02,0.01,0.01,0.03,0.0,0.01,1.11,0.01,0.01,0.02
"1928-07-01 00:00:00",0.01,0.02,0.04,0.0,0.06,0.0,0.01,0.14,0.02,0.31,0.03,0.09,0.13,0.03,0.39,0.29,0.0,0.01,0.0,0.13,0.0,0.14,0.15,0.01,0.15,0.0,0.01,0.01,0.01,0.03,0.1,0.05,0.18,0.0,0.03,0.0,0.01,0.03,0.0,0.0,1.19,0.0,0.0,0.02
"1928-08-01 00:00:00",0.01,0.03,0.13,0.02,0.08,0.01,0.0,0.24,0.0,0.3,0.04,0.03,0.11,0.03,0.53,0.59,0.01,0.04,0.0,0.07,0.0,0.2,0.29,0.01,0.07,0.0,0.02,0.04,0.01,0.06,0.13,0.03,0.18,0.0,0.02,0.01,0.0,0.03,0.0,0.0,1.22,0.0,0.01,0.02
"1928-09-01 00:00:00",0.06,0.02,0.07,0.02,0.05,0.02,0.02,0.09,0.01,0.34,0.02,0.03,0.06,0.02,0.41,0.45,0.0,0.02,0.0,0.1,0.01,0.14,0.1,0.01,0.07,0.0,0.05,0.02,0.01,0.03,0.06,0.0,0.13,0.0,0.01,0.02,0.0,0.04,0.0,0.01,0.98,0.02,0.0,0.0
"1928-10-01 00:00:00",0.03,0.03,0.03,0.02,0.05,0.02,0.02,0.09,0.0,0.24,0.01,0.01,0.08,0.0,0.24,0.23,0.0,0.03,0.0,0.05,0.01,0.09,0.05,0.0,0.08,0.0,0.02,0.0,0.01,0.05,0.02,0.0,0.08,0.0,0.02,0.03,0.0,0.02,0.0,0.01,0.87,0.0,0.0,0.0
"1928-11-01 00:00:00",0.05,0.03,0.05,0.01,0.04,0.02,0.03,0.05,0.02,0.29,0.02,0.04,0.07,0.02,0.35,0.32,0.0,0.07,0.01,0.03,0.0,0.12,0.07,0.02,0.02,0.0,0.02,0.01,0.02,0.05,0.06,0.03,0.15,0.0,0.02,0.02,0.02,0.04,0.01,0.0,0.97,0.01,0.01,0.0
"1928-12-01 00:00:00",0.37,0.01,0.03,0.18,0.04,0.05,0.27,0.03,0.1,0.28,0.01,0.02,0.09,0.02,0.41,0.37,0.0,0.02,0.0,0.2,0.02,0.17,0.05,0.01,0.18,0.0,0.03,0.01,0.21,0.03,0.03,0.01,0.13,0.0,0.02,0.03,0.01,0.04,0.01,0.0,1.58,0.07,0.01,0.03
"1929-01-01 00:00:00",0.04,0.03,0.07,0.04,0.04,0.04,0.03,0.05,0.02,0.34,0.02,0.04,0.08,0.02,0.4,0.48,0.0,0.04,0.0,0.19,0.02,0.13,0.12,0.01,0.07,0.0,0.05,0.02,0.04,0.03,0.08,0.02,0.18,0.0,0.04,0.05,0.0,0.07,0.0,0.01,1.28,0.03,0.01,0.04
"1929-02-01 00:00:00",0.05,0.02,0.05,0.03,0.04,0.03,0.04,0.28,0.02,0.2,0.06,0.05,0.09,0.02,0.48,0.51,0.0,0.05,0.0,0.16,0.0,0.17,0.26,0.02,0.11,0.0,0.07,0.01,0.04,0.08,0.06,0.02,0.11,0.0,0.04,0.01,0.0,0.02,0.0,0.0,1.45,0.03,0.01,0.01
"1929-03-01 00:00:00",0.02,0.0,0.03,0.03,0.03,0.01,0.03,0.26,0.02,0.2,0.02,0.03,0.09,0.0,0.29,0.32,0.0,0.02,0.0,0.26,0.0,0.06,0.15,0.02,0.84,0.0,0.03,0.0,0.03,0.04,0.02,0.0,0.12,0.0,0.0,0.01,0.01,0.03,0.0,0.0,1.59,0.03,0.0,0.01
"1929-04-01 00:00:00",0.04,0.02,0.04,0.03,0.05,0.02,0.03,0.17,0.04,0.32,0.02,0.04,0.04,0.0,0.37,0.41,0.0,0.02,0.01,0.18,0.0,0.15,0.14,0.02,0.57,0.0,0.06,0.01,0.03,0.05,0.03,0.01,0.15,0.0,0.03,0.02,0.0,0.02,0.0,0.0,1.55,0.03,0.01,0.01
"1929-05-01 00:00:00",0.02,0.03,0.05,0.01,0.1,0.01,0.02,0.25,0.01,0.31,0.03,0.01,0.07,0.01,0.32,0.37,0.0,0.07,0.0,0.1,0.0,0.12,0.1,0.0,0.28,0.0,0.06,0.03,0.05,0.06,0.06,0.01,0.16,0.0,0.04,0.0,0.0,0.07,0.0,0.02,1.3,0.01,0.0,0.01
"1929-06-01 00:00:00",0.02,0.01,0.06,0.01,0.06,0.03,0.01,0.09,0.03,0.2,0.02,0.02,0.07,0.02,0.31,0.3,0.0,0.05,0.0,0.05,0.01,0.13,0.07,0.0,0.08,0.0,0.07,0.01,0.02,0.03,0.04,0.02,0.09,0.0,0.02,0.01,0.0,0.04,0.0,0.0,0.97,0.05,0.01,0.03
"1929-07-01 00:00:00",0.05,0.05,0.09,0.03,0.08,0.07,0.04,1.06,0.05,0.48,0.06,0.1,0.1,0.03,0.72,0.82,0.0,0.06,0.01,0.09,0.0,0.28,0.72,0.02,0.16,0.0,0.12,0.07,0.07,0.07,0.08,0.05,1.07,0.0,0.07,0.02,0.0,0.09,0.0,0.06,1.98,0.03,0.01,0.06
"1929-08-01 00:00:00",0.01,0.01,0.14,0.0,0.07,0.06,0.0,0.42,0.02,0.47,0.02,0.11,0.09,0.03,0.47,0.6,0.0,0.02,0.0,0.1,0.1,0.27,0.31,0.01,0.07,0.0,0.08,0.01,0.03,0.07,0.06,0.01,0.41,0.0,0.0,0.02,0.0,0.05,0.0,0.01,1.46,0.09,0.0,0.05
"1929-09-01 00:00:00",0.04,0.0,0.08,0.03,0.05,0.04,0.02,0.33,0.01,0.36,0.04,0.04,0.03,0.02,0.31,0.5,0.0,0.04,0.01,0.02,0.07,0.13,0.22,0.0,0.04,0.0,0.07,0.04,0.03,0.02,0.08,0.01,0.34,0.0,0.01,0.03,0.0,0.08,0.0,0.0,1.14,0.02,0.0,0.03
"1929-10-01 00:00:00",0.02,0.02,0.04,0.0,0.09,0.02,0.03,0.18,0.01,0.18,0.01,0.04,0.01,0.03,0.31,0.47,0.0,0.01,0.0,0.14,0.01,0.13,0.13,0.0,0.04,0.0,0.02,0.01,0.01,0.04,0.01,0.0,0.22,0.0,0.02,0.02,0.0,0.02,0.0,0.0,1.16,0.0,0.0,0.04
"1929-11-01 00:00:00",0.03,0.03,0.05,0.03,0.06,0.01,0.01,0.38,0.0,0.31,0.0,0.02,0.02,0.02,0.34,0.45,0.0,0.04,0.0,0.06,0.0,0.21,0.26,0.01,0.04,0.0,0.04,0.0,0.0,0.04,0.04,0.0,0.35,0.0,0.01,0.04,0.0,0.04,0.0,0.0,1.19,0.0,0.0,0.04
"1929-12-01 00:00:00",0.0,0.02,0.03,0.02,0.06,0.02,0.0,0.49,0.01,0.33,0.02,0.03,0.03,0.02,0.47,0.53,0.01,0.03,0.0,0.11,0.01,0.25,0.33,0.0,0.1,0.0,0.04,0.0,0.02,0.09,0.03,0.0,0.49,0.0,0.02,0.02,0.0,0.02,0.0,0.0,1.28,0.01,0.0,0.04
"1930-01-01 00:00:00",0.02,0.01,0.06,0.04,0.05,0.04,0.01,0.14,0.01,0.33,0.0,0.04,0.07,0.0,0.57,0.6,0.0,0.11,0.0,0.03,0.0,0.3,0.2,0.0,0.07,0.0,0.07,0.0,0.0,0.04,0.01,0.0,0.15,0.0,0.01,0.0,0.01,0.01,0.0,0.0,1.19,0.0,0.0,0.01
"1930-02-01 00:00:00",0.0,0.01,0.02,0.0,0.04,0.01,0.01,0.21,0.01,0.21,0.01,0.03,0.11,0.02,0.54,0.51,0.0,0.03,0.0,0.1,0.0,0.24,0.23,0.0,0.05,0.0,0.03,0.0,0.04,0.05,0.05,0.01,0.15,0.0,0.01,0.01,0.0,0.03,0.0,0.03,1.19,0.0,0.02,0.04
"1930-03-01 00:00:00",0.02,0.02,0.05,0.01,0.07,0.06,0.0,0.2,0.02,0.29,0.02,0.05,0.12,0.02,0.69,0.81,0.0,0.04,0.0,0.1,0.01,0.37,0.28,0.01,0.02,0.0,0.03,0.02,0.0,0.06,0.02,0.01,0.25,0.0,0.02,0.02,0.0,0.07,0.0,0.01,1.47,0.01,0.01,0.03
"1930-04-01 00:00:00",0.04,0.02,0.06,0.02,0.04,0.03,0.01,0.16,0.01,0.24,0.03,0.04,0.05,0.01,0.39,0.67,0.01,0.03,0.02,0.21,0.02,0.16,0.18,0.01,0.05,0.0,0.02,0.02,0.02,0.02,0.11,0.01,0.16,0.0,0.04,0.02,0.0,0.05,0.0,0.01,1.29,0.02,0.02,0.02
"1930-05-01 00:00:00",0.04,0.03,0.04,0.03,0.06,0.03,0.02,0.24,0.01,0.25,0.03,0.01,0.05,0.01,0.31,0.56,0.0,0.02,0.0,0.19,0.02,0.22,0.25,0.02,0.03,0.0,0.04,0.01,0.02,0.09,0.07,0.01,0.06,0.0,0.04,0.01,0.01,0.02,0.0,0.01,1.21,0.01,0.01,0.02
"1930-06-01 00:00:00",0.11,0.02,0.07,0.06,0.04,0.02,0.04,0.47,0.01,0.22,0.03,0.03,0.07,0.01,0.32,0.58,0.0,0.02,0.01,0.24,0.0,0.12,0.24,0.04,0.03,0.0,0.07,0.05,0.06,0.02,0.03,0.02,0.2,0.0,0.03,0.0,0.0,0.03,0.0,0.02,1.38,0.01,0.05,0.02
"1930-07-01 00:00:00",0.01,0.02,0.06,0.03,0.02,0.03,0.02,0.19,0.03,0.28,0.02,0.1,0.08,0.03,0.43,0.72,0.0,0.05,0.0,0.13,0.0,0.26,0.33,0.01,0.05,0.0,0.03,0.04,0.03,0.02,0.04,0.01,0.22,0.0,0.02,0.01,0.02,0.09,0.0,0.0,1.35,0.01,0.01,0.02
"1930-08-01 00:00:00",0.14,0.04,0.14,0.05,0.06,0.05,0.06,0.36,0.01,0.41,0.03,0.01,0.06,0.06,0.44,0.62,0.0,0.08,0.0,0.26,0.01,0.19,0.2,0.02,0.07,0.0,0.06,0.03,0.14,0.02,0.08,0.04,0.24,0.0,0.05,0.02,0.0,0.08,0.0,0.01,1.42,0.04,0.02,0.03
"1930-09-01 00:00:00",0.23,0.04,0.07,0.09,0.08,0.07,0.08,0.3,0.02,0.33,0.03,0.02,0.03,0.06,0.49,0.42,0.0,0.08,0.0,0.15,0.0,0.28,0.15,0.01,0.04,0.0,0.08,0.07,0.16,0.01,0.11,0.02,0.28,0.0,0.04,0.01,0.0,0.02,0.0,0.01,1.55,0.01,0.02,0.02
"1930-10-01 00:00:00",0.31,0.03,0.05,0.97,0.08,0.02,0.04,0.12,0.03,0.36,0.03,0.01,0.13,0.05,0.45,0.59,0.01,0.07,0.0,0.04,0.01,0.2,0.06,0.0,0.11,0.02,0.06,0.03,0.13,0.01,0.12,0.05,0.24,0.0,0.02,0.02,0.0,0.05,0.03,0.03,2.18,0.04,0.0,0.01
"1930-11-01 00:00:00",0.04,0.03,0.06,0.14,0.06,0.08,0.02,0.14,0.01,0.43,0.01,0.01,0.2,0.03,0.52,0.5,0.0,0.07,0.0,0.11,0.0,0.27,0.15,0.0,0.09,0.01,0.14,0.01,0.05,0.03,0.14,0.06,0.33,0.0,0.03,0.02,0.0,0.1,0.01,0.04,1.41,0.0,0.01,0.0
"1930-12-01 00:00:00",0.04,0.02,0.06,0.04,0.05,0.0,0.03,0.14,0.0,0.28,0.01,0.0,0.18,0.02,0.38,0.45,0.0,0.02,0.0,0.14,0.01,0.16,0.07,0.0,0.06,0.0,0.04,0.03,0.02,0.03,0.06,0.05,0.13,0.0,0.01,0.02,0.01,0.05,0.0,0.01,1.33,0.0,0.0,0.02
"1931-01-01 00:00:00",0.04,0.0,0.03,0.04,0.07,0.03,0.02,0.06,0.02,0.32,0.01,0.02,0.1,0.0,0.31,0.41,0.0,0.0,0.0,0.1,0.01,0.18,0.05,0.0,0.04,0.0,0.02,0.01,0.04,0.03,0.04,0.0,0.22,0.0,0.01,0.0,0.0,0.05,0.0,0.02,1.19,0.01,0.01,0.01
"1931-02-01 00:00:00",0.06,0.05,0.08,0.09,0.07,0.03,0.04,0.04,0.02,0.38,0.03,0.0,0.07,0.02,0.35,0.48,0.0,0.03,0.0,0.12,0.01,0.18,0.07,0.01,0.11,0.0,0.01,0.02,0.12,0.01,0.05,0.01,0.18,0.0,0.01,0.04,0.0,0.06,0.0,0.0,1.15,0.0,0.0,0.04
"1931-03-01 00:00:00",0.04,0.04,0.07,0.06,0.03,0.05,0.02,0.06,0.02,0.38,0.02,0.01,0.06,0.03,0.41,0.46,0.0,0.05,0.0,0.11,0.0,0.2,0.05,0.01,0.03,0.0,0.05,0.01,0.14,0.04,0.06,0.01,0.22,0.0,0.02,0.02,0.01,0.05,0.0,0.0,1.31,0.03,0.02,0.01
"1931-04-01 00:00:00",0.04,0.01,0.07,0.01,0.05,0.03,0.01,0.1,0.02,0.31,0.0,0.01,0.23,0.01,0.32,0.41,0.0,0.02,0.0,0.06,0.0,0.13,0.05,0.0,0.04,0.0,0.05,0.01,0.08,0.04,0.06,0.27,0.13,0.0,0.03,0.0,0.01,0.04,0.02,0.02,1.31,0.02,0.0,0.01
"1931-05-01 00:00:00",0.02,0.03,0.11,0.02,0.07,0.03,0.02,0.28,0.01,0.37,0.03,0.04,0.14,0.01,0.47,0.44,0.0,0.04,0.0,0.11,0.0,0.24,0.07,0.0,0.05,0.0,0.02,0.02,0.02,0.03,0.11,0.05,0.27,0.0,0.05,0.02,0.0,0.06,0.0,0.0,1.55,0.01,0.0,0.02
"1931-06-01 00:00:00",0.03,0.01,0.04,0.0,0.06,0.01,0.02,0.2,0.01,0.36,0.01,0.01,0.1,0.01,0.3,0.28,0.0,0.04,0.0,0.15,0.01,0.16,0.11,0.0,0.04,0.0,0.02,0.01,0.05,0.01,0.03,0.01,0.17,0.0,0.0,0.0,0.0,0.01,0.0,0.0,1.14,0.01,0.0,0.01
"1931-07-01 00:00:00",0.05,0.0,0.08,0.03,0.03,0.03,0.06,0.09,0.0,0.35,0.0,0.03,0.12,0.01,0.43,0.37,0.0,0.03,0.0,0.08,0.02,0.22,0.07,0.01,0.05,0.0,0.04,0.0,0.02,0.04,0.06,0.01,0.14,0.0,0.02,0.03,0.0,0.01,0.0,0.0,1.27,0.0,0.0,0.01
"1931-08-01 00:00:00",0.03,0.01,0.04,0.03,0.05,0.04,0.02,0.11,0.01,0.31,0.01,0.01,0.14,0.01,0.29,0.3,0.0,0.05,0.0,0.13,0.02,0.16,0.06,0.02,0.05,0.0,0.05,0.02,0.02,0.01,0.05,0.03,0.17,0.0,0.02,0.02,0.0,0.03,0.0,0.0,1.45,0.01,0.0,0.0
"1931-09-01 00:00:00",0.06,0.02,0.03,0.02,0.04,0.06,0.12,0.48,0.03,0.35,0.01,0.0,0.08,0.0,0.31,0.41,0.0,0.05,0.0,0.08,0.01,0.17,0.48,0.09,0.12,0.0,0.03,0.01,0.04,0.03,0.04,0.02,0.34,0.0,0.02,0.01,0.0,0.03,0.0,0.01,1.52,0.0,0.0,0.0
"1931-10-01 00:00:00",0.07,0.03,0.07,0.03,0.05,0.03,0.03,0.82,0.02,0.41,0.03,0.03,0.14,0.01,0.61,0.52,0.0,0.05,0.0,0.08,0.01,0.22,0.84,0.15,0.07,0.01,0.04,0.02,0.03,0.01,0.07,0.03,0.42,0.0,0.01,0.02,0.0,0.03,0.0,0.0,1.72,0.01,0.01,0.0
"1931-11-01 00:00:00",0.08,0.04,0.08,0.03,0.04,0.07,0.01,1.4,0.03,0.41,0.02,0.03,0.08,0.02,0.91,0.82,0.01,0.03,0.0,0.21,0.0,0.37,1.45,0.14,0.1,0.0,0.04,0.03,0.03,0.04,0.14,0.05,0.68,0.0,0.03,0.03,0.01,0.07,0.02,0.0,2.39,0.02,0.03,0.03
"1931-12-01 00:00:00",0.03,0.04,0.06,0.03,0.04,0.09,0.07,0.69,0.05,0.44,0.04,0.03,0.07,0.03,0.64,0.64,0.0,0.06,0.0,0.24,0.01,0.21,0.73,0.1,0.07,0.0,0.08,0.02,0.04,0.06,0.07,0.03,0.2,0.0,0.03,0.03,0.0,0.05,0.0,0.0,1.59,0.02,0.03,0.04
"1932-01-01 00:00:00",0.06,0.01,0.06,0.02,0.05,0.07,0.02,1.09,0.01,0.38,0.02,0.01,0.16,0.02,0.71,0.92,0.01,0.0,0.02,0.13,0.01,0.37,1.18,0.06,0.01,0.01,0.04,0.03,0.01,0.18,0.06,0.05,0.33,0.0,0.01,0.02,0.01,0.05,0.0,0.0,2.13,0.01,0.02,0.01
"1932-02-01 00:00:00",0.08,0.05,0.1,0.05,0.1,0.11,0.0,2.69,0.02,0.71,0.03,0.04,0.1,0.03,1.26,1.73,0.01,0.05,0.02,0.14,0.01,0.57,2.92,0.11,0.06,0.0,0.07,0.06,0.02,0.21,0.07,0.05,0.69,0.0,0.05,0.1,0.0,0.13,0.0,0.0,3.85,0.0,0.07,0.03
"1932-03-01 00:00:00",0.03,0.02,0.07,0.04,0.02,0.1,0.02,1.22,0.03,0.32,0.04,0.0,0.07,0.13,0.41,0.67,0.0,0.03,0.0,0.05,0.0,0.17,1.35,0.08,0.1,0.0,0.03,0.03,0.02,0.03,0.05,0.03,0.43,0.0,0.06,0.03,0.0,0.03,0.02,0.01,2.19,0.01,0.01,0.03
"1932-04-01 00:00:00",0.06,0.02,0.04,0.01,0.03,0.01,0.06,0.56,0.01,0.39,0.0,0.01,0.01,0.02,0.4,0.49,0.0,0.0,0.0,0.07,0.0,0.11,0.63,0.09,0.12,0.0,0.03,0.01,0.02,0.05,0.01,0.0,0.41,0.0,0.0,0.03,0.0,0.05,0.01,0.01,1.74,0.02,0.0,0.02
"1932-05-01 00:00:00",0.03,0.04,0.04,0.04,0.03,0.03,0.04,0.54,0.02,0.28,0.0,0.01,0.11,0.0,0.27,0.29,0.0,0.04,0.0,0.05,0.0,0.15,0.68,0.05,0.08,0.0,0.02,0.0,0.04,0.08,0.05,0.02,0.4,0.0,0.02,0.03,0.01,0.02,0.01,0.0,1.49,0.0,0.0,0.04
"1932-06-01 00:00:00",0.06,0.02,0.02,0.02,0.05,0.04,0.18,0.21,0.0,0.29,0.01,0.01,0.05,0.01,0.42,0.36,0.0,0.05,0.0,0.11,0.0,0.23,0.28,0.02,0.1,0.0,0.01,0.0,0.04,0.01,0.04,0.03,0.24,0.0,0.0,0.04,0.0,0.02,0.0,0.0,1.32,0.0,0.01,0.0
"1932-07-01 00:00:00",0.21,0.02,0.13,0.34,0.06,0.09,0.24,0.26,0.02,0.52,0.01,0.0,0.05,0.03,0.48,0.52,0.0,0.05,0.0,0.06,0.0,0.22,0.24,0.03,0.08,0.0,0.03,0.03,0.23,0.0,0.12,0.0,0.23,0.0,0.01,0.03,0.0,0.04,0.01,0.0,1.87,0.0,0.0,0.01
"1932-08-01 00:00:00",0.26,0.02,0.05,0.41,0.09,0.09,0.13,0.44,0.08,0.51,0.02,0.02,0.15,0.01,0.48,0.45,0.0,0.01,0.0,0.11,0.01,0.23,0.51,0.04,0.15,0.01,0.02,0.01,0.18,0.01,0.03,0.02,0.33,0.0,0.01,0.0,0.0,0.04,0.0,0.0,2.51,0.0,0.0,0.02
"1932-09-01 00:00:00",0.25,0.01,0.02,0.33,0.06,0.03,0.23,0.32,0.15,0.47,0.0,0.0,0.04,0.01,0.58,0.55,0.0,0.0,0.0,0.18,0.03,0.13,0.45,0.01,0.11,0.02,0.02,0.0,0.21,0.02,0.07,0.01,0.33,0.0,0.02,0.03,0.0,0.05,0.02,0.0,2.33,0.0,0.0,0.0
"1932-10-01 00:00:00",0.05,0.01,0.01,0.12,0.06,0.02,0.07,0.23,0.11,0.43,0.0,0.01,0.05,0.01,0.46,0.5,0.0,0.05,0.0,0.03,0.02,0.17,0.27,0.01,0.05,0.0,0.03,0.02,0.1,0.04,0.08,0.0,0.23,0.0,0.02,0.0,0.0,0.01,0.0,0.0,1.53,0.0,0.01,0.0
"1932-11-01 00:00:00",0.08,0.03,0.07,0.03,0.05,0.05,0.02,0.26,0.08,0.38,0.02,0.02,0.06,0.02,0.48,0.51,0.0,0.03,0.0,0.09,0.0,0.2,0.4,0.02,0.11,0.0,0.02,0.01,0.09,0.01,0.1,0.01,0.29,0.0,0.02,0.0,0.0,0.01,0.0,0.0,1.52,0.0,0.01,0.01
"1932-12-01 00:00:00",0.1,0.02,0.03,0.08,0.03,0.04,0.07,0.3,0.08,0.34,0.02,0.02,0.16,0.05,0.39,0.51,0.0,0.04,0.0,0.1,0.02,0.18,0.39,0.01,0.08,0.0,0.04,0.04,0.08,0.04,0.04,0.01,0.36,0.0,0.06,0.03,0.0,0.02,0.0,0.01,1.51,0.02,0.0,0.0
"1933-01-01 00:00:00",0.12,0.02,0.08,0.16,0.04,0.04,0.06,0.56,0.2,0.27,0.01,0.0,0.11,0.01,0.29,0.45,0.0,0.06,0.0,0.04,0.01,0.17,0.59,0.0,0.08,0.0,0.0,0.0,0.2,0.02,0.04,0.0,0.31,0.0,0.02,0.04,0.0,0.03,0.01,0.0,1.6,0.02,0.0,0.0
"1933-02-01 00:00:00",0.18,0.01,0.07,0.29,0.05,0.13,0.14,1.06,0.31,0.61,0.02,0.0,0.09,0.0,0.93,1.05,0.0,0.21,0.01,0.07,0.0,0.51,1.32,0.01,0.11,0.0,0.12,0.04,0.39,0.02,0.07,0.02,0.48,0.0,0.07,0.04,0.0,0.04,0.01,0.02,2.99,0.0,0.0,0.0
"1933-03-01 00:00:00",0.14,0.03,0.11,0.12,0.11,0.12,0.09,0.75,0.25,0.91,0.01,0.01,0.07,0.02,0.75,0.91,0.0,0.13,0.01,0.05,0.0,0.44,1.06,0.01,0.12,0.0,0.12,0.07,0.27,0.03,0.22,0.03,0.37,0.0,0.05,0.01,0.0,0.08,0.0,0.01,2.42,0.0,0.0,0.0
"1933-04-01 00:00:00",0.1,0.01,0.04,0.06,0.04,0.05,0.07,0.37,0.01,0.54,0.01,0.02,0.09,0.01,0.6,0.64,0.0,0.05,0.0,0.07,0.01,0.28,0.45,0.03,0.04,0.0,0.04,0.02,0.05,0.04,0.15,0.0,0.35,0.0,0.02,0.02,0.0,0.06,0.0,0.01,1.7,0.0,0.0,0.01
"1933-05-01 00:00:00",0.25,0.02,0.04,0.15,0.03,0.07,0.2,0.54,0.11,0.88,0.02,0.0,0.15,0.0,0.84,1.04,0.0,0.02,0.0,0.09,0.03,0.35,0.68,0.02,0.09,0.0,0.03,0.03,0.22,0.01,0.18,0.0,0.33,0.0,0.04,0.06,0.0,0.03,0.01,0.01,2.45,0.0,0.01,0.0
"1933-06-01 00:00:00",0.07,0.02,0.04,0.03,0.05,0.05,0.01,0.22,0.03,0.38,0.0,0.01,0.11,0.02,0.39,0.53,0.01,0.05,0.0,0.05,0.01,0.24,0.22,0.01,0.01,0.0,0.04,0.04,0.05,0.01,0.13,0.02,0.23,0.0,0.02,0.01,0.0,0.03,0.0,0.0,1.32,0.0,0.0,0.02
"1933-07-01 00:00:00",0.07,0.01,0.05,0.05,0.05,0.03,0.02,0.25,0.0,0.22,0.03,0.01,0.06,0.04,0.23,0.3,0.02,0.02,0.0,0.06,0.01,0.05,0.2,0.01,0.07,0.01,0.03,0.02,0.03,0.01,0.05,0.05,0.15,0.0,0.03,0.0,0.0,0.01,0.01,0.0,1.02,0.0,0.01,0.0
"1933-08-01 00:00:00",0.03,0.03,0.03,0.01,0.07,0.01,0.03,0.12,0.0,0.39,0.03,0.02,0.09,0.0,0.56,0.48,0.0,0.09,0.0,0.07,0.0,0.19,0.22,0.0,0.04,0.0,0.08,0.02,0.01,0.01,0.04,0.0,0.16,0.0,0.01,0.02,0.0,0.02,0.0,0.0,1.6,0.0,0.0,0.02
"1933-09-01 00:00:00",0.02,0.0,0.02,0.04,0.03,0.07,0.02,0.22,0.0,0.38,0.0,0.01,0.11,0.02,0.39,0.39,0.0,0.03,0.0,0.08,0.01,0.14,0.29,0.01,0.08,0.0,0.05,0.01,0.0,0.03,0.09,0.02,0.14,0.01,0.01,0.06,0.01,0.03,0.01,0.0,1.55,0.0,0.0,0.0
"1933-10-01 00:00:00",0.05,0.04,0.07,0.06,0.03,0.08,0.03,0.12,0.02,0.68,0.01,0.03,0.05,0.01,0.5,0.61,0.0,0.01,0.0,0.05,0.03,0.23,0.22,0.01,0.04,0.01,0.06,0.03,0.02,0.0,0.1,0.0,0.22,0.0,0.03,0.12,0.01,0.03,0.0,0.01,1.69,0.0,0.0,0.01
"1933-11-01 00:00:00",0.02,0.03,0.03,0.03,0.02,0.02,0.02,0.23,0.02,0.33,0.01,0.0,0.04,0.02,0.31,0.31,0.0,0.01,0.0,0.03,0.0,0.15,0.24,0.01,0.03,0.0,0.02,0.0,0.03,0.02,0.08,0.0,0.27,0.0,0.02,0.02,0.0,0.03,0.02,0.0,1.27,0.01,0.0,0.01
"1933-12-01 00:00:00",0.16,0.01,0.04,0.11,0.06,0.02,0.14,0.25,0.05,0.42,0.01,0.0,0.15,0.01,0.37,0.38,0.02,0.02,0.0,0.02,0.0,0.2,0.24,0.0,0.1,0.0,0.03,0.0,0.09,0.02,0.06,0.02,0.19,0.0,0.01,0.01,0.01,0.03,0.0,0.02,1.27,0.01,0.0,0.0
"1934-01-01 00:00:00",0.12,0.01,0.02,0.05,0.03,0.03,0.04,0.29,0.01,0.36,0.01,0.01,0.06,0.01,0.35,0.42,0.0,0.02,0.0,0.06,0.0,0.23,0.35,0.01,0.01,0.0,0.03,0.0,0.03,0.02,0.07,0.0,0.29,0.0,0.01,0.0,0.0,0.02,0.01,0.03,1.3,0.0,0.0,0.0
"1934-02-01 00:00:00",0.07,0.02,0.08,0.01,0.06,0.03,0.01,0.14,0.0,0.5,0.02,0.0,0.16,0.0,0.49,0.34,0.0,0.12,0.0,0.05,0.0,0.33,0.2,0.0,0.02,0.0,0.02,0.01,0.01,0.03,0.08,0.0,0.28,0.0,0.04,0.02,0.0,0.04,0.0,0.01,1.54,0.0,0.0,0.02
"1934-03-01 00:00:00",0.04,0.0,0.07,0.03,0.05,0.02,0.02,0.08,0.02,0.42,0.01,0.01,0.07,0.02,0.43,0.43,0.0,0.09,0.0,0.04,0.0,0.22,0.23,0.02,0.03,0.0,0.02,0.01,0.01,0.01,0.06,0.0,0.23,0.0,0.02,0.09,0.01,0.04,0.0,0.0,1.48,0.01,0.0,0.0
"1934-04-01 00:00:00",0.07,0.03,0.07,0.02,0.04,0.09,0.04,0.18,0.03,0.41,0.02,0.02,0.12,0.02,0.46,0.44,0.01,0.02,0.0,0.08,0.01,0.22,0.28,0.02,0.03,0.01,0.1,0.02,0.05,0.05,0.08,0.01,0.3,0.0,0.02,0.02,0.01,0.04,0.02,0.0,1.34,0.0,0.01,0.01
"1934-05-01 00:00:00",0.3,0.08,0.12,0.19,0.19,0.08,0.23,0.23,0.05,0.52,0.04,0.05,0.15,0.06,0.59,0.77,0.0,0.03,0.0,0.08,0.0,0.29,0.4,0.02,0.08,0.0,0.07,0.01,0.18,0.02,0.09,0.03,0.36,0.05,0.03,0.03,0.0,0.07,0.0,0.02,2.05,0.02,0.01,0.0
"1934-06-01 00:00:00",0.03,0.03,0.05,0.01,0.02,0.06,0.03,0.06,0.03,0.44,0.01,0.0,0.07,0.01,0.39,0.35,0.0,0.03,0.0,0.09,0.01,0.17,0.17,0.02,0.04,0.0,0.03,0.0,0.03,0.02,0.11,0.02,0.19,0.0,0.04,0.01,0.0,0.03,0.01,0.01,1.56,0.0,0.0,0.01
"1934-07-01 00:00:00",0.1,0.07,0.02,0.05,0.03,0.1,0.07,0.1,0.03,0.88,0.03,0.02,0.08,0.02,0.61,0.55,0.01,0.04,0.01,0.05,0.0,0.45,0.15,0.01,0.02,0.01,0.06,0.0,0.02,0.0,0.1,0.01,0.35,0.0,0.01,0.04,0.0,0.03,0.01,0.01,2.37,0.0,0.0,0.01
"1934-08-01 00:00:00",0.09,0.04,0.08,0.02,0.04,0.04,0.06,0.11,0.01,0.49,0.02,0.02,0.03,0.01,0.33,0.36,0.01,0.04,0.0,0.07,0.01,0.27,0.16,0.02,0.0,0.01,0.07,0.03,0.04,0.02,0.11,0.0,0.13,0.0,0.04,0.04,0.01,0.03,0.01,0.01,1.54,0.0,0.0,0.02
"1934-09-01 00:00:00",0.17,0.02,0.09,0.1,0.07,0.1,0.04,0.14,0.06,0.64,0.0,0.01,0.16,0.02,0.5,0.53,0.01,0.04,0.0,0.1,0.02,0.34,0.24,0.0,0.05,0.0,0.11,0.01,0.07,0.01,0.13,0.06,0.29,0.0,0.04,0.02,0.01,0.09,0.0,0.0,1.97,0.01,0.0,0.0
"1934-10-01 00:00:00",0.02,0.02,0.05,0.01,0.06,0.05,0.0,0.14,0.01,0.28,0.02,0.01,0.3,0.0,0.44,0.33,0.0,0.08,0.01,0.03,0.0,0.23,0.18,0.01,0.09,0.01,0.02,0.01,0.01,0.03,0.01,0.03,0.18,0.0,0.02,0.07,0.0,0.03,0.0,0.0,1.39,0.0,0.0,0.03
"1934-11-01 00:00:00",0.12,0.02,0.03,0.09,0.05,0.06,0.04,0.19,0.02,0.37,0.02,0.02,0.08,0.0,0.43,0.43,0.0,0.09,0.0,0.03,0.0,0.28,0.28,0.0,0.09,0.0,0.02,0.0,0.02,0.03,0.05,0.01,0.21,0.0,0.03,0.02,0.0,0.09,0.0,0.0,1.54,0.02,0.01,0.01
"1934-12-01 00:00:00",0.12,0.02,0.06,0.03,0.08,0.03,0.05,0.2,0.01,0.44,0.0,0.03,0.09,0.03,0.63,0.61,0.0,0.3,0.0,0.13,0.03,0.37,0.25,0.01,0.03,0.0,0.13,0.04,0.03,0.06,0.08,0.0,0.28,0.0,0.07,0.04,0.01,0.07,0.01,0.02,2.01,0.0,0.0,0.0
"1935-01-01 00:00:00",0.1,0.02,0.03,0.06,0.03,0.05,0.01,0.21,0.03,0.45,0.0,0.0,0.03,0.03,0.44,0.38,0.0,0.07,0.0,0.07,0.0,0.27,0.31,0.0,0.09,0.0,0.07,0.0,0.03,0.0,0.1,0.0,0.24,0.0,0.03,0.03,0.01,0.03,0.0,0.0,1.42,0.0,0.0,0.02
"1935-02-01 00:00:00",0.07,0.01,0.12,0.06,0.07,0.06,0.01,0.1,0.0,0.48,0.02,0.03,0.03,0.03,0.57,0.62,0.0,0.03,0.0,0.05,0.0,0.64,0.27,0.01,0.08,0.01,0.05,0.0,0.01,0.02,0.09,0.02,0.25,0.0,0.04,0.03,0.03,0.05,0.0,0.04,1.54,0.0,0.01,0.03
"1935-03-01 00:00:00",0.11,0.01,0.19,0.07,0.01,0.06,0.1,0.11,0.01,1.06,0.02,0.04,0.08,0.02,0.87,0.9,0.0,0.09,0.0,0.11,0.0,0.75,0.29,0.0,0.11,0.0,0.09,0.0,0.07,0.04,0.23,0.02,0.54,0.0,0.02,0.11,0.0,0.15,0.0,0.01,2.23,0.03,0.01,0.02
"1935-04-01 00:00:00",0.06,0.03,0.08,0.03,0.05,0.13,0.08,0.1,0.02,0.85,0.05,0.03,0.1,0.02,0.74,0.85,0.0,0.1,0.0,0.06,0.0,0.67,0.17,0.0,0.1,0.0,0.06,0.0,0.07,0.02,0.31,0.02,0.49,0.0,0.0,0.08,0.01,0.09,0.01,0.0,1.87,0.0,0.01,0.0
"1935-05-01 00:00:00",0.03,0.0,0.03,0.03,0.05,0.02,0.02,0.14,0.0,0.46,0.01,0.03,0.07,0.01,0.54,0.52,0.0,0.04,0.0,0.05,0.01,0.47,0.26,0.02,0.04,0.0,0.04,0.0,0.03,0.07,0.13,0.02,0.27,0.01,0.03,0.04,0.01,0.06,0.0,0.02,1.41,0.0,0.0,0.0
"1935-06-01 00:00:00",0.07,0.03,0.08,0.03,0.02,0.01,0.03,0.45,0.02,0.42,0.01,0.11,0.03,0.01,0.47,0.57,0.0,0.01,0.0,0.08,0.0,0.42,0.55,0.03,0.03,0.0,0.03,0.03,0.06,0.02,0.06,0.01,0.26,0.0,0.03,0.03,0.0,0.03,0.0,0.03,1.45,0.0,0.0,0.02
"1935-07-01 00:00:00",0.05,0.03,0.15,0.02,0.03,0.05,0.01,0.28,0.01,0.53,0.04,0.2,0.07,0.04,0.97,1.11,0.0,0.08,0.0,0.15,0.0,1.33,0.53,0.0,0.11,0.0,0.18,0.02,0.04,0.01,0.03,0.03,0.36,0.0,0.05,0.04,0.01,0.07,0.0,0.0,2.31,0.0,0.0,0.02
"1935-08-01 00:00:00",0.04,0.09,0.13,0.02,0.13,0.16,0.01,0.17,0.01,0.76,0.06,0.48,0.07,0.05,1.42,1.76,0.01,0.04,0.0,0.35,0.01,2.15,0.41,0.01,0.05,0.0,0.08,0.04,0.03,0.03,0.07,0.04,0.24,0.01,0.06,0.06,0.02,0.03,0.0,0.0,3.01,0.01,0.0,0.06
"1935-09-01 00:00:00",0.24,0.1,0.21,0.04,0.22,0.28,0.03,0.26,0.03,1.07,0.06,0.64,0.32,0.01,2.01,2.66,0.0,0.08,0.0,0.25,0.03,3.28,0.57,0.01,0.08,0.0,0.29,0.03,0.03,0.04,0.31,0.02,0.46,0.0,0.09,0.13,0.01,0.29,0.0,0.03,4.3,0.0,0.0,0.05
"1935-10-01 00:00:00",0.35,0.17,0.36,0.17,0.47,0.46,0.14,0.35,0.09,1.58,0.11,0.8,0.34,0.07,2.96,3.55,0.0,0.32,0.0,0.42,0.06,5.3,0.81,0.0,0.2,0.0,0.52,0.11,0.08,0.04,0.26,0.13,0.53,0.0,0.14,0.22,0.01,0.32,0.01,0.0,6.26,0.05,0.01,0.2
"1935-11-01 00:00:00",0.07,0.04,0.09,0.15,0.13,0.18,0.06,0.41,0.03,0.67,0.02,0.36,0.16,0.0,1.02,1.52,0.0,0.08,0.0,0.1,0.04,2.35,0.64,0.0,0.16,0.0,0.12,0.0,0.0,0.08,0.08,0.06,0.32,0.0,0.02,0.08,0.02,0.06,0.01,0.01,3.21,0.02,0.0,0.01
"1935-12-01 00:00:00",0.09,0.04,0.08,0.09,0.15,0.18,0.04,0.55,0.04,0.64,0.03,0.28,0.25,0.02,1.6,1.87,0.01,0.03,0.01,0.14,0.02,2.24,0.69,0.0,0.21,0.0,0.07,0.02,0.04,0.06,0.07,0.07,0.44,0.0,0.02,0.1,0.01,0.22,0.01,0.0,3.29,0.06,0.0,0.03
"1936-01-01 00:00:00",0.05,0.01,0.09,0.08,0.06,0.05,0.04,0.22,0.01,0.56,0.03,0.22,0.15,0.03,0.84,1.25,0.0,0.02,0.0,0.09,0.0,1.59,0.44,0.0,0.03,0.0,0.06,0.01,0.03,0.06,0.04,0.01,0.48,0.0,0.22,0.05,0.02,0.16,0.0,0.0,2.52,0.03,0.0,0.0
"1936-02-01 00:00:00",0.11,0.02,0.18,0.07,0.07,0.07,0.07,0.22,0.03,0.73,0.01,0.04,0.12,0.01,0.81,1.07,0.01,0.08,0.0,0.03,0.0,1.1,0.65,0.01,0.08,0.0,0.07,0.01,0.07,0.06,0.19,0.07,0.57,0.0,0.04,0.06,0.0,0.09,0.01,0.03,2.55,0.02,0.0,0.03
"1936-03-01 00:00:00",0.07,0.11,0.94,0.05,0.09,0.1,0.07,0.19,0.01,1.91,0.11,0.05,0.19,0.04,1.96,1.91,0.0,0.12,0.0,0.08,0.01,1.74,0.35,0.02,0.08,0.0,0.17,0.04,0.02,0.02,0.27,0.06,1.06,0.0,0.05,0.06,0.0,0.12,0.01,0.01,3.07,0.0,0.01,0.02
"1936-04-01 00:00:00",0.03,0.04,0.37,0.03,0.06,0.08,0.03,0.25,0.0,0.85,0.03,0.15,0.21,0.0,1.15,1.31,0.0,0.06,0.0,0.09,0.01,1.45,0.45,0.0,0.12,0.0,0.09,0.04,0.03,0.03,0.06,0.03,0.54,0.0,0.03,0.03,0.0,0.17,0.0,0.03,2.15,0.0,0.0,0.02
"1936-05-01 00:00:00",0.07,0.0,0.1,0.03,0.02,0.05,0.07,0.2,0.01,0.48,0.05,0.25,0.13,0.05,0.85,1.08,0.0,0.06,0.0,0.15,0.14,1.15,0.37,0.01,0.07,0.0,0.06,0.04,0.04,0.02,0.02,0.01,0.26,0.0,0.06,0.03,0.01,0.09,0.01,0.0,2.09,0.01,0.0,0.01
"1936-06-01 00:00:00",0.09,0.04,0.11,0.01,0.08,0.15,0.06,0.79,0.01,0.59,0.0,0.11,0.08,0.01,0.65,1.15,0.02,0.11,0.0,0.04,0.15,0.93,0.88,0.01,0.05,0.01,0.03,0.0,0.0,0.09,0.12,0.02,0.41,0.0,0.02,0.04,0.0,0.14,0.05,0.02,2.31,0.0,0.0,0.03
"1936-07-01 00:00:00",0.05,0.04,0.28,0.01,0.06,0.17,0.02,0.33,0.02,0.74,0.02,0.08,1.18,0.05,1.28,1.3,0.01,0.07,0.0,0.06,0.11,0.68,0.36,0.0,0.07,0.13,0.07,0.05,0.01,0.04,0.2,0.18,0.43,0.0,0.08,0.06,0.01,0.16,0.0,0.02,2.64,0.01,0.0,0.05
"1936-08-01 00:00:00",0.18,0.05,0.2,0.04,0.14,0.07,0.05,0.35,0.0,1.44,0.04,0.06,3.43,0.0,2.49,1.85,0.03,0.07,0.0,0.14,0.06,1.3,0.41,0.01,0.08,0.16,0.14,0.06,0.01,0.09,0.21,0.67,1.03,0.01,0.07,0.07,0.01,0.12,0.0,0.03,4.37,0.0,0.01,0.02
"1936-09-01 00:00:00",0.2,0.04,0.08,0.03,0.05,0.04,0.04,0.27,0.03,1.06,0.05,0.1,2.64,0.05,1.71,1.13,0.0,0.13,0.0,0.05,0.06,0.73,0.35,0.0,0.07,0.08,0.08,0.05,0.04,0.02,0.18,0.55,0.62,0.01,0.04,0.05,0.0,0.06,0.0,0.05,3.65,0.0,0.01,0.02
"1936-10-01 00:00:00",0.11,0.04,0.18,0.04,0.11,0.16,0.03,0.18,0.01,0.91,0.04,0.02,2.16,0.03,1.03,1.03,0.0,0.1,0.0,0.12,0.03,0.87,0.28,0.03,0.03,0.01,0.09,0.07,0.03,0.03,0.08,0.66,1.01,0.0,0.02,0.03,0.01,0.03,0.0,0.03,2.89,0.0,0.0,0.02
"1936-11-01 00:00:00",0.25,0.02,0.13,0.1,0.06,0.03,0.08,0.38,0.02,1.24,0.02,0.03,2.11,0.07,1.23,1.26,0.0,0.08,0.0,0.07,0.01,0.99,0.66,0.0,0.14,0.02,0.03,0.07,0.04,0.03,0.18,0.21,0.88,0.0,0.01,0.08,0.0,0.04,0.01,0.02,3.36,0.01,0.0,0.01
"1936-12-01 00:00:00",0.5,0.05,0.16,0.2,0.13,0.03,0.14,0.6,0.09,1.47,0.01,0.01,1.68,0.06,1.07,1.22,0.0,0.04,0.0,0.03,0.01,0.9,0.68,0.02,0.16,0.03,0.07,0.04,0.12,0.09,0.09,0.26,0.87,0.0,0.03,0.03,0.0,0.05,0.0,0.03,3.03,0.06,0.0,0.03
"1937-01-01 00:00:00",0.11,0.02,0.12,0.02,0.11,0.02,0.02,0.29,0.01,1.23,0.03,0.06,1.64,0.01,1.21,1.24,0.0,0.02,0.01,0.09,0.02,0.93,0.39,0.02,0.15,0.11,0.07,0.07,0.02,0.02,0.09,0.23,0.73,0.0,0.04,0.05,0.01,0.14,0.0,0.01,2.75,0.0,0.0,0.01
"1937-02-01 00:00:00",0.07,0.07,0.19,0.03,0.08,0.12,0.03,0.12,0.03,1.03,0.07,0.08,1.07,0.08,0.84,1.02,0.01,0.1,0.03,0.11,0.0,0.72,0.24,0.03,0.09,0.12,0.11,0.08,0.04,0.04,0.14,0.29,0.56,0.0,0.09,0.05,0.03,0.05,0.0,0.01,2.21,0.03,0.02,0.05
"1937-03-01 00:00:00",0.05,0.04,0.12,0.04,0.08,0.11,0.02,0.19,0.01,1.13,0.05,0.08,1.48,0.04,1.02,1.15,0.0,0.04,0.01,0.11,0.02,1.21,0.3,0.01,0.12,0.09,0.17,0.02,0.03,0.02,0.05,0.14,0.54,0.0,0.04,0.02,0.04,0.04,0.0,0.04,2.43,0.01,0.01,0.04
"1937-04-01 00:00:00",0.12,0.04,0.21,0.04,0.12,0.07,0.04,0.09,0.02,0.86,0.08,0.03,1.26,0.04,1.17,1.13,0.0,0.05,0.02,0.07,0.0,0.76,0.15,0.02,0.09,0.0,0.12,0.09,0.03,0.05,0.05,0.08,0.45,0.0,0.04,0.03,0.0,0.05,0.01,0.02,2.42,0.02,0.04,0.04
"1937-05-01 00:00:00",0.03,0.04,0.12,0.05,0.09,0.04,0.03,0.04,0.02,0.59,0.01,0.05,1.12,0.03,0.84,0.79,0.0,0.07,0.0,0.05,0.01,0.57,0.07,0.0,0.08,0.0,0.07,0.03,0.01,0.02,0.06,0.03,0.25,0.0,0.03,0.03,0.01,0.03,0.01,0.01,1.95,0.0,0.01,0.03
"1937-06-01 00:00:00",0.07,0.04,0.08,0.05,0.07,0.01,0.02,0.06,0.0,1.07,0.01,0.01,1.31,0.03,1.02,0.93,0.0,0.04,0.0,0.13,0.01,0.96,0.16,0.0,0.05,0.01,0.07,0.02,0.01,0.02,0.08,0.07,0.5,0.0,0.02,0.03,0.0,0.01,0.0,0.01,2.36,0.01,0.0,0.04
"1937-07-01 00:00:00",0.05,0.03,0.06,0.02,0.34,0.03,0.01,1.35,0.01,0.86,0.02,0.07,1.19,0.03,0.93,1.27,0.0,0.03,0.02,0.11,0.08,0.78,1.6,0.19,0.05,0.0,0.06,0.04,0.01,0.06,0.04,0.11,0.68,0.01,0.04,0.05,0.02,0.03,0.05,0.01,3.19,0.0,0.01,0.05
"1937-08-01 00:00:00",0.08,0.02,0.05,0.06,0.13,0.06,0.06,1.94,0.01,0.66,0.03,0.02,1.2,0.02,1.12,1.55,0.22,0.03,0.0,0.17,0.02,0.79,1.87,0.07,0.03,0.03,0.09,0.0,0.02,0.2,0.02,0.11,0.46,0.0,0.02,0.02,0.09,0.09,0.09,0.01,3.22,0.01,0.06,0.02
"1937-09-01 00:00:00",0.09,0.1,0.1,0.06,0.14,0.22,0.06,2.22,0.05,0.94,0.0,0.14,1.6,0.02,1.56,1.88,0.24,0.05,0.01,0.14,0.05,1.1,2.17,0.05,0.06,0.02,0.16,0.04,0.01,0.14,0.04,0.08,1.03,0.0,0.03,0.07,0.02,0.15,0.07,0.01,4.18,0.0,0.04,0.03
"1937-10-01 00:00:00",0.1,0.11,0.39,0.1,0.08,0.13,0.03,1.65,0.03,0.94,0.03,0.09,1.39,0.02,1.43,1.78,0.14,0.03,0.02,0.15,0.07,1.23,1.71,0.03,0.07,0.0,0.11,0.03,0.03,0.09,0.11,0.14,0.9,0.0,0.07,0.01,0.02,0.06,0.02,0.01,3.55,0.03,0.04,0.03
"1937-11-01 00:00:00",0.07,0.09,0.66,0.08,0.12,0.06,0.01,1.31,0.01,0.85,0.08,0.06,0.98,0.03,1.27,1.28,0.16,0.06,0.01,0.11,0.06,0.8,1.49,0.04,0.08,0.0,0.18,0.06,0.01,0.04,0.12,0.1,0.61,0.0,0.04,0.06,0.01,0.03,0.0,0.01,2.83,0.05,0.13,0.06
"1937-12-01 00:00:00",0.06,0.06,0.13,0.06,0.06,0.06,0.01,1.51,0.0,0.69,0.01,0.07,0.73,0.03,0.84,1.14,0.24,0.03,0.0,0.16,0.08,0.66,1.61,0.01,0.08,0.01,0.03,0.03,0.03,0.14,0.08,0.06,0.6,0.01,0.03,0.08,0.01,0.06,0.04,0.01,2.97,0.02,0.01,0.01
"1938-01-01 00:00:00",0.06,0.05,0.14,0.1,0.1,0.1,0.07,1.07,0.03,0.81,0.04,0.05,0.77,0.04,1.13,1.11,0.17,0.07,0.03,0.14,0.01,0.56,1.13,0.07,0.05,0.0,0.12,0.04,0.04,0.06,0.12,0.12,0.64,0.01,0.1,0.06,0.02,0.05,0.01,0.03,2.63,0.04,0.12,0.04
"1938-02-01 00:00:00",0.07,0.06,0.15,0.07,0.12,0.1,0.06,1.0,0.03,1.26,0.06,0.06,1.13,0.04,1.37,1.59,0.07,0.12,0.02,0.13,0.01,1.04,1.27,0.03,0.11,0.01,0.16,0.06,0.05,0.16,0.11,0.04,0.59,0.0,0.1,0.08,0.0,0.05,0.04,0.01,3.01,0.04,0.04,0.03
"1938-03-01 00:00:00",0.07,0.1,0.29,0.08,0.2,0.26,0.03,0.67,0.04,2.1,0.04,0.09,1.3,0.1,1.72,1.84,0.09,0.18,0.02,0.17,0.03,1.56,0.89,0.03,0.13,0.0,0.23,0.04,0.03,0.05,0.66,0.11,0.73,0.0,0.06,0.14,0.02,0.03,0.04,0.02,3.54,0.02,0.02,0.05
"1938-04-01 00:00:00",0.05,0.07,0.08,0.03,0.14,0.09,0.03,0.68,0.02,0.84,0.06,0.13,1.36,0.06,1.2,1.05,0.04,0.09,0.03,0.1,0.02,0.92,0.78,0.04,0.15,0.01,0.11,0.07,0.02,0.12,0.13,0.08,0.45,0.01,0.05,0.13,0.04,0.09,0.02,0.01,2.66,0.04,0.03,0.05
"1938-05-01 00:00:00",0.05,0.04,0.16,0.06,0.17,0.15,0.03,0.78,0.02,1.4,0.05,0.01,1.41,0.02,1.58,1.56,0.07,0.22,0.03,0.09,0.03,0.98,0.85,0.01,0.3,0.0,0.17,0.04,0.02,0.05,0.26,0.08,0.61,0.0,0.05,0.1,0.05,0.04,0.05,0.04,3.27,0.04,0.05,0.05
"1938-06-01 00:00:00",0.06,0.01,0.09,0.05,0.05,0.05,0.04,0.77,0.02,1.11,0.02,0.0,1.24,0.01,1.3,1.37,0.1,0.08,0.0,0.09,0.0,0.8,0.72,0.02,0.07,0.0,0.09,0.09,0.07,0.02,0.03,0.03,0.32,0.0,0.08,0.03,0.0,0.04,0.02,0.01,2.75,0.0,0.02,0.01
"1938-07-01 00:00:00",0.07,0.08,0.05,0.08,0.09,0.03,0.06,0.72,0.03,0.91,0.03,0.04,1.1,0.01,1.17,1.3,0.1,0.08,0.01,0.06,0.08,0.8,0.85,0.11,0.09,0.01,0.14,0.03,0.06,0.02,0.09,0.07,0.57,0.0,0.05,0.03,0.0,0.06,0.02,0.03,2.53,0.03,0.06,0.01
"1938-08-01 00:00:00",0.08,0.1,0.19,0.01,0.35,0.31,0.01,0.95,0.02,1.31,0.06,0.02,1.02,0.02,1.46,1.87,0.12,0.12,0.01,0.09,0.14,0.81,1.33,0.31,0.18,0.0,0.26,0.04,0.02,0.05,0.2,0.04,1.1,0.0,0.03,0.07,0.01,0.07,0.0,0.01,3.41,0.01,0.02,0.02
"1938-09-01 00:00:00",0.27,0.25,0.52,0.16,0.68,0.6,0.1,0.77,0.06,4.59,0.1,0.22,0.96,0.11,4.11,4.29,0.12,0.89,0.04,0.17,0.08,1.78,1.0,0.03,0.23,0.0,0.64,0.07,0.17,0.07,0.99,0.04,1.74,0.0,0.2,0.19,0.03,0.13,0.0,0.12,6.84,0.04,0.04,0.11
"1938-10-01 00:00:00",0.17,0.09,0.23,0.13,0.24,0.17,0.05,0.74,0.06,2.52,0.04,0.17,0.8,0.06,2.11,2.46,0.19,0.63,0.0,0.21,0.23,1.42,0.78,0.02,0.05,0.02,0.23,0.03,0.05,0.09,0.64,0.07,0.87,0.01,0.1,0.04,0.04,0.16,0.03,0.07,4.48,0.05,0.05,0.04
"1938-11-01 00:00:00",0.1,0.06,0.14,0.05,0.17,0.07,0.06,0.56,0.02,1.07,0.07,0.04,0.66,0.02,1.1,1.19,0.1,0.17,0.01,0.1,0.11,0.61,0.64,0.03,0.09,0.0,0.13,0.05,0.14,0.05,0.13,0.06,0.41,0.02,0.05,0.01,0.0,0.03,0.0,0.07,2.32,0.03,0.04,0.05
"1938-12-01 00:00:00",0.23,0.05,0.12,0.15,0.14,0.03,0.08,0.44,0.05,1.03,0.02,0.11,0.8,0.01,1.22,1.28,0.04,0.15,0.01,0.16,0.03,0.93,0.56,0.03,0.11,0.0,0.08,0.06,0.27,0.05,0.13,0.06,0.37,0.0,0.05,0.06,0.22,0.04,0.02,0.08,2.46,0.05,0.06,0.03
"1939-01-01 00:00:00",0.1,0.08,0.1,0.08,0.17,0.1,0.06,0.71,0.06,1.61,0.05,0.15,1.78,0.01,1.82,1.69,0.06,0.14,0.03,0.11,0.04,1.45,0.97,0.03,0.11,0.01,0.2,0.05,0.13,0.12,0.12,0.12,0.44,0.02,0.04,0.05,0.18,0.06,0.02,0.1,3.83,0.04,0.08,0.04
"1939-02-01 00:00:00",0.15,0.05,0.03,0.05,0.09,0.07,0.01,0.58,0.0,1.37,0.01,0.05,1.11,0.04,1.81,1.65,0.1,0.03,0.0,0.14,0.04,1.22,0.81,0.01,0.09,0.0,0.2,0.01,0.04,0.13,0.1,0.03,0.42,0.0,0.04,0.04,0.12,0.03,0.03,0.01,3.22,0.0,0.11,0.01
"1939-03-01 00:00:00",0.08,0.12,0.16,0.09,0.17,0.2,0.08,0.5,0.02,2.14,0.02,0.19,0.77,0.05,1.79,2.03,0.06,0.73,0.03,0.17,0.07,1.24,0.66,0.01,0.14,0.0,0.22,0.04,0.04,0.05,0.69,0.07,0.79,0.0,0.08,0.05,0.16,0.09,0.01,0.54,3.64,0.01,0.05,0.05
"1939-04-01 00:00:00",0.23,0.2,0.31,0.17,0.31,0.28,0.12,0.6,0.08,2.74,0.15,0.26,0.82,0.08,2.3,2.89,0.12,0.53,0.04,0.2,0.03,2.08,0.9,0.04,0.15,0.02,0.57,0.08,0.12,0.09,1.16,0.12,0.93,0.0,0.12,0.11,0.12,0.54,0.0,0.11,4.85,0.04,0.06,0.09
"1939-05-01 00:00:00",0.07,0.09,0.12,0.06,0.18,0.09,0.05,0.33,0.02,1.32,0.04,0.14,0.31,0.11,1.29,1.55,0.06,0.07,0.02,0.16,0.08,0.86,0.5,0.01,0.06,0.01,0.16,0.05,0.02,0.04,0.78,0.05,0.74,0.03,0.12,0.07,0.1,0.21,0.0,0.06,2.85,0.03,0.05,0.04
"1939-06-01 00:00:00",0.04,0.08,0.14,0.07,0.15,0.17,0.04,1.38,0.02,1.22,0.11,0.05,0.22,0.14,1.55,2.27,0.18,0.12,0.02,0.13,0.06,0.7,1.72,0.06,0.09,0.0,0.25,0.07,0.03,0.12,0.44,0.04,0.77,0.0,0.08,0.07,0.03,0.18,0.01,0.0,3.46,0.02,0.05,0.05
"1939-07-01 00:00:00",0.04,0.03,0.18,0.08,0.1,0.12,0.0,1.19,0.0,1.72,0.01,0.08,0.21,0.05,1.71,2.31,0.11,0.12,0.01,0.1,0.04,0.86,1.64,0.02,0.12,0.01,0.2,0.04,0.02,0.06,0.69,0.01,0.9,0.0,0.03,0.08,0.01,0.15,0.01,0.0,4.11,0.0,0.05,0.03
"1939-08-01 00:00:00",0.16,0.19,0.49,0.13,0.56,0.37,0.04,0.78,0.07,3.97,0.27,0.05,0.5,0.12,3.38,3.74,0.1,0.5,0.0,0.23,0.03,2.25,1.24,0.02,0.14,0.0,0.54,0.35,0.04,0.09,2.46,0.08,1.64,0.0,0.19,0.08,0.03,0.29,0.01,0.08,5.98,0.03,0.08,0.07
"1939-09-01 00:00:00",0.46,0.75,1.36,0.4,1.75,1.0,0.2,0.74,0.14,10.14,0.83,0.22,0.96,0.59,8.07,9.58,0.09,0.92,0.02,0.78,0.04,2.77,1.36,0.0,0.4,0.0,1.56,0.7,0.24,0.2,6.14,0.25,3.99,0.0,0.92,0.19,0.03,0.72,0.0,0.77,16.14,0.05,0.04,0.34
"1939-10-01 00:00:00",0.32,0.32,0.93,0.29,1.2,0.75,0.21,0.71,0.06,7.05,0.69,0.2,0.5,1.04,5.67,7.36,0.12,0.47,0.0,0.6,0.04,2.0,0.78,0.02,0.27,0.01,0.94,0.82,0.13,0.11,2.67,0.12,3.62,0.0,0.92,0.14,0.02,1.06,0.0,0.13,11.68,0.04,0.06,0.26
"1939-11-01 00:00:00",0.3,0.44,1.46,0.24,0.94,0.47,0.21,0.74,0.12,5.48,0.57,0.1,0.46,0.86,4.32,5.73,0.1,0.27,0.01,0.51,0.02,1.65,1.29,0.0,0.18,0.04,1.65,0.66,0.08,0.15,1.37,0.23,2.43,0.0,0.61,0.11,0.01,0.59,0.0,0.06,9.02,0.11,0.14,0.2
"1939-12-01 00:00:00",0.49,0.33,0.47,0.29,0.65,0.27,0.22,0.69,0.09,4.12,0.83,0.12,0.4,2.83,3.08,4.34,0.05,0.22,0.03,0.39,0.06,1.11,0.86,0.02,0.31,0.03,0.53,1.18,0.12,0.14,1.11,0.23,3.21,0.01,1.17,0.08,0.01,0.41,0.03,0.08,7.43,0.05,0.07,0.25
"1940-01-01 00:00:00",0.19,0.07,0.66,0.22,0.55,0.31,0.11,0.74,0.05,3.47,0.48,0.11,0.35,1.93,2.67,3.55,0.09,0.34,0.01,0.22,0.01,1.08,0.89,0.0,0.1,0.01,0.78,0.65,0.04,0.09,0.62,0.06,2.29,0.0,0.77,0.06,0.02,0.41,0.01,0.04,6.47,0.04,0.04,0.13
"1940-02-01 00:00:00",0.14,0.15,0.41,0.13,0.48,0.23,0.09,0.78,0.06,3.51,0.49,0.24,0.34,1.82,2.77,3.91,0.12,0.37,0.01,0.33,0.01,1.06,0.78,0.01,0.16,0.0,0.61,0.88,0.03,0.05,0.55,0.15,2.43,0.02,0.86,0.12,0.01,0.74,0.02,0.06,6.2,0.07,0.12,0.1
"1940-03-01 00:00:00",0.12,0.17,0.25,0.11,0.42,0.31,0.05,0.27,0.02,3.23,0.39,0.23,0.22,1.67,2.37,3.62,0.04,0.28,0.0,0.21,0.03,1.15,0.38,0.01,0.12,0.0,0.47,0.78,0.03,0.06,0.66,0.06,1.95,0.04,1.01,0.07,0.06,0.45,0.01,0.01,5.32,0.03,0.07,0.06
"1940-04-01 00:00:00",0.13,0.17,0.66,0.08,0.54,0.46,0.05,0.35,0.04,4.88,2.08,0.16,0.28,1.03,3.05,4.74,0.1,0.35,0.03,0.18,0.01,1.34,0.65,0.04,0.14,0.03,0.94,3.4,0.03,0.07,0.76,0.1,1.35,0.0,2.04,0.05,0.02,0.37,0.0,0.02,6.39,0.04,0.04,0.08
"1940-05-01 00:00:00",0.24,0.19,3.26,0.17,0.61,0.68,0.1,0.3,0.1,6.29,0.85,0.43,0.4,0.39,4.99,5.75,0.09,0.38,0.06,0.22,0.03,1.9,0.61,0.02,0.15,0.0,2.6,2.32,0.11,0.11,0.99,0.22,0.87,0.02,0.96,0.08,0.1,0.25,0.01,0.03,8.54,0.07,0.04,0.11
"1940-06-01 00:00:00",0.31,0.28,1.25,0.32,0.82,0.69,0.14,0.56,0.11,5.61,0.41,0.83,0.72,0.28,5.6,5.6,0.09,0.31,0.03,0.33,0.05,4.04,0.82,0.01,0.29,0.02,1.41,1.14,0.09,0.15,0.75,0.24,1.44,0.0,0.3,0.08,0.45,0.65,0.0,0.08,8.58,0.06,0.22,0.22
"1940-07-01 00:00:00",0.28,0.18,0.7,0.13,0.65,0.28,0.12,0.56,0.07,4.24,0.45,0.75,0.77,0.18,3.12,5.06,0.19,0.45,0.02,0.3,0.04,2.49,0.8,0.02,0.22,0.03,1.08,0.77,0.07,0.09,0.45,0.35,1.29,0.05,0.31,0.11,0.07,0.43,0.0,0.05,6.88,0.08,0.19,0.22
"1940-08-01 00:00:00",0.19,0.26,0.73,0.17,0.74,0.3,0.09,0.48,0.09,4.28,0.36,0.95,0.54,0.3,2.74,4.95,0.12,0.34,0.04,0.48,0.02,2.3,0.88,0.06,0.2,0.0,1.06,0.74,0.09,0.15,0.48,0.34,0.93,0.01,0.32,0.17,0.07,0.25,0.02,0.02,7.0,0.11,0.24,0.28
"1940-09-01 00:00:00",0.13,0.3,0.55,0.21,0.66,0.22,0.04,0.97,0.03,3.64,0.12,0.91,0.61,0.12,2.69,4.52,0.15,0.22,0.02,0.36,0.04,2.11,1.25,0.02,0.18,0.03,0.9,0.4,0.04,0.17,0.46,0.17,0.68,0.01,0.15,0.15,0.05,0.21,0.04,0.03,6.26,0.04,0.78,0.24
"1940-10-01 00:00:00",0.18,0.28,0.38,0.13,0.57,0.24,0.07,0.91,0.05,3.42,0.13,0.88,0.59,0.04,2.02,4.07,0.22,0.26,0.02,0.34,0.04,2.25,1.49,0.04,0.16,0.04,0.77,0.35,0.04,0.2,0.18,0.19,1.02,0.05,0.18,0.2,0.08,0.62,0.02,0.02,6.1,0.04,0.45,0.24
"1940-11-01 00:00:00",0.09,0.15,0.37,0.05,0.45,0.25,0.06,0.46,0.04,2.88,0.08,0.9,0.41,0.13,1.5,4.2,0.06,0.28,0.01,0.26,0.01,2.83,0.72,0.02,0.14,0.03,0.53,0.39,0.03,0.13,0.21,0.17,0.7,0.0,0.17,0.27,0.04,0.55,0.01,0.03,5.67,0.01,0.21,0.15
"1940-12-01 00:00:00",0.18,0.28,0.33,0.12,0.46,0.28,0.05,0.51,0.0,3.3,0.19,1.26,0.35,0.21,1.63,4.71,0.06,0.25,0.0,0.3,0.01,2.6,0.73,0.02,0.16,0.0,0.5,0.45,0.03,0.06,0.36,0.17,0.65,0.01,0.16,0.22,0.05,0.37,0.02,0.0,6.12,0.05,0.16,0.16
"1941-01-01 00:00:00",0.16,0.37,0.4,0.14,0.49,0.23,0.06,0.7,0.02,3.25,0.2,0.74,0.27,0.21,1.55,4.84,0.02,0.2,0.0,0.12,0.05,2.57,1.0,0.0,0.16,0.05,0.46,0.44,0.03,0.05,0.29,0.15,0.76,0.0,0.18,0.3,0.06,0.33,0.0,0.04,7.12,0.03,0.14,0.18
"1941-02-01 00:00:00",0.12,0.68,0.44,0.21,0.52,0.22,0.09,0.95,0.06,3.46,0.12,0.84,0.36,0.15,1.96,5.18,0.08,0.21,0.07,0.44,0.04,2.42,1.24,0.0,0.12,0.24,0.81,0.39,0.1,0.31,0.36,0.21,0.82,0.0,0.11,0.46,0.15,0.6,0.06,0.02,7.12,0.09,0.48,0.42
"1941-03-01 00:00:00",0.12,0.21,0.39,0.14,0.45,0.2,0.08,0.64,0.05,3.94,0.34,0.68,0.34,0.17,1.7,4.87,0.07,0.41,0.01,0.37,0.02,2.71,1.09,0.0,0.12,0.04,0.62,0.54,0.06,0.13,0.29,0.24,0.92,0.0,0.2,0.3,0.03,0.88,0.01,0.04,7.22,0.04,0.15,0.36
"1941-04-01 00:00:00",0.17,0.52,0.25,0.17,0.43,0.49,0.1,0.51,0.06,5.25,0.24,1.31,0.37,0.12,1.74,5.6,0.06,0.66,0.0,0.45,0.03,3.09,0.77,0.02,0.13,0.08,0.48,0.42,0.11,0.14,0.38,0.17,0.91,0.04,0.12,0.23,0.01,0.9,0.02,0.08,7.97,0.05,0.14,0.41
"1941-05-01 00:00:00",0.18,0.37,0.19,0.28,0.37,0.15,0.15,0.53,0.13,4.56,0.22,1.45,0.36,0.11,1.89,5.58,0.03,0.12,0.02,0.55,0.13,2.16,0.97,0.01,0.11,0.03,0.38,0.32,0.04,0.1,0.28,0.23,0.76,0.09,0.16,0.17,0.04,0.74,0.0,0.08,7.87,0.06,0.06,0.36
"1941-06-01 00:00:00",0.11,0.62,0.36,0.19,0.48,0.25,0.08,0.56,0.07,5.53,0.16,1.14,0.47,1.21,2.81,5.91,0.06,0.37,0.1,0.49,0.23,1.84,0.97,0.0,0.11,0.06,0.7,0.53,0.05,0.1,0.77,0.22,2.89,0.02,0.52,0.13,0.06,0.98,0.02,0.62,8.54,0.03,0.05,0.21
"1941-07-01 00:00:00",0.19,0.44,0.3,0.22,0.46,0.3,0.11,1.12,0.04,5.33,0.19,0.6,0.3,0.92,2.31,4.72,0.05,0.29,0.04,0.51,0.05,1.4,1.48,0.04,0.12,0.18,0.84,0.37,0.18,0.29,0.5,0.2,4.15,0.0,0.27,0.43,0.01,0.47,0.05,0.8,8.85,0.07,0.71,0.07
"1941-08-01 00:00:00",0.15,0.44,0.29,0.12,0.32,0.33,0.06,1.08,0.04,4.41,0.18,0.61,0.24,0.86,1.7,4.53,0.02,0.21,0.04,0.49,0.04,1.08,1.5,0.07,0.06,0.14,0.79,0.38,0.07,0.25,0.46,0.14,3.48,0.02,0.18,0.52,0.04,0.59,0.01,1.1,7.78,0.02,0.59,0.27
"1941-09-01 00:00:00",0.19,0.24,0.28,0.1,0.49,0.17,0.04,0.49,0.07,4.36,0.17,0.67,0.21,0.44,1.33,4.12,0.02,0.2,0.0,0.3,0.0,1.54,0.83,0.03,0.13,0.07,0.51,0.55,0.04,0.09,0.19,0.11,2.88,0.0,0.16,0.18,0.03,0.43,0.02,0.74,7.48,0.02,0.12,0.14
"1941-10-01 00:00:00",0.09,0.25,0.27,0.1,0.42,0.2,0.05,0.62,0.02,4.0,0.15,0.44,0.21,0.29,1.41,3.73,0.03,0.09,0.0,0.28,0.02,1.11,0.92,0.04,0.04,0.01,0.47,0.45,0.02,0.11,0.29,0.11,2.62,0.0,0.19,0.23,0.0,0.28,0.01,0.26,7.07,0.01,0.09,0.2
"1941-11-01 00:00:00",0.07,0.19,0.16,0.1,0.32,0.33,0.07,0.95,0.03,3.91,0.1,0.56,0.19,0.75,1.34,4.14,0.06,0.25,0.02,0.3,0.06,1.56,1.31,0.01,0.07,0.19,0.69,0.35,0.04,0.35,0.2,0.17,2.36,0.0,0.17,0.39,0.05,0.19,0.02,0.13,6.94,0.0,0.37,0.31
"1941-12-01 00:00:00",0.36,0.95,0.14,0.37,0.69,0.55,0.19,2.45,0.17,6.06,0.06,0.71,0.49,0.75,1.72,6.94,0.5,0.37,0.49,0.85,0.0,3.06,7.68,0.04,0.62,1.23,1.83,0.31,0.16,2.35,0.28,0.22,3.02,0.0,0.23,0.94,0.07,0.37,0.18,0.06,15.32,0.05,0.49,0.31
"1942-01-01 00:00:00",0.35,1.31,0.13,0.53,0.47,0.37,0.26,1.75,0.22,3.9,0.02,0.85,0.33,0.4,1.21,5.44,0.14,0.13,0.49,0.89,0.04,1.52,5.08,0.04,0.37,1.32,1.48,0.26,0.19,1.76,0.3,0.13,2.13,0.0,0.31,0.84,0.04,0.22,0.06,0.21,11.68,0.19,0.31,0.16
"1942-02-01 00:00:00",0.14,1.43,0.16,0.2,0.29,0.24,0.16,1.49,0.02,3.69,0.05,0.63,0.27,0.24,0.88,4.81,0.07,0.1,0.87,1.33,0.02,1.18,4.97,0.02,0.12,0.54,1.83,0.25,0.08,1.34,0.21,0.11,2.15,0.0,0.22,0.48,0.02,0.23,0.04,0.38,11.29,0.06,0.14,0.08
"1942-03-01 00:00:00",0.13,1.93,0.18,0.29,0.31,0.29,0.05,1.36,0.04,3.36,0.09,0.67,0.19,0.2,1.13,4.62,0.08,0.11,0.32,1.44,0.04,1.04,4.23,0.03,0.07,0.32,1.07,0.28,0.06,1.11,0.18,0.18,2.03,0.02,0.24,0.35,0.01,0.24,0.08,0.17,9.56,0.04,0.1,0.1
"1942-04-01 00:00:00",0.1,1.72,0.13,0.14,0.33,0.23,0.12,1.18,0.01,3.16,0.06,0.49,0.23,0.41,1.22,4.25,0.02,0.11,0.01,1.29,0.05,0.72,3.75,0.01,0.17,0.18,0.77,0.39,0.05,1.4,0.19,0.1,1.88,0.0,0.36,0.24,0.0,0.15,0.07,0.12,9.66,0.02,0.11,0.05
"1942-05-01 00:00:00",0.12,1.31,0.18,0.19,0.35,0.3,0.1,1.29,0.04,3.79,0.11,0.43,0.17,0.3,1.52,3.93,0.02,0.16,0.0,0.9,0.01,1.1,3.12,0.02,0.6,0.1,0.58,0.47,0.09,0.68,0.16,0.12,2.12,0.0,0.29,0.2,0.03,0.08,0.05,0.37,9.2,0.05,0.14,0.03
"1942-06-01 00:00:00",0.17,1.13,0.37,0.16,0.5,0.14,0.13,1.22,0.08,4.22,0.06,1.0,0.12,0.3,1.29,4.13,0.03,0.4,0.03,0.7,0.03,1.35,2.96,0.04,0.37,0.16,0.84,0.27,0.05,0.38,0.32,0.11,2.47,0.0,0.25,0.16,0.05,0.15,0.03,0.29,10.0,0.04,0.04,0.27
"1942-07-01 00:00:00",0.12,1.22,0.23,0.14,0.41,0.26,0.04,0.99,0.08,4.58,0.08,1.77,0.14,0.32,1.13,4.35,0.07,0.26,0.0,0.61,0.01,1.59,2.28,0.05,0.3,0.09,0.72,0.3,0.02,0.2,0.2,0.26,2.72,0.0,0.25,0.12,0.03,0.16,0.05,0.06,9.76,0.03,0.06,0.35
"1942-08-01 00:00:00",0.44,1.67,0.32,1.09,0.78,0.33,0.26,0.93,0.08,5.42,0.09,1.17,0.32,0.3,1.76,4.97,0.02,0.29,0.01,0.84,0.04,1.76,2.98,0.08,0.22,0.13,0.88,0.42,0.09,0.23,0.25,0.18,3.04,0.01,0.36,0.19,0.06,0.12,0.05,0.08,11.38,0.07,0.12,0.19
"1942-09-01 00:00:00",0.09,1.27,0.18,0.21,0.4,0.19,0.06,0.67,0.0,4.4,0.04,1.02,0.2,0.23,1.25,4.02,0.02,0.39,0.01,0.48,0.02,1.34,2.36,0.02,0.2,0.07,0.44,0.18,0.03,0.2,0.24,0.14,2.82,0.01,0.25,0.11,0.02,0.16,0.02,0.05,9.87,0.01,0.11,0.19
"1942-10-01 00:00:00",0.2,1.3,0.22,0.2,0.51,0.25,0.14,0.79,0.05,4.38,0.11,1.38,0.16,0.23,1.3,4.12,0.05,0.2,0.0,0.51,0.0,1.68,2.72,0.02,0.1,0.04,0.56,0.42,0.01,0.13,0.21,0.06,2.58,0.0,0.3,0.13,0.01,0.14,0.01,0.06,10.12,0.01,0.06,0.33
"1942-11-01 00:00:00",0.1,1.34,0.31,0.2,0.3,0.34,0.09,0.53,0.03,4.84,0.08,1.76,0.52,0.09,2.76,4.85,0.03,0.2,0.0,0.56,0.02,2.14,2.44,0.0,0.11,0.05,0.32,0.2,0.03,0.2,0.14,0.3,2.36,0.0,0.17,0.11,1.42,0.31,0.0,0.06,10.42,0.03,0.09,0.24
"1942-12-01 00:00:00",0.06,1.26,0.25,0.07,0.37,0.37,0.09,0.76,0.03,4.78,0.04,1.05,0.43,0.14,2.52,5.12,0.0,0.15,0.03,0.79,0.01,2.2,2.93,0.01,0.09,0.06,0.43,0.24,0.01,0.2,0.27,0.23,2.41,0.0,0.2,0.16,2.24,0.19,0.0,0.17,11.31,0.01,0.12,0.06
"1943-01-01 00:00:00",0.12,1.23,0.2,0.18,0.39,0.24,0.06,0.74,0.02,5.07,0.05,0.94,0.27,0.17,2.22,5.87,0.02,0.33,0.0,0.79,0.03,2.04,2.85,0.01,0.18,0.03,0.42,0.32,0.04,0.14,0.23,0.13,2.82,0.02,0.31,0.12,2.01,0.17,0.03,0.23,11.15,0.02,0.09,0.08
"1943-02-01 00:00:00",0.06,0.99,0.29,0.15,0.44,0.21,0.05,0.82,0.01,5.05,0.04,0.79,0.27,0.28,2.11,5.7,0.05,0.21,0.02,0.64,0.02,1.65,2.69,0.01,0.21,0.05,0.44,0.25,0.02,0.11,0.3,0.07,3.15,0.01,0.41,0.21,2.06,0.36,0.0,0.7,11.39,0.0,0.02,0.07
"1943-03-01 00:00:00",0.07,1.18,0.36,0.11,0.44,0.44,0.03,1.16,0.01,5.34,0.08,0.52,0.24,0.29,2.31,6.05,0.01,0.06,0.0,0.75,0.01,1.67,2.64,0.04,0.2,0.03,0.8,0.38,0.05,0.12,0.36,0.06,2.69,0.01,0.37,0.17,1.81,0.17,0.01,0.33,11.26,0.0,0.03,0.02
"1943-04-01 00:00:00",0.11,1.27,0.38,0.13,0.27,0.4,0.08,1.01,0.04,4.64,0.08,0.23,0.28,0.21,2.3,5.33,0.0,0.14,0.0,0.81,0.03,1.72,2.82,0.03,0.19,0.05,0.9,0.47,0.04,0.16,0.17,0.1,2.17,0.0,0.35,0.16,2.28,0.22,0.0,0.08,10.34,0.04,0.03,0.05
"1943-05-01 00:00:00",0.03,1.01,0.33,0.11,0.33,0.42,0.03,1.29,0.01,5.16,0.12,0.44,0.31,0.35,2.11,5.91,0.0,0.16,0.0,1.03,0.02,2.18,3.3,0.02,0.11,0.03,0.91,0.36,0.04,0.17,0.28,0.03,2.68,0.01,0.51,0.1,2.12,0.25,0.03,0.28,11.5,0.0,0.07,0.06
"1943-06-01 00:00:00",0.24,1.08,0.31,0.17,0.33,0.48,0.1,1.03,0.03,5.04,0.03,0.57,0.44,0.43,1.7,6.02,0.0,0.17,0.01,0.7,0.02,2.77,2.78,0.0,0.13,0.03,0.88,0.39,0.04,0.21,0.25,0.08,2.55,0.0,0.48,0.2,0.9,0.51,0.02,0.21,11.98,0.01,0.06,0.04
"1943-07-01 00:00:00",0.08,0.99,0.34,0.07,1.43,0.63,0.02,0.86,0.01,6.21,0.05,0.6,0.15,0.32,2.12,7.01,0.03,0.17,0.01,0.64,0.0,4.51,3.25,0.0,0.13,0.03,0.82,0.46,0.02,0.14,0.27,0.08,2.61,0.01,0.43,0.34,0.88,0.38,0.0,0.19,13.92,0.0,0.05,0.13
"1943-08-01 00:00:00",0.08,0.85,0.28,0.09,1.08,0.77,0.05,0.85,0.01,6.38,0.26,0.44,0.35,0.48,2.05,6.49,0.07,0.33,0.02,0.69,0.0,3.63,2.76,0.0,0.14,0.07,0.85,0.41,0.03,0.17,0.38,0.1,3.03,0.0,0.61,0.15,0.36,0.29,0.0,0.41,12.61,0.01,0.06,0.02
"1943-09-01 00:00:00",0.11,1.04,0.35,0.11,0.94,0.8,0.05,1.07,0.02,7.21,0.15,0.61,0.51,0.4,2.56,7.52,0.05,0.43,0.0,0.93,0.01,5.34,2.97,0.02,0.1,0.18,0.77,0.42,0.05,0.28,0.58,0.16,2.97,0.0,0.45,0.28,0.44,0.4,0.03,0.86,13.76,0.02,0.08,0.17
"1943-10-01 00:00:00",0.1,0.74,0.11,0.04,0.45,0.54,0.05,1.03,0.01,5.52,0.1,0.62,0.39,0.22,1.49,5.86,0.02,0.3,0.01,0.64,0.03,3.34,2.6,0.0,0.15,0.09,0.63,0.29,0.03,0.21,0.38,0.42,2.59,0.01,0.67,0.21,0.13,0.24,0.0,0.69,10.94,0.01,0.08,0.03
"1943-11-01 00:00:00",0.07,0.59,0.28,0.12,0.44,0.44,0.03,1.16,0.08,5.29,0.15,0.73,0.18,0.29,1.52,5.73,0.05,0.25,0.0,0.68,0.0,2.58,2.53,0.01,0.16,0.07,0.59,0.27,0.06,0.24,0.5,0.09,2.78,0.01,0.51,0.26,0.14,0.37,0.08,0.93,10.66,0.01,0.0,0.06
"1943-12-01 00:00:00",0.19,0.82,0.17,0.1,0.82,0.26,0.08,1.27,0.02,5.46,0.06,1.12,0.21,0.23,1.36,6.2,0.05,0.33,0.0,0.77,0.02,2.16,3.04,0.06,0.08,0.02,0.48,0.29,0.06,0.19,0.35,0.14,2.7,0.0,0.58,0.3,0.17,0.55,0.07,0.64,11.6,0.02,0.1,0.05
"1944-01-01 00:00:00",0.2,0.86,0.24,0.16,0.63,0.44,0.08,0.79,0.05,5.9,0.06,0.68,0.32,0.28,2.18,6.93,0.01,0.35,0.0,0.75,0.02,2.72,2.9,0.01,0.1,0.0,0.54,0.24,0.12,0.13,0.99,0.16,2.83,0.0,0.57,0.17,0.17,0.25,0.05,0.84,12.54,0.06,0.04,0.04
"1944-02-01 00:00:00",0.38,0.56,0.19,0.12,0.5,0.2,0.05,1.31,0.03,5.86,0.08,0.5,0.47,0.73,1.59,6.09,0.01,0.18,0.01,1.25,0.03,2.63,3.92,0.05,0.12,0.16,0.6,0.23,0.09,0.31,0.68,0.19,2.37,0.05,0.57,0.24,0.14,0.18,0.09,0.56,11.89,0.01,0.09,0.08
"1944-03-01 00:00:00",0.12,0.28,0.16,0.05,0.45,0.35,0.0,1.15,0.04,5.54,0.02,0.33,0.26,0.89,1.25,5.94,0.0,0.38,0.02,1.32,0.02,2.43,2.96,0.0,0.06,0.04,0.49,0.18,0.06,0.19,0.63,0.1,2.98,0.07,0.64,0.16,0.12,0.4,0.0,0.96,11.34,0.01,0.05,0.04
"1944-04-01 00:00:00",0.08,0.47,0.46,0.05,0.38,0.43,0.08,1.77,0.02,5.67,0.19,0.21,0.28,0.6,1.86,6.06,0.05,1.04,0.0,1.42,0.02,2.33,3.55,0.04,0.11,0.07,0.69,0.38,0.05,0.33,0.95,0.18,3.38,0.02,0.61,0.19,0.02,0.4,0.07,0.84,12.02,0.0,0.09,0.02
"1944-05-01 00:00:00",0.04,0.48,0.76,0.06,0.56,0.53,0.07,2.28,0.01,6.67,0.26,0.31,0.4,0.63,2.72,6.91,0.04,0.56,0.0,1.27,0.04,3.47,3.77,0.0,0.09,0.07,1.14,0.8,0.07,0.42,0.87,0.15,2.7,0.0,0.77,0.12,0.12,0.27,0.02,0.29,13.34,0.02,0.09,0.07
"1944-06-01 00:00:00",0.05,0.35,0.69,0.07,0.76,0.54,0.01,2.31,0.01,8.51,0.22,0.25,0.35,1.17,5.64,7.91,0.04,0.35,0.0,0.87,0.01,3.51,4.23,0.09,0.07,0.07,0.93,0.51,0.35,0.69,0.62,0.1,3.02,0.0,0.47,0.21,0.14,0.2,0.09,0.09,16.31,0.0,0.09,0.2
"1944-07-01 00:00:00",0.21,0.41,0.42,0.07,0.93,0.35,0.04,2.32,0.07,6.8,0.09,0.25,0.29,1.05,3.48,6.0,0.0,0.42,0.0,1.01,0.01,2.66,3.82,0.1,0.12,0.1,0.66,0.24,0.14,0.39,1.36,0.05,2.93,0.0,0.3,0.16,0.03,0.3,0.07,0.24,13.73,0.01,0.12,0.1
"1944-08-01 00:00:00",0.12,0.23,0.62,0.04,1.01,0.58,0.03,1.6,0.01,7.82,0.12,0.33,0.34,0.71,5.53,6.34,0.01,0.86,0.03,0.77,0.03,3.03,3.02,0.04,0.03,0.01,0.6,0.25,0.04,0.37,2.04,0.07,3.43,0.0,0.41,0.1,0.07,0.45,0.07,0.44,14.26,0.01,0.04,0.04
"1944-09-01 00:00:00",0.22,0.22,1.19,0.29,1.3,0.74,0.05,1.44,0.0,7.94,0.09,0.41,0.2,0.78,3.61,6.32,0.01,1.65,0.04,0.89,0.03,2.78,2.92,0.03,0.07,0.05,1.73,0.3,0.03,1.01,1.8,0.07,3.25,0.0,0.53,0.19,0.04,0.42,0.15,0.5,13.28,0.0,0.08,0.04
"1944-10-01 00:00:00",0.13,0.27,0.63,0.16,1.4,0.23,0.02,1.69,0.02,6.35,0.12,0.14,0.15,0.49,2.48,5.39,0.04,1.57,0.01,0.88,0.07,1.95,3.16,0.01,0.08,0.09,1.61,0.49,0.01,1.37,1.09,0.06,2.75,0.0,0.22,0.07,0.05,0.31,0.58,0.43,12.14,0.01,0.13,0.15
"1944-11-01 00:00:00",0.09,0.23,0.45,0.15,0.64,0.48,0.02,2.15,0.0,5.29,0.06,0.16,0.2,0.23,2.7,4.77,0.07,1.19,0.01,1.01,0.01,1.67,3.25,0.02,0.1,0.07,1.12,0.34,0.01,1.07,0.92,0.04,2.26,0.0,0.4,0.32,0.05,0.11,0.11,0.31,11.67,0.0,0.27,0.02
"1944-12-01 00:00:00",0.07,0.19,1.28,0.08,0.92,0.29,0.02,1.26,0.0,6.62,0.04,0.02,0.16,0.15,2.41,5.46,0.13,1.67,0.0,0.81,0.0,2.17,3.1,0.04,0.04,0.08,0.68,0.33,0.07,1.2,0.98,0.05,2.56,0.0,0.17,0.16,0.08,0.08,0.18,0.74,12.35,0.0,0.27,0.04
"1945-01-01 00:00:00",0.09,0.28,2.06,0.08,0.76,0.19,0.0,1.73,0.0,6.0,0.09,0.14,0.11,0.25,2.94,5.1,0.21,1.1,0.0,0.93,0.03,1.57,3.3,0.13,0.11,0.08,1.19,0.44,0.0,1.84,1.52,0.03,2.72,0.0,0.37,0.4,0.03,0.13,0.87,0.62,10.99,0.0,0.47,0.05
"1945-02-01 00:00:00",0.49,0.31,0.54,0.31,1.37,0.26,0.09,1.56,0.05,5.67,0.09,0.46,0.38,0.09,2.43,4.58,0.09,0.81,0.03,0.92,0.0,1.9,3.36,0.07,0.6,0.04,0.87,0.16,0.18,1.37,1.37,0.19,3.66,0.04,0.39,0.31,0.0,0.39,0.3,0.54,10.51,0.12,0.38,0.04
"1945-03-01 00:00:00",0.6,0.32,0.46,0.31,1.1,0.43,0.11,1.56,0.06,5.62,0.16,0.17,0.22,0.15,2.7,4.59,0.26,0.79,0.01,0.9,0.02,1.71,3.31,0.11,0.66,0.06,0.88,0.39,0.12,1.42,0.77,0.06,2.82,0.07,0.32,0.39,0.05,0.12,0.51,0.39,10.91,0.04,0.45,0.04
"1945-04-01 00:00:00",0.26,0.31,0.35,0.17,0.87,0.46,0.17,1.43,0.02,5.4,0.26,0.14,0.22,0.19,2.34,4.34,0.2,0.42,0.0,0.71,0.0,1.83,3.48,0.12,0.26,0.05,1.18,0.47,0.04,0.88,1.06,0.05,3.26,0.05,0.36,0.29,0.01,0.14,0.4,0.86,9.38,0.04,0.4,0.21
"1945-05-01 00:00:00",0.28,0.86,0.31,0.11,0.4,0.22,0.01,1.64,0.04,3.56,0.45,0.19,0.14,0.1,2.15,3.43,0.13,0.16,0.0,0.81,0.01,0.99,3.34,0.49,0.27,0.16,0.81,0.53,0.05,1.17,0.74,0.02,2.57,0.01,0.3,0.33,0.05,0.12,0.35,0.43,7.77,0.0,0.54,0.12
"1945-06-01 00:00:00",0.25,0.95,0.2,0.09,0.28,0.08,0.04,2.02,0.06,2.24,0.09,0.18,0.29,0.1,1.83,2.67,0.46,0.08,0.01,0.86,0.0,0.49,4.15,0.38,0.15,0.22,0.54,0.14,0.01,1.3,0.38,0.05,1.76,0.04,0.11,0.35,0.01,0.1,0.73,0.1,8.02,0.0,0.77,0.08
"1945-07-01 00:00:00",0.11,1.16,0.3,0.03,0.24,0.14,0.01,2.05,0.0,2.4,0.06,0.3,0.13,0.06,1.58,2.8,0.32,0.1,0.1,1.01,0.04,0.63,4.6,0.82,0.14,0.3,0.62,0.09,0.05,1.34,0.32,0.05,1.3,0.01,0.18,0.37,0.01,0.09,0.78,0.03,8.48,0.0,0.87,0.04
"1945-08-01 00:00:00",0.15,0.67,0.12,0.11,0.24,0.25,0.05,2.66,0.0,2.29,0.12,0.21,0.22,0.09,1.16,3.39,0.21,0.16,0.01,0.65,0.05,0.76,6.24,1.07,0.2,0.22,0.46,0.07,0.1,1.11,0.3,0.02,2.94,0.01,0.11,0.26,0.01,0.1,0.29,0.01,9.22,0.01,0.46,0.02
"1945-09-01 00:00:00",0.2,0.24,0.15,0.07,0.27,0.17,0.0,0.95,0.01,1.38,0.05,0.09,0.14,0.06,0.98,1.7,0.1,0.15,0.1,0.43,0.05,0.48,2.36,0.23,0.2,0.14,0.29,0.05,0.02,0.4,0.21,0.05,1.11,0.01,0.03,0.13,0.0,0.01,0.08,0.0,5.13,0.0,0.21,0.06
"1945-10-01 00:00:00",0.32,0.14,0.11,0.12,0.19,0.07,0.06,0.9,0.02,1.33,0.07,0.11,0.12,0.09,0.87,1.9,0.02,0.14,0.28,0.38,0.03,0.39,1.58,0.13,0.24,0.03,0.46,0.04,0.04,0.24,0.28,0.02,1.46,0.02,0.04,0.08,0.0,0.04,0.04,0.02,5.84,0.1,0.18,0.01
"1945-11-01 00:00:00",0.17,0.25,0.13,0.11,0.58,0.08,0.06,0.99,0.02,1.33,0.06,0.19,0.15,0.05,0.84,2.56,0.04,0.08,0.47,0.47,0.05,0.4,1.9,0.13,0.09,0.05,0.57,0.08,0.04,0.21,0.11,0.01,2.02,0.01,0.09,0.17,0.0,0.11,0.02,0.04,5.88,0.02,0.15,0.02
"1945-12-01 00:00:00",0.06,0.23,0.07,0.03,0.34,0.11,0.02,0.91,0.0,1.08,0.08,0.1,0.12,0.08,0.76,1.81,0.03,0.12,0.19,0.4,0.05,0.32,1.49,0.17,0.1,0.03,0.33,0.03,0.01,0.32,0.17,0.03,1.25,0.0,0.14,0.26,0.0,0.11,0.03,0.03,4.55,0.02,0.14,0.02
"1946-01-01 00:00:00",0.07,0.23,0.17,0.09,0.2,0.04,0.03,0.89,0.04,1.28,0.03,0.11,0.13,0.06,0.84,2.12,0.01,0.08,0.23,0.39,0.11,0.3,1.39,0.13,0.14,0.04,0.42,0.12,0.06,0.36,0.33,0.04,1.46,0.02,0.06,0.12,0.0,0.11,0.0,0.1,4.58,0.0,0.1,0.07
"1946-02-01 00:00:00",0.14,0.27,0.11,0.08,0.36,0.08,0.04,0.58,0.0,1.0,0.06,0.32,0.13,0.08,0.87,2.17,0.01,0.11,0.34,0.43,0.08,0.49,1.16,0.07,0.12,0.05,0.46,0.14,0.04,0.13,0.46,0.04,1.56,0.04,0.08,0.08,0.0,0.12,0.01,0.21,4.12,0.01,0.1,0.01
"1946-03-01 00:00:00",0.12,0.18,0.12,0.15,0.51,0.1,0.02,0.83,0.02,0.96,0.08,0.29,0.52,0.03,1.06,2.38,0.01,0.09,0.12,0.29,0.07,0.41,0.86,0.1,0.2,0.09,0.23,0.11,0.0,0.09,0.43,0.07,2.44,0.02,0.08,0.06,0.0,0.35,0.05,0.02,4.44,0.01,0.03,0.07
"1946-04-01 00:00:00",0.15,0.44,0.14,0.29,0.16,0.13,0.05,0.81,0.0,1.01,0.04,0.26,0.78,0.03,1.14,1.77,0.02,0.11,0.08,0.19,0.05,0.42,0.58,0.05,0.31,0.01,0.29,0.06,0.01,0.11,0.75,0.02,1.72,0.01,0.08,0.04,0.01,0.08,0.0,0.06,3.89,0.01,0.01,0.03
"1946-05-01 00:00:00",0.1,0.2,0.19,0.07,0.18,0.08,0.01,0.53,0.03,0.94,0.0,0.37,0.52,0.06,1.2,1.77,0.0,0.12,0.05,0.26,0.12,0.44,0.46,0.08,0.18,0.0,0.1,0.09,0.02,0.14,0.5,0.03,1.52,0.05,0.07,0.05,0.01,0.09,0.0,0.04,4.18,0.01,0.03,0.04
"1946-06-01 00:00:00",0.1,0.39,0.09,0.27,0.31,0.09,0.03,0.64,0.04,0.95,0.03,0.29,0.62,0.04,1.28,1.73,0.0,0.07,0.09,0.16,0.12,0.46,0.45,0.05,0.34,0.02,0.31,0.05,0.01,0.15,0.54,0.05,1.66,0.01,0.06,0.06,0.0,0.06,0.01,0.06,4.23,0.05,0.07,0.09
"1946-07-01 00:00:00",0.09,0.32,0.09,0.17,0.24,0.09,0.08,0.71,0.04,0.94,0.02,0.23,0.13,0.15,1.03,1.81,0.0,0.15,0.11,0.21,0.28,0.47,0.75,0.05,0.23,0.02,0.24,0.02,0.03,0.17,0.41,0.0,1.57,0.02,0.09,0.04,0.01,0.1,0.0,0.07,4.43,0.0,0.03,0.0
"1946-08-01 00:00:00",0.11,0.41,0.13,0.14,0.3,0.09,0.03,0.9,0.0,1.24,0.02,0.26,0.12,0.17,1.49,1.92,0.0,0.37,0.05,0.38,0.26,0.86,0.58,0.07,0.12,0.0,0.28,0.11,0.04,0.13,0.48,0.12,1.95,0.01,0.13,0.02,0.0,0.39,0.0,0.3,4.09,0.03,0.01,0.1
"1946-09-01 00:00:00",0.16,0.39,0.14,0.18,0.23,0.07,0.03,0.84,0.02,1.09,0.07,0.26,0.16,0.09,1.53,2.04,0.02,0.24,0.1,0.21,0.15,0.67,0.49,0.22,0.14,0.0,0.32,0.11,0.05,0.11,0.59,0.08,2.42,0.0,0.08,0.05,0.02,0.13,0.0,0.49,4.43,0.03,0.02,0.09
"1946-10-01 00:00:00",0.09,0.15,0.11,0.03,0.18,0.05,0.04,0.56,0.01,0.97,0.05,0.18,0.22,0.14,1.2,1.71,0.0,0.14,0.03,0.24,0.13,0.44,0.35,0.12,0.1,0.01,0.04,0.05,0.05,0.07,0.28,0.03,1.89,0.03,0.07,0.05,0.0,0.23,0.03,0.12,3.9,0.02,0.01,0.08
"1946-11-01 00:00:00",0.09,0.17,0.12,0.06,0.12,0.05,0.06,0.51,0.03,0.67,0.07,0.26,0.14,0.04,0.69,1.51,0.01,0.12,0.04,0.26,0.18,0.38,0.36,0.05,0.1,0.01,0.16,0.07,0.04,0.11,0.31,0.02,1.3,0.04,0.1,0.04,0.01,0.09,0.0,0.17,3.5,0.02,0.04,0.09
"1946-12-01 00:00:00",0.19,0.2,0.08,0.11,0.41,0.11,0.1,0.71,0.04,0.75,0.01,0.19,0.26,0.05,0.78,1.45,0.01,0.05,0.04,0.29,0.12,0.31,0.47,0.09,0.18,0.01,0.18,0.05,0.0,0.1,0.34,0.0,1.59,0.03,0.04,0.07,0.02,0.18,0.0,0.11,3.68,0.03,0.21,0.06
"1947-01-01 00:00:00",0.07,0.07,0.02,0.06,0.16,0.09,0.02,0.47,0.02,0.68,0.0,0.08,0.03,0.03,0.78,1.25,0.0,0.11,0.02,0.14,0.21,0.23,0.38,0.01,0.08,0.0,0.09,0.04,0.01,0.08,0.2,0.03,0.8,0.0,0.05,0.08,0.0,0.06,0.0,0.0,3.34,0.0,0.26,0.03
"1947-02-01 00:00:00",0.05,0.15,0.09,0.03,0.22,0.01,0.0,0.32,0.03,0.79,0.01,0.19,0.08,0.07,0.68,1.4,0.0,0.06,0.07,0.15,0.3,0.25,0.36,0.06,0.07,0.0,0.16,0.02,0.0,0.03,0.25,0.02,1.18,0.01,0.05,0.07,0.01,0.03,0.0,0.02,3.21,0.03,0.1,0.02
"1947-03-01 00:00:00",0.16,0.08,0.13,0.18,0.11,0.05,0.01,0.51,0.02,1.1,0.02,0.14,0.06,0.05,0.86,1.65,0.0,0.08,0.08,0.19,0.25,0.28,0.37,0.11,0.09,0.03,0.19,0.02,0.0,0.14,0.33,0.0,1.6,0.02,0.07,0.06,0.01,0.68,0.06,0.04,3.92,0.01,0.06,0.02
"1947-04-01 00:00:00",0.1,0.11,0.07,0.16,0.17,0.09,0.03,0.45,0.04,0.85,0.04,0.08,0.07,0.03,0.83,1.48,0.01,0.07,0.02,0.17,0.19,0.24,0.29,0.03,0.11,0.02,0.07,0.11,0.01,0.03,0.22,0.04,1.51,0.03,0.11,0.13,0.01,0.59,0.0,0.01,3.5,0.03,0.13,0.06
"1947-05-01 00:00:00",0.02,0.1,0.09,0.08,0.11,0.09,0.02,0.36,0.09,0.76,0.02,0.08,0.07,0.07,0.67,1.1,0.02,0.11,0.03,0.16,0.14,0.25,0.27,0.07,0.03,0.0,0.07,0.08,0.02,0.07,0.22,0.02,1.05,0.02,0.08,0.01,0.0,0.33,0.01,0.01,3.05,0.0,0.05,0.03
"1947-06-01 00:00:00",0.12,0.14,0.12,0.12,0.12,0.08,0.03,0.38,0.06,0.54,0.01,0.04,0.07,0.02,0.59,0.82,0.0,0.34,0.09,0.13,0.11,0.36,0.2,0.04,0.09,0.0,0.14,0.01,0.04,0.06,0.18,0.01,1.18,0.01,0.03,0.05,0.01,0.17,0.0,0.02,3.03,0.02,0.01,0.05
"1947-07-01 00:00:00",0.07,0.23,0.17,0.08,0.09,0.1,0.0,0.51,0.1,0.59,0.06,0.16,0.11,0.07,0.87,1.32,0.03,0.12,0.63,0.31,0.18,0.21,0.49,0.04,0.04,0.02,0.74,0.03,0.0,0.09,0.28,0.09,1.37,0.04,0.16,0.08,0.01,0.14,0.01,0.02,3.8,0.0,0.0,0.02
"1947-08-01 00:00:00",0.45,0.31,0.14,0.38,0.15,0.1,0.08,0.33,0.19,0.62,0.01,0.26,0.1,0.02,0.81,1.41,0.01,0.14,0.59,0.23,0.19,0.26,0.2,0.07,0.17,0.0,0.66,0.03,0.12,0.03,0.32,0.04,1.26,0.01,0.04,0.05,0.02,0.14,0.1,0.02,3.75,0.04,0.03,0.04
"1947-09-01 00:00:00",0.11,0.21,0.11,0.17,0.15,0.05,0.04,0.23,0.05,0.7,0.07,0.11,0.07,0.1,0.71,1.52,0.0,0.14,0.11,0.36,0.08,0.51,0.34,0.1,0.05,0.0,0.17,0.07,0.03,0.08,0.19,0.03,1.22,0.03,0.11,0.06,0.0,0.17,0.01,0.06,3.4,0.02,0.03,0.09
"1947-10-01 00:00:00",0.07,0.22,0.13,0.08,0.12,0.02,0.05,0.36,0.04,0.65,0.03,0.15,0.06,0.04,0.62,1.01,0.0,0.05,0.14,0.3,0.25,0.37,0.19,0.1,0.08,0.0,0.14,0.04,0.01,0.04,0.25,0.03,1.24,0.1,0.09,0.01,0.0,0.19,0.0,0.09,3.05,0.01,0.01,0.03
"1947-11-01 00:00:00",0.09,0.14,0.12,0.11,0.26,0.05,0.06,0.33,0.04,0.63,0.09,0.11,0.1,0.06,0.77,0.96,0.01,0.06,0.02,0.39,0.12,0.39,0.25,0.04,0.09,0.0,0.15,0.08,0.03,0.07,0.2,0.02,1.08,0.04,0.09,0.14,0.0,0.12,0.0,0.06,2.84,0.06,0.03,0.03
"1947-12-01 00:00:00",0.05,0.06,0.06,0.04,0.07,0.07,0.01,0.35,0.02,0.62,0.02,0.17,0.05,0.05,0.91,1.19,0.02,0.08,0.05,0.21,0.26,0.59,0.25,0.08,0.05,0.0,0.14,0.01,0.03,0.07,0.18,0.01,1.13,0.06,0.02,0.1,0.01,0.18,0.0,0.0,3.02,0.03,0.04,0.02
"1948-01-01 00:00:00",0.02,0.09,0.13,0.02,0.07,0.11,0.01,0.21,0.0,0.58,0.04,0.18,0.05,0.07,0.5,1.37,0.01,0.06,0.08,0.28,0.33,0.32,0.24,0.05,0.04,0.01,0.21,0.05,0.03,0.07,0.11,0.05,0.89,0.04,0.04,0.03,0.0,0.15,0.01,0.01,3.04,0.01,0.01,0.01
"1948-02-01 00:00:00",0.03,0.06,0.15,0.05,0.07,0.04,0.03,0.33,0.11,0.73,0.07,0.19,0.12,0.07,0.6,1.48,0.0,0.09,0.02,0.19,0.33,0.26,0.25,0.09,0.05,0.0,0.12,0.07,0.01,0.05,0.2,0.02,0.99,0.05,0.11,0.04,0.01,0.1,0.01,0.01,3.44,0.01,0.0,0.02
"1948-03-01 00:00:00",0.12,0.03,0.51,0.07,0.19,0.07,0.13,0.84,0.15,1.0,0.03,0.09,0.14,0.38,1.26,1.81,0.0,0.14,0.01,0.09,0.27,0.85,0.27,0.09,0.14,0.0,0.29,0.15,0.0,0.09,0.24,0.05,2.41,0.06,0.19,0.09,0.0,0.33,0.0,0.08,4.77,0.01,0.05,0.0
"1948-04-01 00:00:00",0.07,0.05,0.29,0.11,0.13,0.08,0.13,0.3,0.49,0.66,0.03,0.3,0.11,0.13,0.78,1.51,0.0,0.03,0.02,0.12,0.58,0.59,0.25,0.08,0.13,0.01,0.21,0.04,0.05,0.02,0.08,0.04,1.62,0.12,0.12,0.1,0.01,0.08,0.0,0.03,4.29,0.06,0.0,0.04
"1948-05-01 00:00:00",0.08,0.09,0.4,0.05,0.23,0.06,0.05,0.27,0.17,0.55,0.02,0.96,0.12,0.01,0.82,2.0,0.0,0.02,0.02,0.18,1.6,0.25,0.23,0.12,0.09,0.0,0.14,0.05,0.01,0.03,0.18,0.01,1.45,0.23,0.06,0.05,0.0,0.13,0.0,0.21,4.35,0.01,0.01,0.04
"1948-06-01 00:00:00",0.05,0.04,0.27,0.01,0.07,0.01,0.0,0.29,0.06,0.85,0.01,0.73,0.04,0.03,0.88,1.38,0.01,0.05,0.07,0.2,1.04,0.25,0.18,0.05,0.02,0.08,0.12,0.05,0.01,0.05,0.17,0.0,1.29,0.11,0.22,0.05,0.0,0.09,0.0,0.08,3.55,0.01,0.03,0.01
"1948-07-01 00:00:00",0.03,0.03,0.34,0.0,0.12,0.1,0.01,0.42,0.02,2.1,0.03,0.57,0.05,0.03,1.38,2.17,0.0,0.09,0.08,0.21,0.97,0.35,0.2,0.03,0.06,0.19,0.29,0.04,0.05,0.04,0.21,0.01,2.28,0.08,0.15,0.06,0.0,0.13,0.01,0.12,4.81,0.01,0.0,0.01
"1948-08-01 00:00:00",0.02,0.02,0.15,0.04,0.06,0.04,0.0,0.3,0.01,1.37,0.03,0.19,0.01,0.01,0.78,1.62,0.0,0.04,0.01,0.19,0.39,0.29,0.19,0.1,0.05,0.15,0.14,0.05,0.0,0.01,0.09,0.03,1.63,0.01,0.11,0.08,0.0,0.06,0.0,0.08,3.57,0.0,0.02,0.01
"1948-09-01 00:00:00",0.06,0.11,0.17,0.02,0.19,0.06,0.01,0.24,0.03,1.63,0.02,0.12,0.04,0.08,1.5,1.62,0.01,0.02,0.16,0.44,0.37,0.22,0.22,0.15,0.1,0.06,0.28,0.03,0.0,0.02,0.11,0.01,2.19,0.01,0.13,0.1,0.0,0.02,0.01,0.07,4.1,0.02,0.06,0.05
"1948-10-01 00:00:00",0.4,0.15,0.48,0.06,0.43,0.03,0.06,0.52,0.2,1.83,0.07,0.29,0.19,0.05,1.93,1.7,0.01,0.05,0.08,0.15,0.46,0.26,0.19,0.26,0.09,0.03,0.22,0.1,0.18,0.07,0.27,0.07,2.31,0.02,0.16,0.07,0.01,0.15,0.02,0.23,4.43,0.05,0.01,0.01
"1948-11-01 00:00:00",0.17,0.2,0.3,0.05,0.29,0.06,0.03,0.55,0.13,1.1,0.04,0.4,0.08,0.0,1.43,1.37,0.0,0.02,0.04,0.19,0.59,0.23,0.26,0.05,0.06,0.03,0.18,0.04,0.05,0.07,0.1,0.03,1.47,0.02,0.07,0.04,0.0,0.07,0.01,0.08,3.36,0.07,0.0,0.02
"1948-12-01 00:00:00",0.18,0.17,0.21,0.17,0.25,0.06,0.05,0.54,0.12,0.81,0.02,0.25,0.08,0.01,0.91,0.92,0.01,0.04,0.4,0.12,0.31,0.26,0.25,0.09,0.08,0.03,0.45,0.07,0.04,0.04,0.06,0.02,1.02,0.0,0.05,0.05,0.0,0.09,0.03,0.12,2.87,0.03,0.03,0.01
"1949-01-01 00:00:00",0.05,0.12,0.19,0.04,0.21,0.07,0.01,0.55,0.02,0.71,0.05,0.62,0.06,0.02,0.74,1.11,0.03,0.03,0.37,0.24,0.54,0.29,0.24,0.09,0.06,0.04,0.45,0.08,0.04,0.09,0.09,0.02,1.07,0.09,0.07,0.03,0.0,0.12,0.04,0.05,3.04,0.04,0.06,0.03
"1949-02-01 00:00:00",0.04,0.05,0.16,0.07,0.23,0.07,0.03,0.2,0.02,0.74,0.16,0.11,0.06,0.12,0.62,0.86,0.0,0.06,0.06,0.04,0.13,0.18,0.33,0.04,0.05,0.01,0.27,0.32,0.02,0.09,0.14,0.05,1.36,0.02,0.26,0.1,0.01,0.09,0.04,0.03,3.08,0.01,0.0,0.0
"1949-03-01 00:00:00",0.08,0.08,0.14,0.0,0.16,0.04,0.01,0.23,0.03,0.8,0.11,0.07,0.07,0.07,0.77,0.91,0.02,0.09,0.1,0.12,0.17,0.27,0.21,0.05,0.03,0.02,0.25,0.12,0.03,0.05,0.17,0.07,1.26,0.0,0.03,0.07,0.0,0.08,0.04,0.01,2.59,0.02,0.06,0.03
"1949-04-01 00:00:00",0.02,0.08,0.18,0.02,0.13,0.07,0.03,0.6,0.05,1.17,0.07,0.06,0.07,0.01,1.03,1.23,0.0,0.05,0.11,0.02,0.09,0.3,0.14,0.06,0.07,0.01,0.17,0.16,0.04,0.02,0.12,0.04,1.6,0.02,0.04,0.06,0.01,0.1,0.02,0.03,3.11,0.01,0.03,0.03
"1949-05-01 00:00:00",0.04,0.14,0.13,0.06,0.14,0.05,0.03,0.51,0.05,1.48,0.08,0.05,0.15,0.02,1.16,1.33,0.04,0.01,0.1,0.16,0.12,0.26,0.16,0.06,0.06,0.0,0.16,0.15,0.05,0.07,0.26,0.03,1.76,0.03,0.09,0.04,0.0,0.13,0.04,0.04,3.11,0.03,0.05,0.04
"1949-06-01 00:00:00",0.05,0.04,0.08,0.0,0.12,0.06,0.02,0.41,0.01,0.63,0.04,0.12,0.05,0.03,0.75,0.96,0.08,0.02,0.03,0.1,0.12,0.16,0.2,0.08,0.03,0.02,0.11,0.09,0.01,0.03,0.05,0.01,0.96,0.02,0.03,0.05,0.02,0.05,0.03,0.0,2.7,0.0,0.04,0.0
"1949-07-01 00:00:00",0.03,0.03,0.24,0.01,0.41,0.06,0.01,0.38,0.02,0.65,0.08,0.02,0.04,0.04,0.64,1.02,0.03,0.01,0.05,0.14,0.03,0.2,0.2,0.11,0.05,0.01,0.13,0.12,0.0,0.15,0.11,0.03,1.08,0.01,0.07,0.09,0.0,0.15,0.04,0.06,2.72,0.01,0.02,0.02
"1949-08-01 00:00:00",0.13,0.04,0.16,0.05,0.1,0.06,0.06,0.64,0.03,0.54,0.03,0.08,0.1,0.1,0.57,0.83,0.1,0.08,0.07,0.13,0.16,0.17,0.24,0.1,0.08,0.02,0.14,0.08,0.03,0.17,0.05,0.04,1.07,0.02,0.03,0.04,0.01,0.16,0.11,0.02,2.96,0.0,0.06,0.03
"1949-09-01 00:00:00",0.08,0.06,0.18,0.09,0.47,0.08,0.07,0.48,0.02,0.59,0.06,0.09,0.1,0.03,0.68,1.0,0.1,0.13,0.04,0.21,0.15,0.31,0.29,0.16,0.11,0.02,0.18,0.1,0.03,0.11,0.17,0.04,1.69,0.01,0.12,0.05,0.01,0.13,0.09,0.06,3.2,0.04,0.05,0.03
"1949-10-01 00:00:00",0.05,0.12,0.06,0.01,0.36,0.05,0.0,0.61,0.01,0.42,0.04,0.06,0.03,0.03,0.45,0.8,0.12,0.1,0.07,0.23,0.07,0.21,0.18,0.13,0.04,0.02,0.12,0.09,0.0,0.1,0.06,0.02,1.52,0.03,0.01,0.04,0.0,0.06,0.1,0.06,2.85,0.0,0.04,0.01
"1949-11-01 00:00:00",0.01,0.07,0.09,0.0,0.18,0.03,0.01,0.43,0.07,0.42,0.03,0.04,0.06,0.0,0.4,0.7,0.1,0.07,0.03,0.1,0.1,0.18,0.23,0.05,0.03,0.01,0.12,0.02,0.02,0.13,0.11,0.03,1.0,0.02,0.03,0.03,0.0,0.05,0.08,0.05,2.2,0.02,0.03,0.02
"1949-12-01 00:00:00",0.09,0.09,0.09,0.04,0.26,0.03,0.01,0.5,0.03,0.45,0.02,0.11,0.1,0.03,0.44,0.72,0.11,0.05,0.1,0.16,0.14,0.21,0.24,0.05,0.06,0.01,0.16,0.03,0.02,0.12,0.07,0.02,0.79,0.0,0.04,0.07,0.0,0.07,0.15,0.04,2.3,0.05,0.11,0.02
"1950-01-01 00:00:00",0.02,0.07,0.07,0.06,0.22,0.05,0.02,0.71,0.02,0.5,0.07,0.12,0.09,0.03,0.48,0.98,0.16,0.05,0.2,0.26,0.1,0.19,0.38,0.06,0.05,0.02,0.24,0.06,0.02,0.16,0.11,0.04,1.03,0.01,0.08,0.07,0.01,0.12,0.39,0.0,2.54,0.03,0.15,0.03
"1950-02-01 00:00:00",0.0,0.03,0.05,0.02,0.27,0.01,0.0,0.71,0.01,0.84,0.04,0.06,0.08,0.04,0.57,1.06,0.1,0.01,0.1,0.1,0.07,0.2,0.32,0.11,0.04,0.03,0.12,0.04,0.0,0.12,0.04,0.04,1.97,0.0,0.06,0.13,0.0,0.11,0.25,0.01,3.48,0.0,0.23,0.0
"1950-03-01 00:00:00",0.02,0.09,0.17,0.03,0.09,0.06,0.0,0.48,0.04,0.54,0.05,0.05,0.07,0.01,0.55,0.77,0.13,0.08,0.05,0.09,0.07,0.28,0.26,0.08,0.03,0.05,0.1,0.05,0.01,0.06,0.06,0.03,1.09,0.01,0.03,0.04,0.02,0.07,0.18,0.0,2.52,0.0,0.1,0.03
"1950-04-01 00:00:00",0.04,0.07,0.11,0.02,0.08,0.04,0.0,0.51,0.0,0.55,0.05,0.06,0.06,0.03,0.47,0.64,0.14,0.03,0.15,0.12,0.14,0.17,0.12,0.04,0.06,0.06,0.17,0.06,0.01,0.07,0.05,0.01,1.0,0.01,0.05,0.06,0.02,0.13,0.17,0.01,2.6,0.0,0.11,0.01
"1950-05-01 00:00:00",0.04,0.05,0.09,0.03,0.12,0.07,0.03,0.66,0.01,0.62,0.03,0.09,0.01,0.04,0.73,0.94,0.15,0.02,0.12,0.09,0.22,0.14,0.29,0.06,0.05,0.07,0.17,0.07,0.01,0.11,0.04,0.06,1.41,0.03,0.07,0.09,0.0,0.07,0.29,0.01,2.87,0.02,0.16,0.01
"1950-06-01 00:00:00",0.03,0.07,0.15,0.04,0.16,0.08,0.02,0.95,0.02,0.76,0.07,0.19,0.11,0.06,0.76,0.92,0.05,0.07,0.07,0.25,0.08,0.25,0.76,1.3,0.02,0.06,0.15,0.16,0.04,0.33,0.15,0.03,1.71,0.02,0.08,0.07,0.0,0.16,0.35,0.01,3.48,0.01,0.34,0.03
"1950-07-01 00:00:00",0.11,0.6,0.22,0.12,0.35,0.11,0.03,1.51,0.02,1.19,0.07,0.24,0.13,0.07,1.0,2.11,0.22,0.12,0.15,0.65,0.13,0.34,2.12,6.71,0.11,0.16,0.29,0.2,0.08,0.37,0.17,0.08,3.17,0.01,0.26,0.2,0.01,0.19,0.48,0.01,8.33,0.01,0.36,0.06
"1950-08-01 00:00:00",0.03,0.59,0.31,0.03,0.41,0.09,0.05,1.06,0.0,0.89,0.03,0.16,0.17,0.11,0.99,1.9,0.09,0.07,0.15,0.44,0.04,0.33,1.98,5.54,0.14,0.08,0.34,0.15,0.03,0.23,0.15,0.02,2.71,0.02,0.17,0.17,0.03,0.24,0.36,0.02,7.92,0.01,0.26,0.02
"1950-09-01 00:00:00",0.07,0.42,0.13,0.02,0.36,0.08,0.02,1.01,0.0,1.02,0.03,0.11,0.11,0.04,1.03,1.94,0.11,0.09,0.09,0.28,0.14,0.28,1.54,4.23,0.06,0.05,0.2,0.1,0.0,0.25,0.1,0.01,2.32,0.01,0.16,0.07,0.0,0.11,0.38,0.02,6.55,0.03,0.21,0.05
"1950-10-01 00:00:00",0.07,0.34,0.09,0.11,0.37,0.03,0.09,1.05,0.04,0.73,0.05,0.14,0.08,0.02,0.86,1.54,0.12,0.06,0.12,0.34,0.07,0.16,1.04,2.78,0.08,0.04,0.17,0.05,0.05,0.32,0.2,0.02,1.94,0.03,0.15,0.11,0.0,0.15,0.12,0.02,4.69,0.02,0.25,0.03
"1950-11-01 00:00:00",0.04,0.18,0.09,0.07,0.19,0.04,0.03,2.55,0.02,0.64,0.06,0.14,0.11,0.02,0.9,1.73,0.17,0.04,0.03,0.69,0.15,0.17,1.22,3.37,0.08,0.04,0.16,0.07,0.01,0.23,0.26,0.0,2.16,0.03,0.12,0.13,0.01,0.25,0.47,0.01,5.33,0.03,0.42,0.09
"1950-12-01 00:00:00",0.08,0.38,0.41,0.05,0.62,0.04,0.02,3.82,0.06,1.22,0.06,0.18,0.08,0.0,1.36,2.59,0.31,0.06,0.13,0.75,0.11,0.3,1.8,4.77,0.15,0.14,0.37,0.13,0.07,0.41,0.13,0.09,3.08,0.06,0.07,0.3,0.0,0.24,0.82,0.06,8.17,0.03,0.42,0.25
"1951-01-01 00:00:00",0.1,0.49,0.33,0.07,0.69,0.09,0.04,3.01,0.04,1.27,0.06,0.2,0.14,0.07,1.62,2.3,0.1,0.07,0.14,0.8,0.13,0.36,1.45,3.96,0.17,0.13,0.6,0.11,0.02,0.23,0.18,0.07,2.61,0.02,0.09,0.24,0.0,0.23,0.66,0.02,7.47,0.05,0.53,0.36
"1951-02-01 00:00:00",0.03,0.49,0.22,0.05,0.5,0.13,0.05,1.95,0.01,1.21,0.02,0.05,0.21,0.02,1.35,2.02,0.07,0.21,0.09,0.38,0.05,0.38,1.39,3.05,0.13,0.1,0.4,0.07,0.05,0.12,0.11,0.04,2.35,0.05,0.17,0.15,0.02,0.56,0.2,0.02,6.2,0.03,0.18,0.21
"1951-03-01 00:00:00",0.18,0.41,0.17,0.1,0.38,0.02,0.09,1.6,0.09,0.62,0.04,0.04,0.14,0.04,0.89,1.42,0.08,0.12,0.02,0.19,0.05,0.17,1.21,2.45,0.09,0.04,0.28,0.02,0.05,0.13,0.09,0.02,1.96,0.01,0.06,0.16,0.0,0.19,0.19,0.02,5.16,0.03,0.13,0.14
"1951-04-01 00:00:00",0.06,0.27,0.08,0.05,0.2,0.06,0.07,2.27,0.03,0.6,0.06,0.07,0.16,0.01,0.76,1.45,0.13,0.08,0.01,0.34,0.1,0.26,1.48,3.19,0.07,0.03,0.15,0.02,0.04,0.36,0.06,0.01,1.76,0.0,0.08,0.25,0.0,0.18,0.56,0.0,5.2,0.03,0.22,0.2
"1951-05-01 00:00:00",0.08,0.29,0.16,0.12,0.36,0.02,0.05,3.42,0.07,0.64,0.07,0.24,0.14,0.03,1.01,2.16,0.23,0.08,0.21,0.43,0.28,0.27,1.89,3.98,0.08,0.19,0.34,0.05,0.03,0.31,0.11,0.04,2.59,0.03,0.13,0.18,0.01,0.32,0.59,0.02,6.42,0.05,0.27,0.25
"1951-06-01 00:00:00",0.02,0.07,0.13,0.03,0.31,0.06,0.01,2.19,0.14,0.53,0.06,0.16,0.15,0.01,0.7,1.42,0.17,0.07,0.04,0.22,0.07,0.25,1.54,3.22,0.05,0.12,0.12,0.04,0.03,0.12,0.11,0.07,2.23,0.02,0.09,0.17,0.01,0.19,0.46,0.02,4.95,0.02,0.27,0.17
"1951-07-01 00:00:00",0.06,0.14,0.23,0.03,0.22,0.05,0.04,1.69,0.04,0.73,0.17,0.17,0.25,0.05,0.76,1.47,0.09,0.08,0.07,0.44,0.17,0.3,1.48,2.79,0.01,0.04,0.2,0.15,0.02,0.21,0.13,0.02,1.56,0.06,0.11,0.11,0.0,0.11,0.28,0.02,5.03,0.06,0.13,0.26
"1951-08-01 00:00:00",0.11,0.36,0.06,0.08,0.14,0.06,0.04,1.32,0.02,0.58,0.08,0.23,0.13,0.03,0.51,1.25,0.07,0.08,0.04,0.41,0.15,0.2,1.59,2.59,0.06,0.04,0.14,0.03,0.09,0.06,0.11,0.03,1.71,0.01,0.03,0.04,0.01,0.19,0.18,0.01,4.83,0.01,0.06,0.26
"1951-09-01 00:00:00",0.04,0.3,0.1,0.1,0.16,0.06,0.01,1.23,0.01,0.48,0.07,0.13,0.05,0.01,0.65,1.12,0.09,0.05,0.05,0.24,0.07,0.34,1.37,2.01,0.03,0.08,0.12,0.07,0.04,0.09,0.12,0.05,1.53,0.02,0.01,0.11,0.0,0.17,0.15,0.0,4.04,0.01,0.16,0.19
"1951-10-01 00:00:00",0.06,0.35,0.09,0.05,0.23,0.05,0.01,1.37,0.06,0.54,0.05,0.6,0.06,0.03,1.05,1.74,0.09,0.04,0.05,0.28,0.22,0.29,1.0,2.21,0.06,0.04,0.15,0.09,0.0,0.06,0.04,0.04,1.67,0.02,0.03,0.13,0.01,0.31,0.11,0.01,5.22,0.06,0.12,0.32
"1951-11-01 00:00:00",0.02,0.32,0.18,0.06,0.31,0.02,0.03,1.28,0.01,0.64,0.06,0.36,0.08,0.01,1.37,1.7,0.01,0.08,0.05,0.17,0.18,0.53,0.98,2.49,0.08,0.05,0.18,0.06,0.02,0.12,0.11,0.02,1.57,0.01,0.07,0.04,0.01,0.19,0.08,0.01,5.06,0.04,0.16,0.17
"1951-12-01 00:00:00",0.04,0.26,0.17,0.04,0.23,0.11,0.02,0.99,0.04,0.67,0.05,0.24,0.08,0.01,0.91,1.21,0.05,0.13,0.04,0.12,0.07,0.3,1.06,2.06,0.11,0.05,0.17,0.03,0.05,0.09,0.08,0.13,1.2,0.02,0.1,0.07,0.01,0.15,0.06,0.01,4.05,0.02,0.09,0.23
"1952-01-01 00:00:00",0.09,0.36,0.2,0.09,0.27,0.08,0.06,1.41,0.08,0.53,0.04,0.44,0.04,0.0,1.14,1.6,0.07,0.02,0.15,0.22,0.08,0.22,0.93,2.31,0.04,0.19,0.28,0.06,0.07,0.11,0.09,0.09,1.43,0.03,0.07,0.15,0.09,0.14,0.29,0.0,4.67,0.05,0.46,0.2
"1952-02-01 00:00:00",0.03,0.29,0.16,0.05,0.27,0.08,0.01,0.87,0.01,0.57,0.04,0.2,0.06,0.05,0.85,1.15,0.01,0.01,0.07,0.12,0.04,0.3,0.73,1.68,0.02,0.08,0.16,0.12,0.03,0.12,0.1,0.34,1.24,0.02,0.08,0.12,0.09,0.22,0.2,0.0,3.72,0.01,0.25,0.23
"1952-03-01 00:00:00",0.02,0.19,0.07,0.0,0.18,0.06,0.0,0.98,0.0,0.39,0.0,0.08,0.08,0.01,0.58,0.82,0.04,0.04,0.05,0.1,0.02,0.15,0.74,1.64,0.03,0.11,0.08,0.02,0.0,0.14,0.08,0.12,1.16,0.02,0.05,0.06,0.07,0.07,0.12,0.01,3.41,0.0,0.2,0.13
"1952-04-01 00:00:00",0.14,0.21,0.16,0.04,0.13,0.14,0.09,0.64,0.01,0.53,0.07,0.11,0.03,0.02,0.66,0.89,0.07,0.02,0.09,0.2,0.02,0.25,0.64,1.25,0.05,0.1,0.2,0.09,0.02,0.15,0.06,0.07,1.1,0.04,0.04,0.09,0.12,0.13,0.04,0.01,3.43,0.01,0.14,0.15
"1952-05-01 00:00:00",0.02,0.24,0.03,0.02,0.1,0.05,0.01,0.93,0.03,0.9,0.01,0.07,0.07,0.0,0.87,0.88,0.04,0.03,0.02,0.07,0.04,0.16,0.87,1.91,0.03,0.05,0.11,0.01,0.0,0.11,0.07,0.05,1.69,0.0,0.02,0.06,0.06,0.06,0.07,0.01,3.74,0.0,0.21,0.21
"1952-06-01 00:00:00",0.01,0.23,0.09,0.05,0.2,0.04,0.0,1.18,0.0,0.7,0.05,0.06,0.03,0.01,0.7,1.14,0.0,0.1,0.07,0.28,0.03,0.2,0.77,2.1,0.03,0.07,0.07,0.03,0.0,0.11,0.11,0.03,1.4,0.0,0.06,0.05,0.07,0.06,0.05,0.01,3.91,0.0,0.24,0.16
"1952-07-01 00:00:00",0.01,0.15,0.03,0.04,0.19,0.05,0.03,0.88,0.01,0.39,0.02,0.08,0.08,0.02,0.42,0.69,0.01,0.05,0.03,0.17,0.03,0.15,0.69,1.69,0.03,0.06,0.09,0.06,0.01,0.08,0.13,0.06,0.87,0.0,0.08,0.04,0.02,0.08,0.06,0.01,3.19,0.0,0.07,0.12
"1952-08-01 00:00:00",0.01,0.25,0.1,0.02,0.08,0.04,0.02,0.99,0.01,0.33,0.01,0.2,0.0,0.04,0.54,0.83,0.02,0.02,0.07,0.1,0.04,0.13,0.74,1.48,0.02,0.08,0.09,0.04,0.0,0.06,0.09,0.15,0.86,0.02,0.03,0.0,0.01,0.13,0.11,0.01,3.03,0.0,0.13,0.11
"1952-09-01 00:00:00",0.03,0.12,0.08,0.02,0.14,0.04,0.01,0.9,0.02,0.44,0.09,0.08,0.01,0.02,0.55,0.72,0.02,0.04,0.03,0.15,0.03,0.23,0.73,1.51,0.04,0.05,0.07,0.13,0.01,0.06,0.06,0.08,1.18,0.01,0.04,0.09,0.05,0.12,0.1,0.0,3.29,0.0,0.07,0.06
"1952-10-01 00:00:00",0.0,0.24,0.08,0.03,0.19,0.05,0.04,1.62,0.04,0.57,0.04,0.07,0.02,0.02,0.92,1.04,0.06,0.02,0.04,0.19,0.07,0.24,1.03,2.11,0.04,0.1,0.08,0.08,0.02,0.08,0.05,0.02,1.46,0.0,0.06,0.16,0.12,0.1,0.14,0.01,3.72,0.02,0.25,0.08
"1952-11-01 00:00:00",0.01,0.18,0.09,0.06,0.15,0.11,0.0,1.58,0.02,0.37,0.05,0.05,0.05,0.04,0.81,0.85,0.04,0.02,0.05,0.27,0.03,0.09,0.81,1.89,0.05,0.03,0.12,0.06,0.04,0.06,0.09,0.05,1.04,0.0,0.1,0.27,0.07,0.08,0.13,0.04,3.4,0.0,0.44,0.05
"1952-12-01 00:00:00",0.03,0.22,0.13,0.03,0.23,0.05,0.0,1.37,0.02,0.62,0.04,0.11,0.06,0.03,0.83,0.83,0.03,0.02,0.01,0.29,0.11,0.28,0.82,1.95,0.05,0.08,0.19,0.11,0.02,0.03,0.08,0.12,1.14,0.02,0.06,0.18,0.12,0.14,0.07,0.01,3.24,0.0,0.32,0.05
"1953-01-01 00:00:00",0.01,0.12,0.07,0.03,0.12,0.03,0.0,1.16,0.02,0.41,0.03,0.1,0.02,0.0,0.45,0.58,0.02,0.02,0.06,0.2,0.03,0.17,0.82,1.64,0.03,0.07,0.11,0.07,0.0,0.08,0.03,0.04,0.98,0.01,0.02,0.11,0.02,0.07,0.14,0.0,3.13,0.0,0.25,0.04
"1953-02-01 00:00:00",0.04,0.28,0.15,0.03,0.21,0.03,0.01,2.36,0.02,0.78,0.03,0.17,0.05,0.07,0.99,1.24,0.25,0.05,0.08,0.42,0.25,0.29,0.94,2.48,0.04,0.11,0.2,0.07,0.01,0.25,0.16,0.07,1.6,0.02,0.04,0.14,0.01,0.18,1.01,0.03,4.55,0.02,0.41,0.05
"1953-03-01 00:00:00",0.02,0.19,0.16,0.09,0.18,0.05,0.0,1.33,0.05,0.65,0.02,0.16,0.08,0.02,0.66,1.01,0.06,0.05,0.11,0.25,0.11,0.25,0.82,1.82,0.06,0.05,0.16,0.01,0.05,0.09,0.16,0.06,1.42,0.01,0.01,0.18,0.0,0.12,0.16,0.03,3.77,0.03,0.26,0.04
"1953-04-01 00:00:00",0.02,0.23,0.09,0.05,0.18,0.08,0.02,1.5,0.03,0.57,0.03,0.07,0.03,0.0,0.91,0.84,0.0,0.02,0.07,0.25,0.07,0.17,0.8,1.74,0.06,0.11,0.12,0.03,0.03,0.14,0.09,0.06,1.35,0.03,0.08,0.23,0.03,0.12,0.13,0.0,3.43,0.02,0.4,0.05
"1953-05-01 00:00:00",0.05,0.2,0.07,0.0,0.12,0.15,0.03,1.7,0.03,0.45,0.04,0.24,0.05,0.03,1.11,1.18,0.05,0.06,0.07,0.5,0.12,0.09,0.68,1.81,0.03,0.09,0.08,0.08,0.0,0.15,0.15,0.05,1.16,0.05,0.13,0.36,0.01,0.21,0.12,0.01,3.69,0.0,0.66,0.05
"1953-06-01 00:00:00",0.0,0.18,0.05,0.0,0.14,0.14,0.0,1.61,0.01,0.57,0.02,0.05,0.01,0.03,0.75,0.91,0.03,0.03,0.03,0.45,0.07,0.13,0.94,2.2,0.03,0.05,0.04,0.02,0.01,0.25,0.15,0.03,1.17,0.03,0.16,0.19,0.01,0.14,0.11,0.02,4.11,0.0,0.39,0.03
"1953-07-01 00:00:00",0.04,0.09,0.07,0.02,0.14,0.12,0.0,1.63,0.02,0.67,0.02,0.17,0.02,0.02,0.75,0.85,0.06,0.03,0.05,0.28,0.06,0.14,0.85,2.13,0.02,0.09,0.06,0.03,0.02,0.09,0.16,0.01,1.16,0.0,0.15,0.17,0.04,0.02,0.13,0.02,3.8,0.0,0.38,0.04
"1953-08-01 00:00:00",0.01,0.15,0.09,0.02,0.24,0.11,0.05,0.9,0.08,0.69,0.05,0.24,0.07,0.02,1.02,1.2,0.04,0.02,0.07,0.35,0.09,0.25,0.45,1.23,0.04,0.1,0.09,0.07,0.01,0.07,0.14,0.0,1.56,0.03,0.1,0.14,0.13,0.14,0.07,0.0,3.44,0.01,0.33,0.08
"1953-09-01 00:00:00",0.01,0.09,0.03,0.02,0.08,0.09,0.02,0.98,0.06,0.53,0.03,0.1,0.11,0.0,0.8,0.94,0.06,0.01,0.17,0.38,0.03,0.24,0.27,0.97,0.03,0.02,0.07,0.01,0.01,0.1,0.1,0.01,1.24,0.04,0.08,0.1,0.03,0.07,0.12,0.01,2.98,0.0,0.41,0.04
"1953-10-01 00:00:00",0.02,0.1,0.01,0.0,0.1,0.16,0.01,0.67,0.0,0.57,0.08,0.18,0.12,0.05,0.94,1.13,0.02,0.04,0.08,0.37,0.3,0.44,0.25,0.77,0.04,0.03,0.08,0.0,0.0,0.02,0.13,0.01,1.38,0.02,0.09,0.11,0.03,0.11,0.09,0.0,3.38,0.0,0.3,0.02
"1953-11-01 00:00:00",0.01,0.01,0.08,0.04,0.09,0.08,0.02,0.37,0.02,0.46,0.04,0.07,0.13,0.01,0.6,0.68,0.03,0.01,0.02,0.2,0.16,0.22,0.14,0.53,0.02,0.04,0.12,0.05,0.02,0.07,0.05,0.01,0.76,0.05,0.06,0.04,0.01,0.08,0.05,0.01,2.03,0.01,0.14,0.01
"1953-12-01 00:00:00",0.02,0.08,0.1,0.03,0.16,0.11,0.0,1.1,0.02,0.78,0.03,0.1,0.08,0.01,1.35,1.04,0.01,0.03,0.01,0.54,0.08,0.23,0.41,0.89,0.05,0.03,0.11,0.02,0.02,0.07,0.08,0.02,1.88,0.0,0.12,0.31,0.03,0.19,0.04,0.01,3.39,0.02,0.65,0.04
"1954-01-01 00:00:00",0.02,0.04,0.09,0.0,0.15,0.04,0.02,0.76,0.01,0.6,0.02,0.11,0.14,0.0,0.8,0.64,0.02,0.04,0.03,0.23,0.09,0.19,0.26,0.76,0.05,0.03,0.06,0.01,0.02,0.02,0.08,0.03,0.99,0.03,0.02,0.21,0.02,0.11,0.09,0.01,2.85,0.0,0.42,0.06
"1954-02-01 00:00:00",0.02,0.03,0.08,0.05,0.11,0.09,0.01,0.96,0.0,0.69,0.0,0.15,0.08,0.02,1.07,0.71,0.07,0.03,0.1,0.27,0.06,0.2,0.24,0.78,0.06,0.1,0.08,0.0,0.0,0.08,0.17,0.0,0.82,0.05,0.01,0.15,0.0,0.12,0.08,0.0,2.68,0.03,0.72,0.0
"1954-03-01 00:00:00",0.08,0.14,0.07,0.06,0.18,0.06,0.03,0.98,0.04,0.54,0.05,0.24,0.03,0.03,1.08,1.04,0.01,0.04,0.05,0.23,0.19,0.19,0.58,0.56,0.11,0.03,0.13,0.05,0.02,0.05,0.14,0.02,1.15,0.06,0.04,0.2,0.01,0.13,0.09,0.0,3.43,0.16,0.78,0.01
"1954-04-01 00:00:00",0.01,0.26,0.12,0.02,0.34,0.07,0.01,1.64,0.04,0.72,0.01,0.16,0.06,0.03,1.73,1.5,0.04,0.02,0.12,0.42,0.22,0.3,0.52,0.89,0.03,0.11,0.06,0.06,0.0,0.26,0.08,0.02,1.71,0.0,0.07,0.26,0.01,0.14,0.12,0.01,4.38,0.02,1.45,0.01
"1954-05-01 00:00:00",0.04,0.16,0.04,0.05,0.12,0.17,0.02,1.02,0.02,0.38,0.02,0.04,0.03,0.02,1.1,0.69,0.05,0.0,0.17,0.3,0.06,0.18,0.24,0.6,0.06,0.07,0.07,0.02,0.04,0.08,0.14,0.0,0.96,0.01,0.15,0.25,0.07,0.06,0.07,0.01,2.79,0.03,1.08,0.0
"1954-06-01 00:00:00",0.05,0.17,0.07,0.09,0.13,0.14,0.0,0.89,0.11,0.53,0.03,0.04,0.11,0.02,1.21,0.95,0.01,0.03,0.05,0.28,0.02,0.25,0.24,0.55,0.21,0.11,0.12,0.0,0.03,0.11,0.17,0.0,1.17,0.01,0.04,0.33,0.09,0.05,0.1,0.0,4.08,0.04,1.28,0.0
"1954-07-01 00:00:00",0.0,0.07,0.06,0.06,0.17,0.11,0.01,1.2,0.0,0.68,0.0,0.26,0.11,0.01,1.44,1.31,0.0,0.03,0.14,0.39,0.11,0.16,0.24,0.77,0.06,0.07,0.08,0.02,0.02,0.05,0.15,0.05,1.1,0.0,0.08,0.21,0.17,0.16,0.16,0.01,3.79,0.0,1.28,0.0
"1954-08-01 00:00:00",0.03,0.09,0.28,0.09,0.12,0.02,0.02,0.73,0.01,0.74,0.02,0.17,0.04,0.02,0.91,0.98,0.02,0.03,0.03,0.17,0.1,0.26,0.32,0.53,0.05,0.03,0.2,0.03,0.0,0.16,0.09,0.03,0.97,0.02,0.02,0.12,0.04,0.09,0.23,0.0,2.78,0.0,0.51,0.02
"1954-09-01 00:00:00",0.01,0.27,0.37,0.03,0.2,0.01,0.04,0.85,0.06,0.73,0.03,0.08,0.05,0.01,0.86,0.93,0.07,0.04,0.1,0.22,0.05,0.26,0.44,0.43,0.06,0.01,0.21,0.07,0.02,0.29,0.09,0.02,0.89,0.01,0.04,0.2,0.04,0.04,0.39,0.02,2.63,0.01,0.42,0.05
"1954-10-01 00:00:00",0.01,0.07,0.22,0.03,0.23,0.06,0.02,0.38,0.0,0.56,0.03,0.13,0.03,0.01,0.63,0.7,0.03,0.03,0.04,0.2,0.15,0.2,0.12,0.29,0.02,0.0,0.17,0.02,0.0,0.12,0.08,0.02,0.81,0.01,0.03,0.07,0.06,0.09,0.13,0.01,2.08,0.01,0.22,0.02
"1954-11-01 00:00:00",0.01,0.14,0.16,0.01,0.15,0.05,0.0,0.81,0.01,0.69,0.02,0.23,0.04,0.09,1.01,0.93,0.07,0.08,0.08,0.2,0.13,0.17,0.31,0.43,0.01,0.03,0.11,0.02,0.03,0.11,0.11,0.05,1.18,0.01,0.06,0.15,0.2,0.05,0.33,0.03,2.9,0.0,0.4,0.05
"1954-12-01 00:00:00",0.03,0.07,0.12,0.04,0.16,0.05,0.0,0.88,0.01,0.78,0.03,0.07,0.06,0.05,0.87,0.88,0.03,0.06,0.15,0.24,0.04,0.16,0.22,0.55,0.03,0.04,0.17,0.05,0.0,0.11,0.05,0.01,1.12,0.01,0.03,0.14,0.04,0.05,0.24,0.01,2.85,0.01,0.37,0.04
"1955-01-01 00:00:00",0.02,0.11,0.08,0.09,0.11,0.05,0.01,1.18,0.01,0.54,0.01,0.18,0.06,0.04,0.64,0.82,0.04,0.03,0.08,0.31,0.04,0.22,0.53,0.64,0.12,0.07,0.15,0.06,0.02,0.23,0.06,0.03,1.14,0.03,0.08,0.19,0.0,0.14,0.96,0.01,3.37,0.07,0.29,0.0
"1955-02-01 00:00:00",0.02,0.18,0.02,0.07,0.11,0.02,0.07,1.7,0.02,0.5,0.04,0.2,0.04,0.03,0.57,1.32,0.07,0.0,0.1,0.4,0.07,0.08,0.44,0.75,0.08,0.09,0.04,0.06,0.07,0.29,0.02,0.03,1.76,0.02,0.03,0.48,0.03,0.12,1.6,0.01,3.84,0.01,0.38,0.02
"1955-03-01 00:00:00",0.04,0.06,0.07,0.03,0.31,0.09,0.01,1.25,0.0,0.77,0.03,0.31,0.03,0.13,0.85,1.47,0.1,0.03,0.13,0.33,0.28,0.21,0.49,0.56,0.05,0.08,0.08,0.04,0.0,0.21,0.13,0.0,1.49,0.03,0.11,0.31,0.01,0.19,0.93,0.04,3.96,0.0,0.39,0.02
"1955-04-01 00:00:00",0.01,0.07,0.05,0.01,0.08,0.05,0.0,1.15,0.0,0.51,0.01,0.19,0.03,0.02,0.8,0.66,0.06,0.07,0.26,0.46,0.21,0.06,0.44,0.45,0.05,0.02,0.11,0.01,0.01,0.19,0.05,0.0,0.98,0.04,0.02,0.17,0.07,0.17,0.85,0.0,3.35,0.0,0.55,0.04
"1955-05-01 00:00:00",0.02,0.01,0.03,0.0,0.11,0.1,0.0,0.74,0.0,0.62,0.03,0.04,0.05,0.05,0.83,0.81,0.03,0.05,0.07,0.17,0.05,0.12,0.19,0.32,0.01,0.03,0.05,0.03,0.0,0.05,0.16,0.01,1.17,0.0,0.04,0.12,0.04,0.05,0.38,0.01,2.78,0.0,0.38,0.0
"1955-06-01 00:00:00",0.13,0.07,0.04,0.01,0.13,0.05,0.03,0.7,0.02,0.61,0.03,0.09,0.03,0.03,0.79,0.79,0.07,0.07,0.07,0.27,0.14,0.21,0.29,0.35,0.02,0.03,0.06,0.02,0.01,0.06,0.18,0.01,1.33,0.02,0.02,0.03,0.03,0.05,0.31,0.0,2.83,0.01,0.33,0.0
"1955-07-01 00:00:00",0.06,0.02,0.09,0.02,0.14,0.21,0.02,0.5,0.01,0.67,0.01,0.11,0.03,0.05,0.73,0.87,0.05,0.04,0.05,0.28,0.07,0.14,0.35,0.33,0.02,0.02,0.06,0.05,0.02,0.07,0.19,0.04,1.39,0.01,0.07,0.07,0.04,0.09,0.23,0.01,2.79,0.01,0.32,0.01
"1955-08-01 00:00:00",0.0,0.01,0.07,0.01,0.2,0.22,0.01,0.54,0.0,0.44,0.04,0.27,0.01,0.0,0.72,1.02,0.05,0.04,0.03,0.21,0.17,0.09,0.23,0.61,0.02,0.01,0.03,0.01,0.0,0.03,0.28,0.01,0.98,0.03,0.16,0.1,0.08,0.07,0.21,0.02,2.76,0.0,0.18,0.0
"1955-09-01 00:00:00",0.35,0.04,0.05,0.08,0.28,0.03,0.15,0.21,0.02,0.42,0.0,0.28,0.07,0.12,0.83,0.72,0.03,0.07,0.03,0.17,0.36,0.15,0.25,0.2,0.03,0.0,0.02,0.02,0.09,0.07,0.13,0.05,1.0,0.04,0.02,0.09,0.07,0.1,0.07,0.01,2.6,0.0,0.08,0.0
"1955-10-01 00:00:00",0.07,0.09,0.09,0.02,0.23,0.05,0.02,0.24,0.0,0.44,0.01,0.64,0.26,0.02,1.08,1.04,0.0,0.0,0.03,0.17,0.56,0.09,0.17,0.21,0.02,0.0,0.09,0.03,0.0,0.05,0.08,0.06,1.18,0.14,0.05,0.05,0.11,0.2,0.05,0.03,2.59,0.01,0.06,0.06
"1955-11-01 00:00:00",0.06,0.07,0.05,0.11,0.14,0.19,0.01,0.32,0.02,0.58,0.02,0.75,0.13,0.01,0.67,1.0,0.0,0.04,0.03,0.31,0.7,0.08,0.13,0.19,0.05,0.05,0.07,0.04,0.04,0.03,0.04,0.04,1.28,0.05,0.03,0.1,0.03,0.13,0.07,0.01,2.68,0.01,0.08,0.0
"1955-12-01 00:00:00",0.0,0.07,0.05,0.03,0.21,0.06,0.02,0.35,0.0,0.64,0.03,0.34,0.11,0.05,0.83,0.92,0.01,0.07,0.04,0.31,0.4,0.14,0.24,0.32,0.02,0.04,0.07,0.03,0.01,0.06,0.1,0.12,1.17,0.06,0.02,0.05,0.05,0.14,0.15,0.02,2.62,0.0,0.15,0.0
"1956-01-01 00:00:00",0.03,0.08,0.06,0.04,0.19,0.03,0.03,0.74,0.01,0.51,0.02,0.56,0.1,0.04,0.71,1.05,0.04,0.04,0.09,0.38,0.62,0.11,0.24,0.42,0.02,0.03,0.06,0.05,0.08,0.08,0.15,0.04,1.5,0.14,0.01,0.1,0.05,0.15,0.49,0.04,3.45,0.03,0.23,0.0
"1956-02-01 00:00:00",0.02,0.14,0.1,0.15,0.16,0.09,0.02,0.55,0.01,0.72,0.04,0.76,0.12,0.1,1.19,1.65,0.0,0.05,0.09,0.42,0.94,0.24,0.3,0.29,0.07,0.16,0.12,0.05,0.08,0.09,0.13,0.07,1.94,0.48,0.1,0.1,0.07,0.24,0.21,0.02,3.94,0.01,0.03,0.02
"1956-03-01 00:00:00",0.06,0.12,0.08,0.03,0.29,0.04,0.02,0.33,0.0,0.39,0.01,0.72,0.04,0.02,1.11,1.5,0.01,0.0,0.02,0.34,0.81,0.19,0.23,0.2,0.06,0.02,0.02,0.06,0.03,0.11,0.08,0.05,1.52,0.29,0.05,0.15,0.17,0.33,0.15,0.01,3.22,0.0,0.08,0.01
"1956-04-01 00:00:00",0.04,0.05,0.07,0.03,0.27,0.04,0.0,0.37,0.0,0.51,0.03,0.87,0.07,0.01,1.12,1.29,0.0,0.06,0.05,0.2,0.87,0.26,0.19,0.3,0.06,0.06,0.04,0.02,0.03,0.06,0.04,0.04,1.6,0.15,0.05,0.06,0.08,0.17,0.12,0.0,2.96,0.01,0.13,0.03
"1956-05-01 00:00:00",0.02,0.05,0.07,0.0,0.21,0.03,0.0,0.44,0.02,0.5,0.02,0.28,0.03,0.05,0.99,0.9,0.03,0.07,0.09,0.15,0.27,0.17,0.18,0.35,0.04,0.0,0.05,0.05,0.02,0.01,0.14,0.02,1.55,0.08,0.05,0.02,0.11,0.09,0.06,0.0,2.64,0.01,0.13,0.0
"1956-06-01 00:00:00",0.07,0.09,0.04,0.01,0.12,0.13,0.0,0.34,0.02,0.43,0.01,0.3,0.05,0.02,0.72,0.83,0.01,0.04,0.05,0.19,0.12,0.09,0.3,0.42,0.02,0.07,0.07,0.04,0.01,0.05,0.25,0.06,1.18,0.06,0.13,0.05,0.08,0.16,0.09,0.01,2.75,0.01,0.13,0.03
"1956-07-01 00:00:00",0.0,0.04,0.08,0.0,0.26,0.03,0.0,0.38,0.01,0.73,0.0,0.56,0.07,0.05,0.84,1.01,0.02,0.08,0.06,0.38,0.38,0.18,0.29,0.18,0.03,0.02,0.1,0.0,0.03,0.02,0.2,0.03,1.39,0.02,0.03,0.05,0.08,0.12,0.08,0.02,2.94,0.01,0.08,0.03
"1956-08-01 00:00:00",0.01,0.2,0.09,0.02,0.1,0.04,0.01,0.47,0.02,0.55,0.06,1.65,0.24,0.04,1.51,1.81,0.07,0.1,0.22,0.81,0.46,0.27,0.34,0.32,0.02,0.02,0.16,0.1,0.02,0.04,0.06,0.05,1.32,0.06,0.12,0.08,0.09,0.48,0.14,0.0,3.09,0.05,0.06,0.01
"1956-09-01 00:00:00",0.05,0.4,0.15,0.04,0.16,0.07,0.01,0.33,0.01,0.44,0.08,1.5,0.17,0.0,1.39,1.61,0.02,0.05,0.14,0.55,0.43,0.26,0.22,0.21,0.08,0.01,0.14,0.1,0.05,0.04,0.04,0.04,1.2,0.1,0.16,0.05,0.04,0.29,0.09,0.02,3.01,0.05,0.13,0.05
"1956-10-01 00:00:00",0.0,0.08,0.07,0.01,0.1,0.02,0.01,0.15,0.0,0.53,0.02,1.2,0.05,0.04,1.04,1.29,0.02,0.59,0.09,0.28,0.89,0.11,0.1,0.22,0.06,0.01,0.08,0.02,0.04,0.01,0.73,0.01,1.94,0.08,0.02,0.04,0.11,0.12,0.08,0.0,3.74,0.01,0.12,0.01
"1956-11-01 00:00:00",0.04,0.37,0.18,0.02,0.56,0.39,0.02,0.54,0.1,0.74,0.17,3.77,0.1,0.06,3.33,3.59,0.01,1.88,0.22,0.72,2.94,0.44,0.14,0.4,0.06,0.02,0.25,0.3,0.11,0.03,0.72,0.01,3.39,0.23,0.15,0.09,0.11,0.33,0.06,0.02,5.65,0.04,0.1,0.08
"1956-12-01 00:00:00",0.06,0.12,0.14,0.02,0.2,0.12,0.02,0.29,0.02,0.59,0.08,1.46,0.06,0.05,1.51,1.58,0.03,1.26,0.08,0.31,0.71,0.3,0.15,0.1,0.11,0.02,0.16,0.13,0.03,0.04,0.33,0.04,1.86,0.08,0.08,0.09,0.08,0.34,0.14,0.05,3.49,0.02,0.04,0.03
"1957-01-01 00:00:00",0.02,0.17,0.04,0.07,0.38,0.06,0.03,0.32,0.05,0.54,0.06,1.71,0.02,0.03,1.33,1.53,0.02,0.76,0.15,0.44,1.24,0.2,0.29,0.36,0.04,0.01,0.1,0.16,0.01,0.05,0.27,0.03,1.99,0.27,0.09,0.07,0.08,0.32,0.17,0.02,3.82,0.02,0.12,0.04
"1957-02-01 00:00:00",0.04,0.12,0.08,0.1,0.37,0.02,0.01,0.27,0.06,0.63,0.03,2.08,0.11,0.02,1.3,1.56,0.03,0.67,0.11,0.42,1.93,0.27,0.15,0.26,0.03,0.0,0.11,0.12,0.02,0.1,0.14,0.02,1.59,0.24,0.08,0.14,0.03,0.27,0.06,0.01,4.19,0.01,0.06,0.04
"1957-03-01 00:00:00",0.03,0.21,0.06,0.03,0.18,0.02,0.01,0.25,0.03,0.41,0.07,1.05,0.05,0.08,0.84,1.27,0.0,0.31,0.18,0.19,0.88,0.13,0.25,0.13,0.05,0.08,0.1,0.21,0.0,0.08,0.17,0.0,1.01,0.13,0.07,0.1,0.04,0.18,0.1,0.01,2.68,0.0,0.08,0.0
"1957-04-01 00:00:00",0.04,0.11,0.08,0.01,0.21,0.06,0.03,0.29,0.01,0.9,0.22,1.01,0.09,0.04,0.99,1.74,0.03,0.31,0.1,0.23,0.71,0.21,0.44,0.3,0.07,0.01,0.25,0.32,0.0,0.0,0.16,0.01,1.77,0.3,0.08,0.06,0.04,0.24,0.05,0.01,3.31,0.0,0.04,0.02
"1957-05-01 00:00:00",0.03,0.06,0.09,0.03,0.31,0.04,0.01,0.55,0.06,0.79,0.09,0.29,0.09,0.05,0.85,1.56,0.03,0.21,0.08,0.16,0.16,0.22,0.4,0.25,0.09,0.01,0.14,0.16,0.01,0.05,0.21,0.03,1.77,0.07,0.03,0.09,0.0,0.11,0.11,0.02,3.48,0.0,0.2,0.02
"1957-06-01 00:00:00",0.01,0.13,0.04,0.04,0.28,0.06,0.01,0.55,0.01,0.6,0.05,0.28,0.07,0.18,0.9,1.34,0.03,0.36,0.01,0.16,0.15,0.12,0.56,0.55,0.02,0.0,0.04,0.07,0.02,0.1,0.2,0.04,1.6,0.04,0.05,0.12,0.24,0.04,0.17,0.02,3.42,0.01,0.1,0.0
"1957-07-01 00:00:00",0.04,0.1,0.03,0.03,0.43,0.02,0.0,0.41,0.0,0.74,0.07,0.33,0.05,0.05,0.79,1.4,0.07,0.17,0.02,0.22,0.19,0.15,0.27,0.15,0.01,0.01,0.09,0.01,0.01,0.04,0.26,0.02,1.53,0.16,0.04,0.03,0.13,0.07,0.03,0.03,3.22,0.02,0.04,0.01
"1957-08-01 00:00:00",0.01,0.05,0.06,0.01,0.32,0.06,0.01,0.28,0.0,0.52,0.04,0.45,0.08,0.02,0.68,1.33,0.01,0.21,0.1,0.27,0.15,0.12,0.22,0.17,0.04,0.05,0.08,0.03,0.0,0.01,0.16,0.01,1.31,0.21,0.01,0.09,0.04,0.12,0.01,0.0,2.82,0.0,0.05,0.0
"1957-09-01 00:00:00",0.04,0.14,0.04,0.01,0.19,0.03,0.0,0.16,0.02,0.37,0.02,0.52,0.07,0.04,0.68,0.86,0.0,0.25,0.02,0.21,0.39,0.12,0.14,0.14,0.04,0.08,0.05,0.1,0.0,0.08,0.11,0.01,1.48,0.17,0.05,0.1,0.15,0.49,0.03,0.01,2.75,0.01,0.05,0.0
"1957-10-01 00:00:00",0.05,0.1,0.09,0.03,0.34,0.02,0.0,0.31,0.01,0.53,0.05,0.64,0.14,0.08,0.8,1.38,0.03,0.22,0.09,0.33,0.34,0.27,0.32,0.23,0.04,0.04,0.1,0.09,0.02,0.06,0.19,0.01,2.57,0.28,0.05,0.11,0.07,0.9,0.06,0.02,3.8,0.01,0.04,0.02
"1957-11-01 00:00:00",0.11,0.13,0.25,0.09,0.3,0.04,0.01,0.22,0.02,0.56,0.03,0.39,0.13,0.14,1.19,1.24,0.02,0.12,0.14,0.3,0.2,0.24,0.26,0.26,0.13,0.07,0.21,0.1,0.01,0.06,0.14,0.01,2.26,0.09,0.08,0.08,0.32,0.41,0.02,0.07,3.5,0.01,0.05,0.02
"1957-12-01 00:00:00",0.0,0.07,0.19,0.0,0.35,0.06,0.0,0.21,0.01,1.19,0.16,0.27,0.19,0.07,1.9,1.47,0.01,0.14,0.29,0.28,0.25,0.29,0.12,0.11,0.03,0.01,0.36,0.34,0.01,0.02,0.44,0.11,2.31,0.04,0.07,0.1,0.21,0.23,0.02,0.01,3.62,0.0,0.03,0.05
"1958-01-01 00:00:00",0.06,0.11,0.06,0.02,0.17,0.05,0.0,0.21,0.05,0.65,0.08,0.21,0.09,0.11,0.85,1.14,0.02,0.08,0.12,0.28,0.12,0.18,0.12,0.18,0.06,0.01,0.13,0.07,0.01,0.01,0.4,0.02,1.96,0.0,0.13,0.16,0.12,0.24,0.03,0.01,3.51,0.19,0.02,0.03
"1958-02-01 00:00:00",0.03,0.1,0.06,0.01,0.09,0.02,0.01,0.31,0.01,0.68,0.07,0.33,0.02,0.08,1.18,1.2,0.02,0.16,0.47,0.13,0.17,0.16,0.38,0.33,0.02,0.02,0.2,0.08,0.01,0.02,0.52,0.0,1.8,0.06,0.07,0.24,0.63,0.16,0.02,0.0,3.79,0.01,0.06,0.0
"1958-03-01 00:00:00",0.04,0.13,0.06,0.03,0.19,0.08,0.01,0.19,0.02,0.67,0.09,0.24,0.07,0.04,0.76,1.14,0.01,0.04,0.72,0.18,0.1,0.16,0.2,0.17,0.07,0.04,0.3,0.02,0.02,0.15,0.2,0.0,1.63,0.05,0.06,0.28,0.24,0.09,0.05,0.0,3.71,0.01,0.02,0.03
"1958-04-01 00:00:00",0.07,0.13,0.11,0.04,0.36,0.07,0.02,0.26,0.04,0.78,0.15,0.16,0.06,0.1,1.01,1.61,0.0,0.29,0.54,0.18,0.07,0.2,0.29,0.07,0.1,0.02,0.15,0.17,0.02,0.07,0.32,0.03,2.57,0.01,0.14,0.18,0.11,0.07,0.03,0.0,4.62,0.02,0.01,0.03
"1958-05-01 00:00:00",0.05,0.06,0.05,0.03,0.17,0.04,0.0,0.39,0.07,0.58,0.28,0.41,0.08,0.1,1.32,1.18,0.01,0.1,0.43,0.16,0.08,0.17,0.12,0.12,0.06,0.0,0.12,0.08,0.04,0.12,0.41,0.02,1.6,0.03,0.17,0.09,0.36,0.07,0.09,0.01,3.94,0.11,0.07,0.01
"1958-06-01 00:00:00",0.01,0.03,0.03,0.01,0.25,0.09,0.02,0.19,0.02,0.38,0.04,0.61,0.01,0.05,1.02,1.03,0.01,0.21,0.26,0.2,0.15,0.08,0.11,0.09,0.01,0.02,0.1,0.04,0.0,0.05,0.26,0.01,1.37,0.05,0.06,0.05,0.27,0.21,0.02,0.0,3.28,0.0,0.05,0.0
"1958-07-01 00:00:00",0.03,0.13,0.04,0.05,0.58,0.14,0.01,0.63,0.1,0.7,0.03,1.57,0.08,0.08,1.65,2.48,0.01,0.24,0.22,0.61,0.55,0.23,0.39,0.25,0.04,0.01,0.12,0.04,0.01,0.03,0.35,0.01,2.66,0.1,0.26,0.11,0.13,0.86,0.07,0.01,5.43,0.04,0.11,0.0
"1958-08-01 00:00:00",0.02,0.18,0.07,0.1,0.21,0.11,0.03,1.19,0.05,0.27,0.06,0.67,0.01,0.08,0.9,1.67,0.05,0.14,0.17,0.34,0.36,0.16,0.33,0.32,0.06,0.03,0.05,0.1,0.03,0.08,0.2,0.01,2.23,0.1,0.05,0.1,0.08,0.25,0.7,0.02,4.17,0.06,0.14,0.04
"1958-09-01 00:00:00",0.05,0.09,0.03,0.01,0.08,0.05,0.01,2.57,0.0,0.32,0.05,0.37,0.05,0.04,0.78,1.15,0.14,0.1,0.09,0.25,0.09,0.09,0.32,0.44,0.05,0.04,0.05,0.01,0.01,0.15,0.73,0.01,1.49,0.0,0.02,0.14,0.12,0.05,2.37,0.0,4.66,0.05,0.08,0.02
"1958-10-01 00:00:00",0.03,0.09,0.03,0.02,0.11,0.06,0.0,1.22,0.02,0.39,0.04,0.29,0.04,0.04,0.51,1.17,0.05,0.12,0.06,0.27,0.1,0.2,0.23,0.19,0.05,0.02,0.06,0.04,0.03,0.11,0.3,0.0,1.17,0.04,0.06,0.15,0.08,0.1,0.96,0.01,3.48,0.01,0.08,0.02
"1958-11-01 00:00:00",0.12,0.05,0.06,0.03,0.18,0.09,0.0,0.47,0.0,0.97,0.06,0.21,0.04,0.09,1.06,1.44,0.01,0.07,0.06,0.1,0.11,0.34,0.18,0.11,0.05,0.04,0.04,0.1,0.0,0.02,0.56,0.01,1.79,0.01,0.08,0.02,0.09,0.11,0.26,0.0,3.33,0.01,0.05,0.01
"1958-12-01 00:00:00",0.14,0.01,0.06,0.0,0.19,0.06,0.0,0.33,0.04,1.23,0.04,0.18,0.07,0.06,1.06,1.24,0.04,0.14,0.08,0.12,0.12,0.23,0.17,0.1,0.15,0.03,0.08,0.07,0.03,0.01,0.34,0.03,1.8,0.01,0.07,0.14,0.04,0.04,0.04,0.0,3.17,0.01,0.0,0.01
"1959-01-01 00:00:00",0.18,0.04,0.06,0.02,0.1,0.02,0.02,0.28,0.0,0.8,0.02,0.15,0.06,0.05,0.69,0.81,0.0,0.11,0.05,0.12,0.04,0.15,0.02,0.09,0.09,0.01,0.09,0.01,0.02,0.01,0.18,0.01,1.38,0.01,0.03,0.02,0.02,0.04,0.07,0.02,2.62,0.05,0.02,0.01
"1959-02-01 00:00:00",0.04,0.07,0.02,0.0,0.13,0.07,0.0,0.15,0.0,0.94,0.0,0.08,0.06,0.06,0.51,1.04,0.0,0.03,0.06,0.09,0.0,0.07,0.14,0.15,0.07,0.01,0.06,0.02,0.0,0.03,0.08,0.02,1.66,0.01,0.01,0.04,0.06,0.11,0.08,0.03,2.56,0.02,0.02,0.01
"1959-03-01 00:00:00",0.0,0.06,0.05,0.0,0.1,0.02,0.0,0.28,0.0,1.95,0.0,0.24,0.02,0.06,1.1,1.34,0.03,0.11,0.09,0.21,0.07,0.18,0.06,0.15,0.05,0.0,0.02,0.0,0.0,0.0,0.37,0.02,2.19,0.01,0.0,0.05,0.02,0.12,0.08,0.01,3.39,0.02,0.02,0.01
"1959-04-01 00:00:00",0.03,0.02,0.03,0.15,0.12,0.05,0.01,0.29,0.02,0.98,0.03,0.16,0.04,0.04,0.66,1.0,0.01,0.1,0.03,0.22,0.06,0.21,0.09,0.04,0.05,0.0,0.09,0.04,0.03,0.05,0.14,0.0,1.35,0.0,0.01,0.02,0.04,0.09,0.06,0.01,2.83,0.02,0.02,0.01
"1959-05-01 00:00:00",0.08,0.01,0.08,0.05,0.09,0.12,0.02,0.24,0.03,1.26,0.05,0.12,0.04,0.07,0.84,1.12,0.01,0.16,0.06,0.18,0.02,0.26,0.17,0.11,0.05,0.0,0.09,0.05,0.0,0.02,0.26,0.0,1.7,0.0,0.01,0.01,0.03,0.12,0.08,0.02,3.02,0.01,0.06,0.0
"1959-06-01 00:00:00",0.12,0.12,0.07,0.08,0.1,0.17,0.0,0.25,0.03,1.17,0.02,0.09,0.03,0.1,1.07,1.25,0.0,0.08,0.02,0.11,0.02,0.25,0.13,0.13,0.07,0.01,0.07,0.03,0.02,0.0,0.07,0.02,1.62,0.0,0.08,0.03,0.05,0.04,0.04,0.0,3.23,0.09,0.02,0.0
"1959-07-01 00:00:00",0.08,0.06,0.04,0.03,0.17,0.06,0.03,0.26,0.02,1.0,0.04,0.15,0.02,0.06,0.88,0.88,0.0,0.06,0.03,0.07,0.09,0.17,0.16,0.08,0.08,0.0,0.1,0.04,0.03,0.03,0.2,0.02,1.39,0.02,0.04,0.02,0.08,0.15,0.06,0.01,2.88,0.11,0.03,0.02
"1959-08-01 00:00:00",0.07,0.04,0.12,0.11,0.24,0.01,0.16,0.61,0.09,0.86,0.03,0.13,0.03,0.04,0.99,1.03,0.06,0.13,0.05,0.38,0.05,0.15,0.17,0.15,0.04,0.03,0.06,0.01,0.05,0.01,0.27,0.02,1.61,0.0,0.02,0.17,0.04,0.09,0.05,0.04,3.08,0.13,0.41,0.01
"1959-09-01 00:00:00",0.16,0.05,0.03,0.02,0.11,0.03,0.01,0.68,0.01,0.65,0.01,0.19,0.03,0.03,0.72,0.75,0.05,0.14,0.02,0.46,0.06,0.18,0.24,0.18,0.02,0.01,0.03,0.01,0.01,0.06,0.24,0.0,1.29,0.03,0.01,0.37,0.11,0.04,0.07,0.03,2.68,0.02,0.55,0.01
"1959-10-01 00:00:00",0.06,0.07,0.05,0.0,0.07,0.04,0.01,0.54,0.01,0.6,0.03,0.1,0.05,0.05,0.66,0.78,0.01,0.03,0.07,0.22,0.09,0.19,0.15,0.08,0.06,0.04,0.04,0.01,0.02,0.03,0.15,0.01,1.1,0.01,0.08,0.03,0.07,0.11,0.14,0.0,2.38,0.07,0.15,0.0
"1959-11-01 00:00:00",0.04,0.06,0.21,0.04,0.12,0.05,0.03,0.54,0.01,0.44,0.02,0.1,0.1,0.06,0.85,0.89,0.01,0.04,0.06,0.35,0.11,0.21,0.13,0.13,0.06,0.01,0.12,0.03,0.11,0.01,0.08,0.03,1.17,0.04,0.07,0.06,0.09,0.1,0.11,0.0,2.41,0.02,0.08,0.04
"1959-12-01 00:00:00",0.17,0.04,0.12,0.08,0.11,0.05,0.0,0.31,0.01,0.53,0.02,0.14,0.07,0.02,0.79,0.73,0.01,0.09,0.04,0.32,0.09,0.23,0.09,0.06,0.05,0.01,0.07,0.04,0.02,0.02,0.04,0.03,1.02,0.02,0.03,0.03,0.07,0.09,0.06,0.03,2.3,0.03,0.0,0.0
"1960-01-01 00:00:00",0.01,0.04,0.06,0.02,0.11,0.04,0.0,0.19,0.0,0.33,0.0,0.09,0.09,0.04,0.63,0.52,0.01,0.04,0.02,0.11,0.06,0.09,0.17,0.1,0.03,0.0,0.02,0.01,0.0,0.0,0.01,0.02,1.02,0.0,0.03,0.07,0.08,0.03,0.03,0.0,2.18,0.07,0.03,0.03
"1960-02-01 00:00:00",0.14,0.06,0.06,0.06,0.13,0.02,0.03,0.25,0.01,0.66,0.01,0.36,0.12,0.07,1.15,0.99,0.02,0.06,0.06,0.17,0.37,0.23,0.22,0.17,0.09,0.01,0.04,0.03,0.03,0.02,0.14,0.01,1.51,0.06,0.06,0.06,0.09,0.08,0.08,0.01,3.02,0.01,0.07,0.01
"1960-03-01 00:00:00",0.11,0.04,0.04,0.01,0.23,0.09,0.02,0.22,0.0,0.66,0.02,0.09,0.13,0.04,1.08,1.05,0.0,0.06,0.07,0.17,0.11,0.24,0.06,0.11,0.06,0.0,0.02,0.02,0.0,0.02,0.23,0.04,1.53,0.0,0.0,0.06,0.06,0.04,0.03,0.01,2.64,0.01,0.02,0.13
"1960-04-01 00:00:00",0.08,0.03,0.02,0.04,0.28,0.05,0.08,0.42,0.1,0.96,0.01,0.15,0.08,0.04,1.34,1.14,0.01,0.06,0.1,0.25,0.09,0.25,0.2,0.13,0.07,0.03,0.05,0.03,0.03,0.03,0.15,0.02,1.71,0.0,0.02,0.07,0.12,0.14,0.06,0.02,3.03,0.1,0.04,0.17
"1960-05-01 00:00:00",0.21,0.08,0.09,0.05,0.18,0.05,0.03,0.49,0.01,1.06,0.05,0.13,0.07,0.04,1.71,1.12,0.03,0.05,0.08,0.24,0.07,0.14,0.29,0.24,0.04,0.07,0.04,0.11,0.03,0.05,0.14,0.13,2.36,0.03,0.06,0.09,0.17,0.29,0.07,0.04,3.41,0.03,0.08,0.09
"1960-06-01 00:00:00",0.09,0.05,0.01,0.02,0.2,0.03,0.02,0.83,0.0,0.35,0.01,0.08,0.07,0.03,0.92,0.71,0.02,0.08,0.08,0.3,0.04,0.21,0.75,0.33,0.07,0.01,0.03,0.05,0.01,0.21,0.17,0.0,1.71,0.0,0.01,0.14,0.08,0.12,0.21,0.0,2.9,0.03,0.1,0.02
"1960-07-01 00:00:00",0.14,0.0,0.53,0.04,0.15,0.05,0.05,0.37,0.04,0.42,0.05,0.1,0.04,0.03,0.67,0.83,0.01,0.05,0.06,0.14,0.07,0.31,0.24,0.14,0.14,0.02,0.05,0.06,0.1,0.02,0.12,0.05,1.41,0.01,0.13,0.1,0.24,0.07,0.04,0.01,2.5,0.16,0.02,0.05
"1960-08-01 00:00:00",0.12,0.03,0.68,0.1,0.19,0.04,0.1,0.52,0.17,0.36,0.0,0.17,0.04,0.06,0.52,0.53,0.03,0.11,0.1,0.23,0.07,0.08,0.11,0.16,0.19,0.01,0.03,0.02,0.01,0.07,0.09,0.04,1.55,0.0,0.26,0.22,0.13,0.05,0.04,0.0,3.22,0.25,0.11,0.05
"1960-09-01 00:00:00",0.09,0.05,0.34,0.03,0.17,0.06,0.03,0.61,0.06,0.62,0.07,0.29,0.1,0.03,0.74,0.79,0.02,0.13,0.12,0.33,0.06,0.2,0.13,0.24,0.07,0.03,0.05,0.05,0.02,0.03,0.18,0.04,1.73,0.01,0.14,0.25,0.1,0.08,0.03,0.03,2.93,0.11,0.17,0.05
"1960-10-01 00:00:00",0.11,0.06,0.14,0.09,0.12,0.06,0.04,0.59,0.07,0.46,0.02,0.14,0.05,0.04,0.68,0.8,0.0,0.1,0.11,0.26,0.05,0.12,0.13,0.2,0.07,0.03,0.09,0.07,0.02,0.04,0.09,0.03,1.6,0.02,0.01,0.21,0.01,0.03,0.24,0.02,3.09,0.1,0.12,0.01
"1960-11-01 00:00:00",0.08,0.04,0.21,0.08,0.17,0.03,0.03,0.53,0.02,0.35,0.02,0.06,0.06,0.05,0.73,0.8,0.01,0.03,0.04,0.25,0.05,0.14,0.11,0.11,0.04,0.03,0.05,0.06,0.0,0.03,0.1,0.01,1.23,0.02,0.04,0.17,0.13,0.08,0.12,0.0,2.99,0.05,0.3,0.03
"1960-12-01 00:00:00",0.1,0.04,0.28,0.13,0.22,0.03,0.02,0.46,0.02,0.44,0.04,0.16,0.11,0.05,0.96,0.78,0.04,0.05,0.11,0.27,0.16,0.15,0.09,0.18,0.08,0.0,0.08,0.11,0.02,0.04,0.15,0.07,1.32,0.01,0.06,0.13,0.05,0.04,0.07,0.0,2.79,0.1,0.22,0.05
"1961-01-01 00:00:00",0.03,0.03,0.3,0.06,0.24,0.07,0.01,0.64,0.02,0.29,0.0,0.21,0.13,0.01,0.66,0.58,0.01,0.04,0.1,0.27,0.09,0.13,0.11,0.17,0.06,0.03,0.12,0.01,0.07,0.06,0.15,0.09,1.38,0.01,0.06,0.26,0.13,0.05,0.06,0.0,2.94,0.05,0.45,0.04
"1961-02-01 00:00:00",0.04,0.06,0.51,0.19,0.19,0.02,0.0,0.38,0.02,0.21,0.03,0.39,0.12,0.04,0.55,0.61,0.01,0.03,0.04,0.34,0.07,0.11,0.06,0.17,0.03,0.06,0.04,0.06,0.03,0.02,0.08,0.21,1.13,0.01,0.06,0.1,0.11,0.08,0.04,0.0,2.55,0.03,0.1,0.06
"1961-03-01 00:00:00",0.03,0.21,0.3,0.04,0.15,0.1,0.09,0.71,0.0,0.34,0.01,0.13,0.06,0.01,0.83,1.06,0.03,0.05,0.05,0.5,0.04,0.12,0.1,0.17,0.05,0.14,0.07,0.02,0.04,0.18,0.22,0.21,1.6,0.02,0.02,0.55,0.13,0.11,0.1,0.01,3.17,0.01,0.4,0.13
"1961-04-01 00:00:00",0.09,0.07,0.29,0.13,0.26,0.1,0.04,0.58,0.07,0.53,0.02,0.18,0.17,0.06,1.08,1.19,0.01,0.09,0.12,0.54,0.06,0.13,0.07,0.13,0.2,0.05,0.11,0.06,0.04,0.1,0.23,0.28,2.04,0.02,0.12,0.31,0.18,0.05,0.05,0.01,4.43,0.09,0.56,0.14
"1961-05-01 00:00:00",0.06,0.07,0.16,0.1,0.32,0.16,0.04,0.68,0.03,0.64,0.02,0.06,0.1,0.03,1.21,0.97,0.03,0.03,0.03,0.38,0.03,0.1,0.14,0.26,0.12,0.06,0.11,0.35,0.03,0.07,0.22,0.31,1.88,0.0,0.07,0.32,0.09,0.15,0.04,0.02,3.81,0.07,0.62,0.08
"1961-06-01 00:00:00",0.06,0.06,0.09,0.11,0.23,0.26,0.09,0.58,0.08,1.46,0.01,0.12,0.05,0.07,1.17,1.14,0.05,0.02,0.04,0.26,0.05,0.21,0.25,0.12,0.12,0.0,0.06,0.01,0.04,0.01,0.3,0.1,2.16,0.02,0.01,0.07,0.03,0.04,0.03,0.0,3.74,0.16,0.31,0.05
"1961-07-01 00:00:00",0.0,0.06,0.03,0.0,0.14,0.11,0.04,0.4,0.03,2.3,0.02,0.38,0.04,0.03,1.66,1.53,0.03,0.05,0.04,0.3,0.05,0.25,0.23,0.35,0.04,0.02,0.07,0.03,0.01,0.05,0.22,0.14,2.25,0.08,0.01,0.04,0.65,0.13,0.02,0.01,4.75,0.04,0.19,0.04
"1961-08-01 00:00:00",0.12,0.07,0.17,0.14,0.1,0.1,0.01,0.42,0.03,3.3,0.02,0.15,0.05,0.03,2.02,1.58,0.02,0.15,0.03,0.37,0.02,0.31,0.3,0.29,0.03,0.0,0.06,0.05,0.02,0.01,0.35,0.13,3.27,0.0,0.05,0.02,0.53,0.09,0.07,0.04,5.58,0.05,0.1,0.02
"1961-09-01 00:00:00",0.14,0.1,0.29,0.23,0.22,0.12,0.05,0.55,0.02,3.41,0.08,0.28,0.05,0.09,1.73,1.89,0.03,0.26,0.36,0.99,0.11,0.36,0.39,0.25,0.06,0.01,0.12,0.11,0.04,0.05,0.55,0.14,4.29,0.06,0.25,0.09,0.23,0.2,0.07,0.03,6.17,0.07,0.24,0.1
"1961-10-01 00:00:00",0.07,0.11,0.13,0.06,0.4,0.07,0.02,0.44,0.04,2.0,0.17,0.17,0.09,0.14,1.12,1.36,0.03,0.08,0.08,0.37,0.1,0.31,0.43,0.16,0.06,0.02,0.15,0.18,0.05,0.07,0.35,0.05,2.57,0.05,0.22,0.16,0.12,0.08,0.06,0.03,4.41,0.05,0.29,0.06
"1961-11-01 00:00:00",0.06,0.12,0.22,0.08,0.14,0.03,0.03,0.37,0.14,1.26,0.16,0.13,0.09,0.43,0.93,1.17,0.01,0.07,0.06,0.48,0.03,0.32,0.23,0.13,0.1,0.01,0.07,0.17,0.05,0.11,0.13,0.16,2.38,0.02,0.22,0.11,0.17,0.05,0.02,0.05,4.41,0.17,0.29,0.15
"1961-12-01 00:00:00",0.07,0.2,0.4,0.21,0.19,0.05,0.05,0.63,0.17,1.23,0.04,0.23,0.04,0.1,1.37,1.41,0.04,0.1,0.33,1.13,0.05,0.28,0.17,0.18,0.13,0.04,0.43,0.07,0.03,0.07,0.22,0.69,1.99,0.01,0.46,0.11,0.11,0.07,0.05,0.02,4.69,0.11,0.37,0.03
"1962-01-01 00:00:00",0.28,0.19,0.2,0.38,0.06,0.02,0.19,0.44,0.17,0.69,0.05,0.15,0.15,0.02,0.85,0.61,0.05,0.05,0.34,0.31,0.02,0.25,0.12,0.11,0.24,0.02,0.35,0.01,0.14,0.01,0.1,0.3,1.21,0.0,0.04,0.06,0.09,0.07,0.0,0.04,3.43,0.2,0.22,0.07
"1962-02-01 00:00:00",0.28,0.05,0.08,0.27,0.25,0.18,0.16,0.49,0.05,0.69,0.01,0.11,0.05,0.01,1.18,0.85,0.03,0.04,0.13,0.35,0.02,0.17,0.14,0.17,0.17,0.01,0.19,0.04,0.03,0.03,0.11,0.06,1.62,0.01,0.06,0.03,0.13,0.05,0.01,0.01,3.82,0.04,0.75,0.03
"1962-03-01 00:00:00",0.11,0.15,0.1,0.12,0.18,0.31,0.04,0.66,0.01,1.12,0.0,0.21,0.2,0.05,1.49,1.3,0.01,0.05,0.1,0.38,0.16,0.29,0.24,0.09,0.09,0.03,0.11,0.0,0.08,0.08,0.15,0.04,2.17,0.01,0.2,0.08,0.23,0.02,0.06,0.01,4.32,0.05,0.53,0.04
"1962-04-01 00:00:00",0.18,0.15,0.06,0.23,0.11,0.28,0.0,0.4,0.03,1.02,0.04,0.27,0.1,0.05,1.02,1.2,0.03,0.05,0.07,0.4,0.11,0.16,0.22,0.07,0.14,0.01,0.09,0.03,0.0,0.04,0.37,0.04,1.85,0.01,0.25,0.04,0.11,0.1,0.01,0.0,3.88,0.03,0.34,0.05
"1962-05-01 00:00:00",0.04,0.22,0.14,0.01,0.16,0.12,0.01,0.65,0.02,0.81,0.06,0.08,0.04,0.05,1.34,1.09,0.04,0.03,0.21,0.39,0.04,0.3,0.18,0.16,0.05,0.04,0.21,0.04,0.02,0.15,0.19,0.08,1.56,0.02,0.08,0.65,0.17,0.09,0.09,0.0,3.71,0.14,0.74,0.04
"1962-06-01 00:00:00",0.05,0.06,0.1,0.05,0.19,0.07,0.02,0.56,0.02,0.7,0.0,0.14,0.05,0.02,1.1,0.89,0.1,0.03,0.11,0.25,0.06,0.26,0.11,0.12,0.06,0.0,0.13,0.0,0.06,0.06,0.16,0.07,1.15,0.02,0.02,0.12,0.14,0.0,0.29,0.01,3.11,0.06,0.4,0.06
"1962-07-01 00:00:00",0.07,0.13,0.29,0.12,0.16,0.13,0.0,0.53,0.02,0.84,0.1,0.3,0.05,0.04,0.99,0.99,0.1,0.05,0.02,0.38,0.1,0.17,0.15,0.11,0.15,0.01,0.2,0.12,0.25,0.11,0.21,0.03,1.36,0.01,0.05,0.13,0.22,0.03,0.1,0.0,3.13,0.1,0.32,0.11
"1962-08-01 00:00:00",0.24,0.08,0.17,0.07,0.05,0.07,0.01,0.23,0.02,0.5,0.03,0.09,0.09,0.04,0.58,0.64,0.02,0.01,0.11,0.27,0.02,0.17,0.1,0.06,0.04,0.03,0.11,0.03,0.07,0.07,0.07,0.15,1.09,0.0,0.1,0.05,0.1,0.03,0.02,0.01,2.74,0.01,0.26,0.03
"1962-09-01 00:00:00",0.22,0.05,0.13,0.19,0.13,0.04,0.09,0.59,0.08,1.05,0.02,0.14,0.11,0.04,0.61,0.86,0.06,0.08,0.14,0.41,0.12,0.19,0.28,0.24,0.19,0.01,0.19,0.07,0.11,0.05,0.13,0.1,2.04,0.02,0.06,0.07,0.11,0.07,0.16,0.02,3.64,0.12,0.28,0.05
"1962-10-01 00:00:00",0.26,0.1,0.12,0.57,0.38,0.1,0.24,1.18,0.1,2.01,0.05,0.53,0.31,0.08,0.92,1.92,0.08,0.2,0.12,1.05,0.09,0.49,0.3,0.35,0.4,0.03,0.15,0.15,0.21,0.09,0.41,0.04,5.33,0.19,0.18,0.05,0.06,0.88,0.05,0.03,7.92,0.28,0.3,0.08
"1962-11-01 00:00:00",0.17,0.16,0.14,0.26,0.23,0.23,0.18,1.69,0.01,1.16,0.06,0.28,0.08,0.02,0.67,1.31,0.12,0.09,0.13,1.45,0.05,0.17,0.14,0.21,0.13,0.03,0.09,0.03,0.05,0.06,0.23,0.1,3.6,0.12,0.1,0.12,0.0,0.2,0.07,0.0,5.84,0.12,0.33,0.08
"1962-12-01 00:00:00",0.1,0.02,0.29,0.1,0.24,0.05,0.02,1.27,0.04,1.08,0.07,0.21,0.1,0.01,1.13,1.82,0.08,0.07,0.32,1.07,0.04,0.46,0.27,0.23,0.06,0.15,0.16,0.07,0.01,0.12,0.12,0.22,2.44,0.04,0.16,0.06,0.02,0.16,0.05,0.0,4.57,0.04,0.27,0.12
"1963-01-01 00:00:00",0.04,0.1,0.55,0.04,0.24,0.04,0.01,0.91,0.02,1.1,0.02,0.2,0.1,0.08,1.14,1.52,0.04,0.16,0.19,0.52,0.04,0.56,0.16,0.1,0.08,0.02,0.17,0.05,0.04,0.06,0.07,0.08,2.02,0.1,0.11,0.07,0.04,0.23,0.05,0.04,4.02,0.01,0.37,0.05
"1963-02-01 00:00:00",0.0,0.12,0.36,0.23,1.02,0.14,0.03,0.55,0.01,1.25,0.1,0.3,0.26,0.07,1.4,1.87,0.04,0.04,0.12,0.32,0.06,0.56,0.12,0.11,0.12,0.08,0.26,0.03,0.04,0.03,0.15,0.11,3.02,0.11,0.14,0.04,0.07,0.33,0.07,0.0,5.16,0.17,0.33,0.0
"1963-03-01 00:00:00",0.09,0.06,0.17,0.16,0.16,0.2,0.01,0.61,0.04,1.02,0.01,0.23,0.14,0.06,0.84,1.22,0.02,0.06,0.16,0.25,0.14,0.57,0.19,0.21,0.14,0.06,0.14,0.01,0.06,0.07,0.12,0.11,2.17,0.1,0.07,0.01,0.01,0.25,0.04,0.0,3.98,0.12,0.31,0.01
"1963-04-01 00:00:00",0.12,0.1,0.17,0.06,0.42,0.08,0.1,0.56,0.06,0.9,0.02,0.29,0.17,0.04,0.77,1.37,0.02,0.03,0.09,0.39,0.16,0.38,0.12,0.08,0.08,0.06,0.11,0.03,0.05,0.06,0.26,0.07,2.07,0.08,0.03,0.18,0.01,0.08,0.01,0.03,3.98,0.1,0.46,0.03
"1963-05-01 00:00:00",0.03,0.05,0.13,0.1,0.47,0.05,0.06,0.46,0.1,0.57,0.02,0.28,0.02,0.02,0.73,1.18,0.04,0.03,0.15,0.25,0.23,0.27,0.14,0.13,0.07,0.09,0.16,0.04,0.04,0.04,0.13,0.08,1.33,0.09,0.02,0.04,0.02,0.11,0.04,0.0,3.45,0.07,0.34,0.03
"1963-06-01 00:00:00",0.02,0.07,0.1,0.03,0.09,0.07,0.02,0.63,0.02,0.71,0.02,0.21,0.06,0.07,0.63,1.09,0.03,0.07,0.07,0.24,0.09,0.36,0.15,0.07,0.03,0.03,0.07,0.02,0.01,0.04,0.09,0.08,1.44,0.06,0.06,0.04,0.01,0.07,0.05,0.02,3.06,0.15,0.3,0.13
"1963-07-01 00:00:00",0.03,0.14,0.28,0.14,0.15,0.04,0.06,1.84,0.04,1.64,0.06,0.25,0.08,0.02,1.46,2.31,0.08,0.34,0.11,0.53,0.1,0.44,0.24,0.12,0.1,0.05,0.09,0.09,0.06,0.11,0.92,0.46,3.23,0.03,0.08,0.04,0.12,0.06,0.03,0.08,5.01,0.08,0.31,0.29
"1963-08-01 00:00:00",0.07,0.1,0.08,0.14,0.16,0.04,0.06,1.49,0.08,1.26,0.05,0.17,0.08,0.09,1.0,1.88,0.06,0.06,0.15,0.51,0.3,0.13,0.25,0.29,0.09,0.13,0.06,0.13,0.0,0.17,0.27,0.34,3.46,0.06,0.06,0.07,0.05,0.06,0.08,0.01,5.57,0.18,0.58,0.26
"1963-09-01 00:00:00",0.04,0.19,0.15,0.17,0.23,0.05,0.07,1.14,0.08,0.82,0.04,0.11,0.12,0.04,0.7,1.19,0.06,0.07,0.33,0.47,0.1,0.29,0.16,0.13,0.11,0.26,0.1,0.04,0.07,0.17,0.22,0.19,2.29,0.0,0.04,0.06,0.01,0.09,0.06,0.02,4.15,0.23,0.78,0.2
"1963-10-01 00:00:00",0.08,0.06,0.12,0.06,0.18,0.02,0.02,0.65,0.01,0.98,0.04,0.24,0.06,0.04,0.97,1.1,0.02,0.05,0.16,0.35,0.04,0.14,0.21,0.07,0.05,0.15,0.08,0.02,0.03,0.06,0.19,0.09,1.88,0.03,0.02,0.04,0.13,0.1,0.08,0.01,3.84,0.29,0.47,0.08
"1963-11-01 00:00:00",0.06,0.12,0.18,0.12,0.11,0.05,0.1,0.54,0.07,1.04,0.03,0.25,0.21,0.02,1.06,1.04,0.05,0.06,0.18,0.28,0.06,0.31,0.15,0.11,0.11,0.12,0.13,0.07,0.06,0.03,0.17,0.09,1.58,0.0,0.06,0.12,0.03,0.11,0.04,0.01,3.31,0.26,0.66,0.16
"1963-12-01 00:00:00",0.05,0.07,0.16,0.1,0.13,0.04,0.07,0.64,0.06,0.64,0.01,0.12,0.06,0.05,0.74,0.77,0.04,0.03,0.17,0.21,0.06,0.21,0.13,0.13,0.12,0.11,0.13,0.09,0.03,0.01,0.12,0.07,1.13,0.03,0.03,0.06,0.04,0.1,0.08,0.03,2.63,0.31,0.49,0.15
"1964-01-01 00:00:00",0.03,0.08,0.11,0.06,0.12,0.03,0.02,0.79,0.09,0.42,0.02,0.2,0.09,0.01,0.52,0.69,0.05,0.03,0.23,0.22,0.12,0.19,0.15,0.19,0.07,0.22,0.13,0.03,0.02,0.09,0.14,0.06,0.98,0.04,0.06,0.05,0.06,0.11,0.17,0.02,2.53,0.07,0.46,0.03
"1964-02-01 00:00:00",0.05,0.04,0.22,0.08,0.18,0.11,0.04,0.58,0.04,0.38,0.01,0.14,0.15,0.0,0.63,0.88,0.04,0.05,0.16,0.18,0.1,0.2,0.12,0.1,0.09,0.17,0.13,0.03,0.04,0.11,0.1,0.05,0.96,0.01,0.07,0.16,0.06,0.32,0.08,0.0,2.75,0.11,0.55,0.06
"1964-03-01 00:00:00",0.03,0.07,0.06,0.11,0.26,0.08,0.03,0.53,0.03,0.39,0.04,0.11,0.04,0.13,0.52,0.84,0.05,0.03,0.18,0.18,0.06,0.13,0.17,0.13,0.09,0.14,0.11,0.04,0.04,0.11,0.12,0.03,0.89,0.02,0.11,0.17,0.0,0.35,0.04,0.01,2.58,0.06,0.67,0.04
"1964-04-01 00:00:00",0.04,0.09,0.15,0.19,0.06,0.04,0.04,0.61,0.04,0.26,0.02,0.11,0.04,0.04,0.42,0.56,0.03,0.12,0.14,0.23,0.06,0.13,0.11,0.12,0.06,0.1,0.07,0.03,0.03,0.07,0.11,0.03,0.9,0.02,0.05,0.1,0.03,0.1,0.02,0.01,2.34,0.08,0.58,0.05
"1964-05-01 00:00:00",0.03,0.07,0.09,0.09,0.2,0.02,0.02,0.71,0.03,0.34,0.03,0.2,0.07,0.03,0.5,0.76,0.03,0.01,0.12,0.25,0.07,0.18,0.13,0.05,0.04,0.13,0.1,0.09,0.01,0.13,0.15,0.07,0.83,0.02,0.06,0.19,0.0,0.17,0.03,0.01,2.44,0.07,0.9,0.03
"1964-06-01 00:00:00",0.02,0.11,0.09,0.11,0.21,0.05,0.03,1.06,0.06,0.51,0.1,0.11,0.03,0.11,0.61,1.1,0.11,0.07,0.22,0.37,0.03,0.15,0.28,0.17,0.07,0.24,0.07,0.05,0.02,0.18,0.22,0.02,1.11,0.0,0.13,0.26,0.03,0.29,0.09,0.02,3.37,0.04,1.19,0.05
"1964-07-01 00:00:00",0.07,0.09,0.05,0.22,0.24,0.07,0.18,0.9,0.03,0.66,0.09,0.11,0.07,0.07,0.54,1.08,0.08,0.05,0.18,0.3,0.02,0.22,0.17,0.17,0.27,0.17,0.1,0.08,0.02,0.03,0.16,0.11,1.24,0.01,0.15,0.15,0.01,0.51,0.0,0.0,4.01,0.34,1.11,0.11
"1964-08-01 00:00:00",0.01,0.07,0.3,0.02,0.23,0.06,0.04,1.24,0.01,0.34,0.02,0.2,0.07,0.09,0.75,0.95,0.06,0.04,0.09,0.37,0.05,0.17,0.26,0.3,0.04,0.09,0.04,0.04,0.01,0.14,0.16,0.02,1.36,0.01,0.09,0.26,0.0,0.78,0.11,0.0,4.29,0.03,1.97,0.1
"1964-09-01 00:00:00",0.03,0.1,0.13,0.04,0.12,0.06,0.08,0.59,0.03,0.32,0.0,0.13,0.08,0.06,0.43,0.65,0.02,0.02,0.24,0.23,0.11,0.13,0.2,0.12,0.05,0.25,0.1,0.02,0.03,0.05,0.06,0.06,0.94,0.02,0.03,0.07,0.02,0.34,0.02,0.0,3.12,0.05,0.75,0.03
"1964-10-01 00:00:00",0.04,0.04,0.14,0.07,0.05,0.02,0.04,1.31,0.0,0.57,0.02,0.38,0.08,0.05,0.6,0.84,0.07,0.04,0.33,0.47,0.09,0.24,0.32,0.08,0.03,0.14,0.06,0.01,0.03,0.13,0.13,0.08,1.31,0.03,0.01,0.07,0.03,0.08,0.11,0.01,3.38,0.13,0.64,0.09
"1964-11-01 00:00:00",0.06,0.12,0.5,0.03,0.15,0.07,0.03,0.68,0.0,0.62,0.04,0.13,0.05,0.04,0.9,0.98,0.05,0.01,0.13,0.22,0.1,0.28,0.26,0.1,0.05,0.08,0.15,0.04,0.04,0.04,0.09,0.1,0.91,0.03,0.05,0.06,0.01,0.09,0.04,0.02,2.88,0.04,0.68,0.16
"1964-12-01 00:00:00",0.12,0.09,0.48,0.14,0.23,0.01,0.05,0.77,0.05,0.77,0.02,0.29,0.15,0.05,0.89,0.98,0.05,0.03,0.19,0.23,0.11,0.38,0.21,0.1,0.02,0.15,0.22,0.07,0.01,0.04,0.09,0.1,0.92,0.01,0.02,0.08,0.02,0.16,0.08,0.02,3.24,0.06,0.78,0.13
"1965-01-01 00:00:00",0.03,0.06,0.13,0.02,0.04,0.01,0.01,0.63,0.04,0.29,0.0,0.22,0.04,0.06,0.33,0.67,0.04,0.03,0.44,0.24,0.11,0.16,0.25,0.1,0.01,0.38,0.08,0.02,0.02,0.09,0.09,0.03,0.67,0.01,0.03,0.04,0.01,0.05,0.04,0.01,2.26,0.03,0.58,0.04
"1965-02-01 00:00:00",0.04,0.08,0.04,0.03,0.07,0.01,0.01,1.18,0.01,0.34,0.01,0.24,0.09,0.04,0.59,0.57,0.08,0.05,0.18,0.25,0.1,0.1,0.26,0.36,0.03,0.1,0.03,0.0,0.03,0.07,0.1,0.03,1.08,0.03,0.01,0.18,0.0,0.02,0.04,0.0,3.02,0.01,1.93,0.0
"1965-03-01 00:00:00",0.01,0.08,0.05,0.04,0.07,0.03,0.0,0.86,0.0,0.33,0.01,0.27,0.02,0.02,0.34,0.55,0.06,0.04,0.15,0.18,0.15,0.07,0.14,0.17,0.03,0.13,0.01,0.0,0.0,0.06,0.09,0.02,0.9,0.07,0.01,0.12,0.03,0.13,0.02,0.01,2.57,0.01,1.39,0.05
"1965-04-01 00:00:00",0.0,0.11,0.07,0.03,0.14,0.0,0.02,1.02,0.02,0.4,0.02,0.16,0.05,0.04,0.55,0.69,0.04,0.06,0.09,0.4,0.08,0.1,0.25,0.23,0.03,0.08,0.06,0.0,0.02,0.05,0.14,0.05,0.95,0.04,0.02,0.11,0.06,0.11,0.04,0.0,2.88,0.0,1.7,0.08
"1965-05-01 00:00:00",0.19,0.06,0.06,0.19,0.12,0.06,0.12,0.88,0.15,0.35,0.01,0.12,0.09,0.04,0.55,0.57,0.04,0.05,0.06,0.43,0.15,0.17,0.18,0.1,0.13,0.1,0.03,0.03,0.08,0.08,0.04,0.04,1.05,0.04,0.01,0.12,0.04,0.08,0.0,0.01,3.66,0.19,1.48,0.05
"1965-06-01 00:00:00",0.06,0.12,0.05,0.26,0.06,0.05,0.03,1.04,0.01,0.34,0.01,0.28,0.05,0.06,0.58,0.59,0.1,0.0,0.08,0.25,0.1,0.18,0.19,0.27,0.05,0.06,0.02,0.01,0.03,0.05,0.09,0.02,0.89,0.03,0.04,0.17,0.03,0.05,0.06,0.0,3.34,0.05,1.96,0.03
"1965-07-01 00:00:00",0.04,0.21,0.04,0.08,0.1,0.07,0.03,1.04,0.0,0.51,0.0,0.14,0.02,0.03,0.51,0.71,0.01,0.04,0.07,0.2,0.09,0.18,0.23,0.38,0.05,0.05,0.05,0.0,0.01,0.0,0.06,0.01,1.14,0.03,0.06,0.09,0.0,0.04,0.02,0.0,3.62,0.02,2.48,0.04
"1965-08-01 00:00:00",0.09,0.15,0.05,0.11,0.14,0.02,0.04,0.99,0.04,0.56,0.0,0.18,0.05,0.02,0.42,0.57,0.09,0.02,0.17,0.36,0.11,0.16,0.27,0.24,0.04,0.15,0.08,0.01,0.07,0.07,0.06,0.04,1.06,0.08,0.04,0.14,0.0,0.07,0.01,0.01,3.48,0.05,2.0,0.02
"1965-09-01 00:00:00",0.03,0.39,0.07,0.11,0.3,0.09,0.05,2.31,0.01,0.57,0.01,0.15,0.11,0.07,0.59,1.35,0.13,0.02,0.24,2.52,0.12,0.18,0.35,0.2,0.08,0.18,0.07,0.1,0.17,0.09,0.1,0.05,1.85,0.04,0.03,0.11,0.03,0.15,0.03,0.02,5.05,0.08,1.91,0.03
"1965-10-01 00:00:00",0.03,0.07,0.03,0.14,0.12,0.02,0.0,1.01,0.03,0.46,0.02,0.06,0.05,0.05,0.59,0.8,0.06,0.04,0.48,0.69,0.08,0.22,0.25,0.16,0.03,0.13,0.11,0.02,0.08,0.06,0.09,0.07,0.86,0.02,0.07,0.1,0.01,0.05,0.04,0.01,3.61,0.03,1.57,0.07
"1965-11-01 00:00:00",0.02,0.1,0.04,0.13,0.1,0.01,0.06,0.77,0.03,0.51,0.03,0.12,0.03,0.06,0.63,0.97,0.04,0.02,0.22,0.3,0.04,0.15,0.17,0.14,0.03,0.08,0.07,0.06,0.03,0.07,0.11,0.18,0.95,0.01,0.07,0.04,0.03,0.06,0.08,0.02,3.17,0.03,1.39,0.15
"1965-12-01 00:00:00",0.05,0.17,0.06,0.08,0.26,0.07,0.02,1.09,0.01,0.76,0.04,0.21,0.11,0.04,0.81,1.74,0.09,0.08,0.13,0.31,0.02,0.47,0.31,0.26,0.02,0.04,0.11,0.04,0.04,0.07,0.19,0.23,1.26,0.04,0.01,0.18,0.02,0.1,0.03,0.0,4.2,0.02,2.33,0.34
"1966-01-01 00:00:00",0.04,0.26,0.07,0.08,0.14,0.06,0.03,1.05,0.03,0.42,0.01,0.12,0.13,0.04,0.56,0.8,0.14,0.03,0.09,0.54,0.14,0.19,0.24,0.52,0.06,0.04,0.03,0.01,0.04,0.1,0.08,0.11,0.97,0.03,0.03,0.19,0.02,0.06,0.07,0.0,3.44,0.05,2.08,0.11
"1966-02-01 00:00:00",0.03,0.3,0.03,0.06,0.05,0.03,0.02,1.32,0.03,0.34,0.0,0.23,0.16,0.02,0.53,0.68,0.1,0.01,0.12,0.36,0.11,0.16,0.33,0.68,0.08,0.05,0.05,0.03,0.02,0.16,0.05,0.03,0.97,0.04,0.07,0.31,0.01,0.11,0.03,0.0,3.84,0.02,2.76,0.04
"1966-03-01 00:00:00",0.02,0.13,0.09,0.03,0.1,0.07,0.04,1.05,0.0,0.53,0.02,0.12,0.23,0.06,0.54,0.57,0.09,0.04,0.21,0.26,0.08,0.17,0.27,0.35,0.05,0.07,0.08,0.03,0.03,0.06,0.16,0.03,0.86,0.02,0.04,0.11,0.0,0.1,0.18,0.0,2.92,0.03,1.51,0.1
"1966-04-01 00:00:00",0.01,0.12,0.07,0.04,0.13,0.04,0.02,0.84,0.01,0.55,0.02,0.11,0.15,0.02,0.58,0.62,0.09,0.04,0.08,0.25,0.06,0.13,0.26,0.18,0.09,0.05,0.11,0.02,0.02,0.06,0.16,0.17,0.99,0.01,0.03,0.09,0.0,0.09,0.07,0.0,2.88,0.01,1.59,0.18
"1966-05-01 00:00:00",0.02,0.16,0.11,0.08,0.08,0.02,0.04,0.87,0.02,0.48,0.02,0.21,0.07,0.07,0.51,0.69,0.09,0.03,0.07,0.24,0.19,0.13,0.28,0.23,0.02,0.07,0.1,0.01,0.03,0.04,0.17,0.04,0.8,0.1,0.04,0.12,0.04,0.04,0.07,0.0,3.03,0.02,1.65,0.07
"1966-06-01 00:00:00",0.06,0.16,0.15,0.05,0.13,0.07,0.03,0.75,0.02,0.56,0.03,0.12,0.13,0.1,0.59,0.56,0.1,0.09,0.09,0.23,0.05,0.12,0.14,0.17,0.07,0.09,0.06,0.03,0.03,0.05,0.19,0.01,1.01,0.05,0.05,0.15,0.01,0.06,0.0,0.02,2.94,0.04,1.6,0.06
"1966-07-01 00:00:00",0.09,0.23,0.06,0.04,0.12,0.03,0.03,1.04,0.01,0.44,0.01,0.2,0.03,0.06,0.72,0.72,0.08,0.07,0.1,0.34,0.09,0.14,0.31,0.43,0.04,0.08,0.05,0.02,0.04,0.08,0.26,0.03,1.16,0.01,0.01,0.19,0.01,0.05,0.04,0.0,3.44,0.01,2.21,0.03
"1966-08-01 00:00:00",0.06,0.11,0.03,0.09,0.1,0.02,0.06,0.9,0.03,0.33,0.01,0.12,0.09,0.02,0.36,0.42,0.1,0.01,0.06,0.31,0.06,0.12,0.34,0.28,0.07,0.08,0.07,0.01,0.01,0.08,0.08,0.02,0.76,0.02,0.05,0.2,0.0,0.03,0.04,0.0,3.06,0.03,2.03,0.03
"1966-09-01 00:00:00",0.06,0.16,0.01,0.05,0.12,0.01,0.01,0.85,0.02,0.56,0.0,0.06,0.04,0.05,0.55,0.61,0.07,0.02,0.06,0.18,0.03,0.16,0.25,0.22,0.04,0.05,0.04,0.02,0.0,0.07,0.08,0.06,0.89,0.02,0.06,0.17,0.01,0.05,0.01,0.0,2.78,0.04,1.68,0.17
"1966-10-01 00:00:00",0.01,0.2,0.03,0.04,0.1,0.03,0.01,0.78,0.03,0.38,0.03,0.17,0.04,0.04,0.48,0.53,0.07,0.07,0.09,0.24,0.24,0.15,0.22,0.46,0.03,0.09,0.03,0.08,0.04,0.32,0.15,0.05,1.03,0.05,0.02,0.26,0.03,0.03,0.06,0.0,2.99,0.03,1.81,0.09
"1966-11-01 00:00:00",0.05,0.07,0.11,0.05,0.19,0.02,0.05,0.76,0.0,0.41,0.03,0.21,0.09,0.06,0.46,0.47,0.1,0.06,0.08,0.27,0.38,0.18,0.18,0.3,0.04,0.05,0.08,0.03,0.02,0.13,0.14,0.06,0.92,0.1,0.05,0.16,0.03,0.05,0.06,0.03,2.91,0.05,1.47,0.09
"1966-12-01 00:00:00",0.07,0.06,0.04,0.05,0.13,0.01,0.03,0.87,0.01,0.43,0.02,0.17,0.04,0.06,0.53,0.87,0.08,0.03,0.03,0.1,0.18,0.2,0.23,0.21,0.03,0.0,0.07,0.03,0.03,0.05,0.09,0.18,0.96,0.03,0.02,0.1,0.03,0.04,0.06,0.01,3.03,0.13,1.64,0.36
"1967-01-01 00:00:00",0.02,0.16,0.09,0.04,0.07,0.02,0.02,0.99,0.01,0.34,0.01,0.15,0.06,0.07,0.46,0.53,0.3,0.09,0.06,0.11,0.18,0.12,0.39,0.23,0.06,0.05,0.04,0.06,0.01,0.11,0.08,0.04,0.88,0.04,0.04,0.18,0.03,0.02,0.06,0.0,2.7,0.02,1.44,0.07
"1967-02-01 00:00:00",0.1,0.13,0.13,0.04,0.04,0.07,0.01,0.93,0.01,0.79,0.01,0.11,0.07,0.06,0.44,0.66,0.15,0.04,0.06,0.2,0.06,0.22,0.52,0.31,0.12,0.01,0.1,0.01,0.0,0.04,0.16,0.03,1.3,0.04,0.1,0.11,0.02,0.03,0.04,0.01,3.16,0.0,1.77,0.07
"1967-03-01 00:00:00",0.1,0.09,0.1,0.05,0.13,0.08,0.02,0.77,0.05,0.52,0.02,0.11,0.06,0.11,0.52,0.63,0.2,0.04,0.04,0.28,0.07,0.32,0.28,0.26,0.06,0.04,0.08,0.02,0.02,0.07,0.11,0.02,1.27,0.04,0.06,0.19,0.03,0.03,0.0,0.01,3.58,0.1,1.83,0.03
"1967-04-01 00:00:00",0.08,0.17,0.12,0.03,0.14,0.01,0.04,0.75,0.01,0.62,0.01,0.18,0.06,0.07,0.6,0.72,0.09,0.02,0.06,0.24,0.06,0.24,0.17,0.3,0.05,0.03,0.13,0.04,0.02,0.11,0.16,0.02,0.99,0.06,0.06,0.29,0.0,0.08,0.01,0.0,2.96,0.06,1.56,0.04
"1967-05-01 00:00:00",0.05,0.04,0.08,0.07,0.34,0.05,0.01,0.79,0.03,0.44,0.11,1.48,0.07,0.1,0.9,1.19,0.1,0.01,0.05,0.43,1.51,0.24,0.32,0.26,0.05,0.04,0.05,0.05,0.03,0.05,0.11,0.05,1.8,0.28,0.08,0.18,0.04,0.09,0.03,0.0,4.27,0.05,2.11,0.05
"1967-06-01 00:00:00",0.09,0.18,0.1,0.14,0.38,0.11,0.03,1.18,0.03,0.64,0.15,3.34,0.15,0.12,1.5,2.27,0.22,0.13,0.1,0.6,4.22,0.36,0.45,0.19,0.11,0.05,0.21,0.09,0.02,0.05,0.25,0.08,3.04,0.49,0.14,0.2,0.26,0.3,0.01,0.06,6.26,0.07,2.03,0.09
"1967-07-01 00:00:00",0.07,0.2,0.22,0.07,0.2,0.1,0.08,0.96,0.11,0.56,0.01,1.11,0.16,0.12,0.77,1.01,0.34,0.04,0.08,0.33,1.43,0.31,0.28,0.22,0.05,0.06,0.13,0.08,0.11,0.11,0.16,0.08,1.46,0.19,0.15,0.24,0.05,0.11,0.04,0.02,4.77,0.1,1.8,0.09
"1967-08-01 00:00:00",0.02,0.06,0.16,0.08,0.09,0.1,0.04,1.31,0.08,0.44,0.02,0.41,0.08,0.03,0.61,0.87,0.36,0.02,0.05,0.29,0.63,0.29,0.25,0.24,0.08,0.03,0.08,0.03,0.05,0.1,0.07,0.05,1.19,0.14,0.03,0.22,0.1,0.05,0.04,0.0,4.18,0.08,1.85,0.08
"1967-09-01 00:00:00",0.06,0.08,0.06,0.06,0.07,0.02,0.01,1.23,0.03,0.35,0.02,0.36,0.07,0.07,0.47,0.63,0.27,0.02,0.04,0.24,0.52,0.16,0.18,0.17,0.07,0.03,0.07,0.03,0.02,0.07,0.1,0.05,1.04,0.08,0.09,0.09,0.0,0.09,0.07,0.0,3.32,0.09,1.71,0.1
"1967-10-01 00:00:00",0.14,0.17,0.11,0.08,0.11,0.0,0.03,1.03,0.02,0.37,0.07,0.43,0.06,0.04,0.44,0.77,0.18,0.04,0.12,0.31,0.56,0.25,0.24,0.25,0.07,0.04,0.07,0.08,0.07,0.12,0.05,0.08,1.18,0.04,0.06,0.19,0.03,0.05,0.02,0.0,3.57,0.05,1.87,0.05
"1967-11-01 00:00:00",0.05,0.11,0.09,0.02,0.15,0.13,0.02,0.65,0.03,0.34,0.05,0.4,0.07,0.13,0.46,0.84,0.08,0.03,0.05,0.24,0.46,0.09,0.25,0.16,0.04,0.06,0.05,0.03,0.03,0.05,0.05,0.11,0.92,0.1,0.09,0.15,0.05,0.48,0.02,0.02,3.35,0.02,1.65,0.09
"1967-12-01 00:00:00",0.04,0.15,0.25,0.02,0.23,0.1,0.01,0.77,0.0,0.4,0.09,0.37,0.08,0.11,0.88,0.77,0.09,0.04,0.06,0.21,0.56,0.29,0.19,0.26,0.1,0.04,0.08,0.05,0.01,0.1,0.12,0.03,1.04,0.1,0.14,0.25,0.02,0.3,0.04,0.0,3.63,0.01,1.89,0.14
"1968-01-01 00:00:00",0.0,0.1,0.06,0.05,0.21,0.06,0.0,0.83,0.01,0.35,0.08,0.29,0.13,0.08,0.66,0.51,0.08,0.04,0.05,0.33,0.49,0.18,0.44,0.96,0.05,0.1,0.04,0.0,0.01,0.06,0.14,0.06,1.21,0.02,0.04,0.22,0.02,0.07,0.04,0.0,4.13,0.02,2.47,0.07
"1968-02-01 00:00:00",0.02,0.05,0.02,0.04,0.08,0.11,0.01,0.91,0.03,0.21,0.05,0.25,0.11,0.11,0.69,0.56,0.09,0.03,0.05,0.31,0.37,0.19,0.24,0.77,0.02,0.02,0.01,0.01,0.03,0.04,0.04,0.05,1.17,0.08,0.09,0.25,0.01,0.07,0.0,0.0,4.77,0.02,3.3,0.1
"1968-03-01 00:00:00",0.04,0.02,0.04,0.09,0.1,0.06,0.03,0.47,0.02,0.42,0.04,0.31,0.05,0.05,0.5,0.55,0.04,0.15,0.04,0.26,0.61,0.14,0.19,0.28,0.04,0.03,0.04,0.01,0.04,0.08,0.18,0.03,0.81,0.03,0.11,0.19,0.01,0.06,0.02,0.01,3.78,0.01,2.15,0.07
"1968-04-01 00:00:00",0.0,0.13,0.05,0.09,0.09,0.07,0.0,0.48,0.0,0.29,0.02,0.26,0.06,0.05,0.42,0.38,0.07,0.03,0.09,0.32,0.35,0.12,0.18,0.35,0.06,0.03,0.09,0.01,0.01,0.09,0.11,0.08,0.75,0.03,0.03,0.25,0.0,0.04,0.03,0.0,3.57,0.04,2.13,0.1
"1968-05-01 00:00:00",0.03,0.13,0.05,0.06,0.09,0.02,0.01,0.49,0.0,0.38,0.01,0.12,0.06,0.03,1.0,0.42,0.06,0.07,0.04,0.19,0.22,0.1,0.14,0.17,0.02,0.0,0.05,0.01,0.02,0.02,0.17,0.01,0.65,0.0,0.07,0.11,0.05,0.05,0.02,0.0,3.01,0.01,1.53,0.08
"1968-06-01 00:00:00",0.03,0.09,0.08,0.09,0.08,0.01,0.02,0.57,0.01,0.39,0.01,0.1,0.06,0.0,0.99,0.51,0.05,0.0,0.03,0.21,0.26,0.14,0.17,0.13,0.03,0.0,0.03,0.01,0.01,0.01,0.09,0.07,0.8,0.02,0.04,0.11,0.01,0.04,0.05,0.01,2.61,0.0,1.52,0.06
"1968-07-01 00:00:00",0.04,0.06,0.03,0.04,0.04,0.03,0.06,0.5,0.01,0.48,0.02,0.21,0.05,0.01,0.78,0.61,0.03,0.21,0.03,0.17,0.32,0.15,0.17,0.13,0.05,0.04,0.04,0.01,0.02,0.05,0.29,0.04,1.44,0.05,0.1,0.13,0.02,0.02,0.01,0.05,3.51,0.01,1.66,0.06
"1968-08-01 00:00:00",0.02,0.11,0.07,0.05,0.08,0.12,0.03,0.35,0.07,0.63,0.03,0.1,0.1,0.09,0.88,0.55,0.04,0.34,0.07,0.22,0.27,0.23,0.24,0.17,0.06,0.03,0.06,0.01,0.01,0.04,0.59,0.08,1.51,0.01,0.06,0.14,0.0,0.07,0.01,0.06,4.15,0.03,2.04,0.1
"1968-09-01 00:00:00",0.04,0.03,0.1,0.05,0.06,0.06,0.01,0.54,0.0,0.8,0.01,0.26,0.08,0.06,0.71,0.63,0.11,0.23,0.04,0.23,0.57,0.27,0.17,0.14,0.09,0.04,0.05,0.02,0.01,0.05,0.54,0.06,1.69,0.03,0.1,0.18,0.01,0.06,0.02,0.0,3.83,0.01,1.79,0.08
"1968-10-01 00:00:00",0.04,0.08,0.11,0.03,0.08,0.04,0.01,0.36,0.0,0.36,0.03,0.15,0.03,0.03,0.71,0.37,0.05,0.12,0.03,0.1,0.31,0.14,0.11,0.19,0.07,0.06,0.04,0.02,0.06,0.06,0.26,0.12,1.07,0.01,0.08,0.13,0.0,0.13,0.01,0.0,3.11,0.02,1.66,0.06
"1968-11-01 00:00:00",0.02,0.08,0.2,0.06,0.12,0.02,0.02,0.39,0.02,0.48,0.03,0.22,0.07,0.04,1.02,0.52,0.06,0.06,0.03,0.11,0.37,0.2,0.21,0.16,0.03,0.03,0.08,0.05,0.0,0.06,0.24,0.07,1.01,0.02,0.06,0.17,0.0,0.06,0.04,0.0,3.04,0.01,1.61,0.08
"1968-12-01 00:00:00",0.04,0.04,0.03,0.07,0.1,0.07,0.02,0.25,0.01,0.17,0.02,0.23,0.03,0.01,0.54,0.27,0.04,0.02,0.03,0.09,0.55,0.17,0.16,0.22,0.02,0.04,0.03,0.01,0.03,0.04,0.1,0.05,0.86,0.04,0.01,0.13,0.01,0.13,0.02,0.0,2.7,0.02,1.25,0.02
"1969-01-01 00:00:00",0.02,0.02,0.05,0.07,0.12,0.01,0.01,0.35,0.02,0.21,0.0,0.51,0.09,0.03,1.27,0.7,0.11,0.02,0.04,0.2,1.04,0.16,0.19,0.14,0.03,0.05,0.02,0.04,0.04,0.07,0.1,0.04,1.36,0.07,0.07,0.12,0.0,0.03,0.02,0.01,3.29,0.02,1.25,0.04
"1969-02-01 00:00:00",0.02,0.09,0.18,0.03,0.06,0.28,0.03,0.47,0.0,0.64,0.01,0.34,0.03,0.07,1.05,0.71,0.04,0.12,0.02,0.11,0.72,0.24,0.15,0.17,0.05,0.02,0.04,0.06,0.05,0.06,0.21,0.03,1.36,0.02,0.08,0.17,0.0,0.04,0.03,0.01,3.27,0.03,1.27,0.02
"1969-03-01 00:00:00",0.02,0.05,0.11,0.03,0.17,0.14,0.02,1.0,0.0,0.52,0.03,0.45,0.1,0.1,1.35,0.83,0.17,0.06,0.02,0.26,0.73,0.19,0.29,0.25,0.09,0.05,0.06,0.03,0.06,0.08,0.17,0.03,2.03,0.03,0.1,0.19,0.01,0.04,0.08,0.03,4.39,0.03,2.03,0.03
"1969-04-01 00:00:00",0.01,0.05,0.01,0.02,0.11,0.04,0.02,0.63,0.03,0.24,0.02,0.37,0.13,0.07,0.71,0.62,0.14,0.09,0.02,0.12,0.47,0.12,0.34,0.38,0.06,0.02,0.04,0.04,0.08,0.06,0.17,0.06,1.32,0.01,0.13,0.08,0.02,0.07,0.05,0.01,3.56,0.03,1.45,0.05
"1969-05-01 00:00:00",0.03,0.09,0.07,0.02,0.09,0.07,0.04,0.43,0.02,0.21,0.04,0.3,0.05,0.06,0.72,0.41,0.01,0.04,0.06,0.13,0.43,0.15,0.18,0.18,0.05,0.04,0.11,0.01,0.06,0.05,0.08,0.02,0.79,0.04,0.03,0.16,0.0,0.11,0.04,0.0,2.74,0.02,1.29,0.02
"1969-06-01 00:00:00",0.07,0.11,0.07,0.04,0.13,0.03,0.04,0.43,0.04,0.24,0.01,0.22,0.08,0.07,0.57,0.32,0.05,0.07,0.01,0.06,0.37,0.12,0.29,0.21,0.02,0.02,0.09,0.01,0.08,0.1,0.12,0.05,0.89,0.03,0.05,0.13,0.01,0.02,0.07,0.0,2.91,0.06,1.4,0.05
"1969-07-01 00:00:00",0.04,0.07,0.08,0.02,0.05,0.03,0.02,0.42,0.02,0.26,0.01,0.57,0.06,0.04,0.73,0.48,0.07,0.02,0.08,0.18,0.65,0.09,0.23,0.17,0.05,0.05,0.08,0.01,0.04,0.09,0.07,0.04,1.03,0.02,0.1,0.2,0.01,0.06,0.03,0.0,3.06,0.04,1.31,0.04
"1969-08-01 00:00:00",0.04,0.14,0.04,0.04,0.05,0.01,0.02,0.66,0.02,0.22,0.01,0.53,0.08,0.02,0.52,0.5,0.11,0.04,0.1,0.18,0.7,0.15,0.22,0.18,0.03,0.03,0.01,0.0,0.05,0.12,0.15,0.03,0.93,0.15,0.03,0.31,0.01,0.06,0.04,0.02,3.14,0.0,1.39,0.05
"1969-09-01 00:00:00",0.08,0.1,0.06,0.12,0.07,0.05,0.02,0.48,0.03,0.26,0.0,0.51,0.05,0.05,0.63,0.6,0.08,0.04,0.01,0.19,0.7,0.15,0.22,0.19,0.07,0.0,0.02,0.01,0.04,0.08,0.03,0.04,0.87,0.03,0.05,0.15,0.02,0.05,0.05,0.0,2.85,0.05,1.28,0.03
"1969-10-01 00:00:00",0.05,0.05,0.08,0.05,0.12,0.03,0.04,0.4,0.03,0.2,0.02,0.42,0.04,0.1,0.43,0.31,0.13,0.05,0.0,0.08,0.56,0.12,0.26,0.13,0.05,0.03,0.05,0.03,0.04,0.02,0.08,0.02,0.91,0.02,0.04,0.17,0.01,0.06,0.03,0.01,2.85,0.02,1.17,0.01
"1969-11-01 00:00:00",0.03,0.09,0.1,0.05,0.12,0.06,0.01,0.36,0.0,0.31,0.04,0.51,0.05,0.36,0.52,0.34,0.06,0.04,0.01,0.05,0.75,0.15,0.43,0.19,0.04,0.0,0.05,0.03,0.03,0.05,0.09,0.03,0.96,0.1,0.03,0.15,0.03,0.04,0.1,0.0,3.42,0.03,1.56,0.01
"1969-12-01 00:00:00",0.02,0.06,0.1,0.02,0.13,0.03,0.02,0.41,0.0,0.37,0.0,0.55,0.05,0.13,0.54,0.42,0.07,0.04,0.04,0.13,0.81,0.2,0.2,0.19,0.02,0.11,0.05,0.12,0.03,0.08,0.25,0.06,0.81,0.19,0.01,0.18,0.04,0.06,0.1,0.01,2.95,0.02,1.38,0.02
"1970-01-01 00:00:00",0.01,0.04,0.09,0.03,0.12,0.05,0.0,0.39,0.0,0.22,0.01,0.61,0.08,0.08,0.92,0.69,0.1,0.05,0.01,0.11,0.91,0.19,0.11,0.1,0.03,0.02,0.04,0.09,0.04,0.05,0.2,0.05,0.99,0.07,0.06,0.13,0.04,0.05,0.06,0.01,3.14,0.0,1.35,0.05
"1970-02-01 00:00:00",0.01,0.03,0.1,0.02,0.08,0.24,0.01,0.45,0.0,0.36,0.03,0.77,0.07,0.13,0.7,0.53,0.06,0.02,0.0,0.11,1.08,0.2,0.15,0.18,0.05,0.04,0.06,0.05,0.03,0.06,0.05,0.03,1.31,0.08,0.11,0.14,0.06,0.05,0.03,0.0,3.17,0.02,1.22,0.07
"1970-03-01 00:00:00",0.05,0.03,0.05,0.11,0.12,0.07,0.01,0.53,0.01,0.19,0.02,0.44,0.06,0.12,0.58,0.39,0.11,0.01,0.02,0.18,0.63,0.1,0.21,0.12,0.17,0.01,0.04,0.01,0.03,0.02,0.11,0.06,1.16,0.01,0.03,0.4,0.02,0.03,0.03,0.0,3.03,0.04,1.38,0.09
"1970-04-01 00:00:00",0.01,0.1,0.04,0.07,0.07,0.03,0.01,0.55,0.04,0.25,0.01,0.28,0.05,0.12,0.33,0.27,0.05,0.02,0.11,0.08,0.43,0.13,0.3,0.21,0.01,0.01,0.01,0.01,0.05,0.03,0.07,0.03,1.04,0.03,0.02,0.18,0.0,0.05,0.05,0.03,2.97,0.03,1.6,0.04
"1970-05-01 00:00:00",0.04,0.09,0.07,0.02,0.07,0.06,0.01,0.73,0.04,0.18,0.04,0.61,0.11,0.13,0.82,0.35,0.16,0.01,0.12,0.1,0.76,0.25,0.18,0.22,0.07,0.03,0.04,0.03,0.01,0.04,0.11,0.02,1.08,0.03,0.01,0.33,0.02,0.04,0.06,0.04,4.09,0.03,2.93,0.01
"1970-06-01 00:00:00",0.08,0.08,0.03,0.12,0.11,0.04,0.06,0.38,0.02,0.26,0.02,0.59,0.05,0.08,0.35,0.37,0.09,0.0,0.01,0.19,0.7,0.2,0.15,0.11,0.08,0.02,0.03,0.07,0.03,0.04,0.06,0.04,0.9,0.03,0.06,0.36,0.0,0.08,0.02,0.0,3.19,0.04,1.78,0.05
"1970-07-01 00:00:00",0.05,0.13,0.04,0.06,0.12,0.07,0.05,0.59,0.01,0.32,0.01,1.01,0.07,0.08,0.79,0.82,0.04,0.01,0.04,0.32,0.96,0.1,0.24,0.18,0.07,0.04,0.0,0.04,0.04,0.11,0.08,0.05,1.39,0.07,0.07,0.44,0.02,0.07,0.0,0.0,3.69,0.01,1.66,0.28
"1970-08-01 00:00:00",0.05,0.06,0.03,0.2,0.06,0.02,0.08,0.35,0.02,0.3,0.0,1.16,0.1,0.06,0.41,0.48,0.08,0.06,0.03,0.07,1.27,0.13,0.14,0.17,0.08,0.08,0.02,0.01,0.05,0.03,0.08,0.05,1.28,0.09,0.14,0.24,0.01,0.06,0.03,0.0,3.65,0.02,1.21,0.07
"1970-09-01 00:00:00",0.07,0.09,0.07,0.07,0.2,0.94,0.18,0.57,0.03,1.16,0.02,2.24,0.11,0.08,0.66,1.79,0.08,0.0,0.07,0.26,3.02,0.3,0.25,0.24,0.08,0.01,0.21,0.01,0.04,0.08,0.04,0.06,2.07,0.24,0.09,0.16,0.15,0.18,0.05,0.01,6.0,0.0,1.28,0.15
"1970-10-01 00:00:00",0.1,0.03,0.03,0.07,0.44,0.07,0.16,0.43,0.0,0.35,0.01,0.85,0.1,0.08,0.79,0.7,0.02,0.01,0.02,0.24,0.87,0.15,0.2,0.09,0.08,0.01,0.06,0.01,0.03,0.04,0.08,0.01,1.2,0.04,0.04,0.17,0.06,0.06,0.05,0.01,3.73,0.0,1.24,0.05
"1970-11-01 00:00:00",0.03,0.03,0.05,0.03,0.18,0.09,0.05,0.26,0.03,0.22,0.01,0.51,0.01,0.11,0.49,0.44,0.06,0.01,0.01,0.09,0.58,0.12,0.18,0.14,0.06,0.04,0.04,0.01,0.05,0.02,0.06,0.06,0.73,0.06,0.09,0.1,0.01,0.05,0.04,0.02,2.34,0.01,0.95,0.06
"1970-12-01 00:00:00",0.03,0.02,0.09,0.09,0.05,0.05,0.01,0.32,0.04,0.31,0.01,0.38,0.16,0.16,0.45,0.43,0.03,0.0,0.02,0.06,0.51,0.07,0.23,0.1,0.03,0.02,0.04,0.02,0.04,0.01,0.18,0.16,0.93,0.05,0.05,0.09,0.01,0.02,0.01,0.0,2.52,0.02,1.17,0.09
"1971-01-01 00:00:00",0.01,0.04,0.07,0.06,0.09,0.09,0.12,0.35,0.02,0.23,0.0,0.52,0.08,0.09,0.38,0.47,0.03,0.01,0.02,0.13,0.68,0.12,0.12,0.09,0.05,0.02,0.02,0.02,0.05,0.03,0.06,0.07,0.81,0.01,0.07,0.27,0.01,0.0,0.05,0.0,2.87,0.0,1.4,0.12
"1971-02-01 00:00:00",0.06,0.05,0.01,0.07,0.06,0.02,0.1,0.68,0.05,0.28,0.0,0.32,0.05,0.09,0.69,0.6,0.14,0.04,0.02,0.2,0.36,0.06,0.25,0.15,0.07,0.03,0.0,0.0,0.06,0.03,0.17,0.06,1.27,0.03,0.06,0.32,0.02,0.02,0.04,0.0,3.47,0.02,2.16,0.13
"1971-03-01 00:00:00",0.01,0.05,0.0,0.01,0.03,0.02,0.02,0.46,0.01,0.12,0.0,0.37,0.02,0.08,0.38,0.34,0.09,0.02,0.01,0.27,0.42,0.1,0.21,0.08,0.03,0.02,0.02,0.01,0.02,0.01,0.08,0.02,0.98,0.04,0.03,0.18,0.0,0.18,0.07,0.01,3.08,0.01,1.56,0.02
"1971-04-01 00:00:00",0.01,0.11,0.02,0.05,0.05,0.03,0.07,0.54,0.01,0.16,0.03,0.61,0.06,0.08,0.38,0.45,0.09,0.02,0.0,0.6,0.66,0.1,0.19,0.29,0.09,0.01,0.01,0.01,0.02,0.04,0.05,0.01,1.07,0.05,0.07,0.09,0.01,0.05,0.07,0.01,3.15,0.03,1.19,0.04
"1971-05-01 00:00:00",0.02,0.1,0.11,0.0,0.08,0.1,0.04,0.24,0.01,0.34,0.02,0.18,0.06,0.1,0.33,0.42,0.01,0.02,0.02,0.3,0.3,0.15,0.13,0.12,0.01,0.0,0.05,0.03,0.02,0.03,0.23,0.1,0.83,0.02,0.07,0.14,0.0,0.11,0.02,0.0,2.52,0.0,1.07,0.03
"1971-06-01 00:00:00",0.01,0.11,0.03,0.0,0.11,0.03,0.06,0.55,0.0,0.15,0.01,0.27,0.07,0.04,0.29,0.24,0.03,0.01,0.03,0.21,0.35,0.1,0.14,0.25,0.03,0.04,0.01,0.01,0.02,0.09,0.09,0.07,0.72,0.03,0.05,0.23,0.03,0.09,0.13,0.0,2.5,0.01,1.47,0.05
"1971-07-01 00:00:00",0.04,0.17,0.05,0.03,0.16,0.02,0.05,0.99,0.02,0.26,0.02,0.35,0.09,0.15,0.52,0.46,0.07,0.02,0.1,0.34,0.42,0.19,0.35,0.37,0.05,0.05,0.03,0.05,0.03,0.16,0.13,0.05,1.12,0.09,0.05,0.3,0.02,0.09,0.23,0.0,3.33,0.02,1.83,0.04
"1971-08-01 00:00:00",0.03,0.13,0.02,0.02,0.06,0.02,0.04,0.72,0.01,0.36,0.02,0.33,0.04,0.06,0.39,0.61,0.06,0.02,0.03,0.32,0.37,0.09,0.22,0.23,0.05,0.01,0.03,0.01,0.1,0.05,0.1,0.07,0.93,0.09,0.01,0.09,0.0,0.02,0.12,0.02,2.7,0.01,1.08,0.03
"1971-09-01 00:00:00",0.03,0.06,0.05,0.06,0.11,0.03,0.05,0.47,0.01,0.32,0.04,0.23,0.07,0.16,0.39,0.44,0.01,0.05,0.03,0.13,0.31,0.09,0.21,0.12,0.05,0.01,0.06,0.03,0.06,0.03,0.11,0.0,0.87,0.04,0.03,0.17,0.01,0.03,0.11,0.0,2.69,0.01,1.05,0.05
"1971-10-01 00:00:00",0.07,0.13,0.16,0.03,0.14,0.05,0.07,0.5,0.02,0.33,0.04,0.26,0.05,0.08,0.33,0.58,0.06,0.03,0.01,0.58,0.24,0.14,0.27,0.12,0.09,0.01,0.07,0.05,0.03,0.02,0.13,0.04,1.03,0.03,0.03,0.13,0.01,0.04,0.13,0.0,2.76,0.03,0.95,0.04
"1971-11-01 00:00:00",0.07,0.12,0.05,0.09,0.23,0.03,0.15,0.85,0.04,0.16,0.0,0.42,0.07,0.06,0.41,0.66,0.02,0.03,0.06,0.81,0.48,0.15,0.34,0.13,0.04,0.01,0.02,0.02,0.06,0.05,0.1,0.09,1.12,0.07,0.12,0.15,0.01,0.06,0.1,0.0,3.09,0.02,0.92,0.12
"1971-12-01 00:00:00",0.03,0.12,0.14,0.03,0.15,0.05,0.12,0.96,0.0,0.22,0.05,0.4,0.09,0.05,0.6,0.88,0.03,0.04,0.04,1.67,0.53,0.22,0.24,0.16,0.04,0.03,0.02,0.04,0.03,0.02,0.18,0.05,1.26,0.03,0.08,0.33,0.02,0.03,0.06,0.02,3.72,0.02,1.22,0.04
"1972-01-01 00:00:00",0.01,0.04,0.08,0.0,0.06,0.02,0.02,0.63,0.01,0.14,0.0,0.36,0.01,0.06,0.39,0.5,0.02,0.02,0.02,0.35,0.5,0.15,0.24,0.12,0.07,0.0,0.0,0.0,0.02,0.03,0.07,0.04,0.86,0.01,0.03,0.49,0.0,0.01,0.13,0.01,3.04,0.01,1.4,0.03
"1972-02-01 00:00:00",0.06,0.02,0.05,0.01,0.02,0.02,0.03,0.86,0.01,0.18,0.03,0.23,0.01,0.05,0.3,0.48,0.06,0.0,0.03,0.33,0.36,0.15,0.21,0.14,0.02,0.01,0.02,0.01,0.02,0.09,0.09,0.06,0.8,0.01,0.03,0.22,0.0,0.13,0.14,0.0,2.69,0.02,1.21,0.05
"1972-03-01 00:00:00",0.07,0.02,0.04,0.01,0.1,0.01,0.01,0.44,0.01,0.22,0.02,0.17,0.01,0.05,0.23,0.39,0.01,0.01,0.03,0.15,0.35,0.1,0.22,0.11,0.03,0.01,0.01,0.0,0.01,0.03,0.13,0.02,0.73,0.03,0.02,0.2,0.0,0.13,0.1,0.0,2.37,0.0,0.97,0.06
"1972-04-01 00:00:00",0.04,0.07,0.0,0.03,0.2,0.04,0.06,0.69,0.0,0.17,0.01,0.09,0.04,0.1,0.64,0.35,0.08,0.0,0.04,0.2,0.15,0.06,0.22,0.25,0.02,0.04,0.0,0.0,0.06,0.1,0.09,0.02,1.44,0.0,0.02,0.6,0.0,0.08,0.03,0.0,3.71,0.02,2.7,0.01
"1972-05-01 00:00:00",0.02,0.11,0.11,0.04,0.05,0.06,0.02,1.19,0.0,0.59,0.03,0.07,0.06,0.17,0.94,0.55,0.07,0.0,0.02,0.22,0.18,0.21,0.33,0.14,0.01,0.01,0.03,0.01,0.02,0.03,0.16,0.01,2.15,0.0,0.06,0.39,0.0,0.08,0.04,0.07,4.44,0.0,3.25,0.11
"1972-06-01 00:00:00",0.05,0.14,0.05,0.07,0.19,0.06,0.06,0.9,0.03,0.34,0.04,0.2,0.06,0.13,0.75,0.5,0.04,0.02,0.02,0.24,0.61,0.2,0.49,0.16,0.06,0.02,0.06,0.04,0.08,0.03,0.17,0.03,1.36,0.03,0.23,0.33,0.0,0.02,0.05,0.02,3.56,0.04,1.73,0.04
"1972-07-01 00:00:00",0.06,0.15,0.03,0.03,0.07,0.05,0.07,0.57,0.0,0.23,0.03,0.22,0.01,0.02,0.56,0.57,0.02,0.0,0.01,0.19,0.35,0.09,0.23,0.18,0.04,0.0,0.03,0.02,0.04,0.06,0.06,0.05,0.8,0.03,0.06,0.34,0.01,0.02,0.1,0.0,2.7,0.01,1.31,0.04
"1972-08-01 00:00:00",0.12,0.08,0.06,0.0,0.01,0.0,0.1,0.4,0.0,0.14,0.03,0.18,0.06,0.06,0.4,0.44,0.01,0.01,0.02,0.16,0.28,0.09,0.16,0.1,0.03,0.0,0.03,0.01,0.01,0.02,0.03,0.03,0.79,0.01,0.02,0.16,0.01,0.02,0.03,0.0,2.64,0.01,1.25,0.04
"1972-09-01 00:00:00",0.02,0.03,0.17,0.03,0.16,0.08,0.02,0.58,0.0,1.1,0.07,0.63,0.05,0.07,0.5,0.72,0.04,0.0,0.01,0.1,1.51,0.15,0.21,0.22,0.03,0.01,0.11,0.05,0.01,0.14,0.1,0.02,0.98,0.03,0.14,0.22,0.04,0.03,0.03,0.01,3.49,0.01,1.27,0.05
"1972-10-01 00:00:00",0.04,0.02,0.02,0.02,0.08,0.0,0.08,0.46,0.01,0.31,0.02,0.12,0.09,0.02,0.57,0.38,0.04,0.0,0.01,0.11,0.38,0.11,0.24,0.07,0.01,0.02,0.05,0.02,0.02,0.1,0.05,0.05,0.55,0.02,0.02,0.28,0.0,0.09,0.06,0.0,2.42,0.01,1.29,0.02
"1972-11-01 00:00:00",0.09,0.02,0.08,0.04,0.08,0.07,0.03,0.32,0.0,0.41,0.03,0.15,0.04,0.09,0.46,0.28,0.01,0.03,0.05,0.08,0.37,0.11,0.03,0.14,0.03,0.0,0.01,0.0,0.0,0.03,0.13,0.02,0.52,0.01,0.01,0.25,0.0,0.03,0.05,0.0,2.47,0.01,1.38,0.02
"1972-12-01 00:00:00",0.06,0.02,0.03,0.04,0.08,0.0,0.07,0.33,0.03,0.2,0.01,0.18,0.07,0.05,0.73,0.23,0.05,0.09,0.08,0.04,0.33,0.04,0.14,0.07,0.04,0.02,0.0,0.01,0.07,0.08,0.11,0.06,0.65,0.01,0.02,0.35,0.0,0.01,0.02,0.0,2.27,0.01,1.3,0.02
"1973-01-01 00:00:00",0.0,0.05,0.04,0.04,0.1,0.01,0.0,0.37,0.0,0.23,0.07,0.12,0.04,0.05,0.98,0.23,0.01,0.09,0.12,0.12,0.25,0.18,0.11,0.12,0.02,0.02,0.04,0.03,0.02,0.1,0.11,0.05,0.55,0.04,0.05,0.33,0.0,0.06,0.03,0.0,2.24,0.01,1.54,0.06
"1973-02-01 00:00:00",0.01,0.0,0.01,0.01,0.14,0.04,0.02,0.32,0.0,0.17,0.03,0.13,0.0,0.04,0.58,0.46,0.02,0.1,0.09,0.21,0.21,0.1,0.19,0.06,0.02,0.0,0.04,0.01,0.03,0.07,0.12,0.0,0.47,0.02,0.03,0.17,0.0,0.08,0.07,0.0,1.73,0.0,0.77,0.02
"1973-03-01 00:00:00",0.04,0.03,0.12,0.01,0.2,0.0,0.06,0.33,0.0,0.17,0.0,0.21,0.02,0.05,0.49,0.33,0.02,0.12,0.13,0.44,0.34,0.04,0.24,0.09,0.08,0.0,0.04,0.02,0.02,0.14,0.1,0.01,0.51,0.12,0.01,0.21,0.01,0.05,0.04,0.0,2.21,0.0,0.81,0.02
"1973-04-01 00:00:00",0.07,0.04,0.1,0.04,0.14,0.04,0.04,0.4,0.01,0.27,0.01,0.29,0.03,0.1,0.73,0.5,0.05,0.1,0.08,0.18,0.67,0.12,0.23,0.08,0.03,0.04,0.05,0.0,0.04,0.06,0.14,0.04,0.49,0.1,0.01,0.23,0.02,0.06,0.02,0.01,2.45,0.01,0.93,0.06
"1973-05-01 00:00:00",0.12,0.12,0.04,0.04,0.04,0.04,0.02,0.19,0.01,0.19,0.02,0.21,0.06,0.06,0.53,0.26,0.03,0.04,0.03,0.12,0.37,0.12,0.19,0.03,0.14,0.02,0.1,0.0,0.05,0.02,0.06,0.01,0.43,0.05,0.0,0.15,0.01,0.03,0.03,0.01,1.97,0.05,0.58,0.01
"1973-06-01 00:00:00",0.12,0.09,0.1,0.06,0.06,0.02,0.09,0.24,0.04,0.2,0.06,0.12,0.06,0.11,0.58,0.35,0.01,0.04,0.04,0.11,0.26,0.16,0.11,0.02,0.02,0.01,0.08,0.02,0.06,0.03,0.1,0.04,0.68,0.06,0.01,0.08,0.01,0.01,0.01,0.01,1.84,0.02,0.51,0.01
"1973-07-01 00:00:00",0.04,0.22,0.09,0.04,0.26,0.02,0.09,0.4,0.03,0.27,0.03,0.14,0.03,0.09,0.72,0.46,0.02,0.09,0.01,0.16,0.25,0.12,0.37,0.17,0.06,0.02,0.1,0.01,0.11,0.07,0.09,0.02,0.7,0.03,0.08,0.2,0.02,0.03,0.02,0.0,2.37,0.0,0.62,0.04
"1973-08-01 00:00:00",0.08,0.1,0.01,0.05,0.06,0.03,0.32,0.33,0.0,0.13,0.0,0.2,0.06,0.0,0.48,0.4,0.01,0.01,0.02,0.13,0.33,0.1,0.23,0.08,0.03,0.0,0.01,0.02,0.0,0.04,0.03,0.01,0.51,0.06,0.06,0.23,0.0,0.06,0.02,0.0,2.41,0.01,0.71,0.04
"1973-09-01 00:00:00",0.09,0.06,0.04,0.08,0.03,0.03,0.29,0.35,0.0,0.23,0.01,0.27,0.05,0.08,0.45,0.31,0.02,0.04,0.03,0.21,0.37,0.13,0.15,0.06,0.07,0.03,0.06,0.04,0.05,0.04,0.07,0.04,0.84,0.18,0.02,0.14,0.08,0.04,0.01,0.01,2.03,0.02,0.49,0.02
"1973-10-01 00:00:00",0.03,0.16,0.09,0.02,0.12,0.05,0.08,0.69,0.02,0.49,0.04,3.41,0.11,0.2,0.99,0.98,0.09,0.09,0.1,0.28,4.21,0.23,0.47,0.21,0.01,0.02,0.2,0.06,0.1,0.06,0.12,0.01,3.18,0.75,0.11,0.27,0.08,0.15,0.04,0.01,5.46,0.04,0.75,0.02
"1973-11-01 00:00:00",0.05,0.05,0.25,0.01,0.25,0.11,0.0,0.57,0.0,0.46,0.13,2.05,0.07,0.17,0.7,0.65,0.01,0.05,0.03,0.23,2.67,0.18,0.83,0.12,0.04,0.01,0.55,0.03,0.0,0.05,0.14,0.17,1.83,0.82,0.07,0.26,0.09,0.02,0.08,0.0,3.8,0.04,0.63,0.13
"1973-12-01 00:00:00",0.08,0.04,0.31,0.05,0.08,0.06,0.09,0.19,0.02,0.45,0.09,1.03,0.16,0.18,0.59,0.61,0.01,0.01,0.05,0.14,1.75,0.36,0.42,0.08,0.03,0.0,0.36,0.01,0.03,0.01,0.13,0.16,1.38,0.54,0.04,0.08,0.03,0.05,0.01,0.02,2.93,0.05,0.42,0.07
"1974-01-01 00:00:00",0.14,0.05,0.09,0.07,0.08,0.04,0.04,0.26,0.0,0.28,0.03,1.04,0.05,0.15,0.36,0.61,0.04,0.01,0.13,0.2,1.17,0.23,0.28,0.07,0.03,0.03,0.09,0.03,0.03,0.07,0.0,0.04,0.83,0.34,0.1,0.18,0.03,0.02,0.03,0.0,2.69,0.05,0.39,0.04
"1974-02-01 00:00:00",0.05,0.1,0.09,0.02,0.05,0.05,0.06,0.24,0.02,0.24,0.02,0.82,0.05,0.05,0.5,0.5,0.04,0.02,0.01,0.17,0.86,0.17,0.29,0.05,0.1,0.01,0.09,0.02,0.04,0.13,0.03,0.01,0.72,0.62,0.03,0.07,0.01,0.01,0.01,0.0,2.43,0.01,0.39,0.03
"1974-03-01 00:00:00",0.04,0.02,0.13,0.05,0.04,0.02,0.02,0.21,0.01,0.27,0.06,0.78,0.05,0.04,0.29,0.53,0.01,0.01,0.05,0.11,1.07,0.17,0.25,0.09,0.02,0.01,0.21,0.04,0.0,0.07,0.02,0.05,1.06,0.47,0.0,0.1,0.05,0.1,0.01,0.01,2.56,0.05,0.29,0.08
"1974-04-01 00:00:00",0.08,0.02,0.03,0.01,0.01,0.03,0.03,0.25,0.01,0.18,0.0,0.48,0.06,0.07,0.33,0.22,0.01,0.02,0.02,0.11,0.92,0.04,0.09,0.03,0.03,0.01,0.06,0.02,0.04,0.02,0.07,0.08,0.78,0.11,0.01,0.08,0.01,0.1,0.04,0.04,2.17,0.0,0.2,0.04
"1974-05-01 00:00:00",0.06,0.01,0.03,0.05,0.17,0.04,0.05,0.34,0.02,0.24,0.03,0.38,0.03,0.07,0.52,0.57,0.01,0.01,0.03,0.4,0.89,0.15,0.13,0.07,0.05,0.01,0.05,0.01,0.03,0.02,0.05,0.14,0.86,0.08,0.07,0.11,0.0,0.06,0.03,0.0,2.15,0.02,0.28,0.05
"1974-06-01 00:00:00",0.04,0.08,0.21,0.03,0.16,0.04,0.05,0.3,0.0,0.16,0.02,0.83,0.03,0.12,0.4,0.36,0.04,0.0,0.04,0.28,0.97,0.14,0.17,0.05,0.02,0.05,0.05,0.03,0.05,0.07,0.08,0.05,1.13,0.16,0.03,0.09,0.0,0.04,0.03,0.02,2.28,0.03,0.21,0.05
"1974-07-01 00:00:00",0.09,0.07,0.18,0.06,0.09,0.12,0.09,0.19,0.04,0.32,0.03,0.41,0.1,0.07,0.46,0.98,0.0,0.01,0.02,0.29,0.58,0.15,0.14,0.06,0.1,0.0,0.06,0.06,0.03,0.0,0.04,0.14,1.14,0.12,0.07,0.09,0.01,0.95,0.0,0.01,2.87,0.07,0.17,0.05
"1974-08-01 00:00:00",0.11,0.08,0.07,0.06,0.13,0.02,0.01,0.33,0.01,0.14,0.07,0.49,0.06,0.04,0.56,0.86,0.02,0.0,0.0,0.26,0.59,0.14,0.16,0.13,0.1,0.02,0.07,0.07,0.02,0.06,0.02,0.12,0.88,0.05,0.05,0.14,0.0,0.89,0.02,0.0,2.42,0.03,0.32,0.02
"1974-09-01 00:00:00",0.17,0.04,0.03,0.03,0.09,0.01,0.07,0.17,0.02,0.17,0.01,0.22,0.06,0.07,0.36,0.34,0.01,0.01,0.02,0.19,0.53,0.11,0.3,0.07,0.09,0.02,0.13,0.01,0.08,0.03,0.04,0.06,0.62,0.08,0.03,0.06,0.0,0.3,0.0,0.0,1.82,0.1,0.17,0.02
"1974-10-01 00:00:00",0.11,0.03,0.08,0.04,0.09,0.03,0.12,0.15,0.0,0.16,0.03,0.36,0.1,0.02,0.28,0.31,0.03,0.0,0.03,0.29,0.57,0.19,0.25,0.08,0.07,0.01,0.08,0.02,0.06,0.02,0.03,0.17,0.65,0.18,0.02,0.14,0.0,0.17,0.02,0.0,1.94,0.07,0.1,0.07
"1974-11-01 00:00:00",0.14,0.02,0.09,0.09,0.04,0.04,0.08,0.28,0.07,0.22,0.02,0.64,0.06,0.05,0.32,0.49,0.02,0.0,0.0,0.17,1.06,0.27,0.3,0.23,0.08,0.0,0.1,0.02,0.08,0.01,0.02,0.13,1.02,0.09,0.01,0.05,0.12,0.11,0.0,0.0,2.25,0.09,0.07,0.04
"1974-12-01 00:00:00",0.11,0.03,0.18,0.02,0.06,0.03,0.06,0.23,0.03,0.33,0.04,0.51,0.09,0.06,0.46,0.6,0.04,0.0,0.0,0.13,0.81,0.13,0.2,0.05,0.1,0.0,0.11,0.04,0.04,0.0,0.06,0.09,0.89,0.11,0.02,0.05,0.03,0.24,0.01,0.01,2.44,0.05,0.19,0.12
"1975-01-01 00:00:00",0.05,0.14,0.05,0.04,0.1,0.05,0.05,0.23,0.01,0.25,0.02,0.55,0.06,0.1,0.71,0.54,0.05,0.01,0.03,0.28,0.9,0.12,0.22,0.07,0.05,0.0,0.04,0.0,0.03,0.05,0.05,0.09,0.94,0.43,0.01,0.2,0.06,0.14,0.02,0.02,2.54,0.06,0.77,0.06
"1975-02-01 00:00:00",0.1,0.21,0.09,0.05,0.13,0.06,0.07,0.39,0.01,0.31,0.01,0.55,0.08,0.08,0.64,0.59,0.0,0.02,0.01,0.48,0.81,0.17,0.14,0.12,0.04,0.01,0.07,0.0,0.06,0.04,0.04,0.13,1.11,0.24,0.03,0.36,0.03,0.43,0.04,0.02,2.9,0.08,0.62,0.09
"1975-03-01 00:00:00",0.2,0.26,0.07,0.06,0.1,0.04,0.07,0.49,0.0,0.18,0.0,0.78,0.05,0.04,0.6,0.35,0.05,0.04,0.12,0.2,0.91,0.23,0.18,0.07,0.06,0.02,0.1,0.0,0.05,0.03,0.04,0.23,0.78,0.18,0.02,0.34,0.0,0.2,0.03,0.0,2.93,0.06,1.03,0.07
"1975-04-01 00:00:00",0.11,0.12,0.08,0.05,0.08,0.02,0.07,0.52,0.0,0.27,0.0,0.29,0.06,0.06,0.81,0.26,0.02,0.04,0.07,0.14,0.49,0.15,0.31,0.2,0.02,0.05,0.04,0.03,0.01,0.09,0.09,0.25,0.77,0.11,0.03,0.29,0.02,0.08,0.06,0.0,2.88,0.06,1.6,0.12
"1975-05-01 00:00:00",0.06,0.02,0.25,0.04,0.1,0.04,0.04,0.4,0.01,0.28,0.04,0.28,0.23,0.05,0.49,0.39,0.07,0.02,0.04,0.11,0.47,0.22,0.23,0.4,0.06,0.03,0.12,0.06,0.04,0.1,0.12,0.33,0.77,0.11,0.03,0.43,0.02,0.29,0.03,0.0,2.45,0.02,1.06,0.08
"1975-06-01 00:00:00",0.25,0.0,0.23,0.28,0.14,0.05,0.07,0.34,0.02,0.55,0.03,0.42,0.19,0.07,0.57,0.5,0.03,0.02,0.01,0.23,0.62,0.21,0.3,0.38,0.06,0.03,0.06,0.01,0.03,0.02,0.05,0.33,1.15,0.1,0.09,0.09,0.0,0.28,0.09,0.0,2.55,0.01,0.5,0.19
"1975-07-01 00:00:00",0.13,0.02,0.1,0.04,0.13,0.01,0.06,0.23,0.06,0.59,0.02,0.69,0.09,0.39,0.45,0.46,0.01,0.03,0.06,0.28,1.05,0.15,0.3,0.16,0.06,0.0,0.03,0.01,0.03,0.04,0.18,0.46,1.4,0.16,0.01,0.07,0.01,0.77,0.04,0.0,3.05,0.12,0.36,0.06
"1975-08-01 00:00:00",0.3,0.12,0.07,0.08,0.1,0.04,0.11,0.42,0.04,0.31,0.01,0.55,0.12,0.39,0.51,0.52,0.03,0.05,0.07,0.2,0.76,0.1,0.34,0.2,0.1,0.18,0.04,0.05,0.2,0.05,0.15,0.87,1.29,0.14,0.04,0.12,0.01,0.44,0.01,0.01,3.13,0.05,0.4,0.21
"1975-09-01 00:00:00",0.1,0.03,0.11,0.05,0.09,0.03,0.02,0.23,0.01,0.22,0.05,0.8,0.15,0.06,0.38,0.43,0.0,0.03,0.07,0.04,0.91,0.16,0.13,0.11,0.05,0.01,0.11,0.02,0.05,0.08,0.08,0.38,0.93,0.12,0.03,0.08,0.0,0.31,0.04,0.0,2.31,0.01,0.32,0.02
"1975-10-01 00:00:00",0.17,0.05,0.04,0.07,0.1,0.06,0.03,0.27,0.0,0.29,0.04,0.43,0.3,0.1,0.3,0.39,0.02,0.01,0.09,0.19,0.49,0.18,0.17,0.13,0.04,0.02,0.2,0.06,0.0,0.04,0.1,0.42,0.86,0.05,0.07,0.09,0.01,0.5,0.15,0.0,2.37,0.01,0.26,0.09
"1975-11-01 00:00:00",0.08,0.04,0.07,0.07,0.08,0.04,0.16,0.39,0.02,0.11,0.01,0.27,0.37,0.07,0.41,0.56,0.0,0.02,0.05,0.19,0.44,0.1,0.2,0.12,0.05,0.0,0.07,0.09,0.03,0.08,0.06,0.51,0.99,0.11,0.04,0.02,0.0,0.09,0.04,0.0,2.35,0.01,0.21,0.16
"1975-12-01 00:00:00",0.31,0.14,0.28,0.07,0.07,0.05,0.1,0.41,0.0,0.48,0.02,0.25,0.19,0.1,0.53,0.45,0.03,0.03,0.37,0.15,0.47,0.18,0.21,0.09,0.06,0.0,0.3,0.02,0.02,0.03,0.12,0.42,1.13,0.13,0.05,0.07,0.04,0.08,0.09,0.0,2.47,0.16,0.32,0.25
"1976-01-01 00:00:00",0.09,0.05,0.21,0.14,0.14,0.06,0.08,0.32,0.0,0.33,0.03,0.38,0.28,0.07,0.47,0.7,0.05,0.01,0.04,0.21,0.55,0.23,0.21,0.14,0.02,0.02,0.04,0.06,0.01,0.01,0.06,0.4,1.35,0.12,0.03,0.07,0.01,0.12,0.03,0.01,2.65,0.06,0.25,0.42
"1976-02-01 00:00:00",0.09,0.03,0.06,0.08,0.14,0.03,0.07,0.24,0.04,0.19,0.01,0.08,0.17,0.05,0.48,0.57,0.03,0.0,0.02,0.23,0.18,0.16,0.18,0.12,0.06,0.01,0.03,0.01,0.06,0.02,0.05,0.22,0.89,0.09,0.04,0.08,0.0,0.12,0.01,0.0,1.81,0.09,0.17,0.28
"1976-03-01 00:00:00",0.18,0.03,0.03,0.04,0.12,0.01,0.06,0.2,0.01,0.21,0.0,0.37,0.08,0.06,0.36,0.67,0.01,0.0,0.01,0.18,0.48,0.12,0.16,0.06,0.02,0.0,0.02,0.01,0.0,0.0,0.04,0.17,1.28,0.1,0.07,0.05,0.02,0.17,0.01,0.02,2.28,0.02,0.18,0.48
"1976-04-01 00:00:00",0.07,0.01,0.02,0.03,0.05,0.04,0.03,0.29,0.05,0.18,0.0,0.27,0.1,0.07,0.33,0.37,0.01,0.03,0.03,0.3,0.48,0.24,0.07,0.05,0.05,0.04,0.11,0.0,0.0,0.11,0.1,0.13,0.94,0.05,0.04,0.16,0.02,0.12,0.01,0.02,2.03,0.05,0.2,0.23
"1976-05-01 00:00:00",0.07,0.01,0.09,0.09,0.04,0.05,0.04,0.25,0.0,0.28,0.02,0.18,0.1,0.06,0.42,0.44,0.0,0.01,0.03,0.25,0.35,0.18,0.17,0.11,0.04,0.01,0.09,0.11,0.01,0.08,0.1,0.16,1.02,0.17,0.05,0.07,0.0,0.09,0.01,0.01,2.27,0.01,0.24,0.41
"1976-06-01 00:00:00",0.16,0.05,0.09,0.08,0.14,0.04,0.09,0.25,0.02,0.42,0.01,0.4,0.14,0.02,0.52,0.49,0.01,0.03,0.01,0.17,0.54,0.23,0.14,0.07,0.12,0.01,0.07,0.03,0.02,0.06,0.1,0.08,0.85,0.21,0.09,0.05,0.03,0.07,0.01,0.0,2.33,0.04,0.13,0.22
"1976-07-01 00:00:00",0.14,0.05,0.08,0.06,0.18,0.13,0.04,0.2,0.01,0.5,0.02,0.31,0.12,0.0,0.98,0.65,0.02,0.01,0.03,0.2,1.2,0.16,0.27,0.07,0.11,0.01,0.06,0.02,0.02,0.05,0.02,0.09,0.56,0.05,0.1,0.08,0.02,0.11,0.01,0.0,2.45,0.04,0.21,0.18
"1976-08-01 00:00:00",0.11,0.06,0.05,0.13,0.19,0.06,0.06,0.3,0.02,0.29,0.01,0.42,0.14,0.01,0.63,0.62,0.01,0.02,0.05,0.41,0.88,0.24,0.34,0.47,0.08,0.01,0.11,0.01,0.06,0.06,0.05,0.18,0.76,0.18,0.05,0.05,0.03,0.24,0.13,0.02,3.03,0.02,0.28,0.44
"1976-09-01 00:00:00",0.12,0.02,0.05,0.08,0.12,0.17,0.09,0.3,0.03,0.39,0.02,0.24,0.13,0.13,0.41,0.71,0.02,0.02,0.01,0.13,0.39,0.13,0.16,0.16,0.04,0.0,0.13,0.04,0.03,0.04,0.08,0.09,0.83,0.11,0.08,0.02,0.04,0.07,0.06,0.03,2.37,0.03,0.19,0.54
"1976-10-01 00:00:00",0.08,0.0,0.04,0.11,0.14,0.03,0.11,0.39,0.07,0.28,0.03,0.48,0.12,0.1,0.46,0.55,0.03,0.06,0.04,0.18,0.71,0.16,0.19,0.29,0.13,0.01,0.04,0.04,0.04,0.05,0.16,0.07,0.9,0.32,0.09,0.1,0.02,0.09,0.07,0.02,2.21,0.04,0.21,0.21
"1976-11-01 00:00:00",0.09,0.06,0.07,0.08,0.17,0.03,0.02,0.27,0.01,0.3,0.01,0.25,0.09,0.1,0.38,0.59,0.02,0.04,0.01,0.17,0.49,0.09,0.14,0.14,0.06,0.02,0.1,0.0,0.02,0.03,0.08,0.11,0.7,0.15,0.04,0.02,0.01,0.12,0.04,0.0,1.95,0.05,0.16,0.23
"1976-12-01 00:00:00",0.08,0.04,0.22,0.09,0.13,0.09,0.12,0.24,0.0,0.36,0.02,0.15,0.09,0.16,0.43,0.46,0.04,0.03,0.07,0.26,0.41,0.16,0.31,0.14,0.11,0.01,0.06,0.01,0.04,0.08,0.22,0.03,0.88,0.22,0.04,0.09,0.0,0.09,0.05,0.01,2.1,0.06,0.18,0.22
"1977-01-01 00:00:00",0.07,0.04,0.07,0.06,0.05,0.02,0.09,0.22,0.04,0.33,0.01,0.18,0.15,0.09,0.37,0.48,0.01,0.02,0.05,0.08,0.32,0.09,0.15,0.07,0.09,0.0,0.06,0.02,0.03,0.03,0.1,0.06,0.98,0.1,0.01,0.01,0.0,0.07,0.07,0.03,1.89,0.04,0.22,0.21
"1977-02-01 00:00:00",0.07,0.01,0.03,0.12,0.07,0.03,0.08,0.24,0.01,0.32,0.0,0.21,0.1,0.05,0.28,0.47,0.01,0.02,0.02,0.14,0.41,0.1,0.15,0.12,0.04,0.0,0.02,0.0,0.01,0.02,0.11,0.05,1.08,0.15,0.02,0.04,0.0,0.18,0.05,0.01,2.17,0.02,0.22,0.18
"1977-03-01 00:00:00",0.1,0.03,0.17,0.16,0.04,0.02,0.04,0.22,0.0,0.32,0.0,0.15,0.16,0.04,0.44,0.38,0.02,0.02,0.04,0.22,0.37,0.13,0.21,0.18,0.04,0.02,0.04,0.02,0.02,0.04,0.11,0.16,1.02,0.04,0.01,0.13,0.0,0.1,0.06,0.0,2.14,0.01,0.23,0.19
"1977-04-01 00:00:00",0.09,0.03,0.22,0.17,0.13,0.05,0.08,0.28,0.03,0.48,0.03,0.41,0.17,0.01,0.65,0.56,0.03,0.01,0.02,0.2,0.32,0.12,0.26,0.11,0.03,0.02,0.04,0.01,0.01,0.05,0.03,0.08,1.38,0.08,0.04,0.05,0.0,0.09,0.05,0.0,2.63,0.02,0.25,0.21
"1977-05-01 00:00:00",0.03,0.06,0.12,0.14,0.22,0.07,0.02,0.3,0.02,0.58,0.03,0.28,0.2,0.09,0.68,0.9,0.02,0.04,0.19,0.14,0.51,0.15,0.42,0.21,0.12,0.0,0.26,0.04,0.02,0.03,0.09,0.08,1.14,0.3,0.07,0.03,0.0,0.16,0.01,0.0,2.51,0.03,0.25,0.32
"1977-06-01 00:00:00",0.1,0.02,0.08,0.13,0.16,0.05,0.1,0.2,0.04,0.29,0.02,0.3,0.11,0.09,0.5,0.61,0.0,0.01,0.16,0.18,0.38,0.14,0.2,0.18,0.07,0.0,0.32,0.03,0.04,0.04,0.04,0.03,0.92,0.08,0.04,0.05,0.01,0.04,0.01,0.0,2.26,0.05,0.1,0.16
"1977-07-01 00:00:00",0.08,0.02,0.12,0.05,0.08,0.07,0.02,0.31,0.02,0.39,0.01,0.39,0.18,0.07,0.39,0.74,0.04,0.02,0.01,0.22,0.57,0.27,0.17,0.21,0.07,0.02,0.07,0.03,0.05,0.05,0.09,0.06,1.24,0.24,0.09,0.1,0.0,0.08,0.11,0.03,2.69,0.05,0.16,0.15
"1977-08-01 00:00:00",0.05,0.06,0.06,0.06,0.13,0.06,0.04,0.39,0.04,0.48,0.01,0.28,0.19,0.03,0.46,0.84,0.01,0.02,0.05,0.18,0.42,0.12,0.3,0.19,0.13,0.02,0.06,0.01,0.05,0.06,0.1,0.04,0.99,0.1,0.02,0.1,0.01,0.12,0.11,0.0,2.4,0.05,0.26,0.57
"1977-09-01 00:00:00",0.06,0.01,0.07,0.1,0.08,0.05,0.05,0.23,0.05,0.44,0.0,0.23,0.05,0.01,0.41,0.42,0.05,0.01,0.03,0.2,0.39,0.13,0.25,0.13,0.07,0.05,0.05,0.01,0.03,0.05,0.12,0.04,0.78,0.07,0.05,0.12,0.02,0.12,0.02,0.0,2.12,0.05,0.14,0.17
"1977-10-01 00:00:00",0.07,0.08,0.11,0.05,0.17,0.08,0.04,0.12,0.0,0.88,0.02,0.17,0.18,0.07,0.69,0.62,0.03,0.01,0.02,0.36,0.55,0.35,0.36,0.12,0.06,0.01,0.12,0.04,0.0,0.06,0.06,0.04,0.99,0.17,0.11,0.15,0.03,0.19,0.03,0.01,2.7,0.04,0.11,0.53
"1977-11-01 00:00:00",0.12,0.03,0.07,0.06,0.16,0.03,0.04,0.2,0.02,0.6,0.01,0.42,0.16,0.05,0.5,0.67,0.01,0.0,0.01,0.27,0.7,0.18,0.09,0.04,0.04,0.0,0.04,0.0,0.0,0.04,0.05,0.1,0.84,0.13,0.03,0.04,0.04,0.1,0.04,0.0,2.33,0.07,0.17,0.53
"1977-12-01 00:00:00",0.03,0.04,0.17,0.04,0.05,0.03,0.0,0.22,0.0,0.36,0.01,0.67,0.05,0.01,0.34,0.37,0.06,0.03,0.01,0.14,0.7,0.05,0.14,0.05,0.0,0.04,0.07,0.03,0.02,0.08,0.1,0.09,0.72,0.34,0.02,0.05,0.05,0.12,0.02,0.02,1.9,0.05,0.16,0.2
"1978-01-01 00:00:00",0.15,0.03,0.12,0.14,0.15,0.04,0.1,0.29,0.04,0.51,0.02,0.51,0.12,0.05,0.44,0.39,0.07,0.03,0.05,0.29,0.57,0.22,0.19,0.13,0.07,0.0,0.05,0.01,0.08,0.04,0.27,0.04,1.19,0.26,0.1,0.33,0.0,0.12,0.05,0.02,2.25,0.08,0.33,0.1
"1978-02-01 00:00:00",0.07,0.01,0.08,0.05,0.11,0.05,0.06,0.23,0.03,0.43,0.0,0.8,0.13,0.01,0.41,0.69,0.02,0.01,0.0,0.16,0.81,0.17,0.14,0.11,0.01,0.0,0.04,0.0,0.04,0.03,0.11,0.08,1.26,0.38,0.03,0.12,0.03,0.08,0.02,0.0,2.76,0.04,0.24,0.21
"1978-03-01 00:00:00",0.02,0.02,0.06,0.04,0.1,0.08,0.06,0.2,0.02,0.36,0.01,0.86,0.11,0.02,0.29,0.6,0.03,0.0,0.06,0.15,1.49,0.24,0.22,0.12,0.08,0.01,0.21,0.01,0.01,0.04,0.12,0.04,1.38,0.35,0.09,0.12,0.0,0.15,0.05,0.0,3.39,0.04,0.22,0.26
"1978-04-01 00:00:00",0.05,0.04,0.15,0.1,0.06,0.03,0.01,0.18,0.01,0.43,0.06,0.23,0.09,0.01,0.26,0.48,0.01,0.02,0.03,0.22,0.57,0.24,0.09,0.11,0.04,0.0,0.08,0.09,0.0,0.03,0.16,0.02,1.11,0.11,0.03,0.05,0.0,0.38,0.05,0.01,2.61,0.05,0.18,0.21
"1978-05-01 00:00:00",0.03,0.04,0.76,0.02,0.24,0.17,0.06,0.49,0.01,0.81,0.04,0.47,0.11,0.08,1.42,0.75,0.05,0.02,0.01,0.33,0.72,0.49,0.21,0.16,0.08,0.0,0.07,0.09,0.05,0.02,0.26,0.16,2.04,0.31,0.1,0.12,0.01,0.48,0.03,0.0,3.78,0.08,0.36,0.36
"1978-06-01 00:00:00",0.06,0.05,0.58,0.06,0.17,0.06,0.03,0.7,0.08,0.72,0.01,0.38,0.15,0.05,1.04,0.78,0.06,0.03,0.01,0.2,0.64,0.25,0.16,0.12,0.06,0.04,0.18,0.03,0.03,0.08,0.22,0.06,1.99,0.22,0.07,0.09,0.01,0.26,0.07,0.0,3.33,0.02,0.31,0.29
"1978-07-01 00:00:00",0.07,0.02,0.07,0.07,0.13,0.02,0.07,0.23,0.01,0.55,0.0,0.55,0.16,0.06,0.53,1.02,0.03,0.0,0.1,0.17,0.78,0.18,0.27,0.13,0.05,0.01,0.07,0.01,0.06,0.03,0.08,0.06,0.97,0.2,0.01,0.07,0.0,0.26,0.02,0.0,2.78,0.03,0.29,0.25
"1978-08-01 00:00:00",0.12,0.03,0.05,0.01,0.15,0.03,0.11,0.27,0.0,0.33,0.0,0.24,0.12,0.03,0.41,0.48,0.03,0.01,0.01,0.17,0.54,0.16,0.16,0.13,0.04,0.03,0.03,0.05,0.01,0.04,0.03,0.03,0.69,0.11,0.03,0.08,0.0,0.27,0.07,0.0,2.1,0.01,0.19,0.24
"1978-09-01 00:00:00",0.06,0.05,0.08,0.02,0.08,0.03,0.03,0.17,0.0,0.51,0.0,0.56,0.14,0.02,0.29,0.6,0.02,0.0,0.0,0.13,0.67,0.13,0.16,0.05,0.03,0.0,0.05,0.0,0.0,0.02,0.14,0.08,0.75,0.24,0.0,0.03,0.0,0.11,0.0,0.0,2.15,0.11,0.29,0.22
"1978-10-01 00:00:00",0.09,0.06,0.05,0.05,0.17,0.02,0.03,0.23,0.0,0.49,0.02,0.43,0.11,0.02,0.35,0.78,0.05,0.02,0.08,0.05,0.52,0.09,0.17,0.09,0.08,0.06,0.03,0.05,0.02,0.05,0.14,0.05,0.85,0.23,0.03,0.18,0.02,0.12,0.05,0.0,2.1,0.03,0.18,0.33
"1978-11-01 00:00:00",0.06,0.02,0.02,0.03,0.12,0.08,0.09,0.4,0.02,0.26,0.02,0.3,0.15,0.02,0.39,0.6,0.08,0.01,0.04,0.2,0.45,0.15,0.24,0.14,0.09,0.1,0.06,0.0,0.04,0.04,0.08,0.04,0.95,0.15,0.06,0.14,0.02,0.06,0.06,0.01,2.47,0.08,0.28,0.34
"1978-12-01 00:00:00",0.23,0.05,0.16,0.05,0.09,0.08,0.22,0.69,0.01,0.3,0.01,0.56,0.07,0.0,0.44,0.53,0.09,0.03,0.02,0.25,0.73,0.18,0.22,0.12,0.09,0.06,0.06,0.07,0.01,0.07,0.14,0.03,1.12,0.16,0.03,0.23,0.0,0.08,0.23,0.01,2.64,0.06,0.43,0.3
"1979-01-01 00:00:00",0.06,0.03,0.04,0.06,0.05,0.05,0.06,0.87,0.06,0.39,0.03,0.44,0.18,0.01,0.74,0.65,0.1,0.01,0.05,0.22,0.6,0.14,0.28,0.18,0.09,0.07,0.05,0.01,0.02,0.07,0.11,0.05,1.43,0.11,0.03,0.31,0.02,0.21,0.17,0.0,2.8,0.0,0.7,0.15
"1979-02-01 00:00:00",0.03,0.03,0.1,0.01,0.03,0.06,0.04,1.37,0.01,0.25,0.01,0.3,0.1,0.0,0.52,0.5,0.29,0.04,0.03,0.26,0.37,0.15,0.48,0.12,0.12,0.03,0.06,0.03,0.01,0.06,0.09,0.05,1.74,0.25,0.02,0.44,0.01,0.13,0.29,0.01,3.26,0.0,1.3,0.21
"1979-03-01 00:00:00",0.05,0.02,0.05,0.07,0.1,0.01,0.04,0.72,0.01,0.35,0.02,1.04,0.14,0.05,0.5,0.57,0.1,0.02,0.04,0.22,1.1,0.13,0.34,0.06,0.06,0.03,0.11,0.04,0.04,0.12,0.05,0.05,1.25,0.51,0.05,0.3,0.0,0.12,0.1,0.0,3.05,0.1,0.71,0.22
"1979-04-01 00:00:00",0.05,0.02,0.07,0.06,0.08,0.03,0.03,0.41,0.0,0.35,0.01,0.68,0.12,0.02,0.41,0.53,0.01,0.01,0.03,0.28,1.01,0.14,0.17,0.1,0.05,0.02,0.09,0.05,0.0,0.03,0.02,0.0,1.22,0.32,0.03,0.1,0.03,0.17,0.05,0.0,3.12,0.04,0.27,0.24
"1979-05-01 00:00:00",0.03,0.07,0.06,0.05,0.14,0.06,0.05,0.33,0.01,0.28,0.02,0.38,0.14,0.06,0.52,0.58,0.02,0.0,0.02,0.12,0.6,0.24,0.13,0.1,0.17,0.03,0.05,0.04,0.05,0.05,0.06,0.02,1.1,0.15,0.03,0.13,0.01,0.14,0.08,0.03,2.66,0.09,0.28,0.3
"1979-06-01 00:00:00",0.05,0.06,0.14,0.07,0.14,0.06,0.06,0.43,0.06,0.35,0.01,0.34,0.1,0.03,0.46,0.62,0.08,0.03,0.05,0.19,0.5,0.27,0.33,0.17,0.26,0.09,0.06,0.02,0.07,0.14,0.08,0.04,1.47,0.21,0.04,0.21,0.01,0.19,0.04,0.04,3.41,0.19,0.5,0.2
"1979-07-01 00:00:00",0.07,0.08,0.07,0.06,0.11,0.04,0.01,0.31,0.07,0.27,0.0,0.38,0.22,0.02,0.36,0.47,0.04,0.04,0.07,0.12,0.64,0.13,0.18,0.12,0.1,0.1,0.07,0.07,0.03,0.08,0.05,0.04,1.08,0.12,0.02,0.11,0.0,0.15,0.04,0.01,2.78,0.09,0.32,0.13
"1979-08-01 00:00:00",0.06,0.05,0.07,0.05,0.11,0.02,0.07,0.34,0.0,0.31,0.02,0.3,0.23,0.01,0.39,0.48,0.04,0.07,0.03,0.3,0.66,0.09,0.15,0.1,0.05,0.02,0.07,0.01,0.04,0.05,0.04,0.15,0.94,0.15,0.03,0.08,0.02,0.1,0.04,0.0,2.4,0.01,0.36,0.19
"1979-09-01 00:00:00",0.08,0.07,0.1,0.01,0.12,0.02,0.01,0.27,0.02,0.28,0.01,0.28,0.06,0.0,0.25,0.64,0.06,0.03,0.04,0.17,0.44,0.11,0.15,0.08,0.09,0.04,0.08,0.04,0.04,0.06,0.11,0.03,1.22,0.09,0.02,0.06,0.0,0.07,0.02,0.02,2.52,0.05,0.34,0.16
"1979-10-01 00:00:00",0.08,0.03,0.24,0.04,0.04,0.03,0.07,0.37,0.02,0.66,0.01,0.19,0.16,0.01,0.36,0.78,0.01,0.04,0.02,0.31,0.36,0.25,0.19,0.16,0.11,0.02,0.21,0.02,0.01,0.04,0.22,0.01,1.57,0.11,0.0,0.17,0.0,0.08,0.05,0.02,2.89,0.02,0.34,0.28
"1979-11-01 00:00:00",0.05,0.11,0.15,0.04,0.14,0.06,0.0,0.3,0.02,0.54,0.01,0.27,0.12,0.0,0.41,0.81,0.01,0.02,0.04,0.22,0.52,0.23,0.36,0.13,0.08,0.01,0.13,0.03,0.01,0.06,0.07,0.05,1.05,0.32,0.02,0.2,0.06,0.14,0.01,0.0,3.01,0.05,0.27,0.22
"1979-12-01 00:00:00",0.03,0.15,0.27,0.02,0.17,0.05,0.04,0.35,0.04,0.52,0.06,0.37,0.06,0.05,0.55,1.23,0.02,0.04,0.01,0.29,0.51,0.37,0.43,0.18,0.12,0.01,0.14,0.14,0.0,0.1,0.21,0.05,1.59,0.29,0.08,0.2,0.01,0.23,0.04,0.03,3.3,0.07,0.38,0.3
"1980-01-01 00:00:00",0.14,0.18,0.15,0.08,0.26,0.08,0.01,1.24,0.11,0.82,0.02,0.57,0.12,0.04,0.67,1.02,0.08,0.16,0.06,1.15,0.63,0.31,0.69,0.33,0.18,0.02,0.1,0.08,0.01,0.13,0.13,0.05,4.2,0.53,0.02,0.19,0.1,0.31,0.04,0.02,5.36,0.06,0.69,0.23
"1980-02-01 00:00:00",0.09,0.04,0.09,0.06,0.14,0.08,0.05,0.43,0.04,0.49,0.06,0.32,0.19,0.07,0.76,0.73,0.0,0.04,0.05,0.59,0.34,0.25,0.48,0.27,0.2,0.05,0.1,0.04,0.05,0.07,0.22,0.09,2.29,0.26,0.04,0.14,0.07,0.27,0.04,0.04,3.68,0.1,0.41,0.15
"1980-03-01 00:00:00",0.1,0.05,0.06,0.05,0.12,0.17,0.01,0.21,0.19,0.38,0.03,0.36,0.04,0.03,0.53,0.42,0.03,0.02,0.01,0.41,0.58,0.13,0.3,0.09,0.13,0.01,0.03,0.02,0.02,0.05,0.04,0.01,1.47,0.15,0.02,0.1,0.0,0.07,0.01,0.0,3.0,0.1,0.32,0.11
"1980-04-01 00:00:00",0.12,0.14,0.24,0.03,0.19,0.24,0.04,0.23,0.09,0.79,0.11,0.48,0.25,0.03,0.73,0.8,0.02,0.04,0.04,0.4,0.78,0.43,0.85,0.08,0.15,0.0,0.23,0.08,0.16,0.04,0.18,0.2,1.78,0.16,0.06,0.12,0.01,0.17,0.05,0.01,4.33,0.07,0.38,0.11
"1980-05-01 00:00:00",0.06,0.05,0.22,0.04,0.05,0.11,0.01,0.23,0.05,0.37,0.01,0.44,0.12,0.02,0.36,0.7,0.0,0.04,0.05,0.25,0.72,0.19,0.28,0.21,0.1,0.01,0.05,0.04,0.05,0.04,0.2,0.04,1.38,0.17,0.11,0.04,0.04,0.17,0.01,0.02,2.93,0.01,0.18,0.05
"1980-06-01 00:00:00",0.04,0.07,0.14,0.07,0.15,0.07,0.01,0.38,0.01,0.65,0.0,0.27,0.2,0.06,0.69,0.66,0.01,0.06,0.09,0.42,0.52,0.37,0.33,0.16,0.09,0.07,0.13,0.06,0.02,0.05,0.16,0.1,1.85,0.15,0.02,0.27,0.02,0.25,0.05,0.0,2.95,0.02,0.37,0.19
"1980-07-01 00:00:00",0.08,0.03,0.03,0.06,0.09,0.1,0.08,0.21,0.07,0.42,0.05,0.18,0.13,0.01,0.44,0.44,0.01,0.01,0.0,0.38,0.33,0.1,0.2,0.12,0.15,0.01,0.03,0.03,0.08,0.05,0.1,0.02,1.18,0.11,0.06,0.17,0.0,0.14,0.02,0.0,2.37,0.04,0.33,0.15
"1980-08-01 00:00:00",0.06,0.02,0.08,0.07,0.07,0.08,0.04,0.34,0.0,0.31,0.01,0.21,0.08,0.03,0.33,0.36,0.05,0.07,0.04,0.28,0.49,0.13,0.25,0.08,0.16,0.03,0.08,0.06,0.06,0.02,0.16,0.04,1.29,0.11,0.03,0.11,0.02,0.08,0.08,0.03,2.4,0.05,0.18,0.08
"1980-09-01 00:00:00",0.12,0.07,0.05,0.07,0.13,0.23,0.04,0.28,0.02,0.55,0.02,0.27,0.14,0.05,0.53,0.69,0.0,0.07,0.02,0.57,0.62,0.26,0.42,0.12,0.08,0.02,0.07,0.06,0.02,0.15,0.3,0.0,1.9,0.33,0.05,0.22,0.06,0.3,0.05,0.01,3.76,0.02,0.28,0.13
"1980-10-01 00:00:00",0.06,0.11,0.1,0.06,0.1,0.1,0.02,0.49,0.0,0.56,0.04,0.33,0.16,0.03,0.74,0.69,0.02,0.04,0.03,0.39,0.67,0.17,0.31,0.27,0.12,0.01,0.09,0.04,0.04,0.13,0.26,0.03,2.09,0.97,0.04,0.08,0.05,0.29,0.03,0.0,4.37,0.06,0.23,0.06
"1980-11-01 00:00:00",0.11,0.07,0.13,0.1,0.15,0.06,0.04,0.28,0.0,0.49,0.07,0.31,0.27,0.04,0.56,0.51,0.0,0.0,0.07,0.28,0.43,0.21,0.37,0.09,0.12,0.03,0.14,0.03,0.02,0.1,0.25,0.01,1.31,0.37,0.1,0.07,0.03,0.09,0.04,0.0,3.26,0.05,0.19,0.08
"1980-12-01 00:00:00",0.07,0.03,0.26,0.01,0.09,0.08,0.03,0.25,0.04,0.73,0.02,0.26,0.18,0.11,0.44,0.46,0.0,0.12,0.13,0.29,0.61,0.14,0.27,0.07,0.08,0.02,0.05,0.04,0.04,0.04,0.94,0.02,1.82,0.35,0.04,0.02,0.01,0.13,0.01,0.01,3.49,0.12,0.22,0.05
"1981-01-01 00:00:00",0.03,0.01,0.06,0.09,0.24,0.13,0.06,0.25,0.04,0.72,0.02,0.12,0.07,0.01,0.54,0.63,0.01,0.0,0.02,0.13,0.36,0.21,0.29,0.1,0.2,0.0,0.2,0.04,0.05,0.04,0.37,0.09,1.33,0.19,0.1,0.03,0.07,0.16,0.05,0.0,3.85,0.06,0.24,0.24
"1981-02-01 00:00:00",0.15,0.04,0.09,0.12,0.16,0.02,0.12,0.28,0.02,0.51,0.04,0.28,0.19,0.06,0.61,0.41,0.02,0.03,0.06,0.39,0.52,0.19,0.22,0.07,0.18,0.06,0.12,0.02,0.19,0.13,0.6,0.05,1.79,0.24,0.06,0.09,0.0,0.21,0.03,0.04,3.35,0.04,0.38,0.11
"1981-03-01 00:00:00",0.1,0.04,0.08,0.07,0.25,0.04,0.08,0.2,0.08,0.62,0.04,0.24,0.19,0.03,0.48,0.51,0.0,0.05,0.07,0.3,0.41,0.19,0.32,0.09,0.09,0.03,0.07,0.06,0.03,0.01,0.42,0.13,1.55,0.27,0.06,0.06,0.01,0.12,0.03,0.0,2.99,0.04,0.27,0.29
"1981-04-01 00:00:00",0.1,0.03,0.1,0.04,0.09,0.03,0.01,0.37,0.03,0.95,0.04,0.33,0.16,0.14,0.57,0.76,0.01,0.09,0.04,0.34,0.84,0.34,0.29,0.1,0.06,0.02,0.12,0.04,0.08,0.06,1.12,0.05,2.15,0.4,0.01,0.14,0.01,0.12,0.04,0.05,3.71,0.05,0.17,0.29
"1981-05-01 00:00:00",0.08,0.02,0.18,0.06,0.12,0.02,0.04,0.2,0.02,0.8,0.03,0.34,0.24,0.02,0.55,0.73,0.09,0.01,0.02,0.22,1.04,0.54,0.44,0.1,0.14,0.01,0.14,0.03,0.03,0.05,0.42,0.02,1.92,0.45,0.01,0.08,0.14,0.2,0.04,0.01,3.63,0.05,0.24,0.22
"1981-06-01 00:00:00",0.17,0.05,0.08,0.11,0.22,0.05,0.06,0.48,0.04,0.63,0.02,0.55,0.2,0.07,1.52,0.85,0.07,0.07,0.04,0.49,2.12,0.52,0.41,0.11,0.23,0.02,0.09,0.03,0.0,0.19,0.39,0.14,2.09,0.77,0.11,0.14,0.14,0.26,0.14,0.01,4.11,0.09,0.21,0.25
"1981-07-01 00:00:00",0.09,0.01,0.08,0.04,0.22,0.03,0.06,0.22,0.01,0.43,0.04,0.27,0.08,0.03,0.53,0.57,0.01,0.03,0.02,0.2,1.05,0.22,0.34,0.12,0.09,0.02,0.06,0.07,0.03,0.04,0.25,0.02,1.32,0.42,0.03,0.07,0.02,0.05,0.08,0.01,3.05,0.01,0.19,0.12
"1981-08-01 00:00:00",0.1,0.01,0.11,0.04,0.16,0.05,0.06,0.12,0.04,0.6,0.03,0.3,0.17,0.03,0.69,0.64,0.0,0.01,0.04,0.14,0.59,0.23,0.19,0.14,0.14,0.02,0.11,0.04,0.05,0.07,0.28,0.13,1.55,0.33,0.03,0.05,0.04,0.05,0.05,0.05,3.2,0.05,0.23,0.38
"1981-09-01 00:00:00",0.05,0.07,0.18,0.01,0.22,0.09,0.04,0.22,0.03,0.85,0.03,0.23,0.15,0.05,0.69,0.6,0.02,0.02,0.01,0.31,0.52,0.13,0.15,0.03,0.18,0.0,0.2,0.04,0.03,0.03,0.48,0.09,1.75,0.35,0.04,0.12,0.01,0.17,0.0,0.01,2.99,0.03,0.17,0.39
"1981-10-01 00:00:00",0.05,0.08,0.25,0.05,0.08,0.04,0.06,0.18,0.05,0.65,0.03,0.65,0.18,0.02,0.66,0.76,0.03,0.03,0.0,0.16,0.65,0.33,0.13,0.08,0.2,0.0,0.22,0.03,0.03,0.03,0.36,0.01,1.75,0.48,0.07,0.07,0.05,0.15,0.08,0.0,3.07,0.04,0.25,0.11
"1981-11-01 00:00:00",0.09,0.03,0.23,0.08,0.16,0.03,0.07,0.29,0.03,1.01,0.04,0.41,0.17,0.06,0.68,0.71,0.0,0.03,0.01,0.14,0.53,0.29,0.22,0.05,0.29,0.01,0.21,0.1,0.03,0.02,0.48,0.04,2.36,0.32,0.18,0.03,0.0,0.17,0.09,0.01,3.79,0.13,0.12,0.12
"1981-12-01 00:00:00",0.12,0.06,0.35,0.11,0.2,0.11,0.1,0.15,0.12,1.04,0.03,0.47,0.26,0.12,0.95,0.94,0.01,0.2,0.03,0.23,0.85,0.45,0.27,0.11,0.24,0.04,0.11,0.04,0.02,0.04,1.65,0.04,2.86,0.35,0.05,0.11,0.04,0.14,0.06,0.04,4.38,0.11,0.35,0.21
"1982-01-01 00:00:00",0.06,0.04,0.55,0.06,0.15,0.14,0.05,0.33,0.05,1.11,0.03,0.3,0.24,0.2,1.0,0.8,0.0,0.08,0.0,0.16,0.73,0.41,0.34,0.08,0.12,0.0,0.17,0.02,0.01,0.05,1.95,0.06,2.63,0.2,0.07,0.06,0.06,0.16,0.12,0.0,3.9,0.01,0.26,0.12
"1982-02-01 00:00:00",0.08,0.07,0.17,0.03,0.19,0.07,0.06,0.19,0.07,0.7,0.02,0.26,0.27,0.1,0.6,0.67,0.01,0.02,0.01,0.19,0.78,0.25,0.29,0.12,0.28,0.01,0.08,0.04,0.03,0.03,0.99,0.05,1.96,0.33,0.03,0.06,0.09,0.12,0.03,0.02,3.73,0.06,0.27,0.18
"1982-03-01 00:00:00",0.12,0.04,0.14,0.07,0.1,0.07,0.07,0.19,0.06,0.67,0.06,0.36,0.19,0.03,0.67,0.67,0.02,0.04,0.03,0.32,0.65,0.18,0.23,0.08,0.51,0.01,0.12,0.03,0.04,0.06,0.55,0.02,2.12,0.27,0.03,0.06,0.03,0.13,0.08,0.0,4.25,0.15,0.35,0.14
"1982-04-01 00:00:00",2.29,0.25,0.22,0.12,0.29,0.18,0.09,0.24,0.12,0.87,0.04,0.58,0.28,0.04,0.85,2.59,0.09,0.05,0.02,0.24,0.82,0.28,0.32,0.17,0.17,0.01,0.22,0.05,0.12,0.05,0.69,0.07,2.85,0.19,0.03,0.06,0.03,0.08,0.07,0.0,5.93,0.17,0.24,0.1
"1982-05-01 00:00:00",2.75,0.33,0.28,0.19,0.18,0.09,0.14,0.21,0.18,0.83,0.09,0.25,0.27,0.04,0.91,3.06,0.03,0.01,0.0,0.21,0.72,0.43,0.28,0.1,0.24,0.0,0.11,0.11,0.43,0.03,0.48,0.06,2.58,0.17,0.06,0.09,0.04,0.16,0.04,0.03,5.66,0.24,0.24,0.16
"1982-06-01 00:00:00",1.35,0.16,0.17,0.12,0.19,0.16,0.09,0.18,0.04,1.18,0.02,0.62,0.28,0.08,1.29,2.53,0.04,0.07,0.0,0.2,2.61,0.43,0.45,0.09,0.12,0.02,0.2,0.13,0.1,0.02,0.66,0.09,2.85,0.56,0.09,0.09,0.05,0.12,0.06,0.0,5.81,0.09,0.24,0.14
"1982-07-01 00:00:00",0.44,0.07,0.09,0.02,0.09,0.16,0.02,0.27,0.0,0.45,0.02,0.45,0.14,0.05,0.85,1.17,0.01,0.03,0.01,0.2,1.73,0.25,0.28,0.09,0.1,0.0,0.07,0.05,0.05,0.01,0.45,0.03,2.04,0.66,0.05,0.07,0.03,0.14,0.13,0.01,4.55,0.06,0.18,0.09
"1982-08-01 00:00:00",0.27,0.08,0.06,0.08,0.13,0.06,0.02,0.21,0.03,0.41,0.02,0.42,0.17,0.01,1.01,0.69,0.01,0.0,0.0,0.25,1.53,0.36,0.15,0.05,0.15,0.01,0.07,0.04,0.08,0.02,0.4,0.03,1.39,0.29,0.05,0.06,0.15,0.1,0.05,0.02,3.54,0.03,0.13,0.14
"1982-09-01 00:00:00",0.24,0.05,0.07,0.06,0.1,0.07,0.03,0.22,0.01,0.48,0.05,0.27,0.07,0.03,0.8,0.66,0.01,0.07,0.01,0.18,1.12,0.43,0.21,0.09,0.1,0.01,0.11,0.06,0.07,0.09,0.58,0.0,1.55,0.22,0.01,0.07,0.13,0.07,0.06,0.04,3.23,0.04,0.24,0.1
"1982-10-01 00:00:00",0.1,0.07,0.05,0.05,0.19,0.03,0.0,0.22,0.02,0.6,0.04,0.17,0.16,0.03,0.68,0.54,0.01,0.05,0.04,0.14,0.79,0.39,0.3,0.05,0.31,0.01,0.07,0.05,0.0,0.03,0.56,0.08,1.75,0.09,0.11,0.08,0.04,0.11,0.06,0.0,3.39,0.11,0.23,0.17
"1982-11-01 00:00:00",0.11,0.14,0.14,0.11,0.15,0.02,0.03,0.23,0.06,0.76,0.03,0.11,0.14,0.04,0.65,0.68,0.01,0.06,0.05,0.18,0.54,0.41,0.29,0.06,0.14,0.01,0.09,0.04,0.02,0.06,0.49,0.05,2.17,0.15,0.05,0.09,0.01,0.14,0.03,0.01,3.54,0.05,0.16,0.1
"1982-12-01 00:00:00",0.13,0.05,0.38,0.14,0.1,0.03,0.04,0.2,0.07,0.63,0.06,0.19,0.15,0.08,0.92,0.91,0.03,0.07,0.04,0.22,0.5,0.33,0.29,0.09,0.16,0.0,0.13,0.03,0.09,0.05,0.49,0.1,2.0,0.14,0.05,0.04,0.04,0.11,0.04,0.01,3.38,0.03,0.19,0.2
"1983-01-01 00:00:00",0.1,0.05,0.19,0.02,0.12,0.06,0.03,0.18,0.04,0.89,0.03,0.12,0.15,0.06,0.71,0.74,0.02,0.08,0.03,0.15,0.45,0.36,0.3,0.11,0.09,0.0,0.15,0.04,0.07,0.0,0.45,0.04,1.79,0.02,0.07,0.08,0.04,0.05,0.03,0.02,3.18,0.03,0.1,0.1
"1983-02-01 00:00:00",0.05,0.01,0.11,0.05,0.07,0.01,0.02,0.17,0.02,0.78,0.0,0.3,0.11,0.02,0.53,0.61,0.01,0.0,0.02,0.13,0.55,0.19,0.29,0.12,0.15,0.0,0.09,0.04,0.04,0.05,0.15,0.02,1.57,0.1,0.03,0.13,0.0,0.09,0.09,0.0,3.02,0.05,0.25,0.15
"1983-03-01 00:00:00",0.08,0.05,0.11,0.04,0.09,0.01,0.01,0.12,0.03,0.56,0.0,0.12,0.1,0.01,0.47,0.52,0.01,0.01,0.04,0.25,0.29,0.28,0.14,0.07,0.23,0.01,0.11,0.03,0.03,0.02,0.13,0.1,1.85,0.06,0.04,0.07,0.03,0.04,0.02,0.02,2.92,0.06,0.23,0.1
"1983-04-01 00:00:00",0.11,0.03,0.09,0.06,0.11,0.07,0.09,0.33,0.09,0.57,0.01,0.12,0.09,0.01,0.49,0.5,0.02,0.04,0.01,0.29,0.61,0.2,0.24,0.12,0.19,0.01,0.11,0.05,0.05,0.06,0.31,0.06,2.21,0.12,0.07,0.32,0.03,0.04,0.04,0.0,3.91,0.05,0.59,0.12
"1983-05-01 00:00:00",0.06,0.01,0.06,0.04,0.18,0.02,0.04,0.12,0.1,0.51,0.02,0.19,0.1,0.03,0.71,0.61,0.0,0.03,0.0,0.15,0.8,0.27,0.23,0.11,0.18,0.0,0.02,0.08,0.13,0.02,0.24,0.07,2.05,0.25,0.08,0.08,0.02,0.09,0.02,0.0,3.46,0.11,0.15,0.16
"1983-06-01 00:00:00",0.07,0.04,0.08,0.04,0.11,0.04,0.04,0.13,0.08,0.62,0.05,0.15,0.17,0.05,0.53,0.52,0.0,0.07,0.04,0.22,0.61,0.22,0.13,0.07,0.23,0.03,0.11,0.13,0.15,0.09,0.4,0.03,1.81,0.14,0.04,0.13,0.1,0.09,0.01,0.04,3.51,0.11,0.3,0.1
"1983-07-01 00:00:00",0.04,0.03,0.1,0.03,0.12,0.05,0.06,0.1,0.13,0.48,0.06,0.1,0.21,0.08,0.55,0.55,0.01,0.04,0.02,0.22,0.5,0.26,0.13,0.06,0.22,0.0,0.08,0.03,0.1,0.02,0.29,0.04,1.52,0.09,0.08,0.12,0.1,0.19,0.07,0.03,3.09,0.13,0.18,0.07
"1983-08-01 00:00:00",0.06,0.02,0.07,0.02,0.1,0.07,0.07,0.15,0.14,0.47,0.0,0.18,0.12,0.03,0.9,0.51,0.01,0.0,0.02,0.17,0.49,0.27,0.24,0.12,0.2,0.01,0.07,0.02,0.02,0.07,0.17,0.07,1.32,0.1,0.02,0.06,0.08,0.04,0.03,0.02,2.93,0.11,0.16,0.14
"1983-09-01 00:00:00",0.1,0.08,0.1,0.04,0.3,0.12,0.06,0.35,0.09,0.68,0.03,0.1,0.39,0.09,1.06,1.05,0.02,0.02,0.03,0.19,0.82,0.54,0.56,1.39,0.16,0.01,0.18,0.04,0.02,0.14,0.4,0.02,2.44,0.29,0.06,0.09,0.03,0.04,0.08,0.08,4.42,0.06,0.35,0.1
"1983-10-01 00:00:00",0.14,0.02,0.13,0.04,0.17,0.07,0.1,0.18,0.13,0.9,0.01,0.15,0.2,0.02,1.1,1.19,0.02,0.04,0.02,0.39,0.72,0.52,0.22,0.49,0.29,0.02,0.13,0.03,0.07,0.13,0.35,0.04,2.26,0.27,0.05,0.11,0.03,0.16,0.03,0.01,4.32,0.19,0.39,0.11
"1983-11-01 00:00:00",0.22,0.03,0.18,0.05,0.23,0.09,0.02,0.28,0.11,0.95,0.02,0.2,0.12,0.0,1.37,1.46,0.03,0.04,0.03,0.28,1.09,0.62,0.43,0.47,0.2,0.01,0.14,0.02,0.08,0.08,0.32,0.06,2.38,0.34,0.14,0.06,0.1,0.23,0.05,0.01,4.57,0.08,0.24,0.09
"1983-12-01 00:00:00",0.15,0.05,0.28,0.04,0.12,0.12,0.08,0.12,0.06,0.62,0.04,0.21,0.15,0.05,1.01,1.05,0.01,0.05,0.05,0.29,1.15,0.66,0.19,0.14,0.14,0.04,0.08,0.05,0.02,0.05,0.35,0.09,1.47,0.28,0.22,0.11,0.14,0.08,0.02,0.0,3.98,0.06,0.28,0.13
"1984-01-01 00:00:00",0.07,0.02,0.16,0.02,0.07,0.05,0.06,0.23,0.04,0.42,0.02,0.13,0.22,0.13,0.7,0.57,0.02,0.02,0.0,0.24,0.58,0.28,0.23,0.25,0.15,0.01,0.08,0.03,0.04,0.02,0.25,0.05,1.5,0.22,0.51,0.04,0.02,0.07,0.09,0.02,3.5,0.05,0.22,0.24
"1984-02-01 00:00:00",0.11,0.05,0.05,0.11,0.09,0.12,0.01,0.15,0.02,0.26,0.0,0.22,0.05,0.01,0.64,0.58,0.01,0.0,0.02,0.14,0.81,0.32,0.15,0.22,0.04,0.0,0.06,0.01,0.01,0.03,0.06,0.05,1.14,0.34,0.06,0.07,0.02,0.04,0.01,0.01,3.06,0.09,0.31,0.12
"1984-03-01 00:00:00",0.04,0.01,0.07,0.0,0.07,0.2,0.08,0.12,0.04,0.31,0.0,0.15,0.09,0.01,0.46,0.39,0.01,0.01,0.01,0.19,0.46,0.19,0.15,0.14,0.14,0.0,0.16,0.01,0.02,0.04,0.09,0.06,1.02,0.2,0.08,0.05,0.01,0.17,0.02,0.01,2.88,0.0,0.16,0.15
"1984-04-01 00:00:00",0.08,0.01,0.06,0.04,0.04,0.04,0.06,0.28,0.05,0.3,0.03,0.16,0.04,0.02,0.46,0.56,0.01,0.04,0.02,0.28,0.47,0.14,0.25,0.17,0.12,0.01,0.13,0.04,0.01,0.02,0.16,0.06,1.23,0.07,0.04,0.11,0.03,0.09,0.06,0.02,2.97,0.03,0.38,0.16
"1984-05-01 00:00:00",0.09,0.03,0.09,0.01,0.13,0.02,0.03,0.29,0.11,0.38,0.03,0.09,0.15,0.03,0.57,0.6,0.01,0.01,0.02,0.32,0.61,0.24,0.34,0.14,0.26,0.03,0.11,0.03,0.04,0.08,0.2,0.02,1.58,0.53,0.1,0.05,0.05,0.09,0.05,0.05,3.17,0.13,0.24,0.08
"1984-06-01 00:00:00",0.08,0.01,0.08,0.05,0.18,0.11,0.04,0.2,0.06,0.47,0.01,0.08,0.14,0.09,0.62,0.69,0.01,0.03,0.0,0.43,0.33,0.24,0.34,0.15,0.1,0.0,0.18,0.03,0.03,0.08,0.18,0.06,1.5,0.42,0.07,0.03,0.01,0.15,0.03,0.09,3.13,0.08,0.22,0.16
"1984-07-01 00:00:00",0.11,0.09,0.09,0.06,0.09,0.13,0.02,0.15,0.04,0.25,0.0,0.07,0.08,0.03,0.33,0.48,0.02,0.0,0.06,0.28,0.38,0.13,0.23,0.14,0.08,0.03,0.12,0.04,0.07,0.1,0.08,0.04,0.93,0.14,0.02,0.07,0.01,0.1,0.01,0.01,2.24,0.07,0.13,0.05
"1984-08-01 00:00:00",0.03,0.03,0.08,0.04,0.06,0.04,0.03,0.09,0.1,0.36,0.01,0.21,0.14,0.03,0.48,0.56,0.0,0.06,0.02,0.32,0.3,0.19,0.16,0.08,0.13,0.0,0.13,0.02,0.09,0.01,0.21,0.03,0.98,0.23,0.05,0.03,0.02,0.03,0.01,0.0,2.45,0.08,0.08,0.06
"1984-09-01 00:00:00",0.07,0.02,0.07,0.03,0.13,0.03,0.03,0.14,0.1,0.41,0.01,0.17,0.13,0.07,0.54,0.45,0.04,0.06,0.03,0.26,0.51,0.19,0.21,0.15,0.21,0.0,0.09,0.07,0.07,0.01,0.19,0.03,1.2,0.13,0.08,0.03,0.02,0.05,0.02,0.01,3.25,0.1,0.26,0.09
"1984-10-01 00:00:00",0.08,0.03,0.09,0.08,0.02,0.03,0.06,0.19,0.11,0.37,0.01,0.24,0.06,0.0,0.33,0.56,0.04,0.04,0.01,0.19,0.52,0.19,0.09,0.18,0.14,0.01,0.08,0.05,0.01,0.09,0.12,0.04,1.25,0.04,0.04,0.07,0.02,0.08,0.04,0.02,3.25,0.09,0.22,0.22
"1984-11-01 00:00:00",0.06,0.05,0.13,0.12,0.12,0.02,0.24,0.15,0.07,0.32,0.01,0.19,0.12,0.02,0.44,0.49,0.01,0.04,0.02,0.36,0.52,0.19,0.11,0.09,0.18,0.0,0.05,0.04,0.05,0.06,0.27,0.07,1.47,0.18,0.03,0.04,0.04,0.05,0.0,0.0,3.15,0.06,0.11,0.12
"1984-12-01 00:00:00",0.06,0.08,0.25,0.01,0.06,0.1,0.08,0.19,0.08,0.26,0.03,0.11,0.08,0.04,0.47,0.62,0.05,0.03,0.02,0.32,0.35,0.2,0.16,0.08,0.09,0.01,0.12,0.07,0.07,0.05,0.24,0.04,1.22,0.16,0.08,0.12,0.0,0.06,0.01,0.0,3.15,0.03,0.28,0.11
"1985-01-01 00:00:00",0.06,0.03,0.21,0.05,0.14,0.11,0.03,0.19,0.05,0.36,0.01,0.1,0.07,0.1,0.34,0.38,0.01,0.08,0.01,0.18,0.35,0.12,0.14,0.11,0.07,0.0,0.14,0.08,0.05,0.09,0.08,0.09,1.36,0.05,0.06,0.26,0.0,0.03,0.04,0.01,2.94,0.0,0.41,0.22
"1985-02-01 00:00:00",0.02,0.27,0.25,0.03,0.07,0.01,0.05,0.21,0.09,0.52,0.04,0.11,0.16,0.02,0.61,0.55,0.03,0.01,0.05,0.17,0.61,0.22,0.22,0.17,0.14,0.04,0.09,0.05,0.1,0.1,0.13,0.14,1.51,0.11,0.04,0.2,0.04,0.03,0.0,0.01,3.34,0.07,0.34,0.11
"1985-03-01 00:00:00",0.04,0.05,0.11,0.02,0.12,0.11,0.08,0.13,0.05,0.3,0.01,0.16,0.12,0.04,0.32,0.57,0.01,0.03,0.0,0.26,0.61,0.16,0.17,0.05,0.12,0.02,0.08,0.02,0.05,0.03,0.09,0.02,1.52,0.11,0.01,0.18,0.02,0.08,0.0,0.04,3.43,0.04,0.31,0.13
"1985-04-01 00:00:00",0.04,0.04,0.06,0.04,0.08,0.01,0.04,0.2,0.09,0.42,0.0,0.12,0.09,0.01,0.23,0.25,0.01,0.04,0.02,0.16,0.39,0.14,0.17,0.06,0.14,0.0,0.07,0.02,0.03,0.03,0.1,0.01,0.98,0.11,0.04,0.05,0.02,0.08,0.02,0.02,2.4,0.11,0.21,0.09
"1985-05-01 00:00:00",0.08,0.03,0.12,0.1,0.11,0.07,0.07,0.14,0.07,0.48,0.02,0.06,0.18,0.04,0.43,0.29,0.01,0.0,0.02,0.26,0.44,0.18,0.21,0.09,0.16,0.02,0.07,0.03,0.06,0.04,0.11,0.06,1.18,0.11,0.07,0.05,0.02,0.03,0.01,0.0,2.75,0.09,0.2,0.2
"1985-06-01 00:00:00",0.03,0.01,0.05,0.04,0.27,0.37,0.08,0.1,0.05,0.44,0.0,0.18,0.17,0.13,0.78,0.53,0.0,0.01,0.01,0.56,1.46,0.48,0.19,0.09,0.14,0.01,0.06,0.02,0.02,0.06,0.11,0.05,1.43,0.1,0.05,0.01,0.09,0.06,0.01,0.04,4.52,0.03,0.14,0.28
"1985-07-01 00:00:00",0.01,0.13,0.07,0.04,0.1,0.08,0.02,0.19,0.02,0.51,0.06,0.13,0.2,0.06,0.59,0.64,0.01,0.03,0.02,0.52,1.0,0.35,0.24,0.2,0.06,0.05,0.07,0.03,0.04,0.09,0.09,0.07,1.16,0.09,0.07,0.07,0.04,0.12,0.02,0.01,3.8,0.03,0.21,0.37
"1985-08-01 00:00:00",0.03,0.04,0.04,0.05,0.07,0.07,0.05,0.17,0.04,0.13,0.0,0.08,0.12,0.02,0.33,0.26,0.03,0.01,0.01,0.3,0.34,0.05,0.15,0.04,0.06,0.01,0.04,0.01,0.05,0.07,0.04,0.05,0.72,0.04,0.04,0.07,0.03,0.06,0.02,0.01,2.18,0.01,0.14,0.44
"1985-09-01 00:00:00",0.03,0.1,0.04,0.07,0.1,0.02,0.01,0.15,0.04,0.3,0.09,0.08,0.1,0.03,0.45,0.44,0.03,0.02,0.02,0.3,0.3,0.16,0.23,0.1,0.16,0.02,0.09,0.05,0.06,0.03,0.08,0.09,1.16,0.09,0.04,0.09,0.01,0.04,0.04,0.0,2.88,0.02,0.15,0.6
"1985-10-01 00:00:00",0.06,0.08,0.11,0.04,0.03,0.09,0.02,0.16,0.0,0.38,0.02,0.76,0.1,0.03,0.69,0.62,0.01,0.02,0.0,0.18,1.25,0.82,0.16,0.07,0.07,0.01,0.12,0.05,0.02,0.11,0.09,0.09,1.4,0.1,0.07,0.04,0.71,0.06,0.02,0.03,3.23,0.02,0.16,0.27
"1985-11-01 00:00:00",0.07,0.03,0.12,0.03,0.09,0.29,0.02,0.09,0.1,0.34,0.02,0.41,0.07,0.12,0.59,0.45,0.0,0.03,0.01,0.11,0.51,0.35,0.12,0.09,0.07,0.0,0.1,0.01,0.03,0.07,0.11,0.04,1.48,0.09,0.03,0.02,0.19,0.07,0.0,0.06,2.93,0.01,0.1,0.21
"1985-12-01 00:00:00",0.03,0.03,0.17,0.03,0.1,0.08,0.03,0.22,0.14,0.36,0.01,0.34,0.18,0.01,0.4,0.53,0.01,0.09,0.0,0.18,0.79,0.58,0.13,0.06,0.16,0.02,0.07,0.09,0.05,0.04,0.1,0.04,1.18,0.07,0.06,0.03,0.19,0.08,0.02,0.01,2.71,0.03,0.09,0.3
"1986-01-01 00:00:00",0.04,0.02,0.19,0.03,0.27,0.06,0.03,0.1,0.04,0.52,0.06,0.39,0.31,0.02,0.72,0.94,0.0,0.01,0.01,0.31,1.14,1.46,0.18,0.09,0.1,0.01,0.19,0.05,0.03,0.06,0.08,0.09,1.4,0.1,0.09,0.04,0.25,0.08,0.0,0.0,3.55,0.03,0.14,0.42
"1986-02-01 00:00:00",0.08,0.06,0.04,0.02,0.07,0.03,0.04,0.1,0.05,0.27,0.01,0.14,0.15,0.03,0.57,0.38,0.01,0.01,0.05,0.2,0.56,0.23,0.23,0.1,0.05,0.03,0.02,0.01,0.11,0.43,0.05,0.06,0.96,0.13,0.03,0.03,0.07,0.04,0.02,0.0,2.66,0.01,0.12,0.11
"1986-03-01 00:00:00",0.07,0.02,0.05,0.07,0.03,0.07,0.02,0.08,0.1,0.28,0.02,0.18,0.16,0.02,0.53,0.38,0.0,0.01,0.0,0.27,0.38,0.51,0.13,0.07,0.1,0.0,0.04,0.02,0.07,0.3,0.07,0.08,1.22,0.14,0.08,0.06,0.11,0.14,0.0,0.01,2.77,0.05,0.21,0.14
"1986-04-01 00:00:00",0.08,0.09,0.16,0.03,0.33,0.15,0.07,0.15,0.1,1.6,0.1,0.52,0.4,0.04,1.43,1.64,0.0,0.03,0.09,0.38,0.79,1.3,0.44,0.17,0.15,0.04,0.21,0.1,0.08,0.31,0.11,0.1,1.77,0.33,0.12,0.1,0.13,0.47,0.01,0.06,4.76,0.03,0.33,0.2
"1986-05-01 00:00:00",0.05,0.05,0.07,0.03,0.24,0.06,0.04,0.09,0.14,0.63,0.06,0.19,0.13,0.02,0.58,1.01,0.03,0.02,0.06,0.2,0.53,0.47,0.56,0.1,0.18,0.05,0.14,0.08,0.04,0.08,0.08,0.05,1.13,0.17,0.08,0.08,0.08,0.15,0.03,0.18,3.15,0.06,0.08,0.3
"1986-06-01 00:00:00",0.05,0.05,0.02,0.03,0.13,0.05,0.01,0.09,0.07,0.37,0.03,0.05,0.11,0.03,0.35,0.54,0.03,0.03,0.0,0.22,0.28,0.2,0.17,0.07,0.14,0.0,0.03,0.06,0.14,0.1,0.13,0.03,1.13,0.1,0.04,0.03,0.02,0.09,0.01,0.03,2.51,0.04,0.07,0.41
"1986-07-01 00:00:00",0.02,0.08,0.08,0.01,0.1,0.04,0.11,0.08,0.09,0.36,0.04,0.05,0.14,0.03,0.44,0.64,0.02,0.02,0.03,0.24,0.26,0.19,0.14,0.08,0.12,0.04,0.09,0.01,0.06,0.16,0.1,0.1,1.04,0.04,0.02,0.04,0.04,0.07,0.0,0.02,2.65,0.01,0.07,0.6
"1986-08-01 00:00:00",0.04,0.08,0.12,0.02,0.21,0.04,0.05,0.15,0.06,0.38,0.03,0.25,0.14,0.09,0.4,0.57,0.03,0.03,0.03,0.37,0.29,0.18,0.26,0.09,0.16,0.01,0.08,0.03,0.03,0.11,0.06,0.07,1.23,0.06,0.16,0.04,0.07,0.07,0.01,0.06,2.82,0.01,0.08,0.64
"1986-09-01 00:00:00",0.03,0.03,0.1,0.1,0.16,0.17,0.08,0.1,0.02,0.5,0.04,0.22,0.18,0.1,1.05,0.55,0.05,0.02,0.08,0.25,0.81,0.4,0.23,0.07,0.1,0.02,0.11,0.08,0.07,0.2,0.2,0.05,1.27,0.08,0.21,0.03,0.07,0.29,0.03,0.03,3.27,0.01,0.12,0.49
"1986-10-01 00:00:00",0.05,0.03,0.12,0.02,0.14,0.08,0.02,0.22,0.03,0.39,0.03,0.1,0.12,0.04,0.58,0.64,0.09,0.03,0.01,0.22,0.31,0.18,0.18,0.09,0.1,0.01,0.02,0.02,0.06,0.17,0.14,0.1,1.73,0.06,0.07,0.04,0.05,0.07,0.01,0.05,3.09,0.0,0.1,0.38
"1986-11-01 00:00:00",0.11,0.02,0.07,0.05,0.12,0.12,0.03,0.2,0.03,0.43,0.09,0.12,0.11,0.12,0.7,0.83,0.01,0.02,0.02,0.25,0.87,0.25,0.31,0.19,0.05,0.02,0.07,0.02,0.04,0.32,0.14,0.08,1.07,0.19,0.07,0.03,0.02,0.14,0.05,0.01,3.21,0.01,0.07,0.26
"1986-12-01 00:00:00",0.06,0.0,0.16,0.11,0.09,0.13,0.03,0.13,0.01,0.31,0.03,0.09,0.15,0.02,0.57,0.48,0.0,0.01,0.01,0.33,0.52,0.19,0.15,0.09,0.06,0.0,0.06,0.03,0.03,0.1,0.06,0.11,1.03,0.12,0.09,0.03,0.0,0.09,0.01,0.03,2.66,0.0,0.12,0.3
"1987-01-01 00:00:00",0.03,0.01,0.03,0.0,0.11,0.06,0.03,0.07,0.01,0.31,0.01,0.1,0.09,0.01,0.37,0.32,0.01,0.01,0.0,0.36,0.56,0.17,0.13,0.06,0.03,0.0,0.05,0.01,0.04,0.21,0.07,0.06,0.9,0.18,0.01,0.04,0.03,0.06,0.02,0.0,2.71,0.01,0.07,0.2
"1987-02-01 00:00:00",0.04,0.05,0.08,0.02,0.13,0.11,0.02,0.09,0.03,0.37,0.04,0.11,0.1,0.02,0.46,0.49,0.02,0.02,0.01,0.41,0.66,0.2,0.18,0.06,0.07,0.01,0.05,0.02,0.02,0.25,0.08,0.05,1.01,0.16,0.04,0.03,0.03,0.06,0.01,0.01,2.77,0.02,0.09,0.21
"1987-03-01 00:00:00",0.03,0.02,0.15,0.03,0.08,0.1,0.02,0.09,0.02,0.45,0.03,0.08,0.07,0.04,0.46,0.56,0.02,0.01,0.0,0.16,0.41,0.15,0.12,0.03,0.07,0.01,0.08,0.03,0.03,0.14,0.12,0.03,1.05,0.04,0.02,0.01,0.02,0.13,0.01,0.01,2.38,0.01,0.06,0.2
"1987-04-01 00:00:00",0.13,0.03,0.19,0.09,0.22,0.08,0.08,0.14,0.01,0.59,0.04,0.14,0.09,0.07,0.53,0.54,0.02,0.03,0.04,0.33,0.49,0.31,0.4,0.15,0.04,0.02,0.13,0.02,0.1,0.16,0.27,0.03,1.51,0.06,0.03,0.02,0.03,0.06,0.06,0.01,3.15,0.03,0.05,0.2
"1987-05-01 00:00:00",0.05,0.08,0.16,0.01,0.11,0.06,0.08,0.29,0.01,0.45,0.03,0.09,0.08,0.02,0.49,0.65,0.0,0.04,0.03,0.38,0.38,0.13,0.3,0.07,0.09,0.01,0.04,0.12,0.03,0.06,0.19,0.04,1.3,0.18,0.04,0.04,0.0,0.02,0.01,0.0,2.76,0.03,0.13,0.1
"1987-06-01 00:00:00",0.02,0.05,0.08,0.06,0.15,0.07,0.03,0.36,0.02,0.63,0.03,0.07,0.06,0.03,0.52,0.5,0.0,0.03,0.01,0.36,0.21,0.23,0.25,0.22,0.06,0.0,0.05,0.07,0.02,0.09,0.24,0.06,1.22,0.14,0.05,0.02,0.01,0.07,0.02,0.02,2.56,0.03,0.09,0.12
"1987-07-01 00:00:00",0.04,0.03,0.07,0.01,0.14,0.06,0.03,0.26,0.01,0.32,0.02,0.04,0.08,0.02,0.7,0.54,0.02,0.02,0.02,0.32,0.37,0.14,0.24,0.13,0.04,0.0,0.05,0.09,0.0,0.1,0.09,0.06,1.17,0.18,0.03,0.02,0.02,0.07,0.0,0.01,2.79,0.02,0.13,0.17
"1987-08-01 00:00:00",0.06,0.04,0.01,0.07,0.08,0.04,0.03,0.22,0.04,0.53,0.02,0.08,0.07,0.03,0.51,0.69,0.0,0.03,0.04,0.35,0.37,0.19,0.25,0.12,0.1,0.02,0.1,0.07,0.07,0.34,0.05,0.07,1.28,0.47,0.14,0.01,0.04,0.1,0.03,0.0,2.96,0.04,0.14,0.16
"1987-09-01 00:00:00",0.08,0.04,0.12,0.04,0.06,0.03,0.03,0.42,0.01,0.53,0.01,0.09,0.09,0.02,0.61,0.73,0.01,0.02,0.02,0.28,0.3,0.26,0.29,0.1,0.07,0.0,0.11,0.04,0.05,0.33,0.12,0.04,1.69,0.3,0.03,0.01,0.05,0.08,0.02,0.01,3.45,0.04,0.14,0.15
"1987-10-01 00:00:00",0.03,0.07,0.11,0.05,0.08,0.05,0.04,0.24,0.01,0.25,0.02,0.11,0.11,0.04,0.32,0.44,0.03,0.01,0.01,0.53,0.2,0.11,0.24,0.11,0.06,0.02,0.08,0.06,0.03,0.14,0.1,0.02,1.15,0.29,0.04,0.03,0.01,0.03,0.01,0.02,2.74,0.0,0.16,0.2
"1987-11-01 00:00:00",0.04,0.03,0.12,0.08,0.04,0.06,0.02,0.11,0.03,0.32,0.01,0.14,0.14,0.01,0.37,0.39,0.01,0.02,0.03,0.2,0.3,0.14,0.26,0.16,0.1,0.01,0.09,0.04,0.03,0.09,0.1,0.06,1.21,0.17,0.01,0.07,0.05,0.03,0.01,0.03,2.78,0.02,0.11,0.14
"1987-12-01 00:00:00",0.02,0.02,0.17,0.01,0.06,0.05,0.03,0.21,0.0,0.44,0.07,0.14,0.11,0.06,0.55,0.56,0.02,0.03,0.08,0.1,0.41,0.22,0.25,0.12,0.09,0.03,0.1,0.11,0.01,0.12,0.25,0.03,1.9,0.17,0.04,0.06,0.0,0.03,0.01,0.01,3.29,0.03,0.11,0.1
"1988-01-01 00:00:00",0.03,0.0,0.09,0.03,0.1,0.03,0.02,0.17,0.03,0.31,0.01,0.15,0.12,0.0,0.4,0.43,0.0,0.0,0.01,0.11,0.42,0.14,0.17,0.15,0.03,0.0,0.05,0.04,0.02,0.12,0.17,0.1,1.01,0.15,0.04,0.03,0.02,0.1,0.0,0.0,2.34,0.03,0.15,0.1
"1988-02-01 00:00:00",0.04,0.01,0.13,0.02,0.05,0.05,0.03,0.13,0.14,0.34,0.02,0.07,0.09,0.04,0.28,0.32,0.01,0.04,0.0,0.1,0.48,0.07,0.1,0.06,0.08,0.01,0.05,0.05,0.04,0.06,0.2,0.02,1.11,0.09,0.04,0.0,0.03,0.09,0.02,0.0,2.46,0.01,0.09,0.14
"1988-03-01 00:00:00",0.02,0.01,0.19,0.04,0.09,0.08,0.02,0.31,0.03,0.37,0.01,0.23,0.23,0.05,0.33,0.52,0.01,0.03,0.0,0.16,0.65,0.12,0.22,0.05,0.14,0.01,0.07,0.07,0.03,0.1,0.15,0.02,1.18,0.18,0.04,0.01,0.04,0.06,0.06,0.03,3.13,0.06,0.09,0.07
"1988-04-01 00:00:00",0.04,0.01,0.07,0.04,0.05,0.03,0.03,0.34,0.04,0.2,0.1,0.18,0.12,0.05,0.62,0.46,0.03,0.02,0.01,0.18,0.79,0.15,0.24,0.04,0.08,0.01,0.04,0.08,0.08,0.09,0.03,0.01,1.15,0.27,0.02,0.34,0.18,0.09,0.04,0.01,3.3,0.01,0.15,0.16
"1988-05-01 00:00:00",0.03,0.05,0.07,0.03,0.11,0.09,0.0,0.24,0.07,0.29,0.07,0.06,0.13,0.13,0.31,0.41,0.03,0.05,0.01,0.4,0.47,0.07,0.19,0.13,0.06,0.01,0.04,0.08,0.08,0.11,0.15,0.04,1.24,0.11,0.03,0.03,0.05,0.04,0.03,0.02,2.97,0.04,0.12,0.17
"1988-06-01 00:00:00",0.04,0.01,0.03,0.02,0.12,0.07,0.0,0.12,0.04,0.24,0.01,0.11,0.11,0.04,0.28,0.25,0.01,0.02,0.0,0.14,0.47,0.17,0.15,0.1,0.05,0.0,0.01,0.03,0.01,0.1,0.18,0.02,0.8,0.08,0.02,0.0,0.04,0.07,0.03,0.01,2.15,0.03,0.06,0.19
"1988-07-01 00:00:00",0.04,0.06,0.06,0.1,0.14,0.1,0.01,0.21,0.02,0.25,0.04,0.14,0.06,0.05,0.37,0.34,0.0,0.06,0.15,0.16,0.36,0.17,0.15,0.08,0.07,0.04,0.01,0.07,0.02,0.05,0.08,0.04,0.9,0.12,0.05,0.07,0.02,0.06,0.01,0.02,2.3,0.0,0.17,0.11
"1988-08-01 00:00:00",0.02,0.05,0.04,0.04,0.06,0.05,0.01,0.15,0.02,0.22,0.0,0.1,0.05,0.02,0.17,0.31,0.01,0.02,0.01,0.19,0.41,0.06,0.1,0.05,0.06,0.01,0.04,0.01,0.06,0.01,0.05,0.06,0.8,0.11,0.04,0.0,0.01,0.07,0.01,0.0,2.38,0.0,0.08,0.33
"1988-09-01 00:00:00",0.02,0.03,0.03,0.04,0.11,0.09,0.03,0.15,0.0,0.22,0.01,0.09,0.09,0.03,0.29,0.29,0.02,0.03,0.03,0.16,0.41,0.12,0.16,0.09,0.07,0.02,0.02,0.02,0.02,0.03,0.11,0.05,0.81,0.11,0.03,0.09,0.02,0.26,0.0,0.0,2.23,0.02,0.1,0.28
"1988-10-01 00:00:00",0.04,0.01,0.04,0.02,0.06,0.06,0.08,0.15,0.03,0.18,0.0,0.09,0.08,0.02,0.2,0.23,0.01,0.02,0.02,0.17,0.33,0.09,0.16,0.06,0.07,0.02,0.05,0.01,0.05,0.07,0.08,0.0,0.66,0.06,0.03,0.03,0.04,0.03,0.01,0.0,2.08,0.01,0.1,0.16
"1988-11-01 00:00:00",0.01,0.01,0.03,0.04,0.05,0.04,0.04,0.12,0.04,0.24,0.0,0.09,0.05,0.07,0.3,0.3,0.02,0.0,0.02,0.17,0.31,0.1,0.08,0.06,0.08,0.0,0.0,0.03,0.04,0.03,0.07,0.0,0.82,0.07,0.01,0.03,0.04,0.04,0.02,0.0,1.92,0.01,0.12,0.1
"1988-12-01 00:00:00",0.1,0.04,0.11,0.05,0.09,0.06,0.02,0.13,0.03,0.34,0.03,0.15,0.05,0.07,0.23,0.45,0.0,0.06,0.0,0.13,0.68,0.17,0.13,0.08,0.12,0.0,0.03,0.01,0.0,0.02,0.14,0.02,0.89,0.08,0.06,0.03,0.11,0.08,0.0,0.01,2.38,0.02,0.13,0.06
"1989-01-01 00:00:00",0.04,0.02,0.05,0.06,0.11,0.04,0.0,0.16,0.03,0.51,0.02,0.17,0.08,0.04,0.49,0.36,0.02,0.04,0.02,0.23,0.65,0.16,0.15,0.1,0.06,0.0,0.06,0.03,0.04,0.07,0.15,0.04,1.17,0.05,0.03,0.09,0.07,0.04,0.02,0.0,2.6,0.03,0.21,0.16
"1989-02-01 00:00:00",0.09,0.0,0.07,0.05,0.1,0.03,0.04,0.16,0.03,0.47,0.04,0.14,0.09,0.02,0.22,0.42,0.01,0.04,0.03,0.15,0.5,0.16,0.14,0.04,0.11,0.02,0.04,0.06,0.05,0.06,0.12,0.08,1.07,0.02,0.02,0.02,0.1,0.07,0.02,0.01,2.89,0.05,0.12,0.15
"1989-03-01 00:00:00",0.03,0.01,0.02,0.08,0.05,0.03,0.04,0.12,0.06,0.32,0.0,0.2,0.06,0.03,0.19,0.38,0.02,0.03,0.01,0.07,0.59,0.09,0.13,0.05,0.11,0.0,0.05,0.01,0.04,0.0,0.11,0.01,0.82,0.16,0.03,0.02,0.11,0.03,0.02,0.02,2.58,0.03,0.05,0.1
"1989-04-01 00:00:00",0.03,0.0,0.16,0.07,0.07,0.04,0.03,0.14,0.02,0.36,0.01,0.08,0.04,0.06,0.34,0.49,0.02,0.05,0.03,0.12,0.34,0.07,0.11,0.07,0.04,0.02,0.04,0.07,0.02,0.04,0.13,0.02,0.97,0.05,0.03,0.04,0.04,0.03,0.01,0.01,2.45,0.0,0.1,0.24
"1989-05-01 00:00:00",0.07,0.02,0.37,0.08,0.11,0.02,0.0,0.45,0.03,0.93,0.06,0.11,0.07,0.04,0.52,0.66,0.03,0.04,0.02,0.19,0.48,0.23,0.23,0.11,0.1,0.02,0.16,0.09,0.07,0.04,0.33,0.03,1.51,0.07,0.02,0.01,0.13,0.02,0.03,0.01,3.09,0.08,0.11,0.13
"1989-06-01 00:00:00",0.02,0.06,0.17,0.03,0.08,0.03,0.0,0.91,0.03,0.46,0.03,0.06,0.08,0.0,0.27,0.33,0.14,0.05,0.01,0.18,0.32,0.05,0.21,0.09,0.13,0.02,0.04,0.04,0.03,0.06,0.24,0.02,1.05,0.05,0.03,0.04,0.04,0.03,0.04,0.0,2.69,0.0,0.05,0.12
"1989-07-01 00:00:00",0.02,0.07,0.09,0.04,0.1,0.02,0.01,0.37,0.02,0.32,0.0,0.07,0.05,0.04,0.43,0.3,0.09,0.24,0.04,0.1,0.34,0.1,0.17,0.1,0.1,0.04,0.04,0.0,0.05,0.06,0.31,0.03,1.04,0.04,0.06,0.07,0.06,0.02,0.01,0.02,2.49,0.01,0.12,0.07
"1989-08-01 00:00:00",0.04,0.05,0.06,0.01,0.1,0.06,0.01,0.21,0.15,0.15,0.0,0.15,0.05,0.0,0.52,0.22,0.02,0.04,0.05,0.16,1.04,0.09,0.17,0.08,0.07,0.01,0.07,0.02,0.07,0.03,0.16,0.07,0.76,0.13,0.04,0.05,0.03,0.07,0.01,0.01,3.27,0.01,0.12,0.13
"1989-09-01 00:00:00",0.02,0.03,0.05,0.03,0.05,0.01,0.04,0.18,0.3,0.17,0.01,0.05,0.09,0.01,0.46,0.27,0.01,0.07,0.03,0.06,0.33,0.09,0.12,0.05,0.1,0.03,0.03,0.05,0.09,0.05,0.22,0.02,0.75,0.21,0.02,0.08,0.04,0.02,0.01,0.06,2.54,0.02,0.15,0.05
"1989-10-01 00:00:00",0.02,0.03,0.02,0.07,0.07,0.02,0.02,0.17,0.13,0.2,0.01,0.09,0.05,0.07,0.21,0.21,0.02,0.09,0.01,0.1,0.17,0.04,0.11,0.09,0.09,0.06,0.01,0.02,0.06,0.02,0.17,0.04,0.62,0.12,0.03,0.02,0.03,0.02,0.02,0.02,2.05,0.04,0.1,0.09
"1989-11-01 00:00:00",0.01,0.02,0.06,0.04,0.03,0.03,0.02,0.23,0.16,0.42,0.01,0.07,0.1,0.04,0.36,0.24,0.01,0.17,0.02,0.12,0.22,0.08,0.1,0.04,0.16,0.01,0.03,0.01,0.12,0.01,0.31,0.02,0.9,0.21,0.03,0.03,0.03,0.06,0.0,0.0,2.93,0.04,0.12,0.16
"1989-12-01 00:00:00",0.02,0.11,0.1,0.08,0.13,0.07,0.04,0.41,0.22,0.57,0.02,0.11,0.11,0.04,0.4,0.43,0.06,0.21,0.01,0.13,0.38,0.14,0.3,0.09,0.11,0.04,0.06,0.02,0.09,0.43,0.32,0.02,1.08,0.06,0.08,0.07,0.02,0.04,0.05,0.02,3.34,0.04,0.19,0.07
"1990-01-01 00:00:00",0.02,0.06,0.03,0.01,0.1,0.03,0.01,0.25,0.18,0.17,0.0,0.08,0.08,0.01,0.39,0.35,0.01,0.11,0.02,0.17,0.15,0.08,0.12,0.03,0.13,0.0,0.02,0.01,0.2,0.09,0.19,0.02,0.94,0.04,0.03,0.07,0.01,0.15,0.01,0.03,2.46,0.03,0.13,0.07
"1990-02-01 00:00:00",0.01,0.04,0.03,0.04,0.07,0.05,0.01,0.24,0.09,0.56,0.02,0.11,0.09,0.03,0.37,0.41,0.0,0.13,0.04,0.13,0.29,0.1,0.2,0.1,0.04,0.0,0.04,0.02,0.08,0.06,0.43,0.03,1.07,0.1,0.05,0.04,0.03,0.09,0.0,0.02,2.42,0.0,0.12,0.16
"1990-03-01 00:00:00",0.03,0.0,0.03,0.05,0.04,0.02,0.06,0.12,0.05,0.32,0.0,0.08,0.08,0.02,0.26,0.25,0.01,0.14,0.01,0.1,0.35,0.08,0.14,0.04,0.07,0.01,0.02,0.01,0.08,0.08,0.25,0.01,0.91,0.07,0.01,0.03,0.02,0.06,0.01,0.03,2.04,0.06,0.02,0.16
"1990-04-01 00:00:00",0.02,0.02,0.14,0.04,0.17,0.08,0.01,0.16,0.07,0.45,0.01,0.12,0.05,0.04,0.48,0.52,0.02,0.1,0.0,0.18,0.54,0.08,0.1,0.05,0.03,0.0,0.04,0.04,0.02,0.04,0.25,0.01,1.12,0.07,0.04,0.05,0.02,0.07,0.01,0.05,2.39,0.02,0.06,0.09
"1990-05-01 00:00:00",0.02,0.04,0.23,0.03,0.19,0.02,0.02,0.18,0.04,0.8,0.02,0.11,0.06,0.0,0.54,0.49,0.03,0.11,0.01,0.19,0.46,0.14,0.12,0.07,0.06,0.02,0.08,0.01,0.02,0.05,0.46,0.01,1.32,0.09,0.04,0.04,0.05,0.05,0.02,0.04,2.73,0.02,0.06,0.06
"1990-06-01 00:00:00",0.0,0.04,0.07,0.02,0.1,0.02,0.0,0.13,0.07,0.47,0.06,0.23,0.04,0.04,0.34,0.37,0.01,0.1,0.02,0.18,0.56,0.12,0.21,0.08,0.09,0.0,0.03,0.01,0.05,0.06,0.31,0.02,0.91,0.04,0.04,0.01,0.15,0.07,0.01,0.03,2.39,0.02,0.03,0.14
"1990-07-01 00:00:00",0.03,0.02,0.13,0.05,0.21,0.03,0.02,0.24,0.09,0.59,0.0,0.12,0.11,0.0,0.5,0.7,0.03,0.08,0.07,0.09,0.29,0.15,0.25,0.05,0.05,0.06,0.05,0.0,0.03,0.09,0.39,0.02,0.95,0.09,0.01,0.07,0.03,0.06,0.03,0.06,2.49,0.05,0.15,0.12
"1990-08-01 00:00:00",0.1,0.16,0.39,0.09,0.4,0.16,0.03,0.54,0.07,0.88,0.08,1.59,0.26,0.11,1.63,2.06,0.05,0.07,0.13,0.68,1.14,0.47,1.0,0.24,0.14,0.12,0.2,0.11,0.05,0.2,0.19,0.13,1.97,3.42,0.12,0.07,0.08,1.14,0.04,0.03,6.54,0.24,0.51,0.18
"1990-09-01 00:00:00",0.06,0.12,0.22,0.1,0.28,0.07,0.02,0.28,0.04,0.91,0.04,1.1,0.12,0.58,1.11,1.27,0.01,0.04,0.03,0.45,1.11,0.39,0.84,0.28,0.06,0.02,0.15,0.09,0.02,0.18,0.2,0.07,1.59,2.26,0.1,0.04,0.11,0.75,0.03,0.01,4.94,0.08,0.35,0.09
"1990-10-01 00:00:00",0.03,0.08,0.14,0.07,0.18,0.05,0.02,0.26,0.08,0.53,0.01,0.47,0.11,0.09,1.02,0.87,0.06,0.06,0.03,0.2,0.95,0.19,0.28,0.22,0.05,0.03,0.03,0.02,0.04,0.07,0.13,0.02,1.36,1.18,0.01,0.06,0.09,0.14,0.02,0.01,3.96,0.03,0.25,0.03
"1990-11-01 00:00:00",0.02,0.04,0.17,0.04,0.25,0.1,0.02,0.53,0.17,0.61,0.04,0.65,0.05,0.12,1.06,0.96,0.02,0.09,0.01,0.22,0.72,0.2,0.39,0.1,0.07,0.08,0.04,0.04,0.05,0.01,0.2,0.04,1.42,1.68,0.04,0.04,0.04,0.25,0.0,0.05,4.44,0.03,0.43,0.04
"1990-12-01 00:00:00",0.11,0.07,0.23,0.1,0.2,0.09,0.08,0.23,0.11,0.65,0.03,0.46,0.12,0.05,0.69,0.69,0.04,0.05,0.03,0.22,0.9,0.33,0.5,0.14,0.13,0.05,0.07,0.05,0.04,0.02,0.16,0.04,1.2,1.38,0.04,0.03,0.05,0.25,0.02,0.04,4.29,0.08,0.36,0.07
"1991-01-01 00:00:00",0.03,0.1,0.22,0.05,0.38,0.23,0.04,0.2,0.12,1.1,0.06,0.93,0.2,0.1,1.78,1.71,0.02,0.12,0.03,0.29,2.76,0.68,0.77,0.22,0.13,0.01,0.17,0.1,0.03,0.16,0.15,0.03,2.14,2.97,0.05,0.06,0.18,0.73,0.03,0.1,8.43,0.03,0.9,0.1
"1991-02-01 00:00:00",0.01,0.05,0.12,0.08,0.2,0.09,0.03,0.27,0.13,0.83,0.04,0.73,0.19,0.03,1.31,1.95,0.02,0.02,0.09,0.2,1.77,0.31,0.53,0.23,0.1,0.03,0.16,0.04,0.04,0.06,0.11,0.04,2.7,2.61,0.06,0.08,0.15,0.45,0.04,0.06,7.93,0.03,0.6,0.09
"1991-03-01 00:00:00",0.03,0.03,0.09,0.11,0.12,0.08,0.02,0.25,0.08,0.54,0.02,0.59,0.05,0.03,0.79,0.95,0.0,0.04,0.01,0.19,0.92,0.24,0.32,0.06,0.06,0.0,0.08,0.02,0.03,0.03,0.1,0.02,1.07,1.2,0.03,0.04,0.08,0.46,0.02,0.03,4.2,0.02,0.24,0.03
"1991-04-01 00:00:00",0.01,0.01,0.09,0.04,0.07,0.06,0.04,0.3,0.04,0.39,0.02,0.24,0.01,0.04,0.64,0.77,0.02,0.04,0.01,0.16,0.47,0.11,0.23,0.12,0.09,0.01,0.07,0.02,0.08,0.03,0.07,0.0,0.8,0.48,0.04,0.04,0.02,0.76,0.0,0.01,2.91,0.0,0.12,0.13
"1991-05-01 00:00:00",0.03,0.02,0.07,0.06,0.09,0.06,0.01,0.32,0.01,0.27,0.02,0.16,0.03,0.02,0.54,0.7,0.03,0.0,0.0,0.15,0.46,0.14,0.2,0.07,0.06,0.0,0.07,0.03,0.03,0.01,0.12,0.05,0.95,0.22,0.05,0.01,0.01,0.27,0.03,0.0,2.62,0.0,0.05,0.11
"1991-06-01 00:00:00",0.02,0.04,0.04,0.04,0.1,0.04,0.0,0.37,0.04,0.32,0.05,0.1,0.03,0.03,0.5,0.58,0.04,0.06,0.04,0.18,0.36,0.15,0.2,0.1,0.04,0.0,0.04,0.01,0.02,0.09,0.11,0.05,0.92,0.23,0.02,0.06,0.02,0.14,0.03,0.02,2.47,0.02,0.17,0.14
"1991-07-01 00:00:00",0.02,0.04,0.06,0.04,0.14,0.02,0.01,0.31,0.04,0.4,0.03,0.23,0.07,0.05,0.6,0.82,0.03,0.13,0.01,0.07,0.57,0.32,0.25,0.07,0.06,0.04,0.19,0.0,0.07,0.05,0.06,0.07,1.08,0.24,0.04,0.03,0.06,0.31,0.03,0.07,3.26,0.03,0.07,0.13
"1991-08-01 00:00:00",0.03,0.05,0.11,0.01,0.12,0.08,0.0,0.21,0.02,0.57,0.03,0.1,0.07,0.02,0.55,0.7,0.04,0.08,0.01,0.06,0.39,0.14,0.13,0.09,0.05,0.0,0.08,0.02,0.03,0.01,0.17,0.04,1.6,0.13,0.04,0.05,0.03,0.18,0.01,0.28,2.99,0.0,0.07,0.12
"1991-09-01 00:00:00",0.02,0.07,0.13,0.05,0.17,0.03,0.03,0.24,0.03,0.55,0.0,0.05,0.13,0.02,0.67,0.66,0.03,0.14,0.02,0.11,0.39,0.1,0.33,0.13,0.13,0.01,0.14,0.0,0.04,0.19,0.14,0.02,1.75,0.26,0.06,0.03,0.01,0.19,0.02,0.25,3.32,0.02,0.07,0.08
"1991-10-01 00:00:00",0.04,0.03,0.1,0.04,0.13,0.1,0.01,0.26,0.0,0.26,0.01,0.24,0.31,0.01,0.63,0.37,0.03,0.1,0.01,0.11,0.57,0.24,0.21,0.18,0.1,0.01,0.17,0.01,0.0,0.02,0.07,0.03,1.11,0.17,0.01,0.09,0.03,0.15,0.01,0.12,3.01,0.1,0.1,0.11
"1991-11-01 00:00:00",0.05,0.02,0.13,0.03,0.12,0.03,0.01,0.33,0.18,0.37,0.02,0.08,0.25,0.01,0.45,0.47,0.05,0.11,0.03,0.11,0.37,0.2,0.27,0.34,0.08,0.0,0.14,0.01,0.05,0.01,0.11,0.03,0.79,0.07,0.01,0.02,0.01,0.14,0.01,0.16,2.56,0.07,0.08,0.03
"1991-12-01 00:00:00",0.02,0.03,0.21,0.05,0.05,0.07,0.01,0.29,0.05,0.59,0.05,0.09,0.14,0.04,0.59,0.47,0.04,0.1,0.03,0.18,0.34,0.18,0.3,0.23,0.02,0.03,0.12,0.0,0.04,0.08,0.13,0.03,1.63,0.09,0.06,0.07,0.04,0.19,0.05,0.84,3.06,0.03,0.11,0.08
"1992-01-01 00:00:00",0.05,0.04,0.1,0.03,0.07,0.03,0.02,0.35,0.05,0.34,0.02,0.06,0.06,0.02,0.44,0.38,0.04,0.09,0.02,0.19,0.27,0.11,0.34,0.31,0.19,0.02,0.01,0.0,0.03,0.03,0.1,0.05,1.16,0.09,0.01,0.05,0.05,0.08,0.01,0.27,2.84,0.08,0.1,0.05
"1992-02-01 00:00:00",0.11,0.04,0.03,0.08,0.07,0.06,0.01,0.37,0.07,0.28,0.02,0.13,0.07,0.04,0.47,0.36,0.0,0.04,0.01,0.22,0.43,0.08,0.14,0.19,0.1,0.03,0.04,0.04,0.09,0.04,0.07,0.01,0.89,0.13,0.08,0.03,0.06,0.16,0.0,0.14,2.63,0.19,0.06,0.05
"1992-03-01 00:00:00",0.03,0.02,0.05,0.03,0.06,0.02,0.0,0.33,0.03,0.32,0.02,0.15,0.06,0.03,0.38,0.43,0.01,0.02,0.03,0.21,0.31,0.05,0.21,0.24,0.07,0.02,0.03,0.02,0.03,0.04,0.06,0.0,0.82,0.09,0.06,0.08,0.0,0.32,0.01,0.19,2.32,0.1,0.07,0.1
"1992-04-01 00:00:00",0.07,0.02,0.12,0.06,0.11,0.01,0.01,0.2,0.03,0.32,0.01,0.17,0.05,0.04,0.5,0.43,0.02,0.06,0.01,0.16,0.23,0.12,0.24,0.12,0.06,0.0,0.06,0.01,0.19,0.01,0.1,0.17,0.71,0.14,0.04,0.05,0.07,0.19,0.01,0.15,2.71,0.11,0.08,0.03
"1992-05-01 00:00:00",0.05,0.02,0.13,0.06,0.11,0.03,0.01,0.25,0.07,0.42,0.0,0.03,0.04,0.11,0.53,0.45,0.03,0.07,0.02,0.19,0.24,0.1,0.17,0.12,0.03,0.03,0.03,0.05,0.14,0.02,0.03,0.24,0.94,0.05,0.05,0.1,0.01,0.11,0.0,0.2,2.47,0.04,0.11,0.04
"1992-06-01 00:00:00",0.05,0.04,0.17,0.13,0.23,0.14,0.01,0.2,0.03,0.53,0.34,0.14,0.06,0.09,0.74,0.55,0.01,0.09,0.01,0.12,0.35,0.22,0.22,0.13,0.07,0.01,0.22,0.11,0.06,0.04,0.1,0.18,0.94,0.08,0.09,0.04,0.01,0.21,0.0,0.19,2.93,0.03,0.1,0.07
"1992-07-01 00:00:00",0.0,0.0,0.05,0.01,0.16,0.05,0.01,0.13,0.03,0.43,0.03,0.13,0.1,0.18,0.55,0.6,0.01,0.09,0.01,0.16,0.22,0.16,0.16,0.04,0.03,0.01,0.1,0.05,0.07,0.05,0.09,0.05,0.53,0.19,0.05,0.04,0.03,0.15,0.02,0.07,2.37,0.02,0.12,0.08
"1992-08-01 00:00:00",0.02,0.0,0.05,0.03,0.07,0.03,0.02,0.2,0.01,0.25,0.04,0.13,0.04,0.01,0.68,0.78,0.01,0.05,0.01,0.14,0.22,0.09,0.12,0.09,0.04,0.01,0.08,0.02,0.04,0.02,0.01,0.02,0.5,0.25,0.06,0.04,0.02,0.21,0.02,0.03,2.31,0.01,0.21,0.04
"1992-09-01 00:00:00",0.03,0.01,0.19,0.03,0.11,0.05,0.0,0.36,0.02,0.47,0.24,0.08,0.26,0.06,0.87,0.75,0.02,0.05,0.02,0.16,0.11,0.45,0.23,0.13,0.05,0.03,0.22,0.05,0.06,0.01,0.06,0.11,0.66,0.12,0.1,0.02,0.01,0.17,0.1,0.05,2.41,0.01,0.06,0.07
"1992-10-01 00:00:00",0.03,0.04,0.09,0.05,0.06,0.02,0.01,0.17,0.01,0.25,0.04,0.08,0.04,0.01,0.33,0.36,0.01,0.04,0.01,0.09,0.15,0.15,0.1,0.08,0.04,0.0,0.02,0.01,0.06,0.01,0.04,0.05,0.48,0.08,0.01,0.03,0.0,0.18,0.03,0.05,1.99,0.03,0.08,0.09
"1992-11-01 00:00:00",0.07,0.04,0.19,0.03,0.16,0.04,0.04,0.3,0.12,0.34,0.07,0.13,0.15,0.02,0.61,0.71,0.04,0.15,0.05,0.13,0.38,0.27,0.29,0.17,0.06,0.03,0.14,0.03,0.05,0.03,0.14,0.11,0.69,0.12,0.03,0.08,0.01,0.22,0.04,0.16,2.93,0.03,0.2,0.15
"1992-12-01 00:00:00",0.0,0.0,0.22,0.03,0.09,0.05,0.0,0.19,0.03,0.21,0.09,0.13,0.14,0.06,0.55,0.63,0.04,0.05,0.05,0.17,0.26,0.16,0.09,0.09,0.03,0.01,0.1,0.06,0.01,0.06,0.06,0.08,0.57,0.1,0.13,0.06,0.08,0.11,0.08,0.08,2.55,0.03,0.17,0.09
"1993-01-01 00:00:00",0.05,0.08,0.12,0.03,0.15,0.11,0.0,0.23,0.0,0.3,0.02,0.25,0.05,0.01,1.03,0.8,0.02,0.04,0.03,0.28,0.51,0.17,0.22,0.08,0.06,0.0,0.03,0.01,0.17,0.01,0.04,0.08,0.9,0.21,0.08,0.05,0.05,0.32,0.04,0.2,3.62,0.03,0.16,0.03
"1993-02-01 00:00:00",0.06,0.05,0.21,0.05,0.11,0.04,0.0,0.19,0.08,0.31,0.04,0.16,0.07,0.02,0.62,0.65,0.01,0.02,0.01,0.17,0.33,0.08,0.21,0.22,0.03,0.04,0.1,0.03,0.06,0.02,0.03,0.04,0.69,0.11,0.03,0.06,0.02,0.18,0.05,0.12,2.63,0.03,0.14,0.09
"1993-03-01 00:00:00",0.02,0.03,0.1,0.02,0.11,0.04,0.02,0.23,0.09,0.27,0.02,0.22,0.06,0.02,0.46,0.4,0.02,0.04,0.01,0.14,0.32,0.09,0.2,0.39,0.04,0.0,0.04,0.0,0.03,0.0,0.04,0.02,0.88,0.05,0.04,0.02,0.01,0.09,0.03,0.14,2.78,0.03,0.09,0.09
"1993-04-01 00:00:00",0.02,0.01,0.2,0.04,0.56,0.02,0.01,0.24,0.02,0.41,0.14,0.21,0.13,0.04,1.08,1.06,0.01,0.13,0.01,0.19,0.26,0.21,0.32,0.24,0.04,0.0,0.11,0.07,0.02,0.02,0.06,0.03,1.2,0.05,0.14,0.0,0.03,0.21,0.01,0.12,3.23,0.14,0.17,0.07
"1993-05-01 00:00:00",0.03,0.06,0.3,0.01,0.25,0.01,0.03,0.26,0.07,0.45,0.15,0.11,0.39,0.02,1.06,0.95,0.01,0.06,0.03,0.22,0.14,0.32,0.2,0.25,0.1,0.02,0.11,0.11,0.07,0.03,0.08,0.03,1.31,0.06,0.03,0.07,0.03,0.28,0.0,0.14,3.08,0.04,0.26,0.1
"1993-06-01 00:00:00",0.03,0.02,0.1,0.07,0.14,0.05,0.01,0.21,0.0,0.45,0.14,0.17,0.15,0.01,0.71,0.47,0.0,0.04,0.04,0.15,0.2,0.17,0.27,0.23,0.04,0.03,0.1,0.08,0.03,0.0,0.04,0.04,0.91,0.06,0.09,0.02,0.02,0.2,0.03,0.27,2.84,0.1,0.06,0.05
"1993-07-01 00:00:00",0.04,0.07,0.1,0.02,0.22,0.09,0.02,0.3,0.02,0.37,0.06,0.17,0.09,0.03,0.8,0.69,0.04,0.01,0.05,0.26,0.48,0.36,0.56,0.5,0.05,0.05,0.08,0.09,0.01,0.04,0.01,0.04,1.0,0.07,0.09,0.04,0.01,0.09,0.04,0.14,3.73,0.04,0.13,0.07
"1993-08-01 00:00:00",0.03,0.02,0.23,0.02,0.2,0.08,0.0,0.31,0.01,0.23,0.04,0.18,0.15,0.0,0.51,0.47,0.02,0.02,0.01,0.1,0.3,0.18,0.11,0.08,0.06,0.02,0.12,0.06,0.01,0.01,0.01,0.05,0.41,0.06,0.03,0.02,0.08,0.12,0.05,0.05,2.5,0.04,0.07,0.03
"1993-09-01 00:00:00",0.03,0.02,0.05,0.04,0.1,0.01,0.05,0.25,0.06,0.19,0.0,0.15,0.04,0.01,0.38,0.32,0.03,0.02,0.0,0.11,0.39,0.15,0.17,0.15,0.08,0.01,0.02,0.08,0.02,0.03,0.11,0.06,0.91,0.15,0.03,0.0,0.05,0.12,0.01,0.11,2.7,0.02,0.07,0.14
"1993-10-01 00:00:00",0.06,0.02,0.07,0.04,0.29,0.02,0.02,0.27,0.03,0.28,0.03,0.09,0.04,0.03,0.6,0.28,0.01,0.02,0.0,0.17,0.13,0.09,0.23,0.19,0.03,0.03,0.03,0.0,0.03,0.01,0.07,0.05,0.78,0.05,0.02,0.01,0.02,0.15,0.02,0.16,3.11,0.02,0.12,0.12
"1993-11-01 00:00:00",0.06,0.01,0.06,0.03,0.1,0.04,0.01,0.36,0.03,0.23,0.08,0.12,0.04,0.01,0.39,0.29,0.03,0.05,0.03,0.13,0.24,0.05,0.29,0.42,0.14,0.02,0.03,0.1,0.03,0.02,0.04,0.03,0.6,0.03,0.07,0.02,0.05,0.06,0.05,0.16,2.45,0.01,0.03,0.08
"1993-12-01 00:00:00",0.0,0.01,0.18,0.0,0.22,0.02,0.0,0.24,0.01,0.2,0.02,0.1,0.01,0.03,0.42,0.3,0.01,0.12,0.01,0.03,0.29,0.03,0.24,0.45,0.05,0.0,0.03,0.04,0.01,0.01,0.13,0.02,0.66,0.03,0.02,0.02,0.01,0.04,0.0,0.23,2.32,0.17,0.03,0.07
"1994-01-01 00:00:00",0.01,0.02,0.26,0.01,0.33,0.04,0.02,0.19,0.04,0.25,0.02,0.09,0.13,0.0,0.56,0.34,0.02,0.1,0.02,0.26,0.21,0.09,0.2,0.34,0.3,0.03,0.09,0.05,0.0,0.03,0.14,0.04,0.72,0.1,0.02,0.03,0.03,0.04,0.04,0.35,2.42,0.06,0.06,0.07
"1994-02-01 00:00:00",0.03,0.02,0.23,0.04,0.29,0.02,0.02,0.23,0.03,0.46,0.01,0.06,0.18,0.0,0.94,0.84,0.03,0.08,0.01,0.27,0.15,0.17,0.33,0.52,0.26,0.01,0.08,0.03,0.01,0.01,0.07,0.01,1.24,0.01,0.04,0.04,0.03,0.16,0.06,0.23,3.9,0.05,0.18,0.12
"1994-03-01 00:00:00",0.02,0.03,0.02,0.04,0.18,0.03,0.01,0.43,0.03,0.1,0.03,0.12,0.11,0.0,0.35,0.29,0.03,0.01,0.01,0.25,0.46,0.04,0.4,0.6,0.2,0.01,0.05,0.05,0.02,0.0,0.04,0.0,0.73,0.04,0.04,0.01,0.07,0.06,0.0,0.2,2.88,0.03,0.04,0.16
"1994-04-01 00:00:00",0.02,0.04,0.24,0.04,0.16,0.04,0.01,0.37,0.01,0.3,0.02,0.11,0.07,0.01,0.69,0.7,0.0,0.01,0.03,0.19,0.24,0.15,0.33,0.53,0.09,0.02,0.07,0.07,0.02,0.01,0.08,0.02,1.0,0.1,0.04,0.03,0.03,0.15,0.06,0.15,2.89,0.01,0.08,0.19
"1994-05-01 00:00:00",0.08,0.05,0.11,0.07,0.25,0.04,0.03,0.49,0.0,0.23,0.04,0.14,0.04,0.01,0.67,0.5,0.04,0.04,0.02,0.12,0.22,0.11,0.25,0.62,0.08,0.03,0.04,0.04,0.01,0.02,0.06,0.02,0.63,0.11,0.03,0.04,0.02,0.13,0.06,0.08,3.4,0.04,0.11,0.23
"1994-06-01 00:00:00",0.02,0.02,0.13,0.05,0.17,0.04,0.02,0.49,0.04,0.2,0.03,0.1,0.09,0.02,0.63,0.28,0.01,0.03,0.02,0.17,0.23,0.13,0.64,1.35,0.18,0.02,0.07,0.01,0.02,0.03,0.06,0.04,0.68,0.06,0.01,0.01,0.05,0.19,0.01,0.1,3.68,0.04,0.06,0.12
"1994-07-01 00:00:00",0.24,0.01,0.05,0.06,0.23,0.06,0.05,0.25,0.04,0.62,0.01,0.07,0.05,0.03,1.07,0.71,0.0,0.01,0.04,0.08,0.43,0.18,0.28,0.39,0.07,0.04,0.02,0.02,0.0,0.01,0.05,0.01,0.83,0.09,0.05,0.04,0.04,0.16,0.02,0.06,3.3,0.07,0.07,0.08
"1994-08-01 00:00:00",0.16,0.02,0.02,0.09,0.08,0.05,0.07,0.17,0.04,0.54,0.01,0.06,0.07,0.01,0.6,0.56,0.01,0.03,0.02,0.13,0.17,0.07,0.15,0.38,0.13,0.01,0.04,0.01,0.0,0.0,0.02,0.01,0.82,0.02,0.02,0.01,0.02,0.1,0.01,0.08,2.61,0.09,0.1,0.05
"1994-09-01 00:00:00",0.09,0.01,0.08,0.05,0.08,0.02,0.02,0.15,0.01,0.46,0.05,0.04,0.07,0.02,0.62,0.58,0.0,0.0,0.01,0.12,0.15,0.06,0.15,0.26,0.15,0.0,0.07,0.03,0.0,0.02,0.06,0.02,0.71,0.02,0.09,0.0,0.03,0.03,0.01,0.02,2.81,0.04,0.07,0.05
"1994-10-01 00:00:00",0.04,0.03,0.0,0.03,0.02,0.02,0.01,0.33,0.02,0.2,0.03,0.21,0.09,0.03,0.68,0.65,0.01,0.01,0.02,0.17,0.47,0.04,0.2,0.43,0.07,0.01,0.03,0.03,0.01,0.02,0.02,0.03,0.86,0.38,0.02,0.01,0.03,0.11,0.02,0.02,2.82,0.02,0.06,0.07
"1994-11-01 00:00:00",0.05,0.07,0.19,0.02,0.11,0.0,0.02,0.18,0.01,0.37,0.02,0.08,0.05,0.01,0.68,0.75,0.01,0.05,0.14,0.08,0.27,0.08,0.24,0.25,0.04,0.02,0.11,0.03,0.0,0.05,0.06,0.08,0.64,0.01,0.02,0.04,0.02,0.04,0.02,0.11,2.56,0.01,0.06,0.06
"1994-12-01 00:00:00",0.01,0.01,0.23,0.01,0.08,0.01,0.01,0.11,0.04,0.46,0.02,0.11,0.08,0.01,0.86,0.71,0.01,0.22,0.02,0.16,0.28,0.12,0.21,0.43,0.21,0.04,0.08,0.04,0.0,0.01,0.09,0.01,1.18,0.02,0.01,0.0,0.03,0.14,0.01,0.2,2.99,0.0,0.12,0.06
"1995-01-01 00:00:00",0.04,0.04,0.06,0.03,0.05,0.04,0.01,0.19,0.01,0.35,0.0,0.13,0.03,0.01,0.54,0.41,0.0,0.07,0.03,0.12,0.31,0.01,0.11,0.23,0.17,0.01,0.02,0.03,0.03,0.03,0.04,0.01,0.99,0.02,0.01,0.01,0.03,0.05,0.02,0.06,2.36,0.0,0.07,0.03
"1995-02-01 00:00:00",0.07,0.0,0.05,0.12,0.06,0.02,0.09,0.25,0.02,0.3,0.0,0.23,0.07,0.01,0.45,0.35,0.0,0.06,0.0,0.21,0.38,0.07,0.1,0.23,0.32,0.02,0.05,0.02,0.12,0.01,0.08,0.01,0.84,0.05,0.03,0.05,0.06,0.05,0.03,0.06,2.54,0.0,0.02,0.01
"1995-03-01 00:00:00",0.08,0.04,0.1,0.0,0.06,0.01,0.04,0.17,0.03,0.39,0.05,0.19,0.05,0.01,0.49,0.38,0.02,0.01,0.02,0.07,0.33,0.12,0.34,0.13,0.1,0.0,0.08,0.02,0.02,0.01,0.05,0.01,0.68,0.13,0.03,0.02,0.03,0.19,0.02,0.02,2.47,0.05,0.04,0.07
"1995-04-01 00:00:00",0.11,0.01,0.07,0.03,0.07,0.03,0.01,0.25,0.01,0.3,0.02,0.19,0.05,0.0,0.46,0.36,0.01,0.03,0.09,0.24,0.41,0.06,0.29,0.31,0.18,0.03,0.04,0.02,0.05,0.16,0.03,0.0,0.76,0.1,0.03,0.04,0.05,0.2,0.02,0.02,3.26,0.05,0.15,0.11
"1995-05-01 00:00:00",0.05,0.03,0.12,0.03,0.15,0.04,0.0,0.35,0.01,0.33,0.01,0.13,0.09,0.02,0.57,0.55,0.02,0.06,0.06,0.2,0.28,0.03,0.44,0.16,0.12,0.08,0.12,0.03,0.01,0.04,0.09,0.0,0.98,0.03,0.04,0.05,0.01,0.08,0.02,0.08,2.65,0.02,0.07,0.09
"1995-06-01 00:00:00",0.02,0.06,0.08,0.04,0.31,0.02,0.02,0.25,0.01,0.31,0.04,0.11,0.08,0.03,0.88,0.73,0.01,0.04,0.0,0.13,0.2,0.2,0.43,0.27,0.08,0.13,0.16,0.04,0.01,0.04,0.04,0.03,0.94,0.03,0.1,0.02,0.0,0.17,0.1,0.08,3.05,0.0,0.09,0.05
"1995-07-01 00:00:00",0.03,0.05,0.16,0.01,0.08,0.0,0.02,0.18,0.02,0.35,0.04,0.05,0.05,0.01,0.93,0.78,0.01,0.04,0.01,0.24,0.28,0.1,0.18,0.11,0.09,0.01,0.36,0.11,0.03,0.01,0.06,0.02,0.62,0.02,0.01,0.03,0.02,0.09,0.05,0.22,3.1,0.01,0.12,0.06
"1995-08-01 00:00:00",0.0,0.11,0.07,0.0,0.09,0.0,0.01,0.2,0.05,0.36,0.14,0.06,0.12,0.03,0.58,0.51,0.02,0.05,0.03,0.19,0.18,0.11,0.17,0.09,0.09,0.02,0.09,0.05,0.01,0.0,0.02,0.01,0.83,0.11,0.07,0.02,0.0,0.06,0.05,0.09,3.22,0.01,0.03,0.02
"1995-09-01 00:00:00",0.01,0.07,0.16,0.03,0.06,0.03,0.02,0.18,0.01,0.27,0.08,0.05,0.09,0.02,0.56,0.31,0.0,0.06,0.01,0.12,0.11,0.15,0.12,0.06,0.1,0.0,0.07,0.02,0.01,0.02,0.07,0.03,0.53,0.03,0.06,0.02,0.0,0.06,0.02,0.04,1.86,0.0,0.05,0.02
"1995-10-01 00:00:00",0.01,0.04,0.06,0.01,0.05,0.0,0.01,0.18,0.04,0.28,0.01,0.05,0.04,0.0,0.44,0.24,0.0,0.03,0.0,0.14,0.18,0.05,0.16,0.1,0.12,0.01,0.03,0.02,0.01,0.02,0.04,0.0,0.4,0.05,0.04,0.0,0.0,0.03,0.06,0.03,1.78,0.01,0.08,0.06
"1995-11-01 00:00:00",0.03,0.01,0.1,0.0,0.01,0.01,0.02,0.16,0.03,0.28,0.01,0.14,0.04,0.01,0.49,0.42,0.0,0.05,0.02,0.16,0.26,0.1,0.14,0.04,0.02,0.02,0.07,0.05,0.01,0.0,0.04,0.02,0.44,0.1,0.07,0.01,0.01,0.04,0.04,0.01,2.06,0.0,0.07,0.09
"1995-12-01 00:00:00",0.0,0.01,0.07,0.01,0.06,0.03,0.0,0.23,0.01,0.37,0.02,0.02,0.08,0.02,0.6,0.37,0.01,0.12,0.06,0.15,0.14,0.18,0.15,0.13,0.09,0.06,0.03,0.02,0.03,0.03,0.04,0.0,0.48,0.06,0.09,0.05,0.01,0.11,0.04,0.0,2.14,0.0,0.13,0.05
"1996-01-01 00:00:00",0.0,0.01,0.06,0.0,0.02,0.0,0.02,0.2,0.06,0.16,0.0,0.1,0.08,0.03,0.29,0.25,0.0,0.03,0.02,0.19,0.16,0.06,0.11,0.09,0.03,0.0,0.03,0.02,0.0,0.05,0.01,0.05,0.92,0.12,0.05,0.0,0.01,0.23,0.02,0.04,2.08,0.02,0.02,0.03
"1996-02-01 00:00:00",0.01,0.02,0.0,0.0,0.05,0.04,0.01,0.42,0.03,0.26,0.02,0.11,0.05,0.05,0.37,0.44,0.02,0.05,0.0,0.11,0.26,0.12,0.09,0.17,0.09,0.0,0.03,0.03,0.02,0.01,0.06,0.0,0.53,0.09,0.06,0.02,0.0,0.1,0.17,0.05,2.4,0.01,0.03,0.07
"1996-03-01 00:00:00",0.0,0.03,0.09,0.0,0.09,0.0,0.01,0.38,0.02,0.18,0.01,0.28,0.07,0.01,0.16,0.25,0.05,0.06,0.0,0.11,0.87,0.1,0.14,0.08,0.07,0.0,0.06,0.12,0.01,0.02,0.05,0.01,0.57,0.13,0.07,0.03,0.03,0.09,0.29,0.02,2.3,0.01,0.03,0.04
"1996-04-01 00:00:00",0.01,0.03,0.03,0.04,0.08,0.02,0.0,0.33,0.03,0.14,0.01,0.13,0.02,0.01,0.41,0.28,0.04,0.02,0.01,0.11,0.59,0.11,0.27,0.19,0.04,0.0,0.02,0.02,0.01,0.02,0.05,0.0,0.66,0.07,0.04,0.01,0.0,0.08,0.14,0.06,2.15,0.0,0.02,0.03
"1996-05-01 00:00:00",0.01,0.02,0.02,0.0,0.05,0.04,0.0,0.34,0.02,0.17,0.0,0.1,0.09,0.01,0.19,0.21,0.08,0.0,0.0,0.15,0.39,0.01,0.1,0.13,0.05,0.02,0.04,0.06,0.0,0.01,0.01,0.0,0.42,0.05,0.02,0.02,0.0,0.07,0.08,0.01,1.79,0.01,0.06,0.0
"1996-06-01 00:00:00",0.02,0.04,0.0,0.04,0.11,0.06,0.03,0.31,0.01,0.19,0.01,0.2,0.04,0.01,0.35,0.28,0.01,0.02,0.01,0.26,0.44,0.06,0.13,0.07,0.05,0.01,0.05,0.07,0.03,0.02,0.02,0.0,0.63,0.33,0.07,0.02,0.03,0.07,0.03,0.08,1.78,0.0,0.06,0.03
"1996-07-01 00:00:00",0.03,0.04,0.08,0.02,0.1,0.02,0.03,0.13,0.0,0.08,0.02,0.04,0.05,0.02,0.45,0.34,0.01,0.03,0.08,0.19,0.23,0.07,0.09,0.1,0.08,0.01,0.04,0.03,0.0,0.0,0.05,0.01,0.44,0.31,0.02,0.03,0.0,0.04,0.04,0.01,2.13,0.01,0.03,0.03
"1996-08-01 00:00:00",0.0,0.02,0.05,0.0,0.11,0.01,0.01,0.18,0.03,0.22,0.01,0.08,0.08,0.0,0.36,0.29,0.0,0.0,0.04,0.23,0.3,0.07,0.06,0.05,0.13,0.02,0.02,0.02,0.02,0.02,0.0,0.0,0.62,0.17,0.01,0.02,0.01,0.12,0.03,0.01,2.21,0.0,0.02,0.05
"1996-09-01 00:00:00",0.01,0.09,0.05,0.03,0.08,0.04,0.0,0.19,0.16,0.18,0.01,0.23,0.08,0.02,0.51,0.54,0.0,0.02,0.0,0.2,0.46,0.04,0.13,0.08,0.24,0.0,0.01,0.09,0.01,0.02,0.04,0.01,0.61,0.49,0.02,0.01,0.01,0.41,0.02,0.03,2.62,0.01,0.05,0.03
"1996-10-01 00:00:00",0.0,0.03,0.02,0.03,0.06,0.0,0.0,0.14,0.04,0.07,0.0,0.1,0.03,0.01,0.23,0.22,0.03,0.07,0.06,0.1,0.22,0.02,0.08,0.08,0.07,0.01,0.02,0.11,0.0,0.02,0.08,0.03,0.31,0.05,0.02,0.03,0.0,0.09,0.03,0.03,1.5,0.0,0.01,0.06
"1996-11-01 00:00:00",0.03,0.05,0.08,0.02,0.11,0.03,0.04,0.22,0.06,0.09,0.01,0.03,0.11,0.02,0.28,0.18,0.07,0.02,0.06,0.11,0.15,0.13,0.09,0.12,0.13,0.02,0.02,0.01,0.03,0.13,0.09,0.02,0.3,0.13,0.04,0.03,0.0,0.04,0.04,0.06,1.62,0.01,0.02,0.03
"1996-12-01 00:00:00",0.02,0.0,0.07,0.02,0.11,0.04,0.0,0.17,0.06,0.16,0.0,0.06,0.12,0.02,0.36,0.29,0.03,0.1,0.0,0.12,0.1,0.09,0.4,0.17,0.04,0.06,0.01,0.0,0.41,0.01,0.14,0.03,0.45,0.1,0.02,0.03,0.01,0.13,0.04,0.03,2.08,0.03,0.06,0.05
"1997-01-01 00:00:00",0.0,0.0,0.01,0.01,0.06,0.03,0.02,0.08,0.02,0.12,0.0,0.15,0.08,0.0,0.21,0.16,0.03,0.04,0.02,0.11,0.15,0.02,0.24,0.13,0.09,0.01,0.01,0.04,0.26,0.01,0.03,0.0,0.3,0.16,0.01,0.01,0.0,0.11,0.03,0.03,1.48,0.0,0.05,0.06
"1997-02-01 00:00:00",0.02,0.01,0.04,0.0,0.13,0.02,0.0,0.16,0.05,0.09,0.01,0.07,0.1,0.06,0.18,0.15,0.01,0.04,0.04,0.09,0.17,0.03,0.27,0.17,0.11,0.04,0.01,0.03,0.12,0.02,0.06,0.02,0.35,0.09,0.01,0.03,0.0,0.05,0.03,0.06,1.31,0.0,0.01,0.07
"1997-03-01 00:00:00",0.01,0.02,0.07,0.02,0.12,0.03,0.01,0.18,0.03,0.11,0.02,0.09,0.14,0.2,0.26,0.13,0.06,0.15,0.03,0.08,0.26,0.09,0.19,0.05,0.12,0.02,0.01,0.03,0.11,0.01,0.16,0.02,0.36,0.1,0.0,0.02,0.01,0.08,0.04,0.05,1.59,0.0,0.01,0.08
"1997-04-01 00:00:00",0.07,0.03,0.04,0.02,0.06,0.02,0.06,0.22,0.05,0.16,0.01,0.1,0.06,0.01,0.27,0.11,0.04,0.03,0.02,0.07,0.21,0.07,0.33,0.16,0.04,0.01,0.04,0.07,0.26,0.02,0.06,0.01,0.32,0.15,0.04,0.02,0.02,0.03,0.02,0.02,1.68,0.01,0.03,0.14
"1997-05-01 00:00:00",0.02,0.01,0.11,0.03,0.04,0.03,0.02,0.24,0.03,0.13,0.01,0.05,0.1,0.05,0.34,0.16,0.08,0.09,0.05,0.1,0.14,0.1,0.14,0.14,0.06,0.0,0.03,0.02,0.05,0.0,0.14,0.05,0.43,0.05,0.03,0.02,0.01,0.15,0.04,0.06,1.52,0.0,0.03,0.12
"1997-06-01 00:00:00",0.0,0.01,0.0,0.01,0.05,0.01,0.0,0.16,0.02,0.06,0.01,0.03,0.02,0.0,0.18,0.17,0.06,0.02,0.04,0.04,0.09,0.09,0.03,0.03,0.03,0.0,0.01,0.0,0.01,0.01,0.03,0.04,0.15,0.07,0.02,0.01,0.0,0.03,0.02,0.0,0.95,0.0,0.02,0.03
"1997-07-01 00:00:00",0.01,0.04,0.04,0.02,0.07,0.02,0.0,0.14,0.07,0.12,0.0,0.06,0.12,0.02,0.19,0.21,0.04,0.05,0.01,0.06,0.16,0.05,0.12,0.05,0.03,0.02,0.05,0.02,0.03,0.01,0.06,0.0,0.27,0.07,0.0,0.02,0.0,0.05,0.05,0.03,1.08,0.0,0.07,0.0
"1997-08-01 00:00:00",0.01,0.01,0.03,0.03,0.06,0.02,0.02,0.11,0.0,0.09,0.0,0.14,0.05,0.04,0.2,0.14,0.0,0.02,0.02,0.06,0.55,0.03,0.1,0.11,0.03,0.01,0.04,0.08,0.01,0.03,0.03,0.04,0.19,0.07,0.02,0.02,0.01,0.04,0.01,0.0,1.27,0.0,0.0,0.06
"1997-09-01 00:00:00",0.01,0.0,0.05,0.01,0.07,0.01,0.01,0.19,0.03,0.07,0.01,0.09,0.04,0.07,0.22,0.2,0.02,0.04,0.03,0.09,0.28,0.04,0.09,0.09,0.07,0.02,0.02,0.18,0.01,0.01,0.08,0.01,0.28,0.06,0.01,0.0,0.0,0.04,0.02,0.04,1.17,0.01,0.04,0.04
"1997-10-01 00:00:00",0.05,0.07,0.01,0.05,0.05,0.02,0.05,0.28,0.1,0.07,0.0,0.14,0.03,0.03,0.31,0.23,0.03,0.02,0.01,0.03,0.18,0.03,0.15,0.06,0.04,0.07,0.03,0.01,0.03,0.02,0.03,0.03,0.42,0.06,0.03,0.0,0.01,0.06,0.03,0.02,1.3,0.04,0.03,0.05
"1997-11-01 00:00:00",0.08,0.21,0.04,0.03,0.05,0.05,0.04,0.47,0.03,0.11,0.02,0.37,0.02,0.02,0.74,0.42,0.01,0.02,0.02,0.12,0.34,0.03,0.08,0.04,0.08,0.03,0.05,0.05,0.01,0.0,0.04,0.02,0.88,0.21,0.13,0.02,0.02,0.1,0.03,0.03,1.84,0.0,0.03,0.01
"1997-12-01 00:00:00",0.02,0.01,0.04,0.05,0.07,0.02,0.0,0.16,0.05,0.12,0.0,0.12,0.02,0.03,0.34,0.17,0.03,0.03,0.03,0.12,0.24,0.03,0.07,0.15,0.11,0.05,0.02,0.08,0.0,0.02,0.05,0.0,0.41,0.12,0.04,0.0,0.0,0.05,0.02,0.02,1.26,0.0,0.04,0.01
"1998-01-01 00:00:00",0.03,0.09,0.01,0.02,0.08,0.03,0.01,0.27,0.01,0.1,0.01,0.08,0.07,0.01,0.44,0.34,0.0,0.01,0.03,0.08,0.28,0.07,0.06,0.11,0.07,0.04,0.0,0.01,0.0,0.0,0.03,0.02,0.48,0.12,0.02,0.06,0.03,0.08,0.02,0.02,1.28,0.0,0.02,0.03
"1998-02-01 00:00:00",0.01,0.1,0.02,0.03,0.1,0.06,0.0,0.26,0.04,0.18,0.0,0.11,0.06,0.0,0.55,0.78,0.04,0.05,0.06,0.19,0.41,0.06,0.08,0.1,0.04,0.01,0.03,0.04,0.02,0.0,0.04,0.04,0.64,0.38,0.04,0.02,0.01,0.12,0.02,0.03,2.01,0.03,0.04,0.04
"1998-03-01 00:00:00",0.01,0.05,0.02,0.02,0.06,0.04,0.0,0.2,0.07,0.17,0.02,0.06,0.05,0.02,0.28,0.33,0.01,0.02,0.06,0.15,0.21,0.14,0.1,0.12,0.03,0.02,0.02,0.02,0.0,0.01,0.03,0.01,0.45,0.14,0.02,0.04,0.01,0.12,0.02,0.03,1.58,0.0,0.06,0.06
"1998-04-01 00:00:00",0.02,0.03,0.02,0.02,0.07,0.02,0.02,0.16,0.05,0.13,0.01,0.04,0.03,0.0,0.25,0.37,0.01,0.04,0.01,0.07,0.11,0.13,0.06,0.06,0.04,0.0,0.03,0.03,0.03,0.0,0.05,0.01,0.38,0.05,0.03,0.01,0.01,0.05,0.0,0.02,1.23,0.0,0.02,0.03
"1998-05-01 00:00:00",0.02,0.06,0.04,0.02,0.2,0.02,0.02,0.77,0.02,0.3,0.03,0.08,0.03,0.01,0.53,0.62,0.02,0.02,0.19,1.04,0.4,0.1,0.38,0.17,0.06,0.09,0.05,0.07,0.01,0.02,0.02,0.02,0.82,0.04,0.04,0.02,0.0,0.09,0.06,0.01,2.36,0.01,0.03,0.02
"1998-06-01 00:00:00",0.02,0.04,0.08,0.03,0.11,0.09,0.01,0.65,0.06,0.2,0.0,0.05,0.05,0.0,0.46,0.57,0.05,0.0,0.08,0.7,0.19,0.14,0.27,0.13,0.09,0.02,0.03,0.03,0.02,0.03,0.03,0.08,0.77,0.05,0.0,0.02,0.01,0.11,0.03,0.01,2.07,0.01,0.05,0.03
"1998-07-01 00:00:00",0.03,0.05,0.02,0.03,0.05,0.03,0.01,0.47,0.04,0.13,0.02,0.05,0.03,0.0,0.26,0.38,0.04,0.01,0.13,0.38,0.21,0.08,0.14,0.2,0.07,0.03,0.04,0.04,0.02,0.03,0.01,0.05,0.46,0.1,0.0,0.03,0.0,0.14,0.12,0.04,1.64,0.01,0.06,0.08
"1998-08-01 00:00:00",0.03,0.1,0.02,0.05,0.04,0.03,0.02,0.29,0.1,0.19,0.0,0.31,0.04,0.0,0.52,0.55,0.03,0.0,0.08,0.34,0.3,0.13,0.19,0.19,0.07,0.05,0.02,0.02,0.05,0.09,0.04,0.05,0.53,0.53,0.02,0.06,0.01,0.16,0.03,0.01,2.6,0.03,0.05,0.16
"1998-09-01 00:00:00",0.02,0.02,0.05,0.04,0.08,0.06,0.02,0.21,0.03,0.13,0.0,0.11,0.04,0.02,0.27,0.29,0.01,0.02,0.06,0.2,0.21,0.06,0.21,0.28,0.09,0.02,0.02,0.06,0.01,0.01,0.02,0.08,0.5,0.2,0.02,0.03,0.0,0.05,0.01,0.0,1.81,0.02,0.02,0.09
"1998-10-01 00:00:00",0.05,0.01,0.15,0.05,0.06,0.06,0.05,0.19,0.05,0.21,0.02,0.09,0.07,0.02,0.28,0.31,0.01,0.01,0.02,0.08,0.28,0.12,0.05,0.08,0.09,0.02,0.02,0.06,0.02,0.02,0.02,0.03,0.38,0.05,0.0,0.0,0.0,0.09,0.02,0.02,1.38,0.0,0.03,0.06
"1998-11-01 00:00:00",0.04,0.02,0.05,0.07,0.06,0.05,0.03,0.28,0.02,0.17,0.01,0.13,0.1,0.0,0.48,0.6,0.02,0.01,0.06,0.15,0.3,0.1,0.16,0.2,0.09,0.13,0.0,0.03,0.0,0.02,0.02,0.04,0.57,0.19,0.03,0.02,0.01,0.09,0.02,0.02,1.88,0.0,0.02,0.07
"1998-12-01 00:00:00",0.02,0.09,0.04,0.03,0.07,0.01,0.02,0.34,0.03,0.2,0.01,0.16,0.05,0.01,0.44,0.77,0.02,0.02,0.03,0.22,0.35,0.06,0.14,0.14,0.05,0.03,0.05,0.04,0.01,0.03,0.05,0.04,0.57,0.27,0.05,0.02,0.02,0.12,0.03,0.02,1.89,0.02,0.06,0.09
"1999-01-01 00:00:00",0.02,0.06,0.14,0.09,0.06,0.04,0.03,0.34,0.08,0.19,0.0,0.13,0.02,0.01,0.53,0.65,0.01,0.02,0.06,0.12,0.14,0.15,0.12,0.19,0.1,0.06,0.06,0.01,0.02,0.04,0.04,0.02,0.73,0.17,0.01,0.0,0.0,0.1,0.01,0.02,1.67,0.02,0.01,0.11
"1999-02-01 00:00:00",0.01,0.02,0.08,0.04,0.08,0.04,0.0,0.19,0.05,0.23,0.01,0.07,0.02,0.03,0.45,0.39,0.04,0.02,0.04,0.12,0.17,0.1,0.07,0.11,0.06,0.01,0.03,0.04,0.01,0.03,0.02,0.02,0.5,0.09,0.01,0.01,0.01,0.2,0.04,0.04,1.37,0.01,0.04,0.05
"1999-03-01 00:00:00",0.04,0.05,0.31,0.03,0.13,0.06,0.02,0.54,0.05,0.38,0.02,0.06,0.06,0.09,0.66,0.77,0.03,0.11,0.02,0.17,0.17,0.34,0.17,0.25,0.17,0.03,0.06,0.03,0.0,0.04,0.09,0.04,0.98,0.06,0.0,0.03,0.02,0.32,0.22,0.05,2.49,0.05,0.09,0.03
"1999-04-01 00:00:00",0.01,0.05,0.54,0.03,0.14,0.05,0.01,0.43,0.07,0.61,0.0,0.05,0.09,0.01,0.63,0.82,0.03,0.25,0.05,0.08,0.1,0.5,0.15,0.27,0.06,0.02,0.12,0.15,0.0,0.01,0.11,0.05,1.06,0.07,0.04,0.01,0.02,0.28,0.17,0.08,3.0,0.02,0.39,0.06
"1999-05-01 00:00:00",0.01,0.02,0.4,0.0,0.08,0.07,0.01,0.89,0.03,0.51,0.02,0.05,0.08,0.12,0.33,0.4,0.07,0.11,0.04,0.18,0.14,0.32,0.16,0.23,0.1,0.01,0.06,0.09,0.01,0.02,0.05,0.02,0.81,0.06,0.02,0.01,0.0,0.09,0.13,0.04,2.39,0.0,0.12,0.03
"1999-06-01 00:00:00",0.01,0.02,0.17,0.01,0.14,0.05,0.01,0.54,0.03,0.48,0.0,0.06,0.02,0.19,0.48,0.66,0.0,0.07,0.04,0.24,0.18,0.25,0.19,0.2,0.1,0.02,0.07,0.01,0.02,0.02,0.06,0.03,0.74,0.06,0.02,0.02,0.0,0.12,0.03,0.03,2.07,0.0,0.07,0.03
"1999-07-01 00:00:00",0.05,0.0,0.07,0.03,0.06,0.04,0.03,0.37,0.18,0.13,0.01,0.09,0.07,0.04,0.16,0.29,0.04,0.02,0.07,0.25,0.23,0.04,0.09,0.11,0.11,0.02,0.03,0.04,0.05,0.05,0.01,0.03,0.33,0.09,0.01,0.0,0.0,0.08,0.17,0.02,1.54,0.03,0.03,0.05
"1999-08-01 00:00:00",0.02,0.03,0.04,0.03,0.06,0.03,0.02,0.28,0.07,0.16,0.01,0.09,0.08,0.03,0.3,0.32,0.02,0.01,0.08,0.22,0.23,0.03,0.14,0.14,0.07,0.01,0.04,0.02,0.02,0.03,0.01,0.02,0.49,0.08,0.01,0.02,0.01,0.13,0.1,0.03,1.41,0.04,0.06,0.07
"1999-09-01 00:00:00",0.03,0.29,0.0,0.02,0.07,0.02,0.01,0.4,0.1,0.22,0.01,0.12,0.06,0.01,0.3,0.43,0.02,0.01,0.43,0.18,0.25,0.09,0.22,0.24,0.1,0.08,0.12,0.02,0.02,0.06,0.02,0.17,0.73,0.03,0.04,0.08,0.0,0.09,0.12,0.04,1.91,0.03,0.07,0.04
"1999-10-01 00:00:00",0.02,0.07,0.02,0.01,0.08,0.02,0.02,0.39,0.03,0.24,0.02,0.03,0.03,0.08,0.35,0.28,0.0,0.03,0.15,0.42,0.18,0.06,0.2,0.26,0.07,0.01,0.02,0.02,0.02,0.0,0.04,0.04,0.86,0.05,0.01,0.04,0.0,0.06,0.06,0.04,1.95,0.0,0.02,0.1
"1999-11-01 00:00:00",0.02,0.04,0.05,0.02,0.06,0.01,0.02,0.4,0.05,0.19,0.02,0.08,0.07,0.03,0.32,0.36,0.02,0.02,0.1,0.17,0.21,0.02,0.1,0.15,0.08,0.03,0.06,0.05,0.01,0.04,0.03,0.02,0.73,0.08,0.02,0.01,0.01,0.25,0.12,0.05,1.48,0.02,0.02,0.05
"1999-12-01 00:00:00",0.02,0.05,0.11,0.02,0.31,0.06,0.03,0.48,0.08,0.31,0.01,0.1,0.12,0.05,0.57,0.54,0.03,0.02,0.07,0.3,0.3,0.16,0.13,0.15,0.1,0.07,0.04,0.02,0.02,0.02,0.02,0.06,1.04,0.19,0.02,0.0,0.0,0.11,0.09,0.03,2.38,0.03,0.07,0.06
"2000-01-01 00:00:00",0.02,0.04,0.02,0.02,0.18,0.04,0.02,0.26,0.11,0.14,0.02,0.06,0.06,0.04,0.32,0.23,0.02,0.02,0.09,0.27,0.18,0.06,0.06,0.08,0.07,0.02,0.03,0.02,0.05,0.01,0.02,0.02,0.74,0.11,0.05,0.04,0.0,0.06,0.06,0.02,1.74,0.06,0.02,0.07
"2000-02-01 00:00:00",0.02,0.04,0.14,0.04,0.16,0.04,0.01,0.26,0.04,0.22,0.06,0.08,0.05,0.03,0.37,0.47,0.04,0.02,0.09,0.18,0.39,0.14,0.07,0.12,0.05,0.02,0.04,0.06,0.0,0.03,0.01,0.04,0.71,0.05,0.12,0.03,0.0,0.07,0.14,0.03,1.83,0.02,0.03,0.07
"2000-03-01 00:00:00",0.01,0.04,0.05,0.02,0.08,0.02,0.0,0.36,0.06,0.18,0.01,0.02,0.02,0.01,0.21,0.22,0.02,0.01,0.03,0.24,0.18,0.05,0.19,0.12,0.05,0.03,0.03,0.0,0.02,0.05,0.03,0.03,0.4,0.05,0.02,0.02,0.02,0.02,0.23,0.04,1.33,0.02,0.06,0.1
"2000-04-01 00:00:00",0.02,0.03,0.03,0.03,0.09,0.02,0.0,0.21,0.07,0.11,0.01,0.04,0.07,0.04,0.2,0.24,0.01,0.03,0.03,0.14,0.14,0.05,0.07,0.23,0.04,0.05,0.05,0.01,0.07,0.09,0.02,0.03,0.5,0.03,0.04,0.02,0.01,0.02,0.06,0.04,1.38,0.02,0.05,0.07
"2000-05-01 00:00:00",0.02,0.03,0.03,0.02,0.07,0.02,0.0,0.39,0.07,0.13,0.01,0.05,0.04,0.07,0.33,0.41,0.02,0.01,0.05,0.44,0.31,0.06,0.09,0.2,0.16,0.1,0.04,0.04,0.06,0.12,0.02,0.02,0.57,0.06,0.02,0.0,0.02,0.02,0.1,0.03,2.03,0.02,0.06,0.14
"2000-06-01 00:00:00",0.05,0.08,0.02,0.04,0.09,0.06,0.03,0.48,0.07,0.15,0.0,0.02,0.05,0.02,0.21,0.24,0.02,0.0,0.01,0.19,0.17,0.09,0.17,0.5,0.2,0.02,0.03,0.02,0.06,0.01,0.01,0.03,0.68,0.02,0.02,0.01,0.0,0.02,0.07,0.04,1.71,0.05,0.05,0.03
"2000-07-01 00:00:00",0.01,0.05,0.06,0.02,0.09,0.02,0.03,0.4,0.05,0.11,0.01,0.04,0.06,0.01,0.22,0.27,0.02,0.0,0.04,0.23,0.25,0.06,0.18,0.27,0.08,0.03,0.02,0.03,0.01,0.03,0.02,0.0,0.45,0.02,0.01,0.04,0.02,0.01,0.1,0.01,1.29,0.02,0.04,0.07
"2000-08-01 00:00:00",0.05,0.04,0.04,0.03,0.07,0.04,0.03,0.21,0.09,0.1,0.0,0.03,0.02,0.0,0.2,0.26,0.02,0.02,0.04,0.19,0.12,0.01,0.06,0.11,0.08,0.03,0.02,0.04,0.03,0.06,0.02,0.01,0.36,0.07,0.03,0.02,0.0,0.06,0.03,0.01,1.12,0.04,0.02,0.05
"2000-09-01 00:00:00",0.02,0.01,0.05,0.04,0.09,0.03,0.02,0.38,0.09,0.23,0.05,0.02,0.1,0.06,0.45,0.26,0.04,0.02,0.07,0.18,0.11,0.06,0.14,0.19,0.12,0.14,0.04,0.01,0.09,0.16,0.01,0.02,0.45,0.09,0.04,0.02,0.01,0.04,0.07,0.02,1.51,0.03,0.04,0.06
"2000-10-01 00:00:00",0.03,0.01,0.01,0.04,0.06,0.02,0.02,0.21,0.13,0.14,0.0,0.55,0.08,0.04,0.37,0.3,0.01,0.06,0.04,0.11,0.8,0.06,0.09,0.14,0.06,0.02,0.03,0.22,0.06,0.03,0.04,0.02,0.47,0.31,0.01,0.01,0.03,0.14,0.04,0.01,2.03,0.03,0.05,0.04
"2000-11-01 00:00:00",0.01,0.01,0.04,0.03,0.03,0.03,0.02,0.14,0.07,0.09,0.0,0.21,0.05,0.03,0.29,0.25,0.01,0.01,0.06,0.13,0.44,0.02,0.1,0.09,0.05,0.04,0.01,0.09,0.09,0.04,0.02,0.02,0.3,0.13,0.02,0.01,0.02,0.07,0.03,0.01,1.25,0.04,0.07,0.01
"2000-12-01 00:00:00",0.05,0.02,0.06,0.03,0.09,0.07,0.03,0.17,0.12,0.11,0.03,0.12,0.06,0.02,0.17,0.2,0.0,0.01,0.04,0.18,0.42,0.08,0.09,0.12,0.1,0.04,0.01,0.09,0.04,0.01,0.0,0.02,0.36,0.11,0.02,0.01,0.02,0.11,0.03,0.02,1.35,0.06,0.06,0.05
"2001-01-01 00:00:00",0.0,0.01,0.01,0.04,0.05,0.02,0.01,0.29,0.09,0.08,0.01,0.1,0.03,0.0,0.26,0.21,0.01,0.01,0.02,0.18,0.31,0.09,0.07,0.1,0.03,0.01,0.03,0.02,0.02,0.02,0.03,0.01,0.45,0.09,0.04,0.01,0.02,0.05,0.15,0.04,1.33,0.04,0.05,0.01
"2001-02-01 00:00:00",0.02,0.01,0.07,0.03,0.03,0.03,0.02,0.26,0.08,0.12,0.02,0.14,0.03,0.02,0.23,0.31,0.0,0.01,0.08,0.13,0.28,0.05,0.1,0.1,0.07,0.03,0.02,0.03,0.01,0.01,0.02,0.0,0.35,0.13,0.03,0.02,0.01,0.15,0.04,0.05,1.17,0.02,0.02,0.02
"2001-03-01 00:00:00",0.03,0.02,0.05,0.01,0.06,0.04,0.03,0.27,0.05,0.2,0.0,0.02,0.03,0.05,0.24,0.23,0.04,0.01,0.03,0.1,0.25,0.04,0.17,0.25,0.07,0.04,0.04,0.04,0.01,0.01,0.02,0.01,0.43,0.06,0.09,0.01,0.0,0.1,0.11,0.06,1.41,0.01,0.03,0.01
"2001-04-01 00:00:00",0.02,0.03,0.05,0.05,0.1,0.02,0.0,0.38,0.07,0.13,0.02,0.14,0.02,0.0,0.21,0.14,0.01,0.01,0.04,0.12,0.3,0.04,0.16,0.14,0.08,0.02,0.08,0.09,0.02,0.04,0.02,0.01,0.31,0.04,0.01,0.02,0.0,0.01,0.24,0.02,1.33,0.01,0.05,0.02
"2001-05-01 00:00:00",0.0,0.03,0.07,0.02,0.1,0.04,0.01,0.35,0.08,0.16,0.01,0.13,0.06,0.02,0.26,0.3,0.0,0.06,0.02,0.1,0.27,0.06,0.18,0.24,0.04,0.01,0.03,0.01,0.04,0.01,0.04,0.0,0.56,0.06,0.04,0.02,0.0,0.14,0.08,0.03,1.6,0.01,0.02,0.01
"2001-06-01 00:00:00",0.0,0.02,0.11,0.02,0.04,0.0,0.0,0.28,0.02,0.19,0.02,0.13,0.09,0.01,0.35,0.26,0.0,0.09,0.03,0.13,0.47,0.05,0.13,0.18,0.05,0.08,0.02,0.06,0.02,0.16,0.07,0.0,0.51,0.15,0.11,0.0,0.02,0.09,0.03,0.09,1.79,0.02,0.02,0.05
"2001-07-01 00:00:00",0.04,0.06,0.07,0.02,0.11,0.02,0.01,0.31,0.06,0.24,0.02,0.06,0.03,0.02,0.27,0.33,0.01,0.05,0.05,0.14,0.31,0.23,0.19,0.13,0.05,0.01,0.04,0.02,0.02,0.01,0.02,0.01,0.58,0.09,0.02,0.01,0.02,0.07,0.06,0.02,1.77,0.0,0.06,0.05
"2001-08-01 00:00:00",0.01,0.01,0.05,0.01,0.07,0.07,0.02,0.19,0.1,0.12,0.01,0.14,0.06,0.07,0.16,0.23,0.01,0.03,0.05,0.1,0.52,0.12,0.05,0.12,0.08,0.02,0.04,0.12,0.02,0.0,0.03,0.02,0.36,0.06,0.02,0.01,0.01,0.05,0.03,0.05,1.63,0.02,0.04,0.04
"2001-09-01 00:00:00",0.1,0.22,0.24,0.16,0.56,0.18,0.03,0.69,0.14,0.91,0.03,0.67,0.28,0.08,0.97,1.3,0.11,0.04,0.16,0.82,0.9,0.28,0.71,0.42,0.5,0.07,0.24,0.08,0.1,0.16,0.12,0.01,1.41,1.16,0.07,0.07,0.02,0.24,0.1,0.02,10.26,0.02,0.29,0.05
"2001-10-01 00:00:00",0.06,0.17,0.15,0.06,0.39,0.16,0.02,0.5,0.09,0.67,0.03,0.57,0.21,0.06,0.85,1.48,0.06,0.03,0.2,0.75,1.11,0.47,0.6,0.22,0.26,0.16,0.2,0.08,0.05,0.13,0.07,0.02,1.45,0.85,0.05,0.02,0.06,0.22,0.12,0.1,10.85,0.04,0.25,0.03
"2001-11-01 00:00:00",0.07,0.13,0.12,0.11,0.28,0.15,0.05,0.35,0.08,0.52,0.01,0.33,0.22,0.04,0.67,0.85,0.04,0.07,0.17,0.67,0.67,0.22,0.41,0.18,0.18,0.06,0.12,0.05,0.07,0.13,0.08,0.01,1.22,0.48,0.09,0.04,0.03,0.31,0.07,0.03,7.61,0.04,0.07,0.12
"2001-12-01 00:00:00",0.05,0.08,0.16,0.06,0.2,0.08,0.02,0.4,0.05,0.35,0.02,0.27,0.11,0.01,0.53,0.92,0.05,0.05,0.11,0.61,1.01,0.2,0.33,0.23,0.11,0.03,0.1,0.14,0.05,0.06,0.05,0.01,0.89,0.37,0.03,0.06,0.04,0.18,0.07,0.04,6.37,0.02,0.08,0.04
"2002-01-01 00:00:00",0.07,0.07,0.04,0.07,0.12,0.15,0.02,0.32,0.15,0.3,0.01,0.15,0.07,0.01,0.48,0.6,0.02,0.0,0.06,0.78,0.53,0.12,0.28,0.17,0.18,0.07,0.12,0.05,0.07,0.13,0.01,0.0,0.49,0.25,0.04,0.04,0.02,0.13,0.02,0.03,4.63,0.04,0.1,0.02
"2002-02-01 00:00:00",0.08,0.05,0.04,0.07,0.09,0.04,0.02,0.34,0.18,0.19,0.02,0.15,0.11,0.01,0.29,0.42,0.06,0.01,0.09,0.3,0.51,0.05,0.19,0.4,0.12,0.05,0.02,0.03,0.03,0.16,0.04,0.04,0.43,0.3,0.02,0.05,0.05,0.09,0.03,0.0,3.7,0.05,0.07,0.08
"2002-03-01 00:00:00",0.03,0.09,0.04,0.05,0.15,0.04,0.01,0.28,0.18,0.31,0.03,0.31,0.08,0.01,0.4,0.46,0.04,0.01,0.06,0.23,0.93,0.18,0.11,0.28,0.19,0.02,0.03,0.18,0.08,0.14,0.04,0.01,0.69,0.52,0.02,0.02,0.02,0.11,0.07,0.02,3.97,0.01,0.13,0.09
"2002-04-01 00:00:00",0.05,0.07,0.05,0.05,0.16,0.03,0.04,0.15,0.12,0.27,0.03,0.38,0.24,0.03,0.46,0.55,0.02,0.02,0.07,0.21,1.58,0.19,0.13,0.19,0.14,0.04,0.08,0.26,0.04,0.1,0.04,0.02,0.52,0.48,0.05,0.03,0.08,0.09,0.02,0.01,4.02,0.11,0.1,0.05
"2002-05-01 00:00:00",0.02,0.09,0.06,0.01,0.16,0.04,0.01,0.24,0.17,0.3,0.02,0.23,0.14,0.01,0.51,0.66,0.02,0.02,0.04,0.47,0.82,0.25,0.15,0.21,0.09,0.04,0.14,0.09,0.03,0.05,0.04,0.02,0.77,0.24,0.01,0.02,0.04,0.07,0.05,0.01,4.13,0.03,0.07,0.01
"2002-06-01 00:00:00",0.04,0.07,0.05,0.02,0.24,0.05,0.01,0.16,0.03,0.22,0.02,0.3,0.07,0.02,0.42,0.49,0.02,0.02,0.01,0.69,0.82,0.11,0.24,0.16,0.06,0.05,0.07,0.1,0.01,0.07,0.01,0.01,0.6,0.27,0.02,0.01,0.06,0.06,0.02,0.01,3.77,0.02,0.01,0.05
"2002-07-01 00:00:00",0.04,0.02,0.08,0.02,0.12,0.06,0.01,0.14,0.05,0.19,0.02,0.16,0.12,0.02,0.37,0.35,0.01,0.01,0.04,0.35,0.5,0.12,0.16,0.19,0.15,0.06,0.02,0.03,0.0,0.11,0.05,0.01,0.41,0.21,0.04,0.07,0.02,0.13,0.04,0.02,3.12,0.01,0.03,0.06
"2002-08-01 00:00:00",0.05,0.05,0.03,0.05,0.05,0.03,0.02,0.22,0.08,0.19,0.02,0.18,0.06,0.0,0.26,0.34,0.01,0.01,0.04,0.31,0.52,0.07,0.19,0.19,0.12,0.05,0.05,0.02,0.01,0.1,0.02,0.02,0.52,0.26,0.07,0.03,0.03,0.17,0.03,0.03,3.04,0.03,0.1,0.12
"2002-09-01 00:00:00",0.02,0.05,0.03,0.03,0.17,0.03,0.02,0.38,0.08,0.36,0.08,0.25,0.08,0.02,0.69,0.89,0.0,0.02,0.11,0.22,0.56,0.15,0.23,0.23,0.11,0.08,0.02,0.03,0.02,0.05,0.05,0.02,0.81,0.33,0.05,0.04,0.02,0.15,0.03,0.05,3.87,0.04,0.11,0.08
"2002-10-01 00:00:00",0.04,0.13,0.06,0.05,0.16,0.03,0.01,0.57,0.08,0.32,0.06,0.17,0.1,0.05,0.96,0.85,0.06,0.03,0.28,0.28,0.52,0.09,0.51,0.55,0.31,0.15,0.05,0.08,0.01,0.12,0.04,0.01,1.03,0.32,0.06,0.04,0.03,0.17,0.06,0.03,4.19,0.03,0.13,0.04
"2002-11-01 00:00:00",0.04,0.15,0.1,0.01,0.23,0.07,0.03,0.28,0.05,0.3,0.07,0.2,0.05,0.02,0.75,0.76,0.01,0.04,0.23,0.2,0.51,0.1,0.26,0.42,0.23,0.12,0.08,0.04,0.02,0.07,0.07,0.01,0.96,0.33,0.07,0.07,0.08,0.2,0.02,0.1,3.99,0.03,0.09,0.06
"2002-12-01 00:00:00",0.03,0.1,0.04,0.05,0.2,0.02,0.01,0.42,0.09,0.31,0.09,0.1,0.12,0.01,0.64,0.7,0.01,0.03,0.13,0.39,0.59,0.06,0.43,0.65,0.08,0.03,0.07,0.04,0.01,0.12,0.04,0.02,0.73,0.29,0.04,0.03,0.04,0.27,0.04,0.02,4.09,0.18,0.04,0.06
"2003-01-01 00:00:00",0.03,0.17,0.09,0.08,0.22,0.13,0.06,0.75,0.06,0.57,0.02,0.21,0.21,0.01,1.0,1.05,0.06,0.05,0.09,0.37,0.55,0.17,0.64,1.09,0.27,0.04,0.08,0.06,0.02,0.06,0.06,0.05,1.09,0.42,0.05,0.04,0.01,0.32,0.04,0.03,4.8,0.19,0.1,0.06
"2003-02-01 00:00:00",0.02,0.17,0.19,0.02,0.14,0.05,0.12,0.7,0.13,0.74,0.02,0.25,0.41,0.04,1.01,1.09,0.02,0.02,0.12,0.31,0.63,0.19,0.47,0.84,0.2,0.05,0.1,0.04,0.02,0.09,0.03,0.03,1.02,0.25,0.05,0.04,0.01,0.35,0.05,0.02,4.92,0.14,0.14,0.05
"2003-03-01 00:00:00",0.07,0.3,0.12,0.03,0.33,0.1,0.22,0.77,0.11,1.3,0.03,0.45,0.65,0.06,1.86,2.88,0.07,0.03,0.18,0.32,1.02,0.33,0.56,0.77,0.42,0.1,0.16,0.08,0.01,0.23,0.07,0.12,1.52,0.64,0.06,0.1,0.07,1.01,0.05,0.05,8.51,0.13,0.37,0.05
"2003-04-01 00:00:00",0.07,0.2,0.18,0.06,0.32,0.08,0.04,0.85,0.06,0.92,0.02,0.43,0.19,0.02,1.25,2.37,0.21,0.03,0.06,0.26,0.79,0.25,0.53,0.79,0.18,0.04,0.1,0.05,0.04,0.11,0.08,0.01,1.16,0.46,0.04,0.08,0.04,0.69,0.04,0.05,7.36,0.06,0.23,0.05
"2003-05-01 00:00:00",0.03,0.21,0.11,0.06,0.31,0.08,0.02,0.41,0.07,0.5,0.04,0.25,0.27,0.04,0.77,1.09,0.11,0.02,0.14,0.28,0.81,0.12,0.28,0.45,0.16,0.07,0.08,0.05,0.02,0.13,0.09,0.01,0.92,0.6,0.04,0.06,0.03,0.13,0.09,0.03,4.55,0.02,0.09,0.07
"2003-06-01 00:00:00",0.02,0.14,0.05,0.04,0.19,0.07,0.03,0.44,0.11,0.34,0.04,0.28,0.13,0.02,0.7,0.99,0.07,0.0,0.12,0.29,0.79,0.17,0.32,0.47,0.12,0.15,0.12,0.09,0.03,0.09,0.09,0.02,0.62,0.27,0.04,0.13,0.07,0.15,0.07,0.02,4.32,0.04,0.09,0.05
"2003-07-01 00:00:00",0.05,0.05,0.06,0.03,0.08,0.03,0.02,0.36,0.08,0.21,0.01,0.1,0.11,0.02,0.45,0.79,0.02,0.01,0.05,0.28,0.48,0.15,0.31,0.46,0.1,0.08,0.03,0.08,0.05,0.05,0.04,0.01,0.36,0.27,0.02,0.05,0.01,0.12,0.01,0.02,4.04,0.02,0.06,0.14
"2003-08-01 00:00:00",0.01,0.12,0.05,0.07,0.24,0.13,0.0,0.39,0.06,0.33,0.04,0.1,0.13,0.03,0.51,0.71,0.01,0.04,0.12,0.29,0.6,0.16,0.36,0.48,0.09,0.01,0.13,0.07,0.01,0.09,0.11,0.04,0.71,0.22,0.02,0.04,0.01,0.13,0.05,0.04,3.83,0.04,0.06,0.07
"2003-09-01 00:00:00",0.04,0.11,0.05,0.03,0.11,0.04,0.04,0.31,0.09,0.41,0.03,0.07,0.13,0.02,0.59,0.67,0.03,0.03,0.11,0.39,0.45,0.07,0.22,0.31,0.11,0.01,0.04,0.07,0.01,0.05,0.12,0.04,0.52,0.09,0.02,0.05,0.01,0.2,0.01,0.01,3.53,0.03,0.1,0.04
"2003-10-01 00:00:00",0.01,0.12,0.01,0.03,0.08,0.02,0.03,0.29,0.07,0.31,0.0,0.17,0.21,0.03,0.41,0.48,0.03,0.01,0.14,0.25,0.46,0.05,0.25,0.42,0.17,0.06,0.03,0.03,0.01,0.09,0.04,0.02,0.43,0.17,0.02,0.16,0.01,0.17,0.04,0.03,3.25,0.03,0.08,0.01
"2003-11-01 00:00:00",0.01,0.12,0.05,0.03,0.1,0.01,0.01,0.23,0.07,0.39,0.02,0.2,0.2,0.04,0.41,0.68,0.01,0.01,0.08,0.2,0.35,0.27,0.25,0.28,0.09,0.03,0.01,0.03,0.01,0.03,0.07,0.05,0.32,0.31,0.02,0.01,0.02,0.34,0.06,0.03,3.28,0.01,0.14,0.02
"2003-12-01 00:00:00",0.01,0.06,0.08,0.04,0.17,0.04,0.02,0.45,0.08,0.29,0.0,0.15,0.17,0.0,0.53,0.67,0.05,0.01,0.07,0.22,0.41,0.2,0.44,0.52,0.14,0.03,0.02,0.03,0.05,0.05,0.11,0.0,0.49,0.24,0.02,0.05,0.05,0.26,0.14,0.02,3.75,0.03,0.08,0.03
"2004-01-01 00:00:00",0.04,0.05,0.07,0.13,0.15,0.14,0.02,0.38,0.04,0.27,0.01,0.21,0.12,0.01,0.57,0.77,0.03,0.0,0.05,0.4,0.51,0.19,0.25,0.41,0.39,0.04,0.12,0.03,0.03,0.04,0.01,0.04,0.32,0.22,0.04,0.04,0.04,0.09,0.06,0.01,3.38,0.04,0.05,0.04
"2004-02-01 00:00:00",0.0,0.04,0.03,0.03,0.13,0.07,0.02,0.33,0.03,0.24,0.02,0.1,0.07,0.01,0.48,0.54,0.02,0.01,0.05,0.28,0.27,0.14,0.25,0.52,0.07,0.08,0.09,0.04,0.0,0.04,0.04,0.01,0.49,0.13,0.01,0.04,0.01,0.15,0.03,0.01,3.33,0.01,0.06,0.04
"2004-03-01 00:00:00",0.02,0.12,0.06,0.05,0.15,0.06,0.07,0.22,0.03,0.36,0.01,0.15,0.77,0.01,0.62,0.75,0.03,0.0,0.05,0.3,0.41,0.18,0.17,0.3,0.14,0.07,0.14,0.02,0.01,0.05,0.17,0.03,0.38,0.15,0.02,0.05,0.02,0.15,0.05,0.04,3.64,0.04,0.04,0.07
"2004-04-01 00:00:00",0.03,0.18,0.07,0.1,0.3,0.07,0.01,0.46,0.04,0.4,0.04,0.15,0.6,0.01,0.58,0.8,0.05,0.01,0.13,0.22,0.49,0.29,0.53,0.4,0.13,0.06,0.08,0.03,0.03,0.1,0.15,0.03,0.43,0.39,0.02,0.09,0.05,0.18,0.11,0.13,4.21,0.04,0.16,0.04
"2004-05-01 00:00:00",0.01,0.09,0.04,0.06,0.09,0.06,0.01,0.33,0.07,0.27,0.03,0.3,0.31,0.02,0.3,0.47,0.01,0.02,0.04,0.23,0.47,0.17,0.25,0.27,0.09,0.03,0.08,0.02,0.09,0.02,0.12,0.03,0.37,0.3,0.02,0.03,0.06,0.11,0.07,0.01,3.59,0.03,0.11,0.06
"2004-06-01 00:00:00",0.03,0.04,0.1,0.05,0.18,0.05,0.03,0.4,0.05,0.51,0.02,0.2,0.2,0.01,0.58,0.74,0.02,0.01,0.11,0.3,0.3,0.22,0.27,0.55,0.11,0.02,0.08,0.05,0.03,0.03,0.07,0.02,0.65,0.6,0.02,0.05,0.01,0.39,0.02,0.01,4.3,0.07,0.08,0.03
"2004-07-01 00:00:00",0.01,0.09,0.12,0.06,0.16,0.02,0.03,0.29,0.05,0.22,0.01,0.4,0.17,0.0,0.45,0.5,0.03,0.03,0.15,0.47,0.47,0.15,0.18,0.41,0.13,0.06,0.11,0.01,0.02,0.38,0.08,0.02,0.39,0.39,0.02,0.04,0.02,0.2,0.04,0.02,4.13,0.01,0.12,0.05
"2004-08-01 00:00:00",0.01,0.04,0.04,0.06,0.08,0.04,0.02,0.17,0.06,0.31,0.04,0.19,0.2,0.02,0.45,0.81,0.01,0.01,0.03,0.18,0.31,0.14,0.17,0.2,0.15,0.04,0.12,0.02,0.0,0.05,0.04,0.01,0.47,0.24,0.04,0.06,0.01,0.2,0.01,0.04,4.1,0.11,0.09,0.1
"2004-09-01 00:00:00",0.05,0.11,0.04,0.07,0.09,0.03,0.01,0.41,0.04,0.28,0.01,0.23,0.17,0.04,0.87,0.74,0.0,0.01,0.07,0.24,0.51,0.24,0.28,0.47,0.21,0.02,0.11,0.04,0.01,0.02,0.05,0.01,0.94,0.27,0.0,0.01,0.02,0.24,0.01,0.03,4.44,0.02,0.12,0.05
"2004-10-01 00:00:00",0.0,0.13,0.03,0.09,0.12,0.04,0.0,0.33,0.03,0.29,0.04,0.16,0.19,0.01,0.53,0.64,0.0,0.0,0.09,0.18,0.39,0.16,0.29,0.31,0.11,0.03,0.07,0.05,0.02,0.02,0.11,0.01,0.61,0.16,0.03,0.05,0.04,0.19,0.01,0.01,3.55,0.01,0.06,0.05
"2004-11-01 00:00:00",0.02,0.11,0.15,0.07,0.14,0.05,0.13,0.36,0.08,0.52,0.03,0.26,0.17,0.04,0.93,0.91,0.02,0.03,0.04,0.23,0.43,0.12,0.19,0.27,0.11,0.02,0.09,0.08,0.01,0.08,0.13,0.02,0.53,0.18,0.02,0.08,0.02,0.17,0.03,0.13,3.72,0.05,0.09,0.15
"2004-12-01 00:00:00",0.02,0.05,0.04,0.04,0.14,0.05,0.05,0.29,0.03,0.29,0.03,0.23,0.08,0.01,0.35,0.44,0.05,0.0,0.11,0.18,0.32,0.08,0.13,0.2,0.1,0.03,0.08,0.04,0.02,0.05,0.05,0.01,0.38,0.23,0.01,0.1,0.02,0.14,0.08,0.19,2.91,0.02,0.06,0.08
"2005-01-01 00:00:00",0.04,0.15,0.02,0.03,0.05,0.01,0.01,0.32,0.02,0.18,0.04,0.19,0.12,0.02,0.35,0.42,0.01,0.01,0.27,0.24,0.42,0.1,0.15,0.24,0.12,0.03,0.09,0.06,0.05,0.04,0.05,0.01,0.29,0.25,0.05,0.17,0.01,0.09,0.04,0.08,2.75,0.05,0.1,0.03
"2005-02-01 00:00:00",0.02,0.07,0.23,0.03,0.13,0.02,0.01,0.52,0.1,0.46,0.02,0.33,0.08,0.02,0.62,0.62,0.01,0.02,0.09,0.2,0.48,0.21,0.31,0.49,0.11,0.02,0.08,0.03,0.02,0.07,0.09,0.01,0.55,0.11,0.02,0.04,0.02,0.13,0.14,0.08,3.1,0.04,0.05,0.05
"2005-03-01 00:00:00",0.01,0.02,0.06,0.04,0.08,0.02,0.01,0.41,0.04,0.23,0.01,0.21,0.09,0.01,0.5,0.45,0.01,0.01,0.05,0.19,0.39,0.14,0.15,0.29,0.08,0.0,0.05,0.01,0.01,0.08,0.03,0.02,0.48,0.18,0.02,0.04,0.01,0.04,0.16,0.16,2.52,0.04,0.05,0.03
"2005-04-01 00:00:00",0.0,0.06,0.03,0.03,0.09,0.01,0.01,0.29,0.05,0.18,0.02,0.05,0.11,0.01,0.31,0.23,0.01,0.0,0.01,0.2,0.18,0.06,0.12,0.23,0.04,0.0,0.04,0.04,0.0,0.01,0.03,0.0,0.25,0.09,0.01,0.03,0.01,0.07,0.07,0.02,2.61,0.01,0.07,0.09
"2005-05-01 00:00:00",0.03,0.05,0.09,0.04,0.1,0.01,0.01,0.36,0.03,0.35,0.01,0.12,0.1,0.01,0.5,0.57,0.02,0.01,0.07,0.11,0.27,0.11,0.33,0.41,0.12,0.01,0.04,0.01,0.01,0.03,0.02,0.01,0.44,0.11,0.02,0.05,0.02,0.06,0.01,0.02,2.83,0.03,0.06,0.01
"2005-06-01 00:00:00",0.01,0.07,0.08,0.04,0.05,0.02,0.01,0.37,0.03,0.19,0.03,0.15,0.07,0.01,0.28,0.33,0.01,0.01,0.06,0.18,0.21,0.1,0.19,0.28,0.04,0.03,0.04,0.06,0.01,0.02,0.04,0.01,0.39,0.16,0.04,0.05,0.01,0.16,0.08,0.01,2.43,0.04,0.09,0.04
"2005-07-01 00:00:00",0.01,0.1,0.09,0.14,0.11,0.02,0.02,0.61,0.03,0.3,0.1,0.42,0.51,0.04,0.5,1.88,0.06,0.01,0.09,0.3,0.48,0.27,0.45,0.42,0.15,0.01,0.16,0.04,0.01,0.04,0.05,0.02,0.61,0.2,0.01,0.09,0.01,0.3,0.1,0.05,4.1,0.01,0.1,0.05
"2005-08-01 00:00:00",0.03,0.08,0.03,0.09,0.11,0.01,0.01,0.37,0.1,0.37,0.01,0.17,0.1,0.02,0.48,0.92,0.02,0.01,0.04,0.22,0.44,0.12,0.23,0.27,0.11,0.03,0.04,0.04,0.03,0.04,0.01,0.0,0.48,0.19,0.02,0.04,0.01,0.1,0.02,0.03,3.1,0.09,0.09,0.02
"2005-09-01 00:00:00",0.01,0.05,0.01,0.04,0.08,0.01,0.01,0.38,0.02,0.28,0.0,0.11,0.06,0.01,0.33,0.62,0.01,0.01,0.01,0.2,0.22,0.03,0.24,0.3,0.15,0.03,0.03,0.01,0.01,0.03,0.01,0.0,0.45,0.11,0.0,0.03,0.01,0.12,0.05,0.03,2.84,0.05,0.05,0.04
"2005-10-01 00:00:00",0.01,0.08,0.05,0.01,0.06,0.03,0.0,0.26,0.01,0.19,0.05,0.11,0.08,0.02,0.36,0.49,0.02,0.01,0.08,0.14,0.22,0.03,0.12,0.15,0.09,0.04,0.07,0.04,0.01,0.0,0.04,0.01,0.43,0.09,0.02,0.06,0.0,0.06,0.04,0.03,2.63,0.03,0.09,0.03
"2005-11-01 00:00:00",0.05,0.11,0.05,0.05,0.06,0.02,0.04,0.39,0.02,0.25,0.02,0.16,0.09,0.05,0.28,0.39,0.05,0.01,0.14,0.18,0.3,0.11,0.17,0.2,0.05,0.03,0.02,0.02,0.03,0.03,0.05,0.02,0.42,0.1,0.02,0.03,0.02,0.04,0.07,0.06,2.32,0.06,0.11,0.02
"2005-12-01 00:00:00",0.0,0.05,0.11,0.05,0.16,0.04,0.0,0.19,0.02,0.34,0.02,0.19,0.09,0.02,0.4,0.45,0.03,0.01,0.07,0.18,0.33,0.1,0.09,0.12,0.06,0.01,0.09,0.06,0.01,0.01,0.05,0.02,0.28,0.1,0.04,0.05,0.02,0.07,0.02,0.06,2.86,0.03,0.09,0.02
"2006-01-01 00:00:00",0.01,0.05,0.07,0.07,0.04,0.06,0.02,0.66,0.03,0.51,0.02,0.16,0.07,0.03,0.63,0.79,0.05,0.01,0.08,0.29,0.42,0.05,0.12,0.26,0.04,0.04,0.04,0.04,0.02,0.02,0.01,0.0,0.71,0.11,0.02,0.02,0.0,0.08,0.02,0.08,2.73,0.05,0.1,0.05
"2006-02-01 00:00:00",0.0,0.04,0.06,0.03,0.06,0.02,0.0,0.35,0.04,0.28,0.09,0.1,0.03,0.05,0.45,0.59,0.02,0.0,0.07,0.22,0.29,0.04,0.1,0.19,0.07,0.01,0.02,0.02,0.02,0.02,0.03,0.0,0.52,0.13,0.02,0.04,0.0,0.04,0.04,0.02,2.65,0.09,0.04,0.03
"2006-03-01 00:00:00",0.03,0.1,0.04,0.04,0.15,0.02,0.03,0.58,0.04,0.27,0.04,0.11,0.07,0.05,0.5,0.59,0.02,0.01,0.07,0.35,0.33,0.05,0.15,0.25,0.05,0.01,0.08,0.03,0.0,0.01,0.03,0.0,0.61,0.13,0.01,0.06,0.01,0.08,0.04,0.08,2.8,0.06,0.04,0.04
"2006-04-01 00:00:00",0.04,0.05,0.02,0.07,0.11,0.02,0.0,0.48,0.02,0.21,0.03,0.2,0.06,0.02,0.4,0.46,0.01,0.01,0.04,0.2,0.37,0.14,0.11,0.2,0.11,0.02,0.05,0.01,0.05,0.02,0.02,0.0,0.53,0.07,0.02,0.01,0.0,0.14,0.05,0.07,2.43,0.05,0.03,0.03
"2006-05-01 00:00:00",0.0,0.05,0.05,0.05,0.12,0.05,0.03,0.62,0.07,0.4,0.04,0.18,0.07,0.04,0.49,0.71,0.02,0.02,0.08,0.15,0.3,0.09,0.1,0.2,0.15,0.04,0.08,0.02,0.01,0.0,0.02,0.02,0.52,0.08,0.03,0.02,0.0,0.11,0.04,0.05,2.65,0.09,0.05,0.03
"2006-06-01 00:00:00",0.01,0.1,0.07,0.05,0.26,0.04,0.02,0.54,0.0,0.4,0.02,0.2,0.06,0.02,0.46,0.66,0.02,0.01,0.08,0.15,0.48,0.09,0.23,0.3,0.07,0.01,0.08,0.04,0.02,0.03,0.02,0.01,0.63,0.12,0.04,0.03,0.02,0.07,0.02,0.01,2.8,0.03,0.04,0.06
"2006-07-01 00:00:00",0.02,0.02,0.15,0.03,0.3,0.05,0.01,0.68,0.03,0.4,0.06,0.44,0.1,0.08,0.72,0.77,0.02,0.0,0.03,0.33,1.49,0.33,0.49,0.61,0.18,0.03,0.04,0.04,0.02,0.01,0.02,0.0,0.9,0.2,0.04,0.02,0.0,0.1,0.03,0.05,3.59,0.05,0.07,0.02
"2006-08-01 00:00:00",0.03,0.09,0.11,0.06,0.1,0.03,0.0,0.39,0.04,0.4,0.06,0.22,0.13,0.03,0.75,1.14,0.02,0.0,0.15,0.27,1.47,0.14,0.11,0.21,0.15,0.13,0.1,0.06,0.03,0.04,0.06,0.02,0.51,0.11,0.04,0.04,0.01,0.17,0.01,0.03,3.48,0.08,0.04,0.03
"2006-09-01 00:00:00",0.07,0.12,0.11,0.08,0.31,0.05,0.02,0.46,0.02,0.59,0.11,0.12,0.17,0.07,0.66,0.86,0.02,0.02,0.12,0.21,0.72,0.3,0.19,0.23,0.19,0.05,0.1,0.04,0.02,0.03,0.07,0.01,0.62,0.18,0.04,0.1,0.01,0.15,0.05,0.02,3.43,0.12,0.12,0.07
"2006-10-01 00:00:00",0.04,0.09,0.07,0.05,0.07,0.06,0.02,0.98,0.01,0.29,0.02,0.22,0.1,0.06,0.56,0.61,0.04,0.01,0.02,0.18,0.3,0.06,0.71,1.22,0.15,0.02,0.07,0.04,0.01,0.03,0.03,0.01,0.78,0.12,0.01,0.08,0.0,0.05,0.12,0.01,3.12,0.02,0.12,0.06
"2006-11-01 00:00:00",0.03,0.08,0.03,0.02,0.13,0.03,0.02,0.43,0.02,0.19,0.0,0.15,0.12,0.02,0.36,0.39,0.03,0.0,0.06,0.22,0.43,0.13,0.23,0.39,0.09,0.01,0.04,0.05,0.02,0.02,0.02,0.01,0.38,0.13,0.04,0.04,0.0,0.09,0.02,0.04,2.51,0.05,0.22,0.06
"2006-12-01 00:00:00",0.0,0.06,0.05,0.02,0.09,0.02,0.0,0.43,0.01,0.25,0.06,0.16,0.08,0.05,0.4,0.57,0.04,0.02,0.07,0.26,0.56,0.12,0.24,0.36,0.07,0.01,0.05,0.02,0.0,0.01,0.02,0.0,0.53,0.19,0.0,0.03,0.01,0.1,0.03,0.03,2.67,0.02,0.06,0.02
"2007-01-01 00:00:00",0.02,0.05,0.1,0.05,0.12,0.1,0.0,0.4,0.05,0.2,0.01,0.22,0.06,0.05,0.31,0.5,0.03,0.0,0.09,0.16,0.44,0.09,0.16,0.29,0.22,0.01,0.04,0.01,0.05,0.08,0.02,0.0,0.39,0.18,0.02,0.05,0.02,0.07,0.05,0.01,3.15,0.03,0.09,0.06
"2007-02-01 00:00:00",0.03,0.12,0.07,0.03,0.14,0.03,0.02,0.59,0.03,0.46,0.01,0.17,0.09,0.03,0.39,0.52,0.02,0.0,0.04,0.17,0.23,0.11,0.31,0.39,0.08,0.05,0.07,0.04,0.0,0.0,0.08,0.0,0.69,0.26,0.03,0.03,0.01,0.13,0.02,0.03,3.01,0.03,0.09,0.01
"2007-03-01 00:00:00",0.02,0.05,0.06,0.05,0.05,0.05,0.01,0.44,0.06,0.26,0.01,0.17,0.06,0.02,0.31,0.59,0.03,0.0,0.08,0.12,0.32,0.08,0.2,0.32,0.11,0.02,0.05,0.05,0.01,0.04,0.03,0.0,0.41,0.27,0.0,0.05,0.01,0.08,0.03,0.02,2.55,0.07,0.08,0.08
"2007-04-01 00:00:00",0.0,0.06,0.03,0.03,0.03,0.04,0.01,0.39,0.03,0.19,0.01,0.2,0.07,0.01,0.3,0.46,0.03,0.0,0.06,0.19,0.3,0.08,0.16,0.3,0.14,0.05,0.03,0.04,0.02,0.06,0.08,0.0,0.34,0.13,0.01,0.05,0.03,0.13,0.02,0.05,2.51,0.02,0.08,0.06
"2007-05-01 00:00:00",0.01,0.03,0.05,0.02,0.1,0.03,0.0,0.36,0.04,0.22,0.01,0.22,0.06,0.0,0.34,0.51,0.01,0.0,0.05,0.14,0.39,0.11,0.12,0.14,0.11,0.0,0.03,0.02,0.01,0.01,0.07,0.01,0.47,0.15,0.02,0.04,0.01,0.13,0.02,0.01,2.92,0.01,0.08,0.06
"2007-06-01 00:00:00",0.01,0.06,0.06,0.03,0.07,0.04,0.01,0.37,0.04,0.29,0.03,0.16,0.19,0.02,0.39,0.55,0.01,0.02,0.04,0.21,0.34,0.11,0.15,0.29,0.08,0.04,0.04,0.03,0.0,0.01,0.13,0.04,0.45,0.11,0.04,0.03,0.01,0.18,0.04,0.01,3.1,0.04,0.05,0.09
"2007-07-01 00:00:00",0.03,0.14,0.05,0.04,0.08,0.04,0.0,0.29,0.05,0.22,0.03,0.18,0.12,0.03,0.33,0.76,0.02,0.0,0.05,0.36,0.28,0.1,0.17,0.36,0.16,0.03,0.04,0.05,0.05,0.04,0.05,0.01,0.45,0.19,0.03,0.02,0.02,0.19,0.01,0.01,3.16,0.04,0.08,0.04
"2007-08-01 00:00:00",0.03,0.06,0.02,0.02,0.08,0.01,0.0,0.21,0.02,0.18,0.02,0.16,0.04,0.01,0.22,0.41,0.02,0.01,0.02,0.15,0.18,0.09,0.14,0.25,0.1,0.05,0.01,0.01,0.02,0.02,0.04,0.0,0.29,0.18,0.04,0.02,0.01,0.08,0.01,0.01,2.4,0.03,0.08,0.02
"2007-09-01 00:00:00",0.02,0.13,0.02,0.02,0.08,0.03,0.01,0.55,0.03,0.25,0.02,0.14,0.07,0.03,0.38,0.48,0.02,0.0,0.06,0.2,0.49,0.07,0.23,0.4,0.07,0.01,0.05,0.03,0.01,0.02,0.03,0.02,0.52,0.17,0.02,0.08,0.02,0.17,0.04,0.02,2.98,0.05,0.07,0.03
"2007-10-01 00:00:00",0.04,0.07,0.04,0.06,0.07,0.02,0.02,0.51,0.07,0.28,0.01,0.16,0.07,0.02,0.41,0.43,0.02,0.0,0.04,0.33,0.51,0.13,0.19,0.37,0.06,0.02,0.07,0.04,0.02,0.04,0.11,0.04,0.59,0.07,0.03,0.12,0.0,0.47,0.02,0.05,3.23,0.07,0.13,0.07
"2007-11-01 00:00:00",0.0,0.05,0.06,0.03,0.03,0.02,0.02,0.39,0.0,0.15,0.01,0.08,0.07,0.02,0.4,0.43,0.02,0.03,0.01,0.29,0.18,0.1,0.15,0.19,0.06,0.01,0.04,0.0,0.01,0.02,0.03,0.01,0.32,0.11,0.0,0.03,0.02,0.26,0.02,0.02,2.55,0.02,0.06,0.03
"2007-12-01 00:00:00",0.01,0.07,0.13,0.03,0.13,0.04,0.03,0.35,0.07,0.3,0.01,0.1,0.09,0.02,0.48,0.61,0.05,0.0,0.02,0.14,0.45,0.13,0.11,0.21,0.13,0.0,0.07,0.03,0.0,0.03,0.0,0.03,0.54,0.11,0.0,0.08,0.01,0.16,0.01,0.01,2.79,0.11,0.0,0.02
"2008-01-01 00:00:00",0.02,0.05,0.03,0.06,0.12,0.08,0.01,0.32,0.04,0.22,0.01,0.2,0.1,0.01,0.35,0.43,0.04,0.0,0.05,0.28,0.47,0.07,0.16,0.2,0.07,0.02,0.04,0.03,0.0,0.04,0.03,0.01,0.32,0.16,0.01,0.03,0.0,0.05,0.04,0.0,2.69,0.08,0.05,0.05
"2008-02-01 00:00:00",0.04,0.08,0.05,0.0,0.09,0.04,0.0,0.3,0.05,0.25,0.03,0.18,0.11,0.04,0.35,0.37,0.01,0.0,0.08,0.12,0.38,0.06,0.1,0.13,0.04,0.0,0.04,0.01,0.0,0.0,0.06,0.02,0.4,0.08,0.0,0.02,0.0,0.21,0.03,0.07,2.7,0.05,0.07,0.08
"2008-03-01 00:00:00",0.03,0.03,0.07,0.08,0.09,0.02,0.02,0.33,0.21,0.14,0.0,0.19,0.06,0.02,0.32,0.3,0.02,0.0,0.08,0.15,0.47,0.06,0.1,0.12,0.07,0.02,0.06,0.0,0.01,0.0,0.06,0.01,0.31,0.1,0.01,0.04,0.01,0.17,0.09,0.04,2.32,0.21,0.07,0.03
"2008-04-01 00:00:00",0.02,0.01,0.03,0.03,0.04,0.02,0.01,0.27,0.06,0.1,0.01,0.12,0.04,0.01,0.23,0.35,0.0,0.01,0.02,0.11,0.38,0.04,0.13,0.27,0.05,0.0,0.02,0.0,0.0,0.02,0.04,0.0,0.27,0.07,0.01,0.01,0.01,0.04,0.0,0.05,2.29,0.04,0.04,0.12
"2008-05-01 00:00:00",0.03,0.07,0.04,0.04,0.04,0.0,0.02,0.47,0.1,0.2,0.01,0.15,0.04,0.03,0.23,0.29,0.02,0.01,0.04,0.21,0.46,0.09,0.11,0.23,0.07,0.02,0.05,0.02,0.02,0.0,0.03,0.0,0.37,0.19,0.04,0.11,0.0,0.12,0.03,0.03,2.19,0.08,0.06,0.09
"2008-06-01 00:00:00",0.01,0.07,0.06,0.04,0.09,0.03,0.01,0.3,0.03,0.27,0.03,0.19,0.07,0.01,0.33,0.54,0.01,0.0,0.04,0.15,0.48,0.16,0.14,0.26,0.07,0.04,0.08,0.02,0.0,0.05,0.02,0.01,0.31,0.06,0.02,0.05,0.0,0.14,0.03,0.01,2.46,0.03,0.02,0.07
"2008-07-01 00:00:00",0.03,0.06,0.05,0.05,0.09,0.09,0.01,0.55,0.12,0.45,0.0,0.14,0.08,0.05,0.64,0.6,0.0,0.01,0.04,0.27,0.43,0.08,0.26,0.24,0.06,0.02,0.06,0.01,0.01,0.02,0.05,0.0,0.63,0.08,0.02,0.07,0.0,0.2,0.02,0.03,2.78,0.09,0.07,0.15
"2008-08-01 00:00:00",0.01,0.04,0.13,0.04,0.12,0.0,0.0,0.4,0.01,0.36,0.03,0.04,0.05,0.08,0.71,0.4,0.01,0.03,0.02,0.3,0.19,0.08,0.15,0.14,0.06,0.01,0.04,0.0,0.02,0.04,0.17,0.01,0.97,0.06,0.02,0.05,0.01,0.11,0.02,0.16,2.54,0.04,0.03,0.04
"2008-09-01 00:00:00",0.02,0.06,0.05,0.04,0.1,0.02,0.03,0.41,0.08,0.32,0.03,0.06,0.07,0.02,0.42,0.53,0.06,0.0,0.05,0.33,0.21,0.06,0.19,0.37,0.1,0.03,0.05,0.01,0.01,0.04,0.1,0.02,0.84,0.02,0.04,0.06,0.01,0.05,0.06,0.17,2.66,0.11,0.06,0.03
"2008-10-01 00:00:00",0.0,0.0,0.04,0.02,0.04,0.02,0.0,0.25,0.04,0.11,0.01,0.09,0.09,0.01,0.28,0.27,0.03,0.04,0.02,0.22,0.18,0.07,0.15,0.3,0.08,0.0,0.02,0.01,0.01,0.0,0.04,0.0,0.47,0.08,0.01,0.1,0.0,0.12,0.05,0.06,1.84,0.08,0.04,0.04
"2008-11-01 00:00:00",0.04,0.11,0.07,0.04,0.06,0.02,0.01,0.28,0.1,0.14,0.02,0.11,0.06,0.08,0.33,0.34,0.03,0.01,0.06,0.33,0.32,0.1,0.12,0.17,0.08,0.06,0.06,0.02,0.04,0.0,0.18,0.02,0.52,0.11,0.02,0.04,0.01,0.1,0.01,0.05,2.28,0.1,0.02,0.06
"2008-12-01 00:00:00",0.0,0.07,0.04,0.0,0.08,0.01,0.0,0.26,0.01,0.11,0.04,0.26,0.05,0.03,0.3,0.37,0.03,0.0,0.01,0.84,0.5,0.08,0.07,0.12,0.04,0.02,0.02,0.04,0.01,0.03,0.03,0.01,0.4,0.15,0.02,0.06,0.0,0.1,0.04,0.06,2.55,0.03,0.09,0.01
"2009-01-01 00:00:00",0.0,0.04,0.04,0.01,0.08,0.03,0.0,0.26,0.01,0.11,0.04,0.74,0.07,0.0,0.45,0.31,0.02,0.01,0.07,0.23,1.07,0.09,0.09,0.1,0.04,0.0,0.07,0.02,0.01,0.01,0.04,0.02,0.25,0.22,0.02,0.05,0.0,0.11,0.03,0.07,2.14,0.06,0.02,0.01
"2009-02-01 00:00:00",0.05,0.03,0.06,0.04,0.08,0.02,0.01,0.36,0.06,0.14,0.0,0.27,0.06,0.01,0.3,0.31,0.0,0.0,0.11,0.32,0.42,0.01,0.18,0.33,0.11,0.02,0.05,0.01,0.01,0.0,0.09,0.0,0.43,0.14,0.01,0.02,0.02,0.08,0.0,0.03,2.2,0.06,0.05,0.02
"2009-03-01 00:00:00",0.0,0.03,0.08,0.02,0.05,0.03,0.01,0.25,0.01,0.15,0.0,0.15,0.05,0.02,0.23,0.3,0.01,0.03,0.03,0.24,0.3,0.05,0.13,0.18,0.12,0.02,0.03,0.01,0.0,0.02,0.13,0.02,0.35,0.06,0.03,0.03,0.0,0.08,0.02,0.02,2.0,0.07,0.02,0.03
"2009-04-01 00:00:00",0.01,0.04,0.01,0.02,0.12,0.03,0.01,0.44,0.04,0.17,0.02,0.06,0.05,0.02,0.38,0.47,0.02,0.0,0.05,0.33,0.23,0.06,0.3,0.47,0.15,0.02,0.01,0.0,0.01,0.02,0.04,0.01,0.59,0.05,0.04,0.1,0.02,0.08,0.02,0.04,2.41,0.06,0.03,0.03
"2009-05-01 00:00:00",0.01,0.03,0.05,0.01,0.09,0.03,0.0,0.33,0.02,0.07,0.0,0.12,0.08,0.0,0.31,0.3,0.08,0.0,0.02,0.28,0.37,0.09,0.35,0.53,0.09,0.0,0.04,0.01,0.01,0.0,0.04,0.01,0.45,0.13,0.01,0.05,0.02,0.08,0.0,0.0,2.71,0.05,0.08,0.01
"2009-06-01 00:00:00",0.01,0.0,0.03,0.08,0.02,0.04,0.0,0.47,0.03,0.15,0.0,0.25,0.07,0.0,0.4,0.31,0.03,0.04,0.03,0.18,0.47,0.12,0.18,0.55,0.1,0.0,0.06,0.0,0.03,0.02,0.04,0.0,0.53,0.11,0.0,0.01,0.0,0.08,0.02,0.04,2.51,0.07,0.03,0.01
"2009-07-01 00:00:00",0.07,0.09,0.09,0.01,0.15,0.03,0.0,0.45,0.07,0.1,0.02,0.12,0.04,0.0,0.38,0.41,0.07,0.0,0.09,0.23,0.35,0.19,0.25,0.47,0.09,0.06,0.08,0.06,0.01,0.01,0.08,0.0,0.53,0.08,0.04,0.1,0.0,0.06,0.02,0.1,2.39,0.15,0.06,0.03
"2009-08-01 00:00:00",0.04,0.04,0.01,0.04,0.08,0.02,0.01,0.38,0.06,0.12,0.01,0.06,0.02,0.0,0.27,0.31,0.03,0.01,0.09,0.13,0.2,0.02,0.14,0.39,0.21,0.02,0.02,0.02,0.01,0.01,0.02,0.0,0.45,0.02,0.02,0.07,0.0,0.04,0.02,0.03,2.11,0.08,0.01,0.01
"2009-09-01 00:00:00",0.03,0.05,0.07,0.06,0.14,0.04,0.02,0.62,0.03,0.48,0.03,0.12,0.1,0.01,0.6,0.67,0.07,0.01,0.04,0.23,0.54,0.06,0.12,0.34,0.13,0.02,0.01,0.03,0.01,0.05,0.2,0.01,0.79,0.09,0.06,0.04,0.0,0.09,0.02,0.02,2.62,0.07,0.06,0.09
"2009-10-01 00:00:00",0.02,0.08,0.05,0.1,0.13,0.07,0.01,0.46,0.01,0.26,0.09,0.14,0.03,0.01,0.48,0.45,0.01,0.0,0.03,0.38,0.34,0.05,0.19,0.3,0.13,0.02,0.06,0.09,0.0,0.02,0.13,0.03,0.74,0.11,0.01,0.04,0.02,0.12,0.05,0.04,2.78,0.07,0.07,0.05
"2009-11-01 00:00:00",0.02,0.05,0.12,0.11,0.13,0.01,0.02,0.38,0.09,0.17,0.09,0.14,0.06,0.0,0.27,0.28,0.01,0.0,0.05,0.22,0.37,0.04,0.13,0.27,0.12,0.01,0.04,0.01,0.01,0.03,0.0,0.03,0.54,0.16,0.03,0.03,0.0,0.12,0.03,0.02,2.32,0.08,0.02,0.02
"2009-12-01 00:00:00",0.01,0.1,0.1,0.05,0.14,0.05,0.0,0.44,0.02,0.21,0.2,0.13,0.08,0.02,0.4,0.63,0.01,0.0,0.03,0.34,0.33,0.11,0.2,0.28,0.05,0.02,0.25,0.07,0.0,0.05,0.04,0.0,0.56,0.14,0.03,0.03,0.0,0.07,0.0,0.02,2.97,0.03,0.09,0.02
"2010-01-01 00:00:00",0.01,0.08,0.02,0.07,0.1,0.02,0.01,0.47,0.07,0.22,0.11,0.14,0.04,0.01,0.37,0.67,0.04,0.0,0.05,0.2,0.37,0.04,0.18,0.23,0.12,0.0,0.18,0.02,0.0,0.02,0.0,0.0,0.4,0.22,0.02,0.04,0.01,0.15,0.13,0.01,2.81,0.03,0.03,0.0
"2010-02-01 00:00:00",0.03,0.05,0.03,0.06,0.06,0.01,0.02,0.58,0.03,0.29,0.02,0.12,0.08,0.01,0.29,0.57,0.02,0.01,0.02,0.24,0.34,0.06,0.08,0.23,0.08,0.01,0.08,0.01,0.03,0.01,0.02,0.01,0.5,0.2,0.03,0.07,0.0,0.23,0.13,0.06,2.47,0.02,0.01,0.01
"2010-03-01 00:00:00",0.01,0.03,0.03,0.07,0.05,0.03,0.04,0.39,0.04,0.17,0.04,0.09,0.05,0.0,0.28,0.36,0.0,0.01,0.04,0.22,0.41,0.04,0.15,0.21,0.12,0.01,0.09,0.04,0.0,0.02,0.03,0.01,0.64,0.11,0.05,0.07,0.0,0.08,0.05,0.04,2.11,0.02,0.02,0.03
"2010-04-01 00:00:00",0.01,0.06,0.07,0.08,0.13,0.03,0.11,0.63,0.02,0.21,0.04,0.11,0.1,0.02,0.26,0.28,0.01,0.0,0.02,0.28,0.34,0.07,0.09,0.51,0.21,0.04,0.08,0.04,0.0,0.02,0.08,0.01,0.87,0.1,0.04,0.18,0.0,0.16,0.09,0.15,2.55,0.01,0.02,0.07
"2010-05-01 00:00:00",0.01,0.06,0.06,0.23,0.13,0.04,0.0,0.67,0.04,0.18,0.02,0.15,0.18,0.04,0.36,0.44,0.02,0.0,0.05,0.31,0.4,0.06,0.27,0.49,0.16,0.02,0.03,0.02,0.03,0.01,0.06,0.05,0.65,0.05,0.08,0.17,0.01,0.29,0.01,0.02,2.94,0.05,0.05,0.02
"2010-06-01 00:00:00",0.01,0.15,0.13,0.24,0.18,0.06,0.03,0.44,0.07,0.18,0.02,0.44,0.03,0.05,0.32,0.53,0.03,0.01,0.03,0.16,1.23,0.07,0.16,0.3,0.31,0.03,0.06,0.03,0.05,0.02,0.08,0.01,0.51,0.11,0.1,0.02,0.0,0.92,0.06,0.01,3.27,0.03,0.05,0.02
"2010-07-01 00:00:00",0.0,0.08,0.06,0.06,0.13,0.05,0.0,0.24,0.1,0.22,0.0,0.1,0.15,0.0,0.26,0.44,0.01,0.02,0.02,0.24,0.49,0.07,0.05,0.22,0.23,0.0,0.06,0.03,0.05,0.01,0.02,0.05,0.41,0.05,0.03,0.06,0.0,0.3,0.01,0.06,2.32,0.06,0.08,0.05
"2010-08-01 00:00:00",0.0,0.13,0.01,0.07,0.19,0.01,0.04,0.39,0.11,0.25,0.05,0.13,0.08,0.0,0.26,0.36,0.05,0.02,0.06,0.23,0.51,0.12,0.16,0.24,0.12,0.01,0.07,0.0,0.0,0.04,0.07,0.05,0.63,0.11,0.01,0.04,0.0,0.25,0.05,0.0,2.59,0.05,0.06,0.02
"2010-09-01 00:00:00",0.02,0.06,0.03,0.05,0.07,0.07,0.01,0.38,0.05,0.23,0.01,0.09,0.11,0.03,0.22,0.28,0.06,0.01,0.02,0.16,0.35,0.02,0.24,0.2,0.13,0.0,0.06,0.03,0.03,0.05,0.05,0.01,0.35,0.03,0.02,0.02,0.0,0.11,0.05,0.0,2.22,0.05,0.09,0.02
"2010-10-01 00:00:00",0.01,0.02,0.11,0.03,0.11,0.04,0.03,0.33,0.03,0.26,0.03,0.08,0.04,0.01,0.37,0.43,0.0,0.03,0.1,0.13,0.34,0.13,0.17,0.22,0.15,0.0,0.07,0.04,0.0,0.01,0.02,0.01,0.24,0.16,0.03,0.02,0.0,0.1,0.05,0.01,2.01,0.02,0.07,0.03
"2010-11-01 00:00:00",0.01,0.1,0.07,0.07,0.12,0.02,0.04,0.7,0.11,0.48,0.07,0.13,0.13,0.02,0.37,0.57,0.06,0.04,0.08,0.27,0.43,0.06,0.26,0.64,0.15,0.01,0.06,0.01,0.02,0.01,0.1,0.27,0.86,0.31,0.05,0.08,0.0,0.23,0.02,0.04,2.87,0.08,0.06,0.04
"2010-12-01 00:00:00",0.04,0.06,0.06,0.11,0.09,0.08,0.04,0.56,0.04,0.41,0.05,0.13,0.12,0.01,0.43,0.58,0.02,0.0,0.01,0.26,0.46,0.13,0.24,0.57,0.25,0.0,0.08,0.07,0.0,0.02,0.06,0.05,0.82,0.14,0.15,0.05,0.01,0.21,0.05,0.06,2.79,0.04,0.04,0.07
"2011-01-01 00:00:00",0.04,0.06,0.02,0.07,0.04,0.08,0.01,0.48,0.02,0.34,0.02,0.21,0.05,0.01,0.41,0.29,0.01,0.01,0.04,0.15,0.5,0.08,0.12,0.23,0.08,0.0,0.05,0.05,0.02,0.0,0.01,0.02,0.52,0.06,0.0,0.02,0.13,0.28,0.06,0.06,2.3,0.02,0.06,0.01
"2011-02-01 00:00:00",0.01,0.05,0.09,0.04,0.09,0.05,0.0,0.37,0.0,0.29,0.01,1.17,0.08,0.0,0.42,0.43,0.01,0.0,0.01,0.22,0.41,0.18,0.08,0.11,0.09,0.03,0.09,0.04,0.0,0.0,0.01,0.01,0.25,0.25,0.01,0.09,0.55,0.17,0.01,0.01,2.42,0.03,0.03,0.05
"2011-03-01 00:00:00",0.03,0.06,0.25,0.17,0.2,0.06,0.04,0.44,0.03,0.52,0.06,0.93,0.12,0.04,1.17,0.94,0.08,0.0,0.02,0.23,0.29,0.37,0.48,0.11,0.13,0.02,0.08,0.06,0.02,0.04,0.02,0.04,0.67,0.44,0.02,0.04,0.63,0.26,0.01,0.03,3.51,0.01,0.07,0.04
"2011-04-01 00:00:00",0.01,0.04,0.15,0.04,0.15,0.0,0.0,0.27,0.01,0.18,0.05,0.5,0.09,0.04,0.73,0.54,0.0,0.01,0.04,0.13,0.33,0.32,0.21,0.18,0.05,0.0,0.06,0.09,0.02,0.04,0.01,0.01,0.29,0.23,0.04,0.08,0.26,0.13,0.01,0.04,2.63,0.01,0.02,0.12
"2011-05-01 00:00:00",0.01,0.02,0.09,0.01,0.05,0.02,0.0,0.24,0.01,0.17,0.03,0.51,0.03,0.0,0.45,0.47,0.0,0.0,0.05,0.3,0.43,0.3,0.14,0.11,0.1,0.0,0.03,0.01,0.03,0.01,0.01,0.01,0.23,0.23,0.0,0.02,0.3,0.2,0.01,0.0,3.17,0.03,0.03,0.05
"2011-06-01 00:00:00",0.02,0.05,0.08,0.04,0.16,0.01,0.02,0.37,0.0,0.32,0.06,0.42,0.11,0.04,0.41,0.33,0.02,0.0,0.05,0.22,0.28,0.25,0.09,0.14,0.15,0.04,0.13,0.04,0.01,0.04,0.07,0.05,0.3,0.33,0.04,0.06,0.2,0.43,0.02,0.01,2.74,0.07,0.06,0.09
"2011-07-01 00:00:00",0.02,0.09,0.06,0.04,0.06,0.04,0.01,0.35,0.01,0.15,0.04,0.24,0.01,0.04,0.38,0.31,0.02,0.0,0.09,0.22,0.26,0.14,0.19,0.2,0.18,0.0,0.05,0.11,0.01,0.05,0.01,0.0,0.38,0.12,0.02,0.04,0.14,0.26,0.06,0.01,2.33,0.0,0.04,0.04
"2011-08-01 00:00:00",0.01,0.01,0.06,0.07,0.07,0.02,0.0,0.37,0.01,0.16,0.01,0.45,0.05,0.0,0.45,0.42,0.01,0.0,0.01,0.11,0.33,0.2,0.11,0.17,0.04,0.0,0.04,0.02,0.0,0.0,0.01,0.02,0.34,0.25,0.01,0.0,0.35,0.52,0.02,0.0,2.47,0.01,0.0,0.08
"2011-09-01 00:00:00",0.0,0.05,0.05,0.06,0.11,0.01,0.01,0.28,0.05,0.16,0.01,0.4,0.05,0.04,0.4,0.32,0.01,0.0,0.05,0.19,0.62,0.08,0.08,0.08,0.09,0.05,0.04,0.01,0.02,0.0,0.06,0.04,0.32,0.19,0.02,0.0,0.12,0.5,0.04,0.0,2.44,0.01,0.01,0.09
"2011-10-01 00:00:00",0.04,0.04,0.08,0.04,0.08,0.02,0.04,0.37,0.02,0.08,0.01,0.36,0.06,0.05,0.29,0.26,0.01,0.0,0.02,0.21,0.34,0.11,0.05,0.15,0.26,0.0,0.0,0.02,0.0,0.01,0.0,0.02,0.35,0.33,0.0,0.05,0.08,0.25,0.0,0.0,2.2,0.0,0.01,0.05
"2011-11-01 00:00:00",0.0,0.13,0.08,0.01,0.14,0.0,0.0,0.53,0.05,0.23,0.0,0.45,0.02,0.02,0.5,0.46,0.0,0.01,0.1,0.1,0.48,0.1,0.17,0.17,0.07,0.01,0.0,0.0,0.01,0.06,0.02,0.03,0.63,0.31,0.02,0.02,0.12,0.53,0.01,0.02,2.52,0.0,0.06,0.03
"2011-12-01 00:00:00",0.02,0.05,0.12,0.04,0.08,0.05,0.01,0.6,0.01,0.25,0.01,0.31,0.1,0.04,0.35,0.44,0.04,0.0,0.01,0.22,0.43,0.1,0.23,0.46,0.1,0.0,0.1,0.04,0.01,0.01,0.02,0.0,0.56,0.28,0.06,0.02,0.06,0.37,0.02,0.01,2.58,0.04,0.04,0.01
"2012-01-01 00:00:00",0.02,0.07,0.06,0.03,0.0,0.07,0.0,0.69,0.02,0.21,0.05,0.31,0.12,0.01,0.39,0.55,0.12,0.01,0.02,0.24,0.49,0.09,0.24,0.38,0.09,0.0,0.03,0.0,0.0,0.05,0.01,0.02,0.53,0.25,0.01,0.08,0.05,0.29,0.03,0.0,2.39,0.09,0.02,0.02
"2012-02-01 00:00:00",0.04,0.04,0.13,0.0,0.02,0.01,0.0,0.83,0.04,0.24,0.05,0.44,0.07,0.01,0.57,0.73,0.01,0.02,0.0,0.37,0.82,0.09,0.1,0.26,0.13,0.05,0.09,0.0,0.01,0.0,0.02,0.02,1.04,0.32,0.01,0.13,0.28,0.42,0.02,0.04,2.6,0.06,0.02,0.05
"2012-03-01 00:00:00",0.0,0.02,0.1,0.03,0.08,0.01,0.0,0.67,0.02,0.19,0.02,0.29,0.07,0.02,0.44,0.56,0.03,0.01,0.01,0.16,0.8,0.07,0.16,0.28,0.08,0.02,0.06,0.06,0.0,0.01,0.1,0.02,0.8,0.27,0.02,0.06,0.08,0.43,0.0,0.04,2.63,0.01,0.04,0.06
"2012-04-01 00:00:00",0.02,0.04,0.09,0.05,0.04,0.04,0.01,0.92,0.09,0.42,0.0,0.26,0.07,0.0,0.58,0.79,0.04,0.0,0.01,0.23,0.55,0.01,0.19,0.41,0.11,0.02,0.05,0.05,0.01,0.07,0.02,0.0,0.75,0.22,0.01,0.05,0.08,0.72,0.02,0.0,2.68,0.06,0.05,0.08
"2012-05-01 00:00:00",0.01,0.04,0.05,0.02,0.09,0.05,0.0,0.58,0.07,0.31,0.0,0.14,0.05,0.0,0.4,0.49,0.01,0.0,0.0,0.2,0.44,0.12,0.18,0.31,0.07,0.0,0.02,0.08,0.01,0.05,0.07,0.04,0.65,0.2,0.0,0.01,0.04,0.35,0.05,0.01,2.43,0.04,0.04,0.04
"2012-06-01 00:00:00",0.0,0.05,0.02,0.04,0.04,0.0,0.0,0.55,0.0,0.26,0.02,0.23,0.04,0.01,0.43,0.65,0.01,0.0,0.05,0.1,0.46,0.02,0.09,0.1,0.06,0.02,0.01,0.05,0.0,0.04,0.04,0.0,0.83,0.22,0.02,0.01,0.05,0.51,0.02,0.01,2.06,0.01,0.04,0.02
"2012-07-01 00:00:00",0.06,0.02,0.04,0.05,0.07,0.06,0.01,0.56,0.08,0.27,0.0,0.35,0.05,0.01,0.48,0.53,0.01,0.0,0.01,0.22,0.63,0.08,0.11,0.18,0.16,0.01,0.04,0.06,0.01,0.07,0.04,0.0,0.8,0.25,0.04,0.05,0.06,0.61,0.06,0.0,2.36,0.05,0.06,0.04
"2012-08-01 00:00:00",0.0,0.05,0.03,0.01,0.02,0.03,0.01,0.45,0.02,0.15,0.0,0.38,0.05,0.01,0.37,0.45,0.01,0.0,0.06,0.21,0.61,0.07,0.17,0.13,0.09,0.0,0.05,0.02,0.0,0.03,0.01,0.01,0.51,0.49,0.05,0.05,0.05,0.61,0.02,0.03,2.3,0.08,0.06,0.03
"2012-09-01 00:00:00",0.0,0.06,0.01,0.05,0.07,0.02,0.02,0.39,0.02,0.16,0.02,0.46,0.06,0.0,0.29,0.33,0.01,0.0,0.06,0.21,0.64,0.02,0.1,0.16,0.1,0.02,0.02,0.05,0.05,0.05,0.0,0.02,0.38,0.25,0.02,0.03,0.06,0.37,0.05,0.01,2.1,0.01,0.05,0.03
"2012-10-01 00:00:00",0.0,0.06,0.11,0.0,0.07,0.0,0.0,0.36,0.01,0.14,0.01,0.27,0.08,0.01,0.38,0.35,0.02,0.0,0.02,0.09,0.61,0.04,0.08,0.1,0.13,0.02,0.06,0.02,0.01,0.06,0.02,0.02,0.39,0.21,0.03,0.02,0.06,0.45,0.02,0.04,2.37,0.06,0.03,0.0
"2012-11-01 00:00:00",0.03,0.04,0.02,0.01,0.05,0.04,0.01,0.33,0.01,0.12,0.0,0.58,0.01,0.0,0.29,0.4,0.02,0.0,0.04,0.1,0.95,0.04,0.11,0.12,0.02,0.03,0.03,0.02,0.0,0.08,0.0,0.0,0.29,0.14,0.0,0.03,0.05,0.36,0.05,0.01,2.32,0.01,0.05,0.03
"2012-12-01 00:00:00",0.0,0.05,0.1,0.02,0.06,0.0,0.0,0.3,0.02,0.18,0.02,0.32,0.03,0.02,0.39,0.4,0.0,0.0,0.0,0.11,0.4,0.05,0.14,0.2,0.08,0.02,0.05,0.01,0.0,0.06,0.0,0.01,0.62,0.1,0.05,0.01,0.06,0.46,0.0,0.01,2.28,0.0,0.02,0.02
"2013-01-01 00:00:00",0.01,0.0,0.06,0.0,0.08,0.03,0.0,0.46,0.02,0.29,0.05,0.26,0.06,0.01,0.79,0.53,0.0,0.02,0.02,0.13,0.3,0.1,0.23,0.28,0.1,0.03,0.14,0.13,0.01,0.06,0.02,0.03,0.6,0.09,0.01,0.06,0.07,0.33,0.01,0.0,2.45,0.01,0.06,0.06
"2013-02-01 00:00:00",0.04,0.02,0.1,0.01,0.07,0.04,0.0,0.52,0.01,0.35,0.0,0.38,0.01,0.0,0.66,0.56,0.0,0.0,0.0,0.15,0.48,0.17,0.23,0.45,0.06,0.01,0.02,0.04,0.0,0.01,0.01,0.0,0.57,0.16,0.01,0.06,0.09,0.24,0.01,0.01,2.55,0.02,0.07,0.0
"2013-03-01 00:00:00",0.03,0.03,0.04,0.04,0.05,0.01,0.0,0.38,0.02,0.11,0.02,0.1,0.03,0.04,0.32,0.32,0.02,0.0,0.01,0.12,0.47,0.13,0.12,0.48,0.09,0.0,0.02,0.0,0.02,0.04,0.02,0.02,0.44,0.24,0.08,0.01,0.02,0.4,0.0,0.0,1.93,0.02,0.04,0.04
"2013-04-01 00:00:00",0.01,0.1,0.06,0.01,0.06,0.01,0.01,0.58,0.01,0.15,0.01,0.14,0.06,0.01,0.42,0.51,0.0,0.01,0.03,0.16,0.49,0.08,0.39,0.76,0.03,0.01,0.02,0.01,0.0,0.05,0.03,0.0,0.56,0.17,0.01,0.01,0.02,0.34,0.01,0.0,2.73,0.05,0.06,0.01
"2013-05-01 00:00:00",0.03,0.02,0.1,0.02,0.09,0.02,0.01,0.33,0.04,0.17,0.01,0.16,0.05,0.02,0.44,0.56,0.04,0.0,0.0,0.13,0.41,0.12,0.19,0.3,0.07,0.0,0.03,0.0,0.01,0.02,0.02,0.0,0.65,0.16,0.03,0.04,0.03,0.27,0.01,0.0,2.54,0.04,0.01,0.01
"2013-06-01 00:00:00",0.0,0.03,0.09,0.03,0.01,0.03,0.0,0.46,0.02,0.27,0.05,0.13,0.01,0.06,0.27,0.51,0.09,0.01,0.0,0.15,0.43,0.07,0.14,0.3,0.08,0.01,0.07,0.0,0.0,0.07,0.01,0.0,0.55,0.24,0.02,0.05,0.02,0.27,0.01,0.05,2.52,0.01,0.07,0.02
"2013-07-01 00:00:00",0.01,0.04,0.08,0.05,0.06,0.02,0.01,0.4,0.04,0.2,0.01,0.42,0.06,0.01,0.34,0.38,0.05,0.02,0.0,0.13,0.34,0.1,0.11,0.23,0.1,0.01,0.05,0.05,0.01,0.02,0.02,0.0,0.53,0.1,0.06,0.01,0.02,0.22,0.0,0.01,2.03,0.02,0.05,0.08
"2013-08-01 00:00:00",0.0,0.02,0.05,0.05,0.09,0.01,0.0,0.3,0.02,0.21,0.0,0.47,0.02,0.01,0.46,0.67,0.02,0.0,0.01,0.14,0.45,0.06,0.07,0.2,0.04,0.0,0.05,0.02,0.01,0.02,0.01,0.02,0.59,0.22,0.04,0.0,0.05,0.32,0.0,0.01,2.45,0.0,0.07,0.01
"2013-09-01 00:00:00",0.03,0.09,0.06,0.08,0.15,0.08,0.01,0.48,0.03,0.27,0.02,0.39,0.09,0.03,0.64,0.73,0.0,0.0,0.06,0.09,0.95,0.12,0.14,0.23,0.09,0.03,0.09,0.03,0.01,0.07,0.03,0.0,1.15,0.32,0.08,0.03,0.02,0.34,0.01,0.01,3.02,0.03,0.05,0.06
"2013-10-01 00:00:00",0.02,0.08,0.08,0.04,0.06,0.04,0.02,0.44,0.01,0.27,0.0,0.29,0.03,0.02,0.49,0.56,0.04,0.0,0.12,0.17,0.65,0.12,0.15,0.22,0.11,0.07,0.04,0.04,0.01,0.03,0.01,0.01,0.67,0.15,0.04,0.03,0.04,0.3,0.01,0.0,2.29,0.03,0.04,0.06
"2013-11-01 00:00:00",0.01,0.01,0.01,0.09,0.06,0.13,0.0,0.64,0.02,0.53,0.02,0.2,0.02,0.01,0.62,0.73,0.06,0.01,0.01,0.2,0.99,0.02,0.18,0.16,0.05,0.01,0.05,0.07,0.0,0.05,0.01,0.0,0.8,0.5,0.04,0.01,0.0,0.18,0.02,0.04,2.42,0.02,0.04,0.04
"2013-12-01 00:00:00",0.01,0.07,0.07,0.05,0.12,0.1,0.0,0.42,0.01,0.2,0.05,0.16,0.06,0.0,0.37,0.39,0.02,0.01,0.02,0.07,0.48,0.1,0.19,0.24,0.08,0.0,0.04,0.06,0.01,0.04,0.05,0.01,0.57,0.2,0.04,0.05,0.01,0.2,0.02,0.16,2.44,0.0,0.0,0.12
"2014-01-01 00:00:00",0.01,0.02,0.06,0.01,0.02,0.34,0.0,0.28,0.0,0.27,0.06,0.17,0.06,0.01,0.33,0.38,0.01,0.02,0.01,0.07,0.53,0.09,0.08,0.19,0.08,0.01,0.02,0.04,0.01,0.02,0.04,0.01,0.76,0.12,0.06,0.0,0.06,0.27,0.0,0.14,2.51,0.0,0.07,0.05
"2014-02-01 00:00:00",0.01,0.09,0.16,0.02,0.11,0.1,0.01,0.41,0.01,0.46,0.01,0.16,0.11,0.0,0.54,0.47,0.01,0.01,0.11,0.11,0.27,0.1,0.07,0.2,0.09,0.01,0.05,0.02,0.05,0.05,0.09,0.0,0.73,0.19,0.02,0.01,0.02,0.21,0.02,0.28,2.2,0.09,0.05,0.05
"2014-03-01 00:00:00",0.01,0.13,0.38,0.07,0.16,0.04,0.02,0.74,0.0,0.83,0.03,0.2,0.08,0.01,0.81,0.99,0.03,0.21,0.1,0.33,0.33,0.29,0.2,0.25,0.07,0.21,0.18,0.08,0.02,0.02,0.47,0.0,1.99,0.18,0.1,0.17,0.01,0.38,0.02,1.72,3.24,0.07,0.13,0.06
"2014-04-01 00:00:00",0.0,0.05,0.14,0.0,0.08,0.05,0.01,0.4,0.01,0.53,0.05,0.06,0.04,0.0,0.54,0.43,0.01,0.01,0.01,0.08,0.25,0.1,0.22,0.24,0.04,0.1,0.06,0.04,0.06,0.13,0.22,0.0,1.41,0.08,0.1,0.04,0.01,0.12,0.01,1.1,2.67,0.0,0.02,0.01
"2014-05-01 00:00:00",0.0,0.02,0.07,0.01,0.09,0.06,0.0,0.48,0.01,0.45,0.01,0.2,0.05,0.01,0.41,0.47,0.02,0.02,0.0,0.13,0.19,0.14,0.18,0.14,0.03,0.03,0.0,0.05,0.02,0.07,0.09,0.0,1.08,0.14,0.01,0.07,0.05,0.2,0.02,0.89,2.51,0.05,0.07,0.02
"2014-06-01 00:00:00",0.0,0.02,0.26,0.06,0.08,0.05,0.0,0.26,0.01,0.37,0.05,0.12,0.05,0.06,0.61,0.47,0.01,0.01,0.01,0.13,0.3,0.06,0.06,0.16,0.07,0.04,0.04,0.01,0.0,0.01,0.07,0.0,0.93,0.25,0.02,0.04,0.01,0.29,0.0,0.73,2.85,0.04,0.05,0.05
"2014-07-01 00:00:00",0.02,0.26,0.24,0.08,0.1,0.01,0.0,0.52,0.01,0.82,0.01,0.61,0.04,0.04,1.0,0.78,0.01,0.04,0.06,0.16,1.13,0.14,0.12,0.12,0.07,0.79,0.42,0.08,0.02,0.06,0.05,0.0,1.61,0.12,0.02,0.06,0.07,0.25,0.0,1.37,3.59,0.01,0.06,0.04
"2014-08-01 00:00:00",0.06,0.17,0.08,0.06,0.1,0.0,0.01,0.25,0.02,0.55,0.04,0.51,0.06,0.04,0.55,0.64,0.0,0.0,0.01,0.13,0.82,0.08,0.13,0.08,0.08,0.24,0.19,0.11,0.13,0.06,0.12,0.02,1.19,0.21,0.04,0.01,0.05,0.34,0.02,1.02,3.2,0.01,0.12,0.0
"2014-09-01 00:00:00",0.0,0.14,0.19,0.01,0.14,0.0,0.01,0.38,0.0,0.55,0.05,0.25,0.04,0.02,0.84,0.8,0.07,0.02,0.05,0.17,0.33,0.25,0.18,0.06,0.08,0.13,0.12,0.07,0.12,0.07,0.24,0.01,1.44,0.62,0.02,0.0,0.02,0.57,0.04,1.24,3.62,0.0,0.06,0.01
"2014-10-01 00:00:00",0.0,0.01,0.09,0.02,0.16,0.02,0.0,0.25,0.01,0.26,0.01,0.22,0.09,0.04,0.4,0.55,0.04,0.0,0.01,0.17,0.21,0.07,0.06,0.11,0.04,0.03,0.01,0.03,0.01,0.03,0.03,0.01,0.48,0.17,0.1,0.01,0.03,0.46,0.02,0.32,2.39,0.03,0.04,0.01
"2014-11-01 00:00:00",0.01,0.17,0.08,0.01,0.17,0.02,0.0,0.47,0.02,0.37,0.01,0.08,0.05,0.02,0.47,0.62,0.04,0.0,0.02,0.19,0.53,0.07,0.18,0.16,0.05,0.07,0.05,0.05,0.01,0.02,0.05,0.0,0.76,0.27,0.02,0.04,0.02,0.3,0.01,0.32,2.41,0.01,0.04,0.02
"2014-12-01 00:00:00",0.01,0.18,0.08,0.05,0.1,0.05,0.03,0.28,0.05,0.3,0.0,0.14,0.1,0.04,0.25,0.32,0.04,0.01,0.04,0.23,0.2,0.14,0.14,0.15,0.06,0.06,0.05,0.06,0.03,0.06,0.05,0.01,0.76,0.19,0.06,0.04,0.05,0.18,0.01,0.52,2.43,0.1,0.08,0.1
"2015-01-01 00:00:00",0.04,0.13,0.25,0.03,0.15,0.12,0.01,0.34,0.0,0.5,0.01,0.1,0.21,0.05,1.54,0.72,0.03,0.01,0.01,0.27,0.53,0.08,0.22,0.19,0.12,0.03,0.03,0.0,0.0,0.05,0.03,0.03,0.65,0.27,0.0,0.01,0.08,0.31,0.03,0.37,3.19,0.09,0.04,0.04
"2015-02-01 00:00:00",0.03,0.13,0.17,0.03,0.18,0.06,0.0,0.45,0.07,0.77,0.1,0.35,0.21,0.01,1.16,0.7,0.0,0.08,0.03,0.18,0.77,0.18,0.22,0.14,0.07,0.0,0.01,0.04,0.01,0.0,0.07,0.0,1.29,0.43,0.01,0.0,0.01,0.32,0.01,0.98,3.37,0.04,0.03,0.06
"2015-03-01 00:00:00",0.02,0.02,0.13,0.01,0.01,0.56,0.0,0.56,0.0,0.71,0.02,0.49,0.07,0.01,0.75,0.8,0.0,0.01,0.0,0.12,1.02,0.02,0.09,0.15,0.06,0.01,0.04,0.01,0.01,0.01,0.0,0.0,0.89,0.6,0.01,0.07,0.06,0.26,0.01,0.3,3.34,0.1,0.07,0.05
"2015-04-01 00:00:00",0.01,0.08,0.08,0.06,0.08,0.31,0.01,0.47,0.06,0.43,0.03,0.28,0.08,0.04,0.64,0.5,0.03,0.01,0.03,0.2,0.72,0.29,0.18,0.19,0.06,0.04,0.01,0.05,0.01,0.06,0.04,0.01,0.83,0.86,0.05,0.01,0.03,0.26,0.01,0.21,3.17,0.09,0.09,0.03
"2015-05-01 00:00:00",0.0,0.06,0.04,0.01,0.01,0.01,0.0,0.34,0.05,0.19,0.06,0.27,0.09,0.0,0.48,0.4,0.01,0.05,0.07,0.11,0.25,0.07,0.15,0.17,0.04,0.07,0.02,0.04,0.01,0.07,0.06,0.0,0.46,0.56,0.06,0.05,0.02,0.14,0.02,0.19,2.3,0.02,0.09,0.02
"2015-06-01 00:00:00",0.0,0.08,0.08,0.01,0.19,0.17,0.0,0.39,0.01,0.39,0.0,0.13,0.1,0.0,0.56,0.43,0.01,0.12,0.05,0.14,0.43,0.19,0.08,0.19,0.05,0.01,0.03,0.01,0.01,0.0,0.13,0.01,0.75,0.47,0.08,0.01,0.09,0.36,0.01,0.34,2.69,0.01,0.04,0.1
"2015-07-01 00:00:00",0.01,0.05,0.12,0.08,0.03,0.13,0.04,0.82,0.01,0.67,0.01,0.18,0.07,0.01,0.74,0.79,0.0,0.04,0.01,0.2,0.89,0.17,0.07,0.09,0.12,0.03,0.03,0.04,0.0,0.03,0.0,0.03,0.95,0.53,0.0,0.05,0.09,0.5,0.0,0.16,3.35,0.0,0.07,0.04
"2015-08-01 00:00:00",0.0,0.04,0.11,0.03,0.03,0.03,0.0,0.54,0.01,0.47,0.04,0.26,0.14,0.0,0.56,0.62,0.03,0.03,0.01,0.11,0.92,0.14,0.19,0.19,0.04,0.04,0.14,0.04,0.01,0.01,0.01,0.0,0.78,0.23,0.0,0.06,0.01,0.43,0.03,0.19,2.9,0.04,0.04,0.06
"2015-09-01 00:00:00",0.03,0.05,0.13,0.03,0.12,0.05,0.03,0.53,0.01,0.7,0.07,0.27,0.13,0.04,0.7,0.81,0.03,0.3,0.03,0.07,0.72,0.21,0.12,0.13,0.13,0.0,0.16,0.08,0.0,0.01,0.11,0.03,1.14,0.52,0.2,0.03,0.01,0.64,0.03,0.42,3.33,0.04,0.08,0.11
"2015-10-01 00:00:00",0.0,0.06,0.19,0.0,0.06,0.02,0.01,0.33,0.01,0.39,0.02,0.24,0.07,0.02,0.48,0.6,0.04,0.06,0.0,0.1,0.48,0.11,0.09,0.1,0.01,0.04,0.02,0.11,0.01,0.06,0.01,0.05,1.43,0.44,0.01,0.0,0.09,0.73,0.01,0.37,3.14,0.02,0.06,0.01
"2015-11-01 00:00:00",0.01,0.09,0.55,0.04,0.17,0.07,0.03,0.59,0.09,0.72,0.07,0.67,0.05,0.0,2.89,0.84,0.07,0.07,0.05,0.33,0.29,0.22,0.16,0.12,0.17,0.24,0.22,0.03,0.04,0.16,0.13,0.04,1.51,0.38,0.11,0.03,0.12,1.04,0.03,0.25,4.14,0.05,0.12,0.04
"2015-12-01 00:00:00",0.01,0.07,0.26,0.12,0.11,0.1,0.01,0.52,0.01,0.5,0.1,0.4,0.11,0.04,2.29,0.85,0.11,0.1,0.01,0.33,0.4,0.19,0.15,0.16,0.16,0.04,0.07,0.08,0.05,0.01,0.12,0.04,0.95,0.56,0.07,0.0,0.04,0.71,0.03,0.16,4.61,0.07,0.08,0.11
"2016-01-01 00:00:00",0.01,0.08,0.16,0.11,0.12,0.19,0.01,0.57,0.01,0.43,0.09,0.18,0.01,0.04,0.99,0.53,0.05,0.05,0.16,0.26,0.24,0.15,0.28,0.43,0.14,0.09,0.05,0.03,0.0,0.03,0.07,0.0,0.72,0.46,0.18,0.04,0.09,0.55,0.08,0.12,3.4,0.0,0.04,0.04
"2016-02-01 00:00:00",0.0,0.03,0.23,0.01,0.1,0.04,0.01,0.55,0.0,0.59,0.04,0.06,0.1,0.0,0.76,0.59,0.03,0.07,0.01,0.07,0.14,0.1,0.23,0.42,0.11,0.01,0.06,0.06,0.0,0.04,0.11,0.01,1.31,0.34,0.11,0.0,0.06,0.62,0.0,0.32,3.0,0.04,0.01,0.01
"2016-03-01 00:00:00",0.05,0.04,1.06,0.07,0.05,0.04,0.01,0.51,0.01,0.56,0.04,0.17,0.15,0.01,1.0,0.54,0.03,0.08,0.03,0.19,0.27,0.19,0.37,0.52,0.2,0.01,0.23,0.03,0.03,0.08,0.08,0.01,0.87,0.28,0.12,0.0,0.08,0.63,0.05,0.25,3.28,0.0,0.04,0.03
"2016-04-01 00:00:00",0.07,0.06,0.56,0.01,0.08,0.03,0.0,0.38,0.01,0.35,0.03,0.18,0.07,0.01,0.87,0.7,0.03,0.03,0.01,0.14,0.28,0.18,0.38,0.42,0.14,0.03,0.1,0.06,0.0,0.08,0.13,0.03,0.94,0.37,0.03,0.0,0.04,0.46,0.01,0.24,3.05,0.01,0.06,0.0
"2016-05-01 00:00:00",0.1,0.04,0.23,0.11,0.11,0.03,0.01,0.53,0.01,0.33,0.0,0.33,0.04,0.0,0.67,0.57,0.0,0.03,0.03,0.06,0.14,0.17,0.27,0.36,0.16,0.03,0.06,0.0,0.01,0.14,0.1,0.03,0.72,0.33,0.01,0.09,0.06,0.34,0.06,0.14,2.7,0.04,0.2,0.01
"2016-06-01 00:00:00",0.0,0.02,0.32,0.0,0.11,0.02,0.03,0.31,0.03,0.32,0.03,0.15,0.06,0.03,0.72,0.49,0.03,0.05,0.0,0.2,0.24,0.23,0.18,0.23,0.08,0.0,0.08,0.08,0.0,0.05,0.11,0.02,0.63,0.21,0.09,0.0,0.03,0.5,0.02,0.06,2.57,0.08,0.06,0.02
"2016-07-01 00:00:00",0.04,0.13,0.32,0.04,0.21,0.1,0.0,0.39,0.01,0.63,0.06,0.14,0.24,0.04,1.07,0.86,0.04,0.04,0.03,0.38,0.31,0.26,0.29,0.29,0.07,0.08,0.11,0.07,0.01,0.08,0.28,0.01,0.81,0.29,0.04,0.04,0.25,0.79,0.03,0.2,3.16,0.0,0.04,0.01
"2016-08-01 00:00:00",0.01,0.04,0.16,0.03,0.12,0.07,0.03,0.3,0.07,0.27,0.04,0.19,0.09,0.01,0.63,0.57,0.01,0.0,0.06,0.19,0.16,0.07,0.18,0.25,0.07,0.06,0.09,0.03,0.01,0.07,0.06,0.01,1.01,0.27,0.12,0.04,0.06,0.7,0.01,0.31,2.77,0.01,0.12,0.03
"2016-09-01 00:00:00",0.0,0.17,0.18,0.03,0.14,0.01,0.03,0.73,0.08,0.31,0.01,0.16,0.04,0.0,0.79,0.65,0.04,0.03,0.08,0.18,0.24,0.08,0.42,0.62,0.24,0.04,0.08,0.03,0.01,0.1,0.06,0.01,1.29,0.37,0.03,0.04,0.03,0.59,0.03,0.17,3.31,0.01,0.13,0.03
"2016-10-01 00:00:00",0.03,0.03,0.27,0.04,0.09,0.16,0.03,0.26,0.16,0.31,0.04,0.18,0.15,0.01,0.81,0.65,0.01,0.07,0.0,0.24,0.14,0.16,0.07,0.14,0.14,0.01,0.07,0.09,0.01,0.07,0.07,0.03,0.96,0.38,0.07,0.04,0.05,0.46,0.03,0.16,2.71,0.07,0.05,0.05
"2016-11-01 00:00:00",0.0,0.13,0.1,0.03,0.07,0.01,0.0,0.46,0.03,0.43,0.04,0.07,0.07,0.03,0.66,0.63,0.07,0.09,0.07,0.19,0.17,0.13,0.29,0.29,0.16,0.07,0.04,0.03,0.06,0.11,0.17,0.04,1.09,0.14,0.04,0.03,0.01,0.49,0.03,0.34,2.52,0.01,0.1,0.01
"2016-12-01 00:00:00",0.0,0.07,0.23,0.04,0.11,0.03,0.01,0.6,0.03,0.61,0.01,0.27,0.06,0.01,0.83,0.5,0.01,0.03,0.01,0.19,0.33,0.14,0.2,0.46,0.13,0.03,0.06,0.01,0.03,0.1,0.11,0.04,1.34,0.21,0.09,0.0,0.17,0.7,0.23,0.34,3.05,0.07,0.04,0.0
"2017-01-01 00:00:00",0.0,0.18,0.06,0.05,0.17,0.08,0.03,0.69,0.01,0.39,0.0,0.3,0.04,0.01,0.62,0.44,0.04,0.01,0.05,0.17,0.4,0.09,0.21,0.42,0.27,0.06,0.12,0.03,0.04,0.14,0.04,0.03,1.49,0.36,0.05,0.0,0.08,0.65,0.06,0.48,3.1,0.01,0.09,0.01
"2017-02-01 00:00:00",0.01,0.18,0.25,0.0,0.1,0.0,0.01,0.85,0.0,0.62,0.01,0.16,0.09,0.0,0.55,0.59,0.04,0.03,0.07,0.22,0.52,0.12,0.53,0.7,0.43,0.16,0.09,0.01,0.01,0.1,0.07,0.0,1.29,0.36,0.12,0.0,0.03,0.4,0.07,0.5,3.55,0.03,0.12,0.03
"2017-03-01 00:00:00",0.0,0.04,0.12,0.03,0.14,0.03,0.0,0.76,0.03,0.29,0.0,0.16,0.03,0.04,0.52,0.58,0.07,0.0,0.05,0.22,0.18,0.07,0.46,0.68,0.18,0.16,0.13,0.03,0.0,0.05,0.05,0.03,0.82,0.26,0.13,0.04,0.05,0.38,0.14,0.17,2.86,0.01,0.07,0.04
"2017-04-01 00:00:00",0.0,0.12,0.18,0.01,0.1,0.05,0.0,1.03,0.03,0.4,0.04,0.21,0.03,0.05,0.82,0.66,0.05,0.03,0.05,0.21,0.26,0.19,0.32,0.86,0.1,0.04,0.21,0.0,0.01,0.04,0.04,0.03,1.43,0.21,0.08,0.0,0.01,0.56,0.07,0.25,3.3,0.08,0.07,0.01
"2017-05-01 00:00:00",0.0,0.12,0.25,0.04,0.08,0.01,0.0,0.69,0.05,0.45,0.04,0.25,0.08,0.04,0.61,0.56,0.03,0.0,0.05,0.08,0.39,0.22,0.26,0.69,0.11,0.08,0.11,0.04,0.01,0.23,0.05,0.0,0.89,0.59,0.07,0.07,0.05,0.31,0.08,0.16,2.83,0.08,0.11,0.01
"2017-06-01 00:00:00",0.0,0.21,0.26,0.03,0.19,0.01,0.01,0.58,0.0,0.56,0.01,0.46,0.12,0.01,0.87,1.17,0.05,0.03,0.04,0.28,0.23,0.13,0.24,0.48,0.15,0.04,0.04,0.08,0.01,0.16,0.07,0.0,1.02,0.77,0.12,0.04,0.04,0.43,0.04,0.28,3.77,0.07,0.03,0.01
"2017-07-01 00:00:00",0.0,0.03,0.18,0.03,0.08,0.03,0.01,0.94,0.06,0.68,0.0,0.31,0.1,0.0,0.6,0.43,0.03,0.08,0.01,0.18,0.37,0.08,0.55,1.18,0.25,0.01,0.01,0.04,0.01,0.06,0.42,0.01,1.72,0.39,0.04,0.04,0.0,0.4,0.17,0.57,3.12,0.07,0.03,0.01
"2017-08-01 00:00:00",0.06,0.21,0.14,0.04,0.09,0.03,0.06,1.21,0.11,0.47,0.09,0.13,0.3,0.07,0.62,0.81,0.09,0.04,0.03,0.21,0.14,0.14,0.72,1.62,0.16,0.03,0.09,0.11,0.01,0.23,0.09,0.07,1.21,0.24,0.09,0.03,0.0,0.21,0.07,0.2,3.86,0.26,0.07,0.03
"2017-09-01 00:00:00",0.03,0.07,0.1,0.1,0.1,0.04,0.03,1.28,0.0,0.36,0.04,0.19,0.21,0.0,0.71,0.78,0.15,0.01,0.05,0.32,0.32,0.1,0.78,1.56,0.26,0.08,0.08,0.01,0.05,0.04,0.04,0.0,1.55,0.14,0.1,0.01,0.03,0.26,0.01,0.32,3.4,0.21,0.03,0.08
"2017-10-01 00:00:00",0.0,0.15,0.13,0.01,0.12,0.07,0.0,0.65,0.03,0.44,0.01,0.23,0.09,0.03,0.71,0.56,0.0,0.03,0.0,0.17,0.33,0.08,0.28,0.79,0.13,0.04,0.04,0.08,0.01,0.12,0.03,0.03,0.8,0.28,0.09,0.05,0.03,0.45,0.01,0.11,2.75,0.01,0.13,0.05
"2017-11-01 00:00:00",0.0,0.04,0.09,0.04,0.07,0.0,0.0,0.57,0.0,0.24,0.03,0.2,0.07,0.01,0.44,0.27,0.01,0.01,0.01,0.06,0.17,0.07,0.34,0.61,0.04,0.03,0.07,0.04,0.0,0.11,0.01,0.03,0.73,0.47,0.03,0.03,0.04,0.21,0.03,0.2,2.19,0.03,0.1,0.04
"2017-12-01 00:00:00",0.0,0.06,0.15,0.04,0.07,0.01,0.0,0.65,0.01,0.15,0.0,0.22,0.1,0.0,0.39,0.46,0.07,0.01,0.0,0.15,0.51,0.1,0.36,0.7,0.1,0.01,0.04,0.01,0.01,0.01,0.01,0.03,0.87,0.26,0.0,0.01,0.03,0.26,0.01,0.17,2.28,0.06,0.04,0.06
"2018-01-01 00:00:00",0.0,0.11,0.14,0.02,0.11,0.12,0.02,0.57,0.05,0.3,0.03,0.14,0.0,0.0,0.53,0.45,0.02,0.03,0.11,0.15,0.27,0.05,0.15,0.57,0.14,0.03,0.08,0.03,0.05,0.06,0.02,0.0,1.04,0.24,0.11,0.05,0.03,0.56,0.02,0.11,2.46,0.11,0.09,0.06
"2018-02-01 00:00:00",0.02,0.05,0.06,0.02,0.08,0.03,0.0,0.38,0.03,0.26,0.02,0.14,0.03,0.0,0.4,0.38,0.0,0.0,0.0,0.08,0.34,0.05,0.14,0.34,0.08,0.0,0.0,0.02,0.02,0.0,0.05,0.0,0.92,0.15,0.09,0.03,0.0,0.48,0.05,0.12,2.08,0.02,0.03,0.02
"2018-03-01 00:00:00",0.06,0.15,0.22,0.12,0.15,0.06,0.04,0.78,0.01,0.51,0.01,0.11,0.07,0.01,0.76,0.86,0.06,0.04,0.0,0.1,0.33,0.11,0.37,0.93,0.19,0.06,0.04,0.03,0.04,0.0,0.15,0.0,1.39,0.24,0.08,0.01,0.01,0.24,0.01,0.39,2.73,0.08,0.1,0.0
"2018-04-01 00:00:00",0.01,0.04,0.14,0.06,0.04,0.04,0.01,0.68,0.01,0.39,0.0,0.13,0.01,0.01,0.79,0.78,0.03,0.0,0.03,0.13,0.65,0.01,0.19,0.72,0.22,0.07,0.09,0.0,0.04,0.04,0.01,0.0,1.28,0.3,0.06,0.0,0.01,0.45,0.01,0.2,2.76,0.13,0.04,0.03
"2018-05-01 00:00:00",0.01,0.06,0.24,0.04,0.13,0.06,0.0,1.4,0.01,0.68,0.1,0.11,0.03,0.0,0.95,0.94,0.06,0.04,0.06,0.19,0.88,0.13,0.44,1.23,0.19,0.09,0.07,0.01,0.01,0.1,0.06,0.0,0.98,0.33,0.01,0.01,0.0,0.2,0.04,0.1,2.99,0.11,0.09,0.0
"2018-06-01 00:00:00",0.0,0.01,0.23,0.01,0.47,0.04,0.01,0.84,0.01,0.44,0.04,0.11,0.03,0.1,0.53,0.55,0.01,0.09,0.01,0.13,0.24,0.16,0.48,1.22,0.27,0.04,0.03,0.03,0.06,0.03,0.07,0.03,0.9,0.18,0.07,0.03,0.0,0.13,0.03,0.31,2.77,0.01,0.11,0.04
"2018-07-01 00:00:00",0.01,0.03,0.42,0.03,0.26,0.0,0.01,0.58,0.0,0.42,0.04,0.09,0.01,0.57,0.31,0.44,0.01,0.07,0.04,0.16,0.39,0.07,0.29,0.7,0.16,0.04,0.04,0.07,0.0,0.01,0.07,0.0,1.0,0.2,0.09,0.04,0.04,0.2,0.01,0.32,2.48,0.01,0.17,0.03
"2018-08-01 00:00:00",0.08,0.08,0.08,0.05,0.15,0.09,0.05,0.66,0.08,0.29,0.03,0.15,0.08,0.23,0.32,0.57,0.05,0.0,0.08,0.18,0.35,0.09,0.26,0.75,0.11,0.09,0.05,0.02,0.03,0.09,0.05,0.02,1.03,0.32,0.02,0.08,0.0,0.35,0.0,0.17,2.67,0.11,0.11,0.05
"2018-09-01 00:00:00",0.03,0.03,0.06,0.03,0.1,0.0,0.0,0.57,0.0,0.18,0.03,0.12,0.04,0.01,0.32,0.38,0.04,0.0,0.0,0.12,0.25,0.07,0.16,0.53,0.07,0.03,0.06,0.03,0.0,0.03,0.03,0.0,0.88,0.18,0.0,0.01,0.0,0.38,0.1,0.12,1.87,0.1,0.03,0.0
"2018-10-01 00:00:00",0.04,0.09,0.13,0.03,0.2,0.0,0.03,0.71,0.03,0.39,0.01,0.2,0.01,0.04,0.53,0.46,0.04,0.01,0.06,0.14,0.44,0.06,0.17,0.3,0.24,0.03,0.03,0.04,0.01,0.07,0.04,0.0,0.76,0.6,0.06,0.01,0.0,0.6,0.06,0.09,2.15,0.06,0.03,0.0
"2018-11-01 00:00:00",0.25,0.03,0.07,0.07,0.12,0.0,0.01,0.55,0.03,0.23,0.04,0.13,0.04,0.06,0.25,0.29,0.04,0.01,0.01,0.19,0.31,0.07,0.17,0.44,0.19,0.01,0.01,0.01,0.01,0.04,0.07,0.0,0.73,0.67,0.06,0.0,0.0,0.46,0.03,0.17,1.87,0.09,0.06,0.0
"2018-12-01 00:00:00",0.12,0.08,0.17,0.03,0.22,0.05,0.02,0.54,0.03,0.22,0.05,0.11,0.02,0.05,0.39,0.45,0.06,0.02,0.02,0.03,0.49,0.08,0.05,0.37,0.22,0.02,0.05,0.06,0.03,0.02,0.05,0.0,0.85,0.48,0.14,0.0,0.02,0.56,0.03,0.12,2.3,0.03,0.05,0.02
"2019-01-01 00:00:00",0.07,0.09,0.13,0.21,0.28,0.06,0.03,0.87,0.15,0.28,0.01,0.16,0.07,0.04,0.46,0.34,0.07,0.0,0.03,0.06,0.28,0.04,0.13,0.49,0.24,0.01,0.07,0.04,0.09,0.06,0.09,0.0,0.98,0.22,0.03,0.03,0.01,0.37,0.03,0.07,2.37,0.34,0.18,0.06
"2019-02-01 00:00:00",0.05,0.03,0.15,0.23,0.23,0.0,0.03,1.0,0.39,0.34,0.07,0.1,0.13,0.03,0.57,0.61,0.05,0.03,0.0,0.28,0.28,0.07,0.2,0.65,0.34,0.02,0.07,0.08,0.08,0.05,0.2,0.03,1.1,0.38,0.1,0.05,0.0,0.26,0.02,0.02,2.72,0.51,0.38,0.03
"2019-03-01 00:00:00",0.03,0.13,0.1,0.12,0.1,0.01,0.07,0.58,0.19,0.13,0.03,0.04,0.1,0.0,0.39,0.36,0.04,0.06,0.0,0.32,0.17,0.12,0.09,0.46,0.06,0.04,0.07,0.07,0.03,0.09,0.06,0.04,0.55,0.25,0.03,0.01,0.03,0.25,0.01,0.06,2.3,0.35,0.35,0.03
"2019-04-01 00:00:00",0.03,0.06,0.05,0.06,0.08,0.05,0.03,0.41,0.11,0.17,0.02,0.31,0.09,0.03,0.48,0.28,0.03,0.0,0.08,0.37,0.26,0.09,0.28,0.46,0.23,0.02,0.0,0.03,0.06,0.06,0.05,0.0,0.88,0.4,0.08,0.02,0.08,0.26,0.09,0.15,2.17,0.18,0.2,0.06
"2019-05-01 00:00:00",0.03,0.22,0.19,0.04,0.27,0.04,0.01,0.84,0.1,0.36,0.0,0.18,0.16,0.15,0.51,0.64,0.1,0.0,0.15,0.31,0.4,0.15,0.4,0.7,0.13,0.1,0.15,0.22,0.07,0.07,0.07,0.01,1.06,0.54,0.07,0.07,0.04,0.22,0.01,0.09,2.75,0.52,0.28,0.06
"2019-06-01 00:00:00",0.02,0.09,0.12,0.02,0.24,0.08,0.03,0.95,0.0,0.51,0.0,0.12,0.05,0.02,0.6,0.56,0.09,0.02,0.0,0.2,0.44,0.09,0.69,0.68,0.38,0.0,0.05,0.26,0.02,0.02,0.0,0.0,0.97,0.77,0.08,0.0,0.0,0.32,0.05,0.11,2.63,0.09,0.15,0.02
"2019-07-01 00:00:00",0.02,0.08,0.16,0.02,0.09,0.02,0.0,0.66,0.05,0.46,0.0,0.19,0.11,0.03,0.57,0.8,0.14,0.0,0.03,0.27,0.28,0.14,0.41,0.54,0.11,0.02,0.05,0.05,0.0,0.03,0.05,0.02,0.87,0.57,0.03,0.02,0.02,0.39,0.03,0.14,2.54,0.08,0.27,0.02
"2019-08-01 00:00:00",0.05,0.15,0.17,0.26,0.22,0.0,0.03,1.14,0.05,0.52,0.02,0.18,0.11,0.08,0.75,0.98,0.41,0.06,0.02,0.52,0.48,0.18,0.6,0.68,0.28,0.0,0.06,0.25,0.02,0.09,0.09,0.08,0.95,0.25,0.09,0.08,0.0,0.28,0.12,0.15,3.38,0.14,0.09,0.06
"2019-09-01 00:00:00",0.0,0.12,0.04,0.03,0.1,0.1,0.01,0.5,0.06,0.32,0.01,0.15,0.04,0.0,0.51,0.58,0.12,0.0,0.0,0.2,0.35,0.06,0.25,0.38,0.12,0.04,0.09,0.04,0.0,0.01,0.04,0.0,0.67,0.77,0.04,0.0,0.0,0.31,0.03,0.23,2.41,0.15,0.19,0.03
"2019-10-01 00:00:00",0.01,0.13,0.13,0.01,0.11,0.0,0.0,0.52,0.01,0.29,0.01,0.03,0.09,0.01,0.6,0.5,0.1,0.0,0.03,0.2,0.27,0.06,0.22,0.32,0.1,0.01,0.03,0.04,0.1,0.07,0.04,0.01,1.18,0.29,0.1,0.0,0.0,1.19,0.04,0.34,2.6,0.1,0.1,0.03
"2019-11-01 00:00:00",0.05,0.11,0.08,0.14,0.09,0.03,0.12,0.44,0.02,0.25,0.11,0.12,0.06,0.0,0.44,0.51,0.21,0.02,0.0,0.08,0.25,0.05,0.17,0.25,0.26,0.0,0.09,0.03,0.05,0.06,0.03,0.0,0.66,0.23,0.12,0.02,0.03,0.38,0.08,0.31,2.33,0.17,0.12,0.0
"2019-12-01 00:00:00",0.05,0.08,0.02,0.06,0.08,0.02,0.0,0.56,0.03,0.24,0.0,0.1,0.02,0.03,0.4,0.41,0.14,0.03,0.0,0.11,0.24,0.05,0.17,0.35,0.11,0.08,0.06,0.02,0.02,0.03,0.02,0.02,0.59,0.27,0.06,0.08,0.0,0.24,0.05,0.17,1.83,0.06,0.16,0.0
"2020-01-01 00:00:00",0.02,0.25,0.19,0.02,0.24,0.09,0.05,0.9,0.09,0.75,0.02,0.19,0.06,0.0,1.02,0.88,0.11,0.03,0.03,0.19,0.61,0.25,0.25,0.53,0.14,0.08,0.17,0.05,0.05,0.03,0.05,0.0,1.13,0.88,0.05,0.09,0.0,0.52,0.05,0.41,3.77,0.19,0.19,0.0
"2020-02-01 00:00:00",0.0,0.16,0.08,0.02,0.2,0.1,0.02,1.04,0.03,0.44,0.02,0.2,0.13,0.02,0.48,0.43,0.18,0.05,0.03,0.23,0.16,0.3,0.43,0.3,0.05,0.08,0.1,0.05,0.02,0.1,0.08,0.0,0.76,0.23,0.05,0.08,0.02,0.41,0.08,0.23,2.27,0.16,0.08,0.02
"2020-03-01 00:00:00",0.02,0.08,0.08,0.03,0.21,0.11,0.02,0.93,0.05,0.38,0.02,0.15,0.27,0.03,0.33,0.62,0.11,0.02,0.02,0.17,0.2,0.51,0.32,0.39,0.18,0.02,0.08,0.02,0.03,0.08,0.05,0.02,0.41,0.11,0.05,0.05,0.0,0.21,0.05,0.02,2.85,0.14,0.15,0.05
"2020-04-01 00:00:00",0.05,0.11,0.03,0.18,0.05,0.02,0.0,0.92,0.06,0.17,0.08,0.09,0.23,0.03,0.36,0.33,0.09,0.02,0.06,0.2,0.11,0.23,0.18,0.18,0.09,0.03,0.02,0.06,0.05,0.03,0.08,0.0,0.44,0.17,0.03,0.02,0.0,0.12,0.06,0.09,2.41,0.12,0.09,0.0
"2020-05-01 00:00:00",0.0,0.1,0.09,0.04,0.12,0.09,0.01,1.08,0.07,0.36,0.0,0.09,0.13,0.03,0.27,0.49,0.42,0.0,0.0,0.27,0.09,0.07,0.09,0.27,0.16,0.06,0.04,0.01,0.01,0.01,0.04,0.01,0.39,0.1,0.03,0.07,0.0,0.13,0.25,0.13,2.7,0.12,0.13,0.03
"2020-06-01 00:00:00",0.03,0.08,0.06,0.08,0.15,0.0,0.0,0.69,0.0,0.2,0.0,0.05,0.06,0.02,0.31,0.52,0.28,0.03,0.03,0.34,0.11,0.06,0.11,0.26,0.11,0.06,0.08,0.02,0.03,0.08,0.06,0.05,0.57,0.09,0.03,0.0,0.02,0.14,0.08,0.15,2.34,0.11,0.14,0.0
"2020-07-01 00:00:00",0.03,0.15,0.04,0.06,0.15,0.03,0.03,0.89,0.04,0.22,0.01,0.07,0.04,0.01,0.34,0.4,0.37,0.03,0.07,0.24,0.25,0.13,0.19,0.3,0.09,0.04,0.01,0.0,0.07,0.07,0.03,0.0,0.43,0.13,0.03,0.01,0.01,0.06,0.1,0.06,2.22,0.09,0.06,0.01
"2020-08-01 00:00:00",0.0,0.11,0.07,0.07,0.09,0.03,0.0,0.56,0.04,0.43,0.0,0.11,0.1,0.04,0.47,0.57,0.2,0.03,0.03,0.16,0.26,0.09,0.24,0.19,0.17,0.04,0.03,0.0,0.01,0.03,0.09,0.0,0.71,0.21,0.03,0.03,0.01,0.13,0.01,0.24,1.99,0.16,0.01,0.04
"2020-09-01 00:00:00",0.03,0.19,0.16,0.04,0.21,0.03,0.0,0.69,0.01,0.52,0.01,0.12,0.07,0.01,0.7,0.48,0.13,0.0,0.03,0.1,0.24,0.15,0.19,0.21,0.12,0.03,0.12,0.03,0.03,0.03,0.01,0.03,0.88,0.15,0.09,0.03,0.0,0.28,0.09,0.22,2.15,0.15,0.01,0.03
"2020-10-01 00:00:00",0.06,0.04,0.04,0.04,0.06,0.0,0.0,0.27,0.01,0.27,0.03,0.1,0.04,0.06,0.39,0.21,0.03,0.03,0.0,0.11,0.25,0.1,0.07,0.11,0.07,0.01,0.03,0.03,0.0,0.01,0.03,0.0,0.55,0.11,0.01,0.01,0.0,0.32,0.03,0.1,1.96,0.06,0.03,0.0
"2020-11-01 00:00:00",0.01,0.06,0.09,0.04,0.04,0.01,0.0,0.4,0.0,0.19,0.04,0.13,0.09,0.04,0.4,0.22,0.1,0.0,0.0,0.18,0.27,0.06,0.09,0.16,0.16,0.01,0.03,0.03,0.03,0.04,0.06,0.01,0.51,0.07,0.0,0.01,0.01,0.16,0.07,0.18,1.82,0.03,0.06,0.1
"2020-12-01 00:00:00",0.03,0.08,0.19,0.08,0.09,0.0,0.02,0.48,0.03,0.46,0.05,0.11,0.15,0.0,0.63,0.43,0.14,0.03,0.0,0.19,0.39,0.17,0.08,0.23,0.03,0.02,0.06,0.02,0.05,0.05,0.06,0.03,0.7,0.26,0.05,0.0,0.02,0.23,0.03,0.09,2.03,0.17,0.02,0.06
"2021-01-01 00:00:00",0.01,0.04,0.04,0.09,0.04,0.0,0.0,0.52,0.03,0.26,0.01,0.14,0.01,0.0,0.4,0.34,0.06,0.01,0.03,0.1,0.19,0.06,0.14,0.27,0.1,0.0,0.01,0.03,0.0,0.04,0.04,0.0,0.36,0.29,0.0,0.0,0.03,0.14,0.1,0.1,2.22,0.07,0.01,0.0
"2021-02-01 00:00:00",0.0,0.07,0.18,0.02,0.05,0.03,0.0,0.55,0.0,0.39,0.02,0.07,0.07,0.05,0.46,0.36,0.1,0.0,0.03,0.08,0.16,0.11,0.13,0.21,0.11,0.02,0.03,0.08,0.0,0.02,0.08,0.02,0.5,0.2,0.03,0.05,0.0,0.13,0.05,0.1,1.87,0.07,0.05,0.05
"2021-03-01 00:00:00",0.0,0.18,0.1,0.03,0.06,0.03,0.0,0.76,0.06,0.27,0.04,0.06,0.06,0.01,0.42,0.36,0.12,0.03,0.0,0.24,0.15,0.13,0.22,0.22,0.1,0.0,0.04,0.01,0.0,0.01,0.04,0.0,0.62,0.22,0.09,0.04,0.0,0.22,0.09,0.09,1.94,0.06,0.01,0.07
"2021-04-01 00:00:00",0.0,0.08,0.14,0.05,0.08,0.05,0.02,0.58,0.0,0.52,0.03,0.02,0.05,0.0,0.68,0.57,0.0,0.02,0.03,0.12,0.31,0.09,0.08,0.2,0.06,0.06,0.02,0.0,0.02,0.09,0.03,0.05,0.95,0.06,0.02,0.05,0.02,0.29,0.09,0.43,2.13,0.0,0.09,0.09
"2021-05-01 00:00:00",0.03,0.03,0.13,0.12,0.1,0.12,0.0,0.45,0.04,0.28,0.07,0.52,0.0,0.06,0.47,0.33,0.01,0.07,0.01,0.24,1.14,0.06,0.09,0.21,0.06,0.01,0.01,0.13,0.0,0.03,0.12,0.04,0.56,0.19,0.04,0.07,0.0,0.16,0.04,0.21,2.52,0.06,0.07,0.04
"2021-06-01 00:00:00",0.0,0.02,0.24,0.05,0.09,0.08,0.0,0.55,0.02,0.41,0.0,0.11,0.06,0.05,0.41,0.5,0.11,0.02,0.02,0.09,0.28,0.14,0.08,0.22,0.05,0.02,0.03,0.03,0.06,0.05,0.05,0.0,0.85,0.14,0.0,0.06,0.02,0.27,0.05,0.32,2.13,0.03,0.03,0.0
"2021-07-01 00:00:00",0.02,0.02,0.05,0.03,0.08,0.02,0.0,0.46,0.05,0.12,0.03,0.06,0.05,0.0,0.26,0.22,0.08,0.0,0.0,0.15,0.14,0.08,0.08,0.15,0.11,0.02,0.0,0.05,0.03,0.02,0.03,0.0,0.51,0.08,0.03,0.03,0.0,0.25,0.05,0.06,1.68,0.06,0.08,0.05
"2021-08-01 00:00:00",0.0,0.03,0.08,0.06,0.11,0.02,0.0,0.49,0.02,0.34,0.03,0.03,0.02,0.0,0.41,0.44,0.05,0.08,0.03,0.08,0.23,0.11,0.05,0.19,0.06,0.0,0.03,0.05,0.03,0.02,0.06,0.0,0.55,0.03,0.08,0.0,0.06,0.33,0.03,0.05,2.13,0.06,0.19,0.03
"2021-09-01 00:00:00",0.0,0.39,0.11,0.09,0.16,0.0,0.03,0.68,0.0,0.33,0.0,0.05,0.08,0.02,0.59,0.54,0.14,0.02,0.05,0.3,0.22,0.08,0.33,0.33,0.11,0.05,0.02,0.0,0.0,0.0,0.06,0.0,0.47,0.08,0.0,0.02,0.02,0.12,0.19,0.08,2.33,0.02,0.12,0.03
"2021-10-01 00:00:00",0.04,0.16,0.1,0.03,0.1,0.07,0.0,0.58,0.04,0.22,0.04,0.09,0.04,0.04,0.31,0.45,0.04,0.0,0.01,0.22,0.16,0.13,0.16,0.27,0.16,0.0,0.04,0.06,0.04,0.03,0.03,0.0,0.59,0.07,0.01,0.03,0.01,0.15,0.13,0.13,1.93,0.06,0.04,0.01
"2021-11-01 00:00:00",0.0,0.13,0.19,0.02,0.06,0.05,0.03,0.5,0.03,0.49,0.03,0.11,0.03,0.03,0.31,0.39,0.03,0.08,0.02,0.06,0.23,0.11,0.08,0.11,0.13,0.03,0.08,0.03,0.05,0.03,0.41,0.0,0.73,0.13,0.03,0.05,0.0,0.34,0.08,0.32,1.9,0.08,0.03,0.06
"2021-12-01 00:00:00",0.0,0.11,0.19,0.02,0.24,0.03,0.0,0.63,0.03,0.55,0.08,0.03,0.1,0.03,0.64,0.75,0.13,0.05,0.05,0.13,0.3,0.19,0.26,0.14,0.08,0.03,0.21,0.08,0.0,0.05,0.24,0.0,1.25,0.06,0.24,0.03,0.02,0.13,0.14,1.03,2.5,0.03,0.02,0.1
"2022-01-01 00:00:00",0.02,0.19,0.55,0.03,0.19,0.11,0.0,0.59,0.0,0.9,0.06,0.11,0.11,0.13,0.85,0.98,0.0,0.03,0.03,0.21,0.19,0.16,0.16,0.37,0.1,0.02,0.11,0.14,0.0,0.03,0.47,0.0,1.94,0.18,0.13,0.02,0.0,0.21,0.08,1.77,3.07,0.11,0.06,0.03
"2022-02-01 00:00:00",0.02,0.44,0.53,0.13,0.66,0.07,0.03,1.25,0.03,1.77,0.05,0.08,0.07,0.2,1.41,1.38,0.11,0.23,0.02,0.16,0.21,0.48,0.62,0.43,0.03,0.03,0.2,0.08,0.03,0.02,0.82,0.02,3.41,0.28,0.15,0.02,0.02,0.33,0.16,3.22,4.33,0.1,0.08,0.02
"2022-03-01 00:00:00",0.02,0.35,0.65,0.05,0.56,0.08,0.0,1.83,0.05,1.72,0.05,0.24,0.15,0.2,1.4,1.98,0.11,0.39,0.06,0.41,0.68,0.51,0.45,0.53,0.18,0.0,0.24,0.15,0.11,0.02,1.71,0.02,5.58,0.42,0.15,0.03,0.0,0.88,0.24,5.55,6.01,0.23,0.06,0.03
"2022-04-01 00:00:00",0.03,0.35,0.64,0.18,0.27,0.06,0.05,1.08,0.03,1.44,0.03,0.14,0.26,0.14,0.88,1.41,0.1,0.18,0.08,0.35,0.32,0.3,0.27,0.37,0.18,0.03,0.26,0.1,0.13,0.02,1.12,0.06,3.88,0.21,0.19,0.0,0.03,0.48,0.18,3.93,4.53,0.08,0.16,0.05
"2022-05-01 00:00:00",0.0,0.21,0.31,0.07,0.27,0.15,0.0,1.02,0.01,1.07,0.12,0.09,0.12,0.52,0.8,1.08,0.13,0.33,0.07,0.3,0.27,0.45,0.61,0.61,0.15,0.03,0.01,0.04,0.0,0.06,0.61,0.01,2.67,0.12,0.52,0.06,0.03,0.45,0.34,2.63,3.56,0.15,0.12,0.03
"2022-06-01 00:00:00",0.05,0.17,0.42,0.11,0.34,0.03,0.02,0.99,0.05,1.13,0.0,0.31,0.43,0.51,1.05,1.11,0.06,0.19,0.03,0.51,0.28,0.6,0.51,0.57,0.06,0.03,0.15,0.0,0.15,0.03,0.52,0.0,2.75,0.28,0.49,0.03,0.02,0.74,0.23,2.65,3.56,0.11,0.11,0.09
"2022-07-01 00:00:00",0.11,0.22,0.36,0.17,0.33,0.05,0.02,0.83,0.0,0.81,0.06,0.22,0.28,0.25,0.55,0.83,0.06,0.11,0.17,0.36,0.42,0.27,0.23,0.25,0.03,0.03,0.19,0.14,0.31,0.0,0.44,0.03,2.54,0.58,0.19,0.06,0.05,0.7,0.28,2.55,3.48,0.05,0.09,0.06
"2022-08-01 00:00:00",0.05,0.29,0.1,0.11,0.19,0.05,0.02,1.36,0.05,0.49,0.1,0.3,0.03,0.19,0.69,0.69,0.3,0.1,0.08,0.33,0.33,0.03,0.75,0.33,0.16,0.06,0.14,0.1,0.08,0.13,0.19,0.0,2.6,0.14,0.1,0.05,0.02,0.4,0.8,2.33,4.29,0.08,0.02,0.05
"2022-09-01 00:00:00",0.05,0.28,0.36,0.05,0.25,0.05,0.08,1.26,0.08,0.95,0.19,0.08,0.06,0.12,0.81,0.92,0.16,0.16,0.06,0.51,0.25,0.22,0.36,0.61,0.12,0.03,0.17,0.22,0.09,0.05,0.54,0.05,3.14,0.08,0.26,0.03,0.0,0.58,0.39,2.92,4.03,0.06,0.06,0.03
"2022-10-01 00:00:00",0.0,0.08,0.5,0.08,0.15,0.11,0.03,1.35,0.11,1.09,0.06,0.05,0.12,0.17,1.08,0.99,0.09,0.12,0.08,0.49,0.46,0.58,0.53,0.55,0.15,0.02,0.2,0.15,0.09,0.03,0.53,0.02,3.93,0.58,0.29,0.02,0.02,0.44,0.33,3.81,4.64,0.21,0.09,0.08
"2022-11-01 00:00:00",0.08,0.11,0.28,0.22,0.19,0.06,0.03,1.14,0.0,0.86,0.09,0.31,0.11,0.15,0.82,0.86,0.14,0.15,0.42,0.43,0.09,0.25,0.31,0.49,0.08,0.0,0.15,0.25,0.06,0.03,0.51,0.02,2.74,0.26,0.15,0.05,0.03,0.52,0.35,2.68,3.61,0.08,0.11,0.06
"2022-12-01 00:00:00",0.03,0.22,0.17,0.07,0.22,0.07,0.0,0.75,0.07,0.53,0.07,0.05,0.2,0.08,0.53,0.76,0.02,0.08,0.18,0.27,0.17,0.15,0.2,0.22,0.13,0.0,0.05,0.07,0.12,0.02,0.4,0.02,2.59,0.15,0.08,0.03,0.0,0.37,0.27,2.46,3.43,0.12,0.03,0.02
"2023-01-01 00:00:00",0.05,0.15,0.22,0.18,0.28,0.1,0.07,0.55,0.05,0.95,0.1,0.08,0.18,0.3,0.57,0.8,0.0,0.17,0.07,0.23,0.2,0.22,0.22,0.32,0.12,0.0,0.28,0.1,0.13,0.02,0.65,0.08,1.96,0.07,0.2,0.02,0.02,0.35,0.13,1.92,2.93,0.07,0.07,0.02
"2023-02-01 00:00:00",0.0,0.29,0.25,0.05,0.36,0.04,0.04,1.46,0.0,0.82,0.11,0.18,0.09,0.16,0.8,0.86,0.02,0.05,0.14,0.3,0.2,0.25,0.39,0.5,0.14,0.04,0.11,0.12,0.02,0.27,0.36,0.02,2.35,0.12,0.09,0.02,0.0,0.62,0.34,1.98,3.62,0.0,0.16,0.11
"2023-03-01 00:00:00",0.02,0.25,0.22,0.07,0.22,0.05,0.0,1.43,0.02,0.9,0.03,0.03,0.08,0.12,0.58,0.85,0.1,0.12,0.08,0.43,0.27,0.27,0.33,0.52,0.1,0.02,0.07,0.05,0.05,0.13,0.35,0.02,2.48,0.42,0.15,0.0,0.0,0.28,0.42,2.41,3.43,0.0,0.02,0.12
"2023-04-01 00:00:00",0.04,0.15,0.24,0.24,0.22,0.02,0.04,1.12,0.05,0.67,0.02,0.45,0.09,0.13,0.74,0.63,0.04,0.13,0.04,0.29,0.42,0.13,0.34,0.49,0.09,0.02,0.16,0.07,0.25,0.05,0.31,0.02,2.18,0.45,0.15,0.0,0.09,0.4,0.42,2.03,3.17,0.09,0.09,0.05
"2023-05-01 00:00:00",0.04,0.16,0.16,0.27,0.14,0.05,0.0,0.9,0.07,0.61,0.05,0.32,0.07,0.13,0.57,0.65,0.07,0.14,0.11,0.23,0.22,0.34,0.38,0.34,0.07,0.02,0.05,0.07,0.14,0.05,0.13,0.0,1.99,0.36,0.13,0.0,0.02,0.56,0.23,1.8,3.13,0.05,0.13,0.18
"2023-06-01 00:00:00",0.02,0.07,0.32,0.07,0.19,0.04,0.02,1.09,0.02,0.96,0.13,0.15,0.15,0.11,0.63,1.06,0.09,0.13,0.06,0.24,0.2,0.19,0.19,0.45,0.04,0.04,0.13,0.19,0.32,0.02,0.13,0.02,2.58,0.33,0.2,0.02,0.0,0.2,0.41,2.47,3.6,0.02,0.11,0.19
"2023-07-01 00:00:00",0.0,0.17,0.19,0.07,0.07,0.04,0.0,1.23,0.02,0.95,0.07,0.11,0.15,0.28,0.65,0.61,0.11,0.15,0.07,0.19,0.39,0.22,0.3,0.6,0.11,0.02,0.24,0.11,0.2,0.06,0.45,0.04,2.25,0.07,0.43,0.04,0.0,0.6,0.48,2.05,3.39,0.02,0.13,0.11
"2023-08-01 00:00:00",0.04,0.11,0.09,0.13,0.13,0.02,0.02,0.81,0.06,0.37,0.09,0.11,0.09,0.04,0.57,0.77,0.09,0.02,0.07,0.28,0.15,0.17,0.17,0.33,0.13,0.0,0.24,0.04,0.09,0.07,0.13,0.04,1.83,0.33,0.11,0.0,0.04,0.29,0.18,1.49,2.64,0.02,0.06,0.17
"2023-09-01 00:00:00",0.04,0.2,0.07,0.11,0.24,0.04,0.0,0.78,0.02,0.52,0.04,0.26,0.17,0.0,0.61,0.63,0.09,0.07,0.07,0.37,0.22,0.19,0.22,0.41,0.09,0.11,0.06,0.04,0.04,0.11,0.09,0.0,1.63,0.22,0.15,0.06,0.07,0.48,0.19,1.35,2.51,0.07,0.07,0.11
"2023-10-01 00:00:00",0.02,0.18,0.23,0.09,0.28,0.07,0.02,0.98,0.05,0.48,0.05,1.51,0.12,0.04,0.64,0.8,0.07,0.12,0.14,0.27,3.58,0.14,0.2,0.32,0.23,0.04,0.07,0.28,0.09,0.07,0.14,0.04,1.74,0.83,0.18,0.02,0.05,0.41,0.32,1.81,4.97,0.07,0.04,0.02
"2023-11-01 00:00:00",0.04,0.15,0.13,0.02,0.29,0.04,0.0,0.82,0.04,0.27,0.08,1.48,0.12,0.06,0.84,0.96,0.06,0.06,0.31,0.36,3.72,0.1,0.29,0.35,0.04,0.06,0.12,0.1,0.02,0.19,0.12,0.0,1.21,0.38,0.02,0.25,0.0,0.21,0.33,1.21,5.0,0.0,0.23,0.0
"2023-12-01 00:00:00",0.06,0.15,0.17,0.04,0.23,0.0,0.0,0.76,0.04,0.32,0.06,0.9,0.17,0.04,0.95,1.2,0.06,0.23,0.1,0.25,2.74,0.23,0.15,0.27,0.21,0.04,0.13,0.48,0.08,0.08,0.29,0.04,1.68,0.4,0.13,0.04,0.0,0.21,0.19,1.52,4.48,0.1,0.08,0.08
"2024-01-01 00:00:00",0.0,0.18,0.13,0.03,0.13,0.18,0.0,0.8,0.07,0.4,0.07,0.98,0.03,0.05,0.73,0.83,0.05,0.05,0.03,0.23,2.44,0.13,0.32,0.4,0.23,0.03,0.22,0.13,0.03,0.0,0.13,0.08,1.39,0.45,0.02,0.02,0.02,0.3,0.32,1.44,4.05,0.1,0.13,0.15
"2024-02-01 00:00:00",0.12,0.14,0.15,0.14,0.12,0.05,0.03,0.67,0.03,0.55,0.03,0.81,0.14,0.15,0.72,0.74,0.02,0.1,0.03,0.27,2.3,0.09,0.12,0.15,0.15,0.02,0.09,0.03,0.07,0.0,0.12,0.0,1.65,0.29,0.12,0.09,0.0,0.27,0.21,1.56,3.76,0.14,0.02,0.15
"2024-03-01 00:00:00",0.02,0.13,0.2,0.08,0.13,0.03,0.03,0.76,0.05,0.47,0.05,0.69,0.11,0.08,0.69,0.57,0.0,0.03,0.06,0.2,1.97,0.2,0.17,0.25,0.16,0.05,0.02,0.06,0.03,0.06,0.22,0.0,1.32,0.16,0.03,0.0,0.0,0.3,0.19,1.32,3.36,0.09,0.03,0.11
"2024-04-01 00:00:00",0.05,0.28,0.12,0.08,0.27,0.03,0.0,0.63,0.08,0.62,0.05,0.45,0.12,0.03,0.8,1.01,0.03,0.02,0.1,0.17,2.36,0.17,0.27,0.3,0.15,0.02,0.13,0.02,0.07,0.1,0.22,0.03,1.56,0.3,0.15,0.05,0.0,0.27,0.3,1.51,3.84,0.03,0.07,0.15
"2024-05-01 00:00:00",0.08,0.18,0.18,0.03,0.08,0.07,0.02,0.86,0.07,0.56,0.03,0.86,0.2,0.05,0.82,0.61,0.02,0.05,0.03,0.13,1.8,0.25,0.15,0.18,0.1,0.02,0.13,0.13,0.02,0.03,0.18,0.02,1.73,0.33,0.08,0.02,0.02,0.21,0.25,1.53,3.74,0.07,0.1,0.2
"2024-06-01 00:00:00",0.02,0.13,0.2,0.03,0.08,0.17,0.02,0.68,0.08,0.27,0.02,0.48,0.17,0.0,0.7,0.52,0.03,0.08,0.02,0.1,1.55,0.33,0.2,0.33,0.08,0.02,0.15,0.1,0.05,0.12,0.2,0.02,1.27,0.1,0.03,0.02,0.08,0.22,0.25,1.12,3.08,0.07,0.12,0.1
"2024-07-01 00:00:00",0.0,0.05,0.12,0.03,0.05,0.08,0.0,0.47,0.07,0.32,0.03,0.35,0.13,0.02,0.54,0.56,0.05,0.15,0.03,0.22,1.16,0.17,0.13,0.2,0.05,0.03,0.07,0.05,0.02,0.07,0.05,0.07,0.74,0.19,0.05,0.02,0.0,0.25,0.1,0.66,2.47,0.1,0.12,0.12
"2024-08-01 00:00:00",0.03,0.12,0.03,0.18,0.05,0.1,0.02,0.59,0.13,0.31,0.07,0.9,0.03,0.12,0.69,0.81,0.05,0.02,0.07,0.25,1.94,0.15,0.08,0.25,0.12,0.03,0.02,0.07,0.03,0.1,0.1,0.0,1.38,0.21,0.0,0.05,0.0,0.16,0.2,1.13,3.65,0.18,0.03,0.03
"2024-09-01 00:00:00",0.05,0.08,0.13,0.13,0.13,0.03,0.05,0.7,0.07,0.45,0.02,0.38,0.08,0.1,0.76,0.86,0.02,0.18,0.02,0.18,1.63,0.1,0.17,0.38,0.15,0.0,0.03,0.07,0.0,0.08,0.15,0.03,1.29,0.12,0.03,0.03,0.0,0.3,0.17,1.26,3.3,0.08,0.05,0.03
"2024-10-01 00:00:00",0.0,0.11,0.24,0.05,0.13,0.05,0.0,0.73,0.0,0.5,0.06,0.21,0.02,0.18,0.65,0.68,0.03,0.06,0.11,0.08,1.74,0.19,0.26,0.42,0.08,0.0,0.08,0.06,0.02,0.1,0.21,0.0,1.24,0.29,0.15,0.02,0.0,0.29,0.39,1.03,3.15,0.05,0.05,0.06
"2024-11-01 00:00:00",0.03,0.07,0.21,0.25,0.13,0.05,0.03,0.85,0.05,0.54,0.05,0.26,0.07,0.1,0.61,0.69,0.1,0.1,0.02,0.11,1.38,0.26,0.16,0.89,0.1,0.0,0.07,0.05,0.18,0.05,0.13,0.0,1.79,0.2,0.08,0.02,0.0,0.3,0.2,1.7,3.38,0.13,0.08,0.08
"2024-12-01 00:00:00",0.02,0.07,0.1,0.1,0.09,0.05,0.0,0.8,0.07,0.45,0.03,0.28,0.03,0.07,0.73,1.04,0.0,0.07,0.05,0.21,1.8,0.17,0.16,0.45,0.14,0.03,0.09,0.07,0.1,0.03,0.1,0.03,2.25,0.29,0.03,0.02,0.02,1.19,0.19,1.54,4.03,0.02,0.05,0.14
"2025-01-01 00:00:00",0.02,0.08,0.12,0.13,0.17,0.12,0.01,0.51,0.18,0.31,0.12,0.31,0.07,0.08,0.52,0.45,0.07,0.01,0.04,0.2,0.91,0.13,0.18,0.28,0.31,0.0,0.07,0.02,0.04,0.05,0.12,0.0,0.85,0.23,0.01,0.02,0.01,0.14,0.15,0.57,2.32,0.09,0.0,0.05
"2025-02-01 00:00:00",0.0,0.11,0.17,0.01,0.27,0.08,0.0,0.51,0.08,0.57,0.05,0.27,0.09,0.14,0.52,0.43,0.01,0.08,0.04,0.14,0.66,0.08,0.14,0.19,0.19,0.0,0.04,0.05,0.0,0.01,0.2,0.01,1.0,0.52,0.08,0.04,0.0,0.19,0.09,0.91,2.22,0.06,0.01,0.0
"2025-03-01 00:00:00",0.0,0.1,0.22,0.05,0.31,0.05,0.0,0.65,0.0,0.53,0.05,0.34,0.07,0.06,0.71,0.85,0.03,0.08,0.02,0.14,0.89,0.15,0.1,0.36,0.17,0.03,0.05,0.06,0.05,0.01,0.2,0.05,1.44,0.58,0.08,0.06,0.0,0.19,0.12,1.32,2.96,0.17,0.06,0.02
"2025-04-01 00:00:00",0.04,0.05,0.21,0.12,0.19,0.05,0.0,0.69,0.04,0.37,0.07,0.12,0.07,0.08,0.64,0.61,0.01,0.15,0.05,0.39,0.88,0.33,0.21,0.2,0.2,0.07,0.06,0.07,0.04,0.06,0.07,0.0,1.12,0.26,0.06,0.1,0.0,0.33,0.12,0.82,2.91,0.19,0.14,0.06
"2025-05-01 00:00:00",0.01,0.14,0.1,0.06,0.35,0.08,0.01,0.68,0.06,0.45,0.07,0.17,0.17,0.02,0.77,0.74,0.06,0.02,0.04,0.6,1.29,0.27,0.1,0.27,0.22,0.05,0.04,0.08,0.01,0.04,0.04,0.02,1.04,0.59,0.05,0.05,0.02,0.57,0.12,0.96,3.37,0.31,0.14,0.08
"2025-06-01 00:00:00",0.01,0.19,0.16,0.05,0.38,0.03,0.01,0.87,0.03,0.42,0.03,0.3,0.23,0.04,0.72,0.81,0.0,0.05,0.01,0.3,2.35,0.19,0.29,0.39,0.16,0.04,0.25,0.14,0.03,0.05,0.1,0.01,1.45,0.42,0.13,0.04,0.03,0.48,0.19,1.21,3.79,0.04,0.14,0.03
"2025-07-01 00:00:00",0.0,0.07,0.12,0.04,0.21,0.02,0.0,0.7,0.0,0.44,0.1,0.25,0.05,0.04,0.53,0.72,0.04,0.01,0.06,0.31,1.22,0.09,0.25,0.27,0.06,0.15,0.06,0.09,0.0,0.07,0.06,0.01,0.92,0.14,0.11,0.15,0.0,0.26,0.12,0.76,2.69,0.05,0.07,0.0
"2025-08-01 00:00:00",0.01,0.19,0.14,0.11,0.19,0.04,0.0,0.55,0.05,0.6,0.03,0.3,0.11,0.25,0.8,0.88,0.03,0.09,0.01,0.46,1.04,0.24,0.25,0.15,0.08,0.03,0.05,0.05,0.01,0.01,0.15,0.01,1.28,0.18,0.06,0.04,0.0,0.22,0.09,1.21,2.96,0.1,0.09,0.06
"2025-09-01 00:00:00",0.0,0.15,0.1,0.1,0.2,0.02,0.0,0.62,0.11,0.47,0.09,0.21,0.15,0.07,0.67,0.74,0.01,0.12,0.01,0.23,1.02,0.16,0.2,0.17,0.23,0.0,0.1,0.1,0.01,0.05,0.28,0.06,0.93,0.2,0.09,0.04,0.02,0.26,0.09,0.77,2.74,0.3,0.11,0.07
"2025-10-01 00:00:00",0.02,0.13,0.17,0.11,0.09,0.0,0.04,0.63,0.35,0.23,0.11,0.33,0.16,0.0,0.35,0.45,0.06,0.27,0.04,0.22,0.91,0.1,0.19,0.3,0.33,0.12,0.1,0.1,0.01,0.06,0.16,0.0,0.85,0.12,0.05,0.07,0.01,0.29,0.17,0.76,3.2,0.62,0.02,0.09
"2025-11-01 00:00:00",0.04,0.04,0.1,0.06,0.18,0.03,0.01,0.51,0.26,0.32,0.05,0.18,0.17,0.03,0.39,0.41,0.04,0.06,0.08,0.22,0.4,0.08,0.12,0.21,0.23,0.03,0.03,0.08,0.03,0.05,0.06,0.04,0.88,0.18,0.03,0.04,0.0,0.19,0.13,0.52,2.16,0.51,0.08,0.09
"2025-12-01 00:00:00",0.05,0.21,0.16,0.12,0.08,0.04,0.03,0.81,0.15,0.5,0.07,0.07,0.04,0.07,0.56,0.53,0.05,0.09,0.03,0.2,0.44,0.19,0.2,0.15,0.08,0.08,0.12,0.15,0.01,0.09,0.27,0.0,1.22,0.16,0.12,0.13,0.0,0.16,0.23,0.88,2.87,0.57,0.04,0.04
"2026-01-01 00:00:00",0.15,0.1,0.14,0.16,0.28,0.38,0.05,1.02,0.25,0.54,0.34,0.15,0.19,0.09,0.67,0.76,0.05,0.09,0.1,0.34,0.81,0.24,0.21,0.14,0.33,0.06,0.1,0.25,0.06,0.06,0.16,0.03,1.31,0.24,0.1,0.08,0.03,0.3,0.15,0.86,3.4,1.44,0.01,0.01
"2026-02-01 00:00:00",0.12,0.15,0.06,0.12,0.21,0.21,0.03,0.55,0.08,0.34,0.2,0.32,0.18,0.05,0.58,0.49,0.02,0.11,0.08,0.35,0.98,0.08,0.18,0.23,0.31,0.03,0.08,0.06,0.0,0.02,0.11,0.02,0.93,0.31,0.09,0.08,0.0,0.32,0.15,0.72,2.87,0.67,0.11,0.02
"2026-03-01 00:00:00",0.03,0.24,0.35,0.12,0.39,0.09,0.03,1.54,0.14,0.79,0.18,0.48,0.18,0.09,1.39,1.35,0.14,0.13,0.16,0.88,4.87,0.37,0.96,0.68,0.29,0.09,0.18,0.26,0.01,0.12,0.13,0.04,2.03,1.91,0.07,0.26,0.0,0.58,0.37,1.5,7.03,1.07,0.3,0.04
