"Year","Economy_Label","Flow_Label","US_at_current_prices_in_millions_Value"
"1948-01-01 00:00:00","Argentina","Exports",1629.0
"1948-01-01 00:00:00","Argentina","Imports",1562.0
"1948-01-01 00:00:00","Australia","Exports",1649.0
"1948-01-01 00:00:00","Australia","Imports",1341.0
"1948-01-01 00:00:00","Belgium","Exports",1690.0
"1948-01-01 00:00:00","Belgium","Imports",1985.0
"1948-01-01 00:00:00","Brazil","Exports",1183.0
"1948-01-01 00:00:00","Brazil","Imports",1127.0
"1948-01-01 00:00:00","Canada","Exports",3202.0
"1948-01-01 00:00:00","Canada","Imports",2740.0
"1948-01-01 00:00:00","Chile","Exports",327.0
"1948-01-01 00:00:00","Chile","Imports",270.0
"1948-01-01 00:00:00","China","Exports",520.0
"1948-01-01 00:00:00","China","Imports",387.0
"1948-01-01 00:00:00","Hong_Kong","Exports",399.0
"1948-01-01 00:00:00","Hong_Kong","Imports",523.0
"1948-01-01 00:00:00","Taiwan","Exports",17.0
"1948-01-01 00:00:00","Taiwan","Imports",5.0
"1948-01-01 00:00:00","Colombia","Exports",307.0
"1948-01-01 00:00:00","Colombia","Imports",337.0
"1948-01-01 00:00:00","Denmark","Exports",569.0
"1948-01-01 00:00:00","Denmark","Imports",713.0
"1948-01-01 00:00:00","Egypt","Exports",591.0
"1948-01-01 00:00:00","Egypt","Imports",715.0
"1948-01-01 00:00:00","Finland","Exports",501.0
"1948-01-01 00:00:00","Finland","Imports",488.0
"1948-01-01 00:00:00","France","Exports",2059.0
"1948-01-01 00:00:00","France","Imports",3504.0
"1948-01-01 00:00:00","Germany","Exports",0.0
"1948-01-01 00:00:00","Germany","Imports",0.0
"1948-01-01 00:00:00","Hungary","Exports",253.0
"1948-01-01 00:00:00","Hungary","Imports",168.0
"1948-01-01 00:00:00","India","Exports",1295.0
"1948-01-01 00:00:00","India","Imports",1427.0
"1948-01-01 00:00:00","Indonesia","Exports",0.0
"1948-01-01 00:00:00","Indonesia","Imports",0.0
"1948-01-01 00:00:00","Israel","Exports",6.0
"1948-01-01 00:00:00","Israel","Imports",108.0
"1948-01-01 00:00:00","Italy","Exports",1077.0
"1948-01-01 00:00:00","Italy","Imports",1539.0
"1948-01-01 00:00:00","Japan","Exports",258.0
"1948-01-01 00:00:00","Japan","Imports",684.0
"1948-01-01 00:00:00","Malaysia","Exports",621.0
"1948-01-01 00:00:00","Malaysia","Imports",457.0
"1948-01-01 00:00:00","Mexico","Exports",555.0
"1948-01-01 00:00:00","Mexico","Imports",643.0
"1948-01-01 00:00:00","Netherlands","Exports",1185.0
"1948-01-01 00:00:00","Netherlands","Imports",2148.0
"1948-01-01 00:00:00","Norway","Exports",415.0
"1948-01-01 00:00:00","Norway","Imports",750.0
"1948-01-01 00:00:00","Peru","Exports",162.0
"1948-01-01 00:00:00","Peru","Imports",168.0
"1948-01-01 00:00:00","Philippines","Exports",310.0
"1948-01-01 00:00:00","Philippines","Imports",644.0
"1948-01-01 00:00:00","Poland","Exports",594.0
"1948-01-01 00:00:00","Poland","Imports",519.0
"1948-01-01 00:00:00","Portugal","Exports",172.0
"1948-01-01 00:00:00","Portugal","Imports",415.0
"1948-01-01 00:00:00","South_Korea","Exports",19.0
"1948-01-01 00:00:00","South_Korea","Imports",206.0
"1948-01-01 00:00:00","Russia","Exports",0.0
"1948-01-01 00:00:00","Russia","Imports",0.0
"1948-01-01 00:00:00","Saudi_Arabia","Exports",330.0
"1948-01-01 00:00:00","Saudi_Arabia","Imports",127.0
"1948-01-01 00:00:00","South_Africa","Exports",1170.0
"1948-01-01 00:00:00","South_Africa","Imports",1552.0
"1948-01-01 00:00:00","Spain","Exports",373.0
"1948-01-01 00:00:00","Spain","Imports",482.0
"1948-01-01 00:00:00","Sweden","Exports",1107.0
"1948-01-01 00:00:00","Sweden","Imports",1378.0
"1948-01-01 00:00:00","Switzerland","Exports",786.0
"1948-01-01 00:00:00","Switzerland","Imports",1143.0
"1948-01-01 00:00:00","Thailand","Exports",223.0
"1948-01-01 00:00:00","Thailand","Imports",144.0
"1948-01-01 00:00:00","Tunisia","Exports",48.0
"1948-01-01 00:00:00","Tunisia","Imports",179.0
"1948-01-01 00:00:00","Turkiye","Exports",197.0
"1948-01-01 00:00:00","Turkiye","Imports",348.0
"1948-01-01 00:00:00","Ukraine","Exports",0.0
"1948-01-01 00:00:00","Ukraine","Imports",0.0
"1948-01-01 00:00:00","United_Kingdom","Exports",6605.0
"1948-01-01 00:00:00","United_Kingdom","Imports",8370.0
"1948-01-01 00:00:00","United_States","Exports",12653.0
"1948-01-01 00:00:00","United_States","Imports",8081.0
"1948-01-01 00:00:00","Venezuela","Exports",898.0
"1948-01-01 00:00:00","Venezuela","Imports",839.0
"1948-01-01 00:00:00","Viet_Nam","Exports",0.0
"1948-01-01 00:00:00","Viet_Nam","Imports",0.0
"1949-01-01 00:00:00","Argentina","Exports",1044.0
"1949-01-01 00:00:00","Argentina","Imports",1180.0
"1949-01-01 00:00:00","Australia","Exports",1592.0
"1949-01-01 00:00:00","Australia","Imports",1492.0
"1949-01-01 00:00:00","Belgium","Exports",1759.0
"1949-01-01 00:00:00","Belgium","Imports",1790.0
"1949-01-01 00:00:00","Brazil","Exports",1100.0
"1949-01-01 00:00:00","Brazil","Imports",1156.0
"1949-01-01 00:00:00","Canada","Exports",3050.0
"1949-01-01 00:00:00","Canada","Imports",2879.0
"1949-01-01 00:00:00","Chile","Exports",294.0
"1949-01-01 00:00:00","Chile","Imports",305.0
"1949-01-01 00:00:00","Hong_Kong","Exports",526.0
"1949-01-01 00:00:00","Hong_Kong","Imports",624.0
"1949-01-01 00:00:00","Taiwan","Exports",17.0
"1949-01-01 00:00:00","Taiwan","Imports",59.0
"1949-01-01 00:00:00","Colombia","Exports",335.0
"1949-01-01 00:00:00","Colombia","Imports",265.0
"1949-01-01 00:00:00","Denmark","Exports",685.0
"1949-01-01 00:00:00","Denmark","Imports",811.0
"1949-01-01 00:00:00","Egypt","Exports",527.0
"1949-01-01 00:00:00","Egypt","Imports",680.0
"1949-01-01 00:00:00","Finland","Exports",469.0
"1949-01-01 00:00:00","Finland","Imports",400.0
"1949-01-01 00:00:00","France","Exports",2840.0
"1949-01-01 00:00:00","France","Imports",2863.0
"1949-01-01 00:00:00","Germany","Exports",0.0
"1949-01-01 00:00:00","Germany","Imports",0.0
"1949-01-01 00:00:00","Hungary","Exports",387.0
"1949-01-01 00:00:00","Hungary","Imports",286.0
"1949-01-01 00:00:00","India","Exports",1197.0
"1949-01-01 00:00:00","India","Imports",1840.0
"1949-01-01 00:00:00","Indonesia","Exports",0.0
"1949-01-01 00:00:00","Indonesia","Imports",0.0
"1949-01-01 00:00:00","Israel","Exports",29.0
"1949-01-01 00:00:00","Israel","Imports",329.0
"1949-01-01 00:00:00","Italy","Exports",1121.0
"1949-01-01 00:00:00","Italy","Imports",1545.0
"1949-01-01 00:00:00","Japan","Exports",510.0
"1949-01-01 00:00:00","Japan","Imports",905.0
"1949-01-01 00:00:00","Malaysia","Exports",594.0
"1949-01-01 00:00:00","Malaysia","Imports",453.0
"1949-01-01 00:00:00","Mexico","Exports",428.0
"1949-01-01 00:00:00","Mexico","Imports",440.0
"1949-01-01 00:00:00","Netherlands","Exports",1484.0
"1949-01-01 00:00:00","Netherlands","Imports",2073.0
"1949-01-01 00:00:00","Norway","Exports",388.0
"1949-01-01 00:00:00","Norway","Imports",766.0
"1949-01-01 00:00:00","Peru","Exports",155.0
"1949-01-01 00:00:00","Peru","Imports",167.0
"1949-01-01 00:00:00","Philippines","Exports",248.0
"1949-01-01 00:00:00","Philippines","Imports",645.0
"1949-01-01 00:00:00","Poland","Exports",692.0
"1949-01-01 00:00:00","Poland","Imports",632.0
"1949-01-01 00:00:00","Portugal","Exports",157.0
"1949-01-01 00:00:00","Portugal","Imports",347.0
"1949-01-01 00:00:00","South_Korea","Exports",14.0
"1949-01-01 00:00:00","South_Korea","Imports",139.0
"1949-01-01 00:00:00","Russia","Exports",0.0
"1949-01-01 00:00:00","Russia","Imports",0.0
"1949-01-01 00:00:00","Saudi_Arabia","Exports",338.0
"1949-01-01 00:00:00","Saudi_Arabia","Imports",130.0
"1949-01-01 00:00:00","South_Africa","Exports",1156.0
"1949-01-01 00:00:00","South_Africa","Imports",1268.0
"1949-01-01 00:00:00","Spain","Exports",403.0
"1949-01-01 00:00:00","Spain","Imports",466.0
"1949-01-01 00:00:00","Sweden","Exports",1151.0
"1949-01-01 00:00:00","Sweden","Imports",1175.0
"1949-01-01 00:00:00","Switzerland","Exports",791.0
"1949-01-01 00:00:00","Switzerland","Imports",867.0
"1949-01-01 00:00:00","Thailand","Exports",274.0
"1949-01-01 00:00:00","Thailand","Imports",193.0
"1949-01-01 00:00:00","Tunisia","Exports",79.0
"1949-01-01 00:00:00","Tunisia","Imports",121.0
"1949-01-01 00:00:00","Turkiye","Exports",248.0
"1949-01-01 00:00:00","Turkiye","Imports",346.0
"1949-01-01 00:00:00","Ukraine","Exports",0.0
"1949-01-01 00:00:00","Ukraine","Imports",0.0
"1949-01-01 00:00:00","United_Kingdom","Exports",6875.0
"1949-01-01 00:00:00","United_Kingdom","Imports",8480.0
"1949-01-01 00:00:00","United_States","Exports",12051.0
"1949-01-01 00:00:00","United_States","Imports",7544.0
"1949-01-01 00:00:00","Venezuela","Exports",863.0
"1949-01-01 00:00:00","Venezuela","Imports",801.0
"1949-01-01 00:00:00","Viet_Nam","Exports",0.0
"1949-01-01 00:00:00","Viet_Nam","Imports",0.0
"1950-01-01 00:00:00","Argentina","Exports",1178.0
"1950-01-01 00:00:00","Argentina","Imports",964.0
"1950-01-01 00:00:00","Australia","Exports",1668.0
"1950-01-01 00:00:00","Australia","Imports",1572.0
"1950-01-01 00:00:00","Belgium","Exports",1652.0
"1950-01-01 00:00:00","Belgium","Imports",1950.0
"1950-01-01 00:00:00","Brazil","Exports",1359.0
"1950-01-01 00:00:00","Brazil","Imports",1090.0
"1950-01-01 00:00:00","Canada","Exports",3020.0
"1950-01-01 00:00:00","Canada","Imports",3108.0
"1950-01-01 00:00:00","Chile","Exports",281.0
"1950-01-01 00:00:00","Chile","Imports",294.0
"1950-01-01 00:00:00","China","Exports",550.0
"1950-01-01 00:00:00","China","Imports",580.0
"1950-01-01 00:00:00","Hong_Kong","Exports",650.0
"1950-01-01 00:00:00","Hong_Kong","Imports",663.0
"1950-01-01 00:00:00","Taiwan","Exports",73.0
"1950-01-01 00:00:00","Taiwan","Imports",110.0
"1950-01-01 00:00:00","Colombia","Exports",394.0
"1950-01-01 00:00:00","Colombia","Imports",365.0
"1950-01-01 00:00:00","Denmark","Exports",665.0
"1950-01-01 00:00:00","Denmark","Imports",853.0
"1950-01-01 00:00:00","Egypt","Exports",504.0
"1950-01-01 00:00:00","Egypt","Imports",619.0
"1950-01-01 00:00:00","Finland","Exports",390.0
"1950-01-01 00:00:00","Finland","Imports",386.0
"1950-01-01 00:00:00","France","Exports",3134.0
"1950-01-01 00:00:00","France","Imports",3142.0
"1950-01-01 00:00:00","Germany","Exports",0.0
"1950-01-01 00:00:00","Germany","Imports",0.0
"1950-01-01 00:00:00","Hungary","Exports",329.0
"1950-01-01 00:00:00","Hungary","Imports",313.0
"1950-01-01 00:00:00","India","Exports",1145.0
"1950-01-01 00:00:00","India","Imports",1091.0
"1950-01-01 00:00:00","Indonesia","Exports",0.0
"1950-01-01 00:00:00","Indonesia","Imports",0.0
"1950-01-01 00:00:00","Israel","Exports",35.0
"1950-01-01 00:00:00","Israel","Imports",302.0
"1950-01-01 00:00:00","Italy","Exports",1206.0
"1950-01-01 00:00:00","Italy","Imports",1483.0
"1950-01-01 00:00:00","Japan","Exports",825.0
"1950-01-01 00:00:00","Japan","Imports",964.0
"1950-01-01 00:00:00","Malaysia","Exports",1004.0
"1950-01-01 00:00:00","Malaysia","Imports",538.0
"1950-01-01 00:00:00","Mexico","Exports",532.0
"1950-01-01 00:00:00","Mexico","Imports",549.0
"1950-01-01 00:00:00","Netherlands","Exports",1604.0
"1950-01-01 00:00:00","Netherlands","Imports",2434.0
"1950-01-01 00:00:00","Norway","Exports",390.0
"1950-01-01 00:00:00","Norway","Imports",678.0
"1950-01-01 00:00:00","Peru","Exports",194.0
"1950-01-01 00:00:00","Peru","Imports",192.0
"1950-01-01 00:00:00","Philippines","Exports",331.0
"1950-01-01 00:00:00","Philippines","Imports",376.0
"1950-01-01 00:00:00","Poland","Exports",630.0
"1950-01-01 00:00:00","Poland","Imports",663.0
"1950-01-01 00:00:00","Portugal","Exports",186.0
"1950-01-01 00:00:00","Portugal","Imports",274.0
"1950-01-01 00:00:00","South_Korea","Exports",23.0
"1950-01-01 00:00:00","South_Korea","Imports",54.0
"1950-01-01 00:00:00","Russia","Exports",0.0
"1950-01-01 00:00:00","Russia","Imports",0.0
"1950-01-01 00:00:00","Saudi_Arabia","Exports",340.0
"1950-01-01 00:00:00","Saudi_Arabia","Imports",115.0
"1950-01-01 00:00:00","South_Africa","Exports",1151.0
"1950-01-01 00:00:00","South_Africa","Imports",921.0
"1950-01-01 00:00:00","Spain","Exports",389.0
"1950-01-01 00:00:00","Spain","Imports",389.0
"1950-01-01 00:00:00","Sweden","Exports",1103.0
"1950-01-01 00:00:00","Sweden","Imports",1183.0
"1950-01-01 00:00:00","Switzerland","Exports",894.0
"1950-01-01 00:00:00","Switzerland","Imports",1037.0
"1950-01-01 00:00:00","Thailand","Exports",304.0
"1950-01-01 00:00:00","Thailand","Imports",209.0
"1950-01-01 00:00:00","Tunisia","Exports",114.0
"1950-01-01 00:00:00","Tunisia","Imports",147.0
"1950-01-01 00:00:00","Turkiye","Exports",264.0
"1950-01-01 00:00:00","Turkiye","Imports",311.0
"1950-01-01 00:00:00","Ukraine","Exports",0.0
"1950-01-01 00:00:00","Ukraine","Imports",0.0
"1950-01-01 00:00:00","United_Kingdom","Exports",6325.0
"1950-01-01 00:00:00","United_Kingdom","Imports",7305.0
"1950-01-01 00:00:00","United_States","Exports",9993.0
"1950-01-01 00:00:00","United_States","Imports",9631.0
"1950-01-01 00:00:00","Venezuela","Exports",929.0
"1950-01-01 00:00:00","Venezuela","Imports",597.0
"1950-01-01 00:00:00","Viet_Nam","Exports",0.0
"1950-01-01 00:00:00","Viet_Nam","Imports",0.0
"1951-01-01 00:00:00","Argentina","Exports",1169.0
"1951-01-01 00:00:00","Argentina","Imports",1480.0
"1951-01-01 00:00:00","Australia","Exports",2038.0
"1951-01-01 00:00:00","Australia","Imports",2372.0
"1951-01-01 00:00:00","Belgium","Exports",2654.0
"1951-01-01 00:00:00","Belgium","Imports",2550.0
"1951-01-01 00:00:00","Brazil","Exports",1771.0
"1951-01-01 00:00:00","Brazil","Imports",1987.0
"1951-01-01 00:00:00","Canada","Exports",3911.0
"1951-01-01 00:00:00","Canada","Imports",4105.0
"1951-01-01 00:00:00","Chile","Exports",370.0
"1951-01-01 00:00:00","Chile","Imports",329.0
"1951-01-01 00:00:00","China","Exports",760.0
"1951-01-01 00:00:00","China","Imports",1200.0
"1951-01-01 00:00:00","Hong_Kong","Exports",776.0
"1951-01-01 00:00:00","Hong_Kong","Imports",852.0
"1951-01-01 00:00:00","Taiwan","Exports",98.0
"1951-01-01 00:00:00","Taiwan","Imports",134.0
"1951-01-01 00:00:00","Colombia","Exports",463.0
"1951-01-01 00:00:00","Colombia","Imports",419.0
"1951-01-01 00:00:00","Denmark","Exports",839.0
"1951-01-01 00:00:00","Denmark","Imports",1012.0
"1951-01-01 00:00:00","Egypt","Exports",583.0
"1951-01-01 00:00:00","Egypt","Imports",696.0
"1951-01-01 00:00:00","Finland","Exports",867.0
"1951-01-01 00:00:00","Finland","Imports",676.0
"1951-01-01 00:00:00","France","Exports",4312.0
"1951-01-01 00:00:00","France","Imports",4712.0
"1951-01-01 00:00:00","Germany","Exports",0.0
"1951-01-01 00:00:00","Germany","Imports",0.0
"1951-01-01 00:00:00","Hungary","Exports",396.0
"1951-01-01 00:00:00","Hungary","Imports",391.0
"1951-01-01 00:00:00","India","Exports",1602.0
"1951-01-01 00:00:00","India","Imports",1639.0
"1951-01-01 00:00:00","Indonesia","Exports",0.0
"1951-01-01 00:00:00","Indonesia","Imports",0.0
"1951-01-01 00:00:00","Israel","Exports",45.0
"1951-01-01 00:00:00","Israel","Imports",380.0
"1951-01-01 00:00:00","Italy","Exports",1648.0
"1951-01-01 00:00:00","Italy","Imports",2168.0
"1951-01-01 00:00:00","Japan","Exports",1351.0
"1951-01-01 00:00:00","Japan","Imports",1988.0
"1951-01-01 00:00:00","Malaysia","Exports",1308.0
"1951-01-01 00:00:00","Malaysia","Imports",757.0
"1951-01-01 00:00:00","Mexico","Exports",644.0
"1951-01-01 00:00:00","Mexico","Imports",822.0
"1951-01-01 00:00:00","Netherlands","Exports",2238.0
"1951-01-01 00:00:00","Netherlands","Imports",3019.0
"1951-01-01 00:00:00","Norway","Exports",620.0
"1951-01-01 00:00:00","Norway","Imports",877.0
"1951-01-01 00:00:00","Peru","Exports",253.0
"1951-01-01 00:00:00","Peru","Imports",280.0
"1951-01-01 00:00:00","Philippines","Exports",428.0
"1951-01-01 00:00:00","Philippines","Imports",538.0
"1951-01-01 00:00:00","Poland","Exports",762.0
"1951-01-01 00:00:00","Poland","Imports",925.0
"1951-01-01 00:00:00","Portugal","Exports",263.0
"1951-01-01 00:00:00","Portugal","Imports",329.0
"1951-01-01 00:00:00","South_Korea","Exports",11.0
"1951-01-01 00:00:00","South_Korea","Imports",76.0
"1951-01-01 00:00:00","Russia","Exports",0.0
"1951-01-01 00:00:00","Russia","Imports",0.0
"1951-01-01 00:00:00","Saudi_Arabia","Exports",500.0
"1951-01-01 00:00:00","Saudi_Arabia","Imports",175.0
"1951-01-01 00:00:00","South_Africa","Exports",1389.0
"1951-01-01 00:00:00","South_Africa","Imports",1407.0
"1951-01-01 00:00:00","Spain","Exports",482.0
"1951-01-01 00:00:00","Spain","Imports",424.0
"1951-01-01 00:00:00","Sweden","Exports",1783.0
"1951-01-01 00:00:00","Sweden","Imports",1777.0
"1951-01-01 00:00:00","Switzerland","Exports",1073.0
"1951-01-01 00:00:00","Switzerland","Imports",1353.0
"1951-01-01 00:00:00","Thailand","Exports",370.0
"1951-01-01 00:00:00","Thailand","Imports",272.0
"1951-01-01 00:00:00","Tunisia","Exports",108.0
"1951-01-01 00:00:00","Tunisia","Imports",182.0
"1951-01-01 00:00:00","Turkiye","Exports",314.0
"1951-01-01 00:00:00","Turkiye","Imports",402.0
"1951-01-01 00:00:00","Ukraine","Exports",0.0
"1951-01-01 00:00:00","Ukraine","Imports",0.0
"1951-01-01 00:00:00","United_Kingdom","Exports",7585.0
"1951-01-01 00:00:00","United_Kingdom","Imports",10931.0
"1951-01-01 00:00:00","United_States","Exports",13967.0
"1951-01-01 00:00:00","United_States","Imports",11922.0
"1951-01-01 00:00:00","Venezuela","Exports",1187.0
"1951-01-01 00:00:00","Venezuela","Imports",765.0
"1951-01-01 00:00:00","Viet_Nam","Exports",0.0
"1951-01-01 00:00:00","Viet_Nam","Imports",0.0
"1952-01-01 00:00:00","Argentina","Exports",688.0
"1952-01-01 00:00:00","Argentina","Imports",1179.0
"1952-01-01 00:00:00","Australia","Exports",1729.0
"1952-01-01 00:00:00","Australia","Imports",1963.0
"1952-01-01 00:00:00","Belgium","Exports",2454.0
"1952-01-01 00:00:00","Belgium","Imports",2462.0
"1952-01-01 00:00:00","Brazil","Exports",1416.0
"1952-01-01 00:00:00","Brazil","Imports",1982.0
"1952-01-01 00:00:00","Canada","Exports",4630.0
"1952-01-01 00:00:00","Canada","Imports",4373.0
"1952-01-01 00:00:00","Chile","Exports",453.0
"1952-01-01 00:00:00","Chile","Imports",370.0
"1952-01-01 00:00:00","China","Exports",820.0
"1952-01-01 00:00:00","China","Imports",1120.0
"1952-01-01 00:00:00","Hong_Kong","Exports",507.0
"1952-01-01 00:00:00","Hong_Kong","Imports",661.0
"1952-01-01 00:00:00","Taiwan","Exports",117.0
"1952-01-01 00:00:00","Taiwan","Imports",187.0
"1952-01-01 00:00:00","Colombia","Exports",473.0
"1952-01-01 00:00:00","Colombia","Imports",415.0
"1952-01-01 00:00:00","Denmark","Exports",850.0
"1952-01-01 00:00:00","Denmark","Imports",962.0
"1952-01-01 00:00:00","Egypt","Exports",431.0
"1952-01-01 00:00:00","Egypt","Imports",654.0
"1952-01-01 00:00:00","Finland","Exports",717.0
"1952-01-01 00:00:00","Finland","Imports",792.0
"1952-01-01 00:00:00","France","Exports",4125.0
"1952-01-01 00:00:00","France","Imports",4670.0
"1952-01-01 00:00:00","Germany","Exports",0.0
"1952-01-01 00:00:00","Germany","Imports",0.0
"1952-01-01 00:00:00","Hungary","Exports",438.0
"1952-01-01 00:00:00","Hungary","Imports",456.0
"1952-01-01 00:00:00","India","Exports",1243.0
"1952-01-01 00:00:00","India","Imports",1627.0
"1952-01-01 00:00:00","Indonesia","Exports",0.0
"1952-01-01 00:00:00","Indonesia","Imports",0.0
"1952-01-01 00:00:00","Israel","Exports",44.0
"1952-01-01 00:00:00","Israel","Imports",321.0
"1952-01-01 00:00:00","Italy","Exports",1387.0
"1952-01-01 00:00:00","Italy","Imports",2336.0
"1952-01-01 00:00:00","Japan","Exports",1269.0
"1952-01-01 00:00:00","Japan","Imports",2023.0
"1952-01-01 00:00:00","Malaysia","Exports",861.0
"1952-01-01 00:00:00","Malaysia","Imports",689.0
"1952-01-01 00:00:00","Mexico","Exports",665.0
"1952-01-01 00:00:00","Mexico","Imports",807.0
"1952-01-01 00:00:00","Netherlands","Exports",2438.0
"1952-01-01 00:00:00","Netherlands","Imports",2605.0
"1952-01-01 00:00:00","Norway","Exports",565.0
"1952-01-01 00:00:00","Norway","Imports",873.0
"1952-01-01 00:00:00","Peru","Exports",239.0
"1952-01-01 00:00:00","Peru","Imports",288.0
"1952-01-01 00:00:00","Philippines","Exports",346.0
"1952-01-01 00:00:00","Philippines","Imports",468.0
"1952-01-01 00:00:00","Poland","Exports",776.0
"1952-01-01 00:00:00","Poland","Imports",863.0
"1952-01-01 00:00:00","Portugal","Exports",237.0
"1952-01-01 00:00:00","Portugal","Imports",347.0
"1952-01-01 00:00:00","South_Korea","Exports",28.0
"1952-01-01 00:00:00","South_Korea","Imports",214.0
"1952-01-01 00:00:00","Russia","Exports",0.0
"1952-01-01 00:00:00","Russia","Imports",0.0
"1952-01-01 00:00:00","Saudi_Arabia","Exports",540.0
"1952-01-01 00:00:00","Saudi_Arabia","Imports",265.0
"1952-01-01 00:00:00","South_Africa","Exports",1370.0
"1952-01-01 00:00:00","South_Africa","Imports",1250.0
"1952-01-01 00:00:00","Spain","Exports",458.0
"1952-01-01 00:00:00","Spain","Imports",572.0
"1952-01-01 00:00:00","Sweden","Exports",1572.0
"1952-01-01 00:00:00","Sweden","Imports",1730.0
"1952-01-01 00:00:00","Switzerland","Exports",1086.0
"1952-01-01 00:00:00","Switzerland","Imports",1191.0
"1952-01-01 00:00:00","Thailand","Exports",329.0
"1952-01-01 00:00:00","Thailand","Imports",304.0
"1952-01-01 00:00:00","Tunisia","Exports",115.0
"1952-01-01 00:00:00","Tunisia","Imports",185.0
"1952-01-01 00:00:00","Turkiye","Exports",363.0
"1952-01-01 00:00:00","Turkiye","Imports",556.0
"1952-01-01 00:00:00","Ukraine","Exports",0.0
"1952-01-01 00:00:00","Ukraine","Imports",0.0
"1952-01-01 00:00:00","United_Kingdom","Exports",7585.0
"1952-01-01 00:00:00","United_Kingdom","Imports",9736.0
"1952-01-01 00:00:00","United_States","Exports",13203.0
"1952-01-01 00:00:00","United_States","Imports",11707.0
"1952-01-01 00:00:00","Venezuela","Exports",1350.0
"1952-01-01 00:00:00","Venezuela","Imports",862.0
"1952-01-01 00:00:00","Viet_Nam","Exports",0.0
"1952-01-01 00:00:00","Viet_Nam","Imports",0.0
"1953-01-01 00:00:00","Argentina","Exports",1125.0
"1953-01-01 00:00:00","Argentina","Imports",795.0
"1953-01-01 00:00:00","Australia","Exports",2017.0
"1953-01-01 00:00:00","Australia","Imports",1447.0
"1953-01-01 00:00:00","Belgium","Exports",2268.0
"1953-01-01 00:00:00","Belgium","Imports",2430.0
"1953-01-01 00:00:00","Brazil","Exports",1539.0
"1953-01-01 00:00:00","Brazil","Imports",1319.0
"1953-01-01 00:00:00","Canada","Exports",4385.0
"1953-01-01 00:00:00","Canada","Imports",4696.0
"1953-01-01 00:00:00","Chile","Exports",408.0
"1953-01-01 00:00:00","Chile","Imports",335.0
"1953-01-01 00:00:00","China","Exports",1020.0
"1953-01-01 00:00:00","China","Imports",1350.0
"1953-01-01 00:00:00","Hong_Kong","Exports",478.0
"1953-01-01 00:00:00","Hong_Kong","Imports",678.0
"1953-01-01 00:00:00","Taiwan","Exports",128.0
"1953-01-01 00:00:00","Taiwan","Imports",192.0
"1953-01-01 00:00:00","Colombia","Exports",596.0
"1953-01-01 00:00:00","Colombia","Imports",547.0
"1953-01-01 00:00:00","Denmark","Exports",894.0
"1953-01-01 00:00:00","Denmark","Imports",1000.0
"1953-01-01 00:00:00","Egypt","Exports",409.0
"1953-01-01 00:00:00","Egypt","Imports",517.0
"1953-01-01 00:00:00","Finland","Exports",572.0
"1953-01-01 00:00:00","Finland","Imports",530.0
"1953-01-01 00:00:00","France","Exports",4096.0
"1953-01-01 00:00:00","France","Imports",4278.0
"1953-01-01 00:00:00","Germany","Exports",0.0
"1953-01-01 00:00:00","Germany","Imports",0.0
"1953-01-01 00:00:00","Hungary","Exports",498.0
"1953-01-01 00:00:00","Hungary","Imports",488.0
"1953-01-01 00:00:00","India","Exports",1101.0
"1953-01-01 00:00:00","India","Imports",1160.0
"1953-01-01 00:00:00","Indonesia","Exports",0.0
"1953-01-01 00:00:00","Indonesia","Imports",0.0
"1953-01-01 00:00:00","Israel","Exports",58.0
"1953-01-01 00:00:00","Israel","Imports",281.0
"1953-01-01 00:00:00","Italy","Exports",1507.0
"1953-01-01 00:00:00","Italy","Imports",2421.0
"1953-01-01 00:00:00","Japan","Exports",1275.0
"1953-01-01 00:00:00","Japan","Imports",2408.0
"1953-01-01 00:00:00","Malaysia","Exports",679.0
"1953-01-01 00:00:00","Malaysia","Imports",625.0
"1953-01-01 00:00:00","Mexico","Exports",591.0
"1953-01-01 00:00:00","Mexico","Imports",808.0
"1953-01-01 00:00:00","Netherlands","Exports",2486.0
"1953-01-01 00:00:00","Netherlands","Imports",2785.0
"1953-01-01 00:00:00","Norway","Exports",508.0
"1953-01-01 00:00:00","Norway","Imports",912.0
"1953-01-01 00:00:00","Peru","Exports",222.0
"1953-01-01 00:00:00","Peru","Imports",293.0
"1953-01-01 00:00:00","Philippines","Exports",399.0
"1953-01-01 00:00:00","Philippines","Imports",502.0
"1953-01-01 00:00:00","Poland","Exports",831.0
"1953-01-01 00:00:00","Poland","Imports",774.0
"1953-01-01 00:00:00","Portugal","Exports",219.0
"1953-01-01 00:00:00","Portugal","Imports",331.0
"1953-01-01 00:00:00","South_Korea","Exports",40.0
"1953-01-01 00:00:00","South_Korea","Imports",345.0
"1953-01-01 00:00:00","Russia","Exports",0.0
"1953-01-01 00:00:00","Russia","Imports",0.0
"1953-01-01 00:00:00","Saudi_Arabia","Exports",555.0
"1953-01-01 00:00:00","Saudi_Arabia","Imports",220.0
"1953-01-01 00:00:00","South_Africa","Exports",1380.0
"1953-01-01 00:00:00","South_Africa","Imports",1270.0
"1953-01-01 00:00:00","Spain","Exports",482.0
"1953-01-01 00:00:00","Spain","Imports",596.0
"1953-01-01 00:00:00","Sweden","Exports",1481.0
"1953-01-01 00:00:00","Sweden","Imports",1580.0
"1953-01-01 00:00:00","Switzerland","Exports",1181.0
"1953-01-01 00:00:00","Switzerland","Imports",1160.0
"1953-01-01 00:00:00","Thailand","Exports",323.0
"1953-01-01 00:00:00","Thailand","Imports",330.0
"1953-01-01 00:00:00","Tunisia","Exports",112.0
"1953-01-01 00:00:00","Tunisia","Imports",172.0
"1953-01-01 00:00:00","Turkiye","Exports",396.0
"1953-01-01 00:00:00","Turkiye","Imports",533.0
"1953-01-01 00:00:00","Ukraine","Exports",0.0
"1953-01-01 00:00:00","Ukraine","Imports",0.0
"1953-01-01 00:00:00","United_Kingdom","Exports",7526.0
"1953-01-01 00:00:00","United_Kingdom","Imports",9360.0
"1953-01-01 00:00:00","United_States","Exports",12262.0
"1953-01-01 00:00:00","United_States","Imports",11846.0
"1953-01-01 00:00:00","Venezuela","Exports",1463.0
"1953-01-01 00:00:00","Venezuela","Imports",961.0
"1953-01-01 00:00:00","Viet_Nam","Exports",0.0
"1953-01-01 00:00:00","Viet_Nam","Imports",0.0
"1954-01-01 00:00:00","Argentina","Exports",1027.0
"1954-01-01 00:00:00","Argentina","Imports",979.0
"1954-01-01 00:00:00","Australia","Exports",1677.0
"1954-01-01 00:00:00","Australia","Imports",1851.0
"1954-01-01 00:00:00","Belgium","Exports",2314.0
"1954-01-01 00:00:00","Belgium","Imports",2558.0
"1954-01-01 00:00:00","Brazil","Exports",1562.0
"1954-01-01 00:00:00","Brazil","Imports",1634.0
"1954-01-01 00:00:00","Canada","Exports",4197.0
"1954-01-01 00:00:00","Canada","Imports",4436.0
"1954-01-01 00:00:00","Chile","Exports",398.0
"1954-01-01 00:00:00","Chile","Imports",345.0
"1954-01-01 00:00:00","China","Exports",1150.0
"1954-01-01 00:00:00","China","Imports",1290.0
"1954-01-01 00:00:00","Hong_Kong","Exports",423.0
"1954-01-01 00:00:00","Hong_Kong","Imports",601.0
"1954-01-01 00:00:00","Taiwan","Exports",93.0
"1954-01-01 00:00:00","Taiwan","Imports",211.0
"1954-01-01 00:00:00","Colombia","Exports",657.0
"1954-01-01 00:00:00","Colombia","Imports",672.0
"1954-01-01 00:00:00","Denmark","Exports",963.0
"1954-01-01 00:00:00","Denmark","Imports",1170.0
"1954-01-01 00:00:00","Egypt","Exports",413.0
"1954-01-01 00:00:00","Egypt","Imports",472.0
"1954-01-01 00:00:00","Finland","Exports",681.0
"1954-01-01 00:00:00","Finland","Imports",661.0
"1954-01-01 00:00:00","France","Exports",4397.0
"1954-01-01 00:00:00","France","Imports",4469.0
"1954-01-01 00:00:00","Germany","Exports",0.0
"1954-01-01 00:00:00","Germany","Imports",0.0
"1954-01-01 00:00:00","Hungary","Exports",519.0
"1954-01-01 00:00:00","Hungary","Imports",532.0
"1954-01-01 00:00:00","India","Exports",1169.0
"1954-01-01 00:00:00","India","Imports",1252.0
"1954-01-01 00:00:00","Indonesia","Exports",0.0
"1954-01-01 00:00:00","Indonesia","Imports",0.0
"1954-01-01 00:00:00","Israel","Exports",86.0
"1954-01-01 00:00:00","Israel","Imports",290.0
"1954-01-01 00:00:00","Italy","Exports",1638.0
"1954-01-01 00:00:00","Italy","Imports",2438.0
"1954-01-01 00:00:00","Japan","Exports",1629.0
"1954-01-01 00:00:00","Japan","Imports",2399.0
"1954-01-01 00:00:00","Malaysia","Exports",694.0
"1954-01-01 00:00:00","Malaysia","Imports",583.0
"1954-01-01 00:00:00","Mexico","Exports",659.0
"1954-01-01 00:00:00","Mexico","Imports",714.0
"1954-01-01 00:00:00","Netherlands","Exports",2754.0
"1954-01-01 00:00:00","Netherlands","Imports",3342.0
"1954-01-01 00:00:00","Norway","Exports",583.0
"1954-01-01 00:00:00","Norway","Imports",1019.0
"1954-01-01 00:00:00","Peru","Exports",248.0
"1954-01-01 00:00:00","Peru","Imports",250.0
"1954-01-01 00:00:00","Philippines","Exports",401.0
"1954-01-01 00:00:00","Philippines","Imports",538.0
"1954-01-01 00:00:00","Poland","Exports",869.0
"1954-01-01 00:00:00","Poland","Imports",904.0
"1954-01-01 00:00:00","Portugal","Exports",254.0
"1954-01-01 00:00:00","Portugal","Imports",351.0
"1954-01-01 00:00:00","South_Korea","Exports",24.0
"1954-01-01 00:00:00","South_Korea","Imports",243.0
"1954-01-01 00:00:00","Russia","Exports",0.0
"1954-01-01 00:00:00","Russia","Imports",0.0
"1954-01-01 00:00:00","Saudi_Arabia","Exports",631.0
"1954-01-01 00:00:00","Saudi_Arabia","Imports",180.0
"1954-01-01 00:00:00","South_Africa","Exports",1362.0
"1954-01-01 00:00:00","South_Africa","Imports",1305.0
"1954-01-01 00:00:00","Spain","Exports",464.0
"1954-01-01 00:00:00","Spain","Imports",614.0
"1954-01-01 00:00:00","Sweden","Exports",1584.0
"1954-01-01 00:00:00","Sweden","Imports",1777.0
"1954-01-01 00:00:00","Switzerland","Exports",1206.0
"1954-01-01 00:00:00","Switzerland","Imports",1279.0
"1954-01-01 00:00:00","Thailand","Exports",283.0
"1954-01-01 00:00:00","Thailand","Imports",311.0
"1954-01-01 00:00:00","Tunisia","Exports",127.0
"1954-01-01 00:00:00","Tunisia","Imports",170.0
"1954-01-01 00:00:00","Turkiye","Exports",335.0
"1954-01-01 00:00:00","Turkiye","Imports",478.0
"1954-01-01 00:00:00","Ukraine","Exports",0.0
"1954-01-01 00:00:00","Ukraine","Imports",0.0
"1954-01-01 00:00:00","United_Kingdom","Exports",7770.0
"1954-01-01 00:00:00","United_Kingdom","Imports",9444.0
"1954-01-01 00:00:00","United_States","Exports",12854.0
"1954-01-01 00:00:00","United_States","Imports",11140.0
"1954-01-01 00:00:00","Venezuela","Exports",1396.0
"1954-01-01 00:00:00","Venezuela","Imports",937.0
"1954-01-01 00:00:00","Viet_Nam","Exports",0.0
"1954-01-01 00:00:00","Viet_Nam","Imports",0.0
"1955-01-01 00:00:00","Argentina","Exports",929.0
"1955-01-01 00:00:00","Argentina","Imports",1173.0
"1955-01-01 00:00:00","Australia","Exports",1787.0
"1955-01-01 00:00:00","Australia","Imports",2139.0
"1955-01-01 00:00:00","Belgium","Exports",2782.0
"1955-01-01 00:00:00","Belgium","Imports",2854.0
"1955-01-01 00:00:00","Brazil","Exports",1423.0
"1955-01-01 00:00:00","Brazil","Imports",1307.0
"1955-01-01 00:00:00","Canada","Exports",4574.0
"1955-01-01 00:00:00","Canada","Imports",4996.0
"1955-01-01 00:00:00","Chile","Exports",472.0
"1955-01-01 00:00:00","Chile","Imports",448.0
"1955-01-01 00:00:00","China","Exports",1410.0
"1955-01-01 00:00:00","China","Imports",1730.0
"1955-01-01 00:00:00","Hong_Kong","Exports",443.0
"1955-01-01 00:00:00","Hong_Kong","Imports",651.0
"1955-01-01 00:00:00","Taiwan","Exports",123.0
"1955-01-01 00:00:00","Taiwan","Imports",201.0
"1955-01-01 00:00:00","Colombia","Exports",584.0
"1955-01-01 00:00:00","Colombia","Imports",669.0
"1955-01-01 00:00:00","Denmark","Exports",1057.0
"1955-01-01 00:00:00","Denmark","Imports",1178.0
"1955-01-01 00:00:00","Egypt","Exports",419.0
"1955-01-01 00:00:00","Egypt","Imports",538.0
"1955-01-01 00:00:00","Finland","Exports",788.0
"1955-01-01 00:00:00","Finland","Imports",769.0
"1955-01-01 00:00:00","France","Exports",5053.0
"1955-01-01 00:00:00","France","Imports",4910.0
"1955-01-01 00:00:00","Germany","Exports",0.0
"1955-01-01 00:00:00","Germany","Imports",0.0
"1955-01-01 00:00:00","Hungary","Exports",601.0
"1955-01-01 00:00:00","Hungary","Imports",554.0
"1955-01-01 00:00:00","India","Exports",1263.0
"1955-01-01 00:00:00","India","Imports",1356.0
"1955-01-01 00:00:00","Indonesia","Exports",0.0
"1955-01-01 00:00:00","Indonesia","Imports",0.0
"1955-01-01 00:00:00","Israel","Exports",89.0
"1955-01-01 00:00:00","Israel","Imports",337.0
"1955-01-01 00:00:00","Italy","Exports",1856.0
"1955-01-01 00:00:00","Italy","Imports",2712.0
"1955-01-01 00:00:00","Japan","Exports",2011.0
"1955-01-01 00:00:00","Japan","Imports",2471.0
"1955-01-01 00:00:00","Malaysia","Exports",963.0
"1955-01-01 00:00:00","Malaysia","Imports",676.0
"1955-01-01 00:00:00","Mexico","Exports",785.0
"1955-01-01 00:00:00","Mexico","Imports",874.0
"1955-01-01 00:00:00","Netherlands","Exports",3058.0
"1955-01-01 00:00:00","Netherlands","Imports",3788.0
"1955-01-01 00:00:00","Norway","Exports",634.0
"1955-01-01 00:00:00","Norway","Imports",1090.0
"1955-01-01 00:00:00","Peru","Exports",271.0
"1955-01-01 00:00:00","Peru","Imports",303.0
"1955-01-01 00:00:00","Philippines","Exports",401.0
"1955-01-01 00:00:00","Philippines","Imports",607.0
"1955-01-01 00:00:00","Poland","Exports",920.0
"1955-01-01 00:00:00","Poland","Imports",932.0
"1955-01-01 00:00:00","Portugal","Exports",284.0
"1955-01-01 00:00:00","Portugal","Imports",398.0
"1955-01-01 00:00:00","South_Korea","Exports",18.0
"1955-01-01 00:00:00","South_Korea","Imports",341.0
"1955-01-01 00:00:00","Russia","Exports",0.0
"1955-01-01 00:00:00","Russia","Imports",0.0
"1955-01-01 00:00:00","Saudi_Arabia","Exports",542.0
"1955-01-01 00:00:00","Saudi_Arabia","Imports",245.0
"1955-01-01 00:00:00","South_Africa","Exports",1545.0
"1955-01-01 00:00:00","South_Africa","Imports",1421.0
"1955-01-01 00:00:00","Spain","Exports",446.0
"1955-01-01 00:00:00","Spain","Imports",617.0
"1955-01-01 00:00:00","Sweden","Exports",1727.0
"1955-01-01 00:00:00","Sweden","Imports",1998.0
"1955-01-01 00:00:00","Switzerland","Exports",1286.0
"1955-01-01 00:00:00","Switzerland","Imports",1464.0
"1955-01-01 00:00:00","Thailand","Exports",335.0
"1955-01-01 00:00:00","Thailand","Imports",338.0
"1955-01-01 00:00:00","Tunisia","Exports",107.0
"1955-01-01 00:00:00","Tunisia","Imports",181.0
"1955-01-01 00:00:00","Turkiye","Exports",313.0
"1955-01-01 00:00:00","Turkiye","Imports",498.0
"1955-01-01 00:00:00","Ukraine","Exports",0.0
"1955-01-01 00:00:00","Ukraine","Imports",0.0
"1955-01-01 00:00:00","United_Kingdom","Exports",8467.0
"1955-01-01 00:00:00","United_Kingdom","Imports",10875.0
"1955-01-01 00:00:00","United_States","Exports",14291.0
"1955-01-01 00:00:00","United_States","Imports",12489.0
"1955-01-01 00:00:00","Venezuela","Exports",1819.0
"1955-01-01 00:00:00","Venezuela","Imports",1098.0
"1955-01-01 00:00:00","Viet_Nam","Exports",0.0
"1955-01-01 00:00:00","Viet_Nam","Imports",0.0
"1956-01-01 00:00:00","Argentina","Exports",944.0
"1956-01-01 00:00:00","Argentina","Imports",1128.0
"1956-01-01 00:00:00","Australia","Exports",1905.0
"1956-01-01 00:00:00","Australia","Imports",1933.0
"1956-01-01 00:00:00","Belgium","Exports",3172.0
"1956-01-01 00:00:00","Belgium","Imports",3288.0
"1956-01-01 00:00:00","Brazil","Exports",1482.0
"1956-01-01 00:00:00","Brazil","Imports",1234.0
"1956-01-01 00:00:00","Canada","Exports",5157.0
"1956-01-01 00:00:00","Canada","Imports",6111.0
"1956-01-01 00:00:00","Chile","Exports",542.0
"1956-01-01 00:00:00","Chile","Imports",353.0
"1956-01-01 00:00:00","China","Exports",1650.0
"1956-01-01 00:00:00","China","Imports",1560.0
"1956-01-01 00:00:00","Hong_Kong","Exports",562.0
"1956-01-01 00:00:00","Hong_Kong","Imports",799.0
"1956-01-01 00:00:00","Taiwan","Exports",119.0
"1956-01-01 00:00:00","Taiwan","Imports",194.0
"1956-01-01 00:00:00","Colombia","Exports",537.0
"1956-01-01 00:00:00","Colombia","Imports",657.0
"1956-01-01 00:00:00","Denmark","Exports",1112.0
"1956-01-01 00:00:00","Denmark","Imports",1311.0
"1956-01-01 00:00:00","Egypt","Exports",409.0
"1956-01-01 00:00:00","Egypt","Imports",534.0
"1956-01-01 00:00:00","Finland","Exports",774.0
"1956-01-01 00:00:00","Finland","Imports",885.0
"1956-01-01 00:00:00","France","Exports",4736.0
"1956-01-01 00:00:00","France","Imports",5783.0
"1956-01-01 00:00:00","Germany","Exports",0.0
"1956-01-01 00:00:00","Germany","Imports",0.0
"1956-01-01 00:00:00","Hungary","Exports",487.0
"1956-01-01 00:00:00","Hungary","Imports",481.0
"1956-01-01 00:00:00","India","Exports",1257.0
"1956-01-01 00:00:00","India","Imports",1661.0
"1956-01-01 00:00:00","Indonesia","Exports",0.0
"1956-01-01 00:00:00","Indonesia","Imports",0.0
"1956-01-01 00:00:00","Israel","Exports",107.0
"1956-01-01 00:00:00","Israel","Imports",378.0
"1956-01-01 00:00:00","Italy","Exports",2146.0
"1956-01-01 00:00:00","Italy","Imports",3174.0
"1956-01-01 00:00:00","Japan","Exports",2501.0
"1956-01-01 00:00:00","Japan","Imports",3230.0
"1956-01-01 00:00:00","Malaysia","Exports",936.0
"1956-01-01 00:00:00","Malaysia","Imports",760.0
"1956-01-01 00:00:00","Mexico","Exports",834.0
"1956-01-01 00:00:00","Mexico","Imports",1072.0
"1956-01-01 00:00:00","Netherlands","Exports",3268.0
"1956-01-01 00:00:00","Netherlands","Imports",4397.0
"1956-01-01 00:00:00","Norway","Exports",772.0
"1956-01-01 00:00:00","Norway","Imports",1211.0
"1956-01-01 00:00:00","Peru","Exports",311.0
"1956-01-01 00:00:00","Peru","Imports",361.0
"1956-01-01 00:00:00","Philippines","Exports",453.0
"1956-01-01 00:00:00","Philippines","Imports",569.0
"1956-01-01 00:00:00","Poland","Exports",985.0
"1956-01-01 00:00:00","Poland","Imports",1022.0
"1956-01-01 00:00:00","Portugal","Exports",300.0
"1956-01-01 00:00:00","Portugal","Imports",443.0
"1956-01-01 00:00:00","South_Korea","Exports",25.0
"1956-01-01 00:00:00","South_Korea","Imports",386.0
"1956-01-01 00:00:00","Russia","Exports",0.0
"1956-01-01 00:00:00","Russia","Imports",0.0
"1956-01-01 00:00:00","Saudi_Arabia","Exports",613.0
"1956-01-01 00:00:00","Saudi_Arabia","Imports",280.0
"1956-01-01 00:00:00","South_Africa","Exports",1707.0
"1956-01-01 00:00:00","South_Africa","Imports",1455.0
"1956-01-01 00:00:00","Spain","Exports",442.0
"1956-01-01 00:00:00","Spain","Imports",767.0
"1956-01-01 00:00:00","Sweden","Exports",1946.0
"1956-01-01 00:00:00","Sweden","Imports",2210.0
"1956-01-01 00:00:00","Switzerland","Exports",1419.0
"1956-01-01 00:00:00","Switzerland","Imports",1737.0
"1956-01-01 00:00:00","Thailand","Exports",361.0
"1956-01-01 00:00:00","Thailand","Imports",365.0
"1956-01-01 00:00:00","Tunisia","Exports",112.0
"1956-01-01 00:00:00","Tunisia","Imports",194.0
"1956-01-01 00:00:00","Turkiye","Exports",305.0
"1956-01-01 00:00:00","Turkiye","Imports",407.0
"1956-01-01 00:00:00","Ukraine","Exports",0.0
"1956-01-01 00:00:00","Ukraine","Imports",0.0
"1956-01-01 00:00:00","United_Kingdom","Exports",9290.0
"1956-01-01 00:00:00","United_Kingdom","Imports",10881.0
"1956-01-01 00:00:00","United_States","Exports",17333.0
"1956-01-01 00:00:00","United_States","Imports",13987.0
"1956-01-01 00:00:00","Venezuela","Exports",2099.0
"1956-01-01 00:00:00","Venezuela","Imports",1321.0
"1956-01-01 00:00:00","Viet_Nam","Exports",0.0
"1956-01-01 00:00:00","Viet_Nam","Imports",0.0
"1957-01-01 00:00:00","Argentina","Exports",975.0
"1957-01-01 00:00:00","Argentina","Imports",1310.0
"1957-01-01 00:00:00","Australia","Exports",2230.0
"1957-01-01 00:00:00","Australia","Imports",1919.0
"1957-01-01 00:00:00","Belgium","Exports",3186.0
"1957-01-01 00:00:00","Belgium","Imports",3444.0
"1957-01-01 00:00:00","Brazil","Exports",1392.0
"1957-01-01 00:00:00","Brazil","Imports",1489.0
"1957-01-01 00:00:00","Canada","Exports",5345.0
"1957-01-01 00:00:00","Canada","Imports",6196.0
"1957-01-01 00:00:00","Chile","Exports",455.0
"1957-01-01 00:00:00","Chile","Imports",441.0
"1957-01-01 00:00:00","China","Exports",2214.0
"1957-01-01 00:00:00","China","Imports",2031.0
"1957-01-01 00:00:00","Hong_Kong","Exports",528.0
"1957-01-01 00:00:00","Hong_Kong","Imports",901.0
"1957-01-01 00:00:00","Taiwan","Exports",143.0
"1957-01-01 00:00:00","Taiwan","Imports",212.0
"1957-01-01 00:00:00","Colombia","Exports",511.0
"1957-01-01 00:00:00","Colombia","Imports",483.0
"1957-01-01 00:00:00","Denmark","Exports",1173.0
"1957-01-01 00:00:00","Denmark","Imports",1358.0
"1957-01-01 00:00:00","Egypt","Exports",493.0
"1957-01-01 00:00:00","Egypt","Imports",524.0
"1957-01-01 00:00:00","Finland","Exports",837.0
"1957-01-01 00:00:00","Finland","Imports",901.0
"1957-01-01 00:00:00","France","Exports",5332.0
"1957-01-01 00:00:00","France","Imports",6448.0
"1957-01-01 00:00:00","Germany","Exports",0.0
"1957-01-01 00:00:00","Germany","Imports",0.0
"1957-01-01 00:00:00","Hungary","Exports",488.0
"1957-01-01 00:00:00","Hungary","Imports",683.0
"1957-01-01 00:00:00","India","Exports",1380.0
"1957-01-01 00:00:00","India","Imports",2005.0
"1957-01-01 00:00:00","Indonesia","Exports",0.0
"1957-01-01 00:00:00","Indonesia","Imports",0.0
"1957-01-01 00:00:00","Israel","Exports",141.0
"1957-01-01 00:00:00","Israel","Imports",436.0
"1957-01-01 00:00:00","Italy","Exports",2547.0
"1957-01-01 00:00:00","Italy","Imports",3674.0
"1957-01-01 00:00:00","Japan","Exports",2858.0
"1957-01-01 00:00:00","Japan","Imports",4286.0
"1957-01-01 00:00:00","Malaysia","Exports",913.0
"1957-01-01 00:00:00","Malaysia","Imports",782.0
"1957-01-01 00:00:00","Mexico","Exports",735.0
"1957-01-01 00:00:00","Mexico","Imports",1155.0
"1957-01-01 00:00:00","Netherlands","Exports",3578.0
"1957-01-01 00:00:00","Netherlands","Imports",4846.0
"1957-01-01 00:00:00","Norway","Exports",821.0
"1957-01-01 00:00:00","Norway","Imports",1274.0
"1957-01-01 00:00:00","Peru","Exports",330.0
"1957-01-01 00:00:00","Peru","Imports",400.0
"1957-01-01 00:00:00","Philippines","Exports",432.0
"1957-01-01 00:00:00","Philippines","Imports",687.0
"1957-01-01 00:00:00","Poland","Exports",975.0
"1957-01-01 00:00:00","Poland","Imports",1251.0
"1957-01-01 00:00:00","Portugal","Exports",288.0
"1957-01-01 00:00:00","Portugal","Imports",502.0
"1957-01-01 00:00:00","South_Korea","Exports",23.0
"1957-01-01 00:00:00","South_Korea","Imports",442.0
"1957-01-01 00:00:00","Russia","Exports",0.0
"1957-01-01 00:00:00","Russia","Imports",0.0
"1957-01-01 00:00:00","Saudi_Arabia","Exports",599.0
"1957-01-01 00:00:00","Saudi_Arabia","Imports",290.0
"1957-01-01 00:00:00","South_Africa","Exports",1881.0
"1957-01-01 00:00:00","South_Africa","Imports",1616.0
"1957-01-01 00:00:00","Spain","Exports",476.0
"1957-01-01 00:00:00","Spain","Imports",862.0
"1957-01-01 00:00:00","Sweden","Exports",2138.0
"1957-01-01 00:00:00","Sweden","Imports",2429.0
"1957-01-01 00:00:00","Switzerland","Exports",1535.0
"1957-01-01 00:00:00","Switzerland","Imports",1932.0
"1957-01-01 00:00:00","Thailand","Exports",363.0
"1957-01-01 00:00:00","Thailand","Imports",411.0
"1957-01-01 00:00:00","Tunisia","Exports",151.0
"1957-01-01 00:00:00","Tunisia","Imports",177.0
"1957-01-01 00:00:00","Turkiye","Exports",345.0
"1957-01-01 00:00:00","Turkiye","Imports",397.0
"1957-01-01 00:00:00","Ukraine","Exports",0.0
"1957-01-01 00:00:00","Ukraine","Imports",0.0
"1957-01-01 00:00:00","United_Kingdom","Exports",9811.0
"1957-01-01 00:00:00","United_Kingdom","Imports",11589.0
"1957-01-01 00:00:00","United_States","Exports",19495.0
"1957-01-01 00:00:00","United_States","Imports",14620.0
"1957-01-01 00:00:00","Venezuela","Exports",2542.0
"1957-01-01 00:00:00","Venezuela","Imports",1869.0
"1957-01-01 00:00:00","Viet_Nam","Exports",0.0
"1957-01-01 00:00:00","Viet_Nam","Imports",0.0
"1958-01-01 00:00:00","Argentina","Exports",994.0
"1958-01-01 00:00:00","Argentina","Imports",1233.0
"1958-01-01 00:00:00","Australia","Exports",1664.0
"1958-01-01 00:00:00","Australia","Imports",2016.0
"1958-01-01 00:00:00","Belgium","Exports",3054.0
"1958-01-01 00:00:00","Belgium","Imports",3134.0
"1958-01-01 00:00:00","Brazil","Exports",1243.0
"1958-01-01 00:00:00","Brazil","Imports",1353.0
"1958-01-01 00:00:00","Canada","Exports",5273.0
"1958-01-01 00:00:00","Canada","Imports",5613.0
"1958-01-01 00:00:00","Chile","Exports",386.0
"1958-01-01 00:00:00","Chile","Imports",494.0
"1958-01-01 00:00:00","China","Exports",2726.0
"1958-01-01 00:00:00","China","Imports",2506.0
"1958-01-01 00:00:00","Hong_Kong","Exports",523.0
"1958-01-01 00:00:00","Hong_Kong","Imports",804.0
"1958-01-01 00:00:00","Taiwan","Exports",156.0
"1958-01-01 00:00:00","Taiwan","Imports",226.0
"1958-01-01 00:00:00","Colombia","Exports",461.0
"1958-01-01 00:00:00","Colombia","Imports",400.0
"1958-01-01 00:00:00","Denmark","Exports",1268.0
"1958-01-01 00:00:00","Denmark","Imports",1347.0
"1958-01-01 00:00:00","Egypt","Exports",478.0
"1958-01-01 00:00:00","Egypt","Imports",690.0
"1958-01-01 00:00:00","Finland","Exports",774.0
"1958-01-01 00:00:00","Finland","Imports",730.0
"1958-01-01 00:00:00","France","Exports",5224.0
"1958-01-01 00:00:00","France","Imports",5761.0
"1958-01-01 00:00:00","Germany","Exports",0.0
"1958-01-01 00:00:00","Germany","Imports",0.0
"1958-01-01 00:00:00","Hungary","Exports",684.0
"1958-01-01 00:00:00","Hungary","Imports",631.0
"1958-01-01 00:00:00","India","Exports",1216.0
"1958-01-01 00:00:00","India","Imports",1643.0
"1958-01-01 00:00:00","Indonesia","Exports",0.0
"1958-01-01 00:00:00","Indonesia","Imports",0.0
"1958-01-01 00:00:00","Israel","Exports",141.0
"1958-01-01 00:00:00","Israel","Imports",423.0
"1958-01-01 00:00:00","Italy","Exports",2577.0
"1958-01-01 00:00:00","Italy","Imports",3219.0
"1958-01-01 00:00:00","Japan","Exports",2873.0
"1958-01-01 00:00:00","Japan","Imports",3033.0
"1958-01-01 00:00:00","Malaysia","Exports",808.0
"1958-01-01 00:00:00","Malaysia","Imports",723.0
"1958-01-01 00:00:00","Mexico","Exports",736.0
"1958-01-01 00:00:00","Mexico","Imports",1129.0
"1958-01-01 00:00:00","Netherlands","Exports",3699.0
"1958-01-01 00:00:00","Netherlands","Imports",4273.0
"1958-01-01 00:00:00","Norway","Exports",744.0
"1958-01-01 00:00:00","Norway","Imports",1310.0
"1958-01-01 00:00:00","Peru","Exports",290.0
"1958-01-01 00:00:00","Peru","Imports",325.0
"1958-01-01 00:00:00","Philippines","Exports",494.0
"1958-01-01 00:00:00","Philippines","Imports",628.0
"1958-01-01 00:00:00","Poland","Exports",1060.0
"1958-01-01 00:00:00","Poland","Imports",1227.0
"1958-01-01 00:00:00","Portugal","Exports",289.0
"1958-01-01 00:00:00","Portugal","Imports",480.0
"1958-01-01 00:00:00","South_Korea","Exports",14.0
"1958-01-01 00:00:00","South_Korea","Imports",378.0
"1958-01-01 00:00:00","Russia","Exports",0.0
"1958-01-01 00:00:00","Russia","Imports",0.0
"1958-01-01 00:00:00","Saudi_Arabia","Exports",885.0
"1958-01-01 00:00:00","Saudi_Arabia","Imports",270.0
"1958-01-01 00:00:00","South_Africa","Exports",1725.0
"1958-01-01 00:00:00","South_Africa","Imports",1636.0
"1958-01-01 00:00:00","Spain","Exports",486.0
"1958-01-01 00:00:00","Spain","Imports",872.0
"1958-01-01 00:00:00","Sweden","Exports",2087.0
"1958-01-01 00:00:00","Sweden","Imports",2368.0
"1958-01-01 00:00:00","Switzerland","Exports",1520.0
"1958-01-01 00:00:00","Switzerland","Imports",1677.0
"1958-01-01 00:00:00","Thailand","Exports",307.0
"1958-01-01 00:00:00","Thailand","Imports",392.0
"1958-01-01 00:00:00","Tunisia","Exports",153.0
"1958-01-01 00:00:00","Tunisia","Imports",155.0
"1958-01-01 00:00:00","Turkiye","Exports",247.0
"1958-01-01 00:00:00","Turkiye","Imports",315.0
"1958-01-01 00:00:00","Ukraine","Exports",0.0
"1958-01-01 00:00:00","Ukraine","Imports",0.0
"1958-01-01 00:00:00","United_Kingdom","Exports",9495.0
"1958-01-01 00:00:00","United_Kingdom","Imports",10735.0
"1958-01-01 00:00:00","United_States","Exports",16367.0
"1958-01-01 00:00:00","United_States","Imports",14618.0
"1958-01-01 00:00:00","Venezuela","Exports",2326.0
"1958-01-01 00:00:00","Venezuela","Imports",1599.0
"1958-01-01 00:00:00","Viet_Nam","Exports",0.0
"1958-01-01 00:00:00","Viet_Nam","Imports",0.0
"1959-01-01 00:00:00","Argentina","Exports",1009.0
"1959-01-01 00:00:00","Argentina","Imports",993.0
"1959-01-01 00:00:00","Australia","Exports",2007.0
"1959-01-01 00:00:00","Australia","Imports",2089.0
"1959-01-01 00:00:00","Belgium","Exports",3306.0
"1959-01-01 00:00:00","Belgium","Imports",3452.0
"1959-01-01 00:00:00","Brazil","Exports",1282.0
"1959-01-01 00:00:00","Brazil","Imports",1374.0
"1959-01-01 00:00:00","Canada","Exports",5617.0
"1959-01-01 00:00:00","Canada","Imports",6143.0
"1959-01-01 00:00:00","Chile","Exports",495.0
"1959-01-01 00:00:00","Chile","Imports",491.0
"1959-01-01 00:00:00","China","Exports",3172.0
"1959-01-01 00:00:00","China","Imports",2892.0
"1959-01-01 00:00:00","Hong_Kong","Exports",574.0
"1959-01-01 00:00:00","Hong_Kong","Imports",866.0
"1959-01-01 00:00:00","Taiwan","Exports",156.0
"1959-01-01 00:00:00","Taiwan","Imports",213.0
"1959-01-01 00:00:00","Colombia","Exports",473.0
"1959-01-01 00:00:00","Colombia","Imports",415.0
"1959-01-01 00:00:00","Denmark","Exports",1398.0
"1959-01-01 00:00:00","Denmark","Imports",1602.0
"1959-01-01 00:00:00","Egypt","Exports",461.0
"1959-01-01 00:00:00","Egypt","Imports",638.0
"1959-01-01 00:00:00","Finland","Exports",835.0
"1959-01-01 00:00:00","Finland","Imports",835.0
"1959-01-01 00:00:00","France","Exports",5717.0
"1959-01-01 00:00:00","France","Imports",5230.0
"1959-01-01 00:00:00","Germany","Exports",0.0
"1959-01-01 00:00:00","Germany","Imports",0.0
"1959-01-01 00:00:00","Hungary","Exports",770.0
"1959-01-01 00:00:00","Hungary","Imports",793.0
"1959-01-01 00:00:00","India","Exports",1323.0
"1959-01-01 00:00:00","India","Imports",1990.0
"1959-01-01 00:00:00","Indonesia","Exports",0.0
"1959-01-01 00:00:00","Indonesia","Imports",0.0
"1959-01-01 00:00:00","Israel","Exports",179.0
"1959-01-01 00:00:00","Israel","Imports",436.0
"1959-01-01 00:00:00","Italy","Exports",2929.0
"1959-01-01 00:00:00","Italy","Imports",3389.0
"1959-01-01 00:00:00","Japan","Exports",3456.0
"1959-01-01 00:00:00","Japan","Imports",3599.0
"1959-01-01 00:00:00","Malaysia","Exports",1039.0
"1959-01-01 00:00:00","Malaysia","Imports",766.0
"1959-01-01 00:00:00","Mexico","Exports",753.0
"1959-01-01 00:00:00","Mexico","Imports",1007.0
"1959-01-01 00:00:00","Netherlands","Exports",4135.0
"1959-01-01 00:00:00","Netherlands","Imports",4662.0
"1959-01-01 00:00:00","Norway","Exports",810.0
"1959-01-01 00:00:00","Norway","Imports",1323.0
"1959-01-01 00:00:00","Peru","Exports",314.0
"1959-01-01 00:00:00","Peru","Imports",292.0
"1959-01-01 00:00:00","Philippines","Exports",530.0
"1959-01-01 00:00:00","Philippines","Imports",578.0
"1959-01-01 00:00:00","Poland","Exports",1145.0
"1959-01-01 00:00:00","Poland","Imports",1420.0
"1959-01-01 00:00:00","Portugal","Exports",290.0
"1959-01-01 00:00:00","Portugal","Imports",476.0
"1959-01-01 00:00:00","South_Korea","Exports",20.0
"1959-01-01 00:00:00","South_Korea","Imports",304.0
"1959-01-01 00:00:00","Russia","Exports",0.0
"1959-01-01 00:00:00","Russia","Imports",0.0
"1959-01-01 00:00:00","Saudi_Arabia","Exports",957.0
"1959-01-01 00:00:00","Saudi_Arabia","Imports",255.0
"1959-01-01 00:00:00","South_Africa","Exports",1921.0
"1959-01-01 00:00:00","South_Africa","Imports",1437.0
"1959-01-01 00:00:00","Spain","Exports",501.0
"1959-01-01 00:00:00","Spain","Imports",795.0
"1959-01-01 00:00:00","Sweden","Exports",2208.0
"1959-01-01 00:00:00","Sweden","Imports",2414.0
"1959-01-01 00:00:00","Switzerland","Exports",1663.0
"1959-01-01 00:00:00","Switzerland","Imports",1891.0
"1959-01-01 00:00:00","Thailand","Exports",357.0
"1959-01-01 00:00:00","Thailand","Imports",425.0
"1959-01-01 00:00:00","Tunisia","Exports",142.0
"1959-01-01 00:00:00","Tunisia","Imports",153.0
"1959-01-01 00:00:00","Turkiye","Exports",354.0
"1959-01-01 00:00:00","Turkiye","Imports",470.0
"1959-01-01 00:00:00","Ukraine","Exports",0.0
"1959-01-01 00:00:00","Ukraine","Imports",0.0
"1959-01-01 00:00:00","United_Kingdom","Exports",9951.0
"1959-01-01 00:00:00","United_Kingdom","Imports",11444.0
"1959-01-01 00:00:00","United_States","Exports",16407.0
"1959-01-01 00:00:00","United_States","Imports",17008.0
"1959-01-01 00:00:00","Venezuela","Exports",2214.0
"1959-01-01 00:00:00","Venezuela","Imports",1578.0
"1959-01-01 00:00:00","Viet_Nam","Exports",0.0
"1959-01-01 00:00:00","Viet_Nam","Imports",0.0
"1960-01-01 00:00:00","Argentina","Exports",1079.0
"1960-01-01 00:00:00","Argentina","Imports",1249.0
"1960-01-01 00:00:00","Australia","Exports",2050.0
"1960-01-01 00:00:00","Australia","Imports",2662.0
"1960-01-01 00:00:00","Belgium","Exports",3792.0
"1960-01-01 00:00:00","Belgium","Imports",3970.0
"1960-01-01 00:00:00","Brazil","Exports",1268.0
"1960-01-01 00:00:00","Brazil","Imports",1462.0
"1960-01-01 00:00:00","Canada","Exports",5818.0
"1960-01-01 00:00:00","Canada","Imports",6073.0
"1960-01-01 00:00:00","Chile","Exports",488.0
"1960-01-01 00:00:00","Chile","Imports",625.0
"1960-01-01 00:00:00","China","Exports",2571.0
"1960-01-01 00:00:00","China","Imports",2648.0
"1960-01-01 00:00:00","Hong_Kong","Exports",689.0
"1960-01-01 00:00:00","Hong_Kong","Imports",1026.0
"1960-01-01 00:00:00","Taiwan","Exports",164.0
"1960-01-01 00:00:00","Taiwan","Imports",272.0
"1960-01-01 00:00:00","Colombia","Exports",465.0
"1960-01-01 00:00:00","Colombia","Imports",517.0
"1960-01-01 00:00:00","Denmark","Exports",1494.0
"1960-01-01 00:00:00","Denmark","Imports",1807.0
"1960-01-01 00:00:00","Egypt","Exports",568.0
"1960-01-01 00:00:00","Egypt","Imports",668.0
"1960-01-01 00:00:00","Finland","Exports",989.0
"1960-01-01 00:00:00","Finland","Imports",1064.0
"1960-01-01 00:00:00","France","Exports",6971.0
"1960-01-01 00:00:00","France","Imports",6438.0
"1960-01-01 00:00:00","Germany","Exports",0.0
"1960-01-01 00:00:00","Germany","Imports",0.0
"1960-01-01 00:00:00","Hungary","Exports",874.0
"1960-01-01 00:00:00","Hungary","Imports",976.0
"1960-01-01 00:00:00","India","Exports",1332.0
"1960-01-01 00:00:00","India","Imports",2303.0
"1960-01-01 00:00:00","Indonesia","Exports",0.0
"1960-01-01 00:00:00","Indonesia","Imports",0.0
"1960-01-01 00:00:00","Israel","Exports",217.0
"1960-01-01 00:00:00","Israel","Imports",496.0
"1960-01-01 00:00:00","Italy","Exports",3657.0
"1960-01-01 00:00:00","Italy","Imports",4734.0
"1960-01-01 00:00:00","Japan","Exports",4055.0
"1960-01-01 00:00:00","Japan","Imports",4491.0
"1960-01-01 00:00:00","Malaysia","Exports",1187.0
"1960-01-01 00:00:00","Malaysia","Imports",910.0
"1960-01-01 00:00:00","Mexico","Exports",764.0
"1960-01-01 00:00:00","Mexico","Imports",1186.0
"1960-01-01 00:00:00","Netherlands","Exports",4602.0
"1960-01-01 00:00:00","Netherlands","Imports",5361.0
"1960-01-01 00:00:00","Norway","Exports",881.0
"1960-01-01 00:00:00","Norway","Imports",1462.0
"1960-01-01 00:00:00","Peru","Exports",433.0
"1960-01-01 00:00:00","Peru","Imports",379.0
"1960-01-01 00:00:00","Philippines","Exports",624.0
"1960-01-01 00:00:00","Philippines","Imports",715.0
"1960-01-01 00:00:00","Poland","Exports",1326.0
"1960-01-01 00:00:00","Poland","Imports",1495.0
"1960-01-01 00:00:00","Portugal","Exports",326.0
"1960-01-01 00:00:00","Portugal","Imports",544.0
"1960-01-01 00:00:00","South_Korea","Exports",32.0
"1960-01-01 00:00:00","South_Korea","Imports",344.0
"1960-01-01 00:00:00","Russia","Exports",0.0
"1960-01-01 00:00:00","Russia","Imports",0.0
"1960-01-01 00:00:00","Saudi_Arabia","Exports",891.0
"1960-01-01 00:00:00","Saudi_Arabia","Imports",234.0
"1960-01-01 00:00:00","South_Africa","Exports",1985.0
"1960-01-01 00:00:00","South_Africa","Imports",1629.0
"1960-01-01 00:00:00","Spain","Exports",725.0
"1960-01-01 00:00:00","Spain","Imports",722.0
"1960-01-01 00:00:00","Sweden","Exports",2566.0
"1960-01-01 00:00:00","Sweden","Imports",2901.0
"1960-01-01 00:00:00","Switzerland","Exports",1859.0
"1960-01-01 00:00:00","Switzerland","Imports",2206.0
"1960-01-01 00:00:00","Thailand","Exports",407.0
"1960-01-01 00:00:00","Thailand","Imports",454.0
"1960-01-01 00:00:00","Tunisia","Exports",120.0
"1960-01-01 00:00:00","Tunisia","Imports",191.0
"1960-01-01 00:00:00","Turkiye","Exports",321.0
"1960-01-01 00:00:00","Turkiye","Imports",468.0
"1960-01-01 00:00:00","Ukraine","Exports",0.0
"1960-01-01 00:00:00","Ukraine","Imports",0.0
"1960-01-01 00:00:00","United_Kingdom","Exports",10609.0
"1960-01-01 00:00:00","United_Kingdom","Imports",13034.0
"1960-01-01 00:00:00","United_States","Exports",19626.0
"1960-01-01 00:00:00","United_States","Imports",16371.0
"1960-01-01 00:00:00","Venezuela","Exports",2305.0
"1960-01-01 00:00:00","Venezuela","Imports",1188.0
"1960-01-01 00:00:00","Viet_Nam","Exports",0.0
"1960-01-01 00:00:00","Viet_Nam","Imports",0.0
"1961-01-01 00:00:00","Argentina","Exports",964.0
"1961-01-01 00:00:00","Argentina","Imports",1461.0
"1961-01-01 00:00:00","Australia","Exports",2363.0
"1961-01-01 00:00:00","Australia","Imports",2369.0
"1961-01-01 00:00:00","Belgium","Exports",3930.0
"1961-01-01 00:00:00","Belgium","Imports",4224.0
"1961-01-01 00:00:00","Brazil","Exports",1403.0
"1961-01-01 00:00:00","Brazil","Imports",1460.0
"1961-01-01 00:00:00","Canada","Exports",6085.0
"1961-01-01 00:00:00","Canada","Imports",6062.0
"1961-01-01 00:00:00","Chile","Exports",506.0
"1961-01-01 00:00:00","Chile","Imports",711.0
"1961-01-01 00:00:00","China","Exports",1942.0
"1961-01-01 00:00:00","China","Imports",1747.0
"1961-01-01 00:00:00","Hong_Kong","Exports",688.0
"1961-01-01 00:00:00","Hong_Kong","Imports",1045.0
"1961-01-01 00:00:00","Taiwan","Exports",201.0
"1961-01-01 00:00:00","Taiwan","Imports",322.0
"1961-01-01 00:00:00","Colombia","Exports",433.0
"1961-01-01 00:00:00","Colombia","Imports",557.0
"1961-01-01 00:00:00","Denmark","Exports",1537.0
"1961-01-01 00:00:00","Denmark","Imports",1873.0
"1961-01-01 00:00:00","Egypt","Exports",485.0
"1961-01-01 00:00:00","Egypt","Imports",700.0
"1961-01-01 00:00:00","Finland","Exports",1054.0
"1961-01-01 00:00:00","Finland","Imports",1154.0
"1961-01-01 00:00:00","France","Exports",7331.0
"1961-01-01 00:00:00","France","Imports",6851.0
"1961-01-01 00:00:00","Germany","Exports",0.0
"1961-01-01 00:00:00","Germany","Imports",0.0
"1961-01-01 00:00:00","Hungary","Exports",1029.0
"1961-01-01 00:00:00","Hungary","Imports",1026.0
"1961-01-01 00:00:00","India","Exports",1386.0
"1961-01-01 00:00:00","India","Imports",2286.0
"1961-01-01 00:00:00","Indonesia","Exports",0.0
"1961-01-01 00:00:00","Indonesia","Imports",0.0
"1961-01-01 00:00:00","Israel","Exports",245.0
"1961-01-01 00:00:00","Israel","Imports",580.0
"1961-01-01 00:00:00","Italy","Exports",4184.0
"1961-01-01 00:00:00","Italy","Imports",5221.0
"1961-01-01 00:00:00","Japan","Exports",4236.0
"1961-01-01 00:00:00","Japan","Imports",5810.0
"1961-01-01 00:00:00","Malaysia","Exports",1058.0
"1961-01-01 00:00:00","Malaysia","Imports",920.0
"1961-01-01 00:00:00","Mexico","Exports",826.0
"1961-01-01 00:00:00","Mexico","Imports",1139.0
"1961-01-01 00:00:00","Netherlands","Exports",4957.0
"1961-01-01 00:00:00","Netherlands","Imports",6085.0
"1961-01-01 00:00:00","Norway","Exports",931.0
"1961-01-01 00:00:00","Norway","Imports",1616.0
"1961-01-01 00:00:00","Peru","Exports",496.0
"1961-01-01 00:00:00","Peru","Imports",469.0
"1961-01-01 00:00:00","Philippines","Exports",670.0
"1961-01-01 00:00:00","Philippines","Imports",1006.0
"1961-01-01 00:00:00","Poland","Exports",1504.0
"1961-01-01 00:00:00","Poland","Imports",1687.0
"1961-01-01 00:00:00","Portugal","Exports",331.0
"1961-01-01 00:00:00","Portugal","Imports",655.0
"1961-01-01 00:00:00","South_Korea","Exports",41.0
"1961-01-01 00:00:00","South_Korea","Imports",316.0
"1961-01-01 00:00:00","Russia","Exports",0.0
"1961-01-01 00:00:00","Russia","Imports",0.0
"1961-01-01 00:00:00","Saudi_Arabia","Exports",956.0
"1961-01-01 00:00:00","Saudi_Arabia","Imports",261.0
"1961-01-01 00:00:00","South_Africa","Exports",2139.0
"1961-01-01 00:00:00","South_Africa","Imports",1460.0
"1961-01-01 00:00:00","Spain","Exports",710.0
"1961-01-01 00:00:00","Spain","Imports",1092.0
"1961-01-01 00:00:00","Sweden","Exports",2745.0
"1961-01-01 00:00:00","Sweden","Imports",2929.0
"1961-01-01 00:00:00","Switzerland","Exports",2017.0
"1961-01-01 00:00:00","Switzerland","Imports",2663.0
"1961-01-01 00:00:00","Thailand","Exports",475.0
"1961-01-01 00:00:00","Thailand","Imports",489.0
"1961-01-01 00:00:00","Tunisia","Exports",110.0
"1961-01-01 00:00:00","Tunisia","Imports",211.0
"1961-01-01 00:00:00","Turkiye","Exports",347.0
"1961-01-01 00:00:00","Turkiye","Imports",507.0
"1961-01-01 00:00:00","Ukraine","Exports",0.0
"1961-01-01 00:00:00","Ukraine","Imports",0.0
"1961-01-01 00:00:00","United_Kingdom","Exports",11074.0
"1961-01-01 00:00:00","United_Kingdom","Imports",12729.0
"1961-01-01 00:00:00","United_States","Exports",20190.0
"1961-01-01 00:00:00","United_States","Imports",15938.0
"1961-01-01 00:00:00","Venezuela","Exports",2225.0
"1961-01-01 00:00:00","Venezuela","Imports",1197.0
"1961-01-01 00:00:00","Viet_Nam","Exports",0.0
"1961-01-01 00:00:00","Viet_Nam","Imports",0.0
"1962-01-01 00:00:00","Argentina","Exports",1216.0
"1962-01-01 00:00:00","Argentina","Imports",1357.0
"1962-01-01 00:00:00","Australia","Exports",2356.0
"1962-01-01 00:00:00","Australia","Imports",2540.0
"1962-01-01 00:00:00","Belgium","Exports",4332.0
"1962-01-01 00:00:00","Belgium","Imports",4568.0
"1962-01-01 00:00:00","Brazil","Exports",1214.0
"1962-01-01 00:00:00","Brazil","Imports",1475.0
"1962-01-01 00:00:00","Canada","Exports",6213.0
"1962-01-01 00:00:00","Canada","Imports",6220.0
"1962-01-01 00:00:00","Chile","Exports",530.0
"1962-01-01 00:00:00","Chile","Imports",680.0
"1962-01-01 00:00:00","China","Exports",1913.0
"1962-01-01 00:00:00","China","Imports",1373.0
"1962-01-01 00:00:00","Hong_Kong","Exports",768.0
"1962-01-01 00:00:00","Hong_Kong","Imports",1165.0
"1962-01-01 00:00:00","Taiwan","Exports",221.0
"1962-01-01 00:00:00","Taiwan","Imports",304.0
"1962-01-01 00:00:00","Colombia","Exports",463.0
"1962-01-01 00:00:00","Colombia","Imports",541.0
"1962-01-01 00:00:00","Denmark","Exports",1669.0
"1962-01-01 00:00:00","Denmark","Imports",2130.0
"1962-01-01 00:00:00","Egypt","Exports",401.0
"1962-01-01 00:00:00","Egypt","Imports",743.0
"1962-01-01 00:00:00","Finland","Exports",1104.0
"1962-01-01 00:00:00","Finland","Imports",1228.0
"1962-01-01 00:00:00","France","Exports",7513.0
"1962-01-01 00:00:00","France","Imports",7567.0
"1962-01-01 00:00:00","Germany","Exports",0.0
"1962-01-01 00:00:00","Germany","Imports",0.0
"1962-01-01 00:00:00","Hungary","Exports",1100.0
"1962-01-01 00:00:00","Hungary","Imports",1149.0
"1962-01-01 00:00:00","India","Exports",1403.0
"1962-01-01 00:00:00","India","Imports",2362.0
"1962-01-01 00:00:00","Indonesia","Exports",0.0
"1962-01-01 00:00:00","Indonesia","Imports",0.0
"1962-01-01 00:00:00","Israel","Exports",279.0
"1962-01-01 00:00:00","Israel","Imports",635.0
"1962-01-01 00:00:00","Italy","Exports",4667.0
"1962-01-01 00:00:00","Italy","Imports",6069.0
"1962-01-01 00:00:00","Japan","Exports",4916.0
"1962-01-01 00:00:00","Japan","Imports",5636.0
"1962-01-01 00:00:00","Malaysia","Exports",1065.0
"1962-01-01 00:00:00","Malaysia","Imports",998.0
"1962-01-01 00:00:00","Mexico","Exports",930.0
"1962-01-01 00:00:00","Mexico","Imports",1143.0
"1962-01-01 00:00:00","Netherlands","Exports",5260.0
"1962-01-01 00:00:00","Netherlands","Imports",6398.0
"1962-01-01 00:00:00","Norway","Exports",972.0
"1962-01-01 00:00:00","Norway","Imports",1664.0
"1962-01-01 00:00:00","Peru","Exports",540.0
"1962-01-01 00:00:00","Peru","Imports",537.0
"1962-01-01 00:00:00","Philippines","Exports",507.0
"1962-01-01 00:00:00","Philippines","Imports",661.0
"1962-01-01 00:00:00","Poland","Exports",1646.0
"1962-01-01 00:00:00","Poland","Imports",1885.0
"1962-01-01 00:00:00","Portugal","Exports",370.0
"1962-01-01 00:00:00","Portugal","Imports",601.0
"1962-01-01 00:00:00","South_Korea","Exports",56.0
"1962-01-01 00:00:00","South_Korea","Imports",422.0
"1962-01-01 00:00:00","Russia","Exports",0.0
"1962-01-01 00:00:00","Russia","Imports",0.0
"1962-01-01 00:00:00","Saudi_Arabia","Exports",1047.0
"1962-01-01 00:00:00","Saudi_Arabia","Imports",308.0
"1962-01-01 00:00:00","South_Africa","Exports",2219.0
"1962-01-01 00:00:00","South_Africa","Imports",1476.0
"1962-01-01 00:00:00","Spain","Exports",737.0
"1962-01-01 00:00:00","Spain","Imports",1570.0
"1962-01-01 00:00:00","Sweden","Exports",2925.0
"1962-01-01 00:00:00","Sweden","Imports",3123.0
"1962-01-01 00:00:00","Switzerland","Exports",2191.0
"1962-01-01 00:00:00","Switzerland","Imports",2970.0
"1962-01-01 00:00:00","Thailand","Exports",456.0
"1962-01-01 00:00:00","Thailand","Imports",551.0
"1962-01-01 00:00:00","Tunisia","Exports",116.0
"1962-01-01 00:00:00","Tunisia","Imports",216.0
"1962-01-01 00:00:00","Turkiye","Exports",381.0
"1962-01-01 00:00:00","Turkiye","Imports",619.0
"1962-01-01 00:00:00","Ukraine","Exports",0.0
"1962-01-01 00:00:00","Ukraine","Imports",0.0
"1962-01-01 00:00:00","United_Kingdom","Exports",11374.0
"1962-01-01 00:00:00","United_Kingdom","Imports",12958.0
"1962-01-01 00:00:00","United_States","Exports",20973.0
"1962-01-01 00:00:00","United_States","Imports",17781.0
"1962-01-01 00:00:00","Venezuela","Exports",2342.0
"1962-01-01 00:00:00","Venezuela","Imports",1304.0
"1962-01-01 00:00:00","Viet_Nam","Exports",0.0
"1962-01-01 00:00:00","Viet_Nam","Imports",0.0
"1963-01-01 00:00:00","Argentina","Exports",1365.0
"1963-01-01 00:00:00","Argentina","Imports",981.0
"1963-01-01 00:00:00","Australia","Exports",2805.0
"1963-01-01 00:00:00","Australia","Imports",2776.0
"1963-01-01 00:00:00","Belgium","Exports",4840.0
"1963-01-01 00:00:00","Belgium","Imports",5128.0
"1963-01-01 00:00:00","Brazil","Exports",1406.0
"1963-01-01 00:00:00","Brazil","Imports",1487.0
"1963-01-01 00:00:00","Canada","Exports",6777.0
"1963-01-01 00:00:00","Canada","Imports",6445.0
"1963-01-01 00:00:00","Chile","Exports",522.0
"1963-01-01 00:00:00","Chile","Imports",663.0
"1963-01-01 00:00:00","China","Exports",2031.0
"1963-01-01 00:00:00","China","Imports",1450.0
"1963-01-01 00:00:00","Hong_Kong","Exports",873.0
"1963-01-01 00:00:00","Hong_Kong","Imports",1297.0
"1963-01-01 00:00:00","Taiwan","Exports",332.0
"1963-01-01 00:00:00","Taiwan","Imports",363.0
"1963-01-01 00:00:00","Colombia","Exports",446.0
"1963-01-01 00:00:00","Colombia","Imports",508.0
"1963-01-01 00:00:00","Denmark","Exports",1908.0
"1963-01-01 00:00:00","Denmark","Imports",2129.0
"1963-01-01 00:00:00","Egypt","Exports",522.0
"1963-01-01 00:00:00","Egypt","Imports",916.0
"1963-01-01 00:00:00","Finland","Exports",1149.0
"1963-01-01 00:00:00","Finland","Imports",1208.0
"1963-01-01 00:00:00","France","Exports",8317.0
"1963-01-01 00:00:00","France","Imports",8968.0
"1963-01-01 00:00:00","Germany","Exports",0.0
"1963-01-01 00:00:00","Germany","Imports",0.0
"1963-01-01 00:00:00","Hungary","Exports",1206.0
"1963-01-01 00:00:00","Hungary","Imports",1306.0
"1963-01-01 00:00:00","India","Exports",1626.0
"1963-01-01 00:00:00","India","Imports",2477.0
"1963-01-01 00:00:00","Indonesia","Exports",0.0
"1963-01-01 00:00:00","Indonesia","Imports",0.0
"1963-01-01 00:00:00","Israel","Exports",352.0
"1963-01-01 00:00:00","Israel","Imports",674.0
"1963-01-01 00:00:00","Italy","Exports",5056.0
"1963-01-01 00:00:00","Italy","Imports",7589.0
"1963-01-01 00:00:00","Japan","Exports",5452.0
"1963-01-01 00:00:00","Japan","Imports",6736.0
"1963-01-01 00:00:00","Malaysia","Exports",1088.0
"1963-01-01 00:00:00","Malaysia","Imports",1043.0
"1963-01-01 00:00:00","Mexico","Exports",985.0
"1963-01-01 00:00:00","Mexico","Imports",1240.0
"1963-01-01 00:00:00","Netherlands","Exports",5706.0
"1963-01-01 00:00:00","Netherlands","Imports",7117.0
"1963-01-01 00:00:00","Norway","Exports",1073.0
"1963-01-01 00:00:00","Norway","Imports",1822.0
"1963-01-01 00:00:00","Peru","Exports",541.0
"1963-01-01 00:00:00","Peru","Imports",557.0
"1963-01-01 00:00:00","Philippines","Exports",653.0
"1963-01-01 00:00:00","Philippines","Imports",687.0
"1963-01-01 00:00:00","Poland","Exports",1770.0
"1963-01-01 00:00:00","Poland","Imports",1979.0
"1963-01-01 00:00:00","Portugal","Exports",417.0
"1963-01-01 00:00:00","Portugal","Imports",660.0
"1963-01-01 00:00:00","South_Korea","Exports",87.0
"1963-01-01 00:00:00","South_Korea","Imports",560.0
"1963-01-01 00:00:00","Russia","Exports",0.0
"1963-01-01 00:00:00","Russia","Imports",0.0
"1963-01-01 00:00:00","Saudi_Arabia","Exports",1120.0
"1963-01-01 00:00:00","Saudi_Arabia","Imports",320.0
"1963-01-01 00:00:00","South_Africa","Exports",2359.0
"1963-01-01 00:00:00","South_Africa","Imports",1771.0
"1963-01-01 00:00:00","Spain","Exports",735.0
"1963-01-01 00:00:00","Spain","Imports",1955.0
"1963-01-01 00:00:00","Sweden","Exports",3203.0
"1963-01-01 00:00:00","Sweden","Imports",3393.0
"1963-01-01 00:00:00","Switzerland","Exports",2388.0
"1963-01-01 00:00:00","Switzerland","Imports",3199.0
"1963-01-01 00:00:00","Thailand","Exports",466.0
"1963-01-01 00:00:00","Thailand","Imports",614.0
"1963-01-01 00:00:00","Tunisia","Exports",126.0
"1963-01-01 00:00:00","Tunisia","Imports",223.0
"1963-01-01 00:00:00","Turkiye","Exports",368.0
"1963-01-01 00:00:00","Turkiye","Imports",688.0
"1963-01-01 00:00:00","Ukraine","Exports",0.0
"1963-01-01 00:00:00","Ukraine","Imports",0.0
"1963-01-01 00:00:00","United_Kingdom","Exports",12258.0
"1963-01-01 00:00:00","United_Kingdom","Imports",13969.0
"1963-01-01 00:00:00","United_States","Exports",22427.0
"1963-01-01 00:00:00","United_States","Imports",18621.0
"1963-01-01 00:00:00","Venezuela","Exports",2343.0
"1963-01-01 00:00:00","Venezuela","Imports",1238.0
"1963-01-01 00:00:00","Viet_Nam","Exports",0.0
"1963-01-01 00:00:00","Viet_Nam","Imports",0.0
"1964-01-01 00:00:00","Argentina","Exports",1410.0
"1964-01-01 00:00:00","Argentina","Imports",1077.0
"1964-01-01 00:00:00","Australia","Exports",3053.0
"1964-01-01 00:00:00","Australia","Imports",3318.0
"1964-01-01 00:00:00","Belgium","Exports",5600.0
"1964-01-01 00:00:00","Belgium","Imports",5930.0
"1964-01-01 00:00:00","Brazil","Exports",1430.0
"1964-01-01 00:00:00","Brazil","Imports",1263.0
"1964-01-01 00:00:00","Canada","Exports",8037.0
"1964-01-01 00:00:00","Canada","Imports",7402.0
"1964-01-01 00:00:00","Chile","Exports",592.0
"1964-01-01 00:00:00","Chile","Imports",723.0
"1964-01-01 00:00:00","China","Exports",2250.0
"1964-01-01 00:00:00","China","Imports",1710.0
"1964-01-01 00:00:00","Hong_Kong","Exports",1012.0
"1964-01-01 00:00:00","Hong_Kong","Imports",1496.0
"1964-01-01 00:00:00","Taiwan","Exports",434.0
"1964-01-01 00:00:00","Taiwan","Imports",430.0
"1964-01-01 00:00:00","Colombia","Exports",548.0
"1964-01-01 00:00:00","Colombia","Imports",586.0
"1964-01-01 00:00:00","Denmark","Exports",2107.0
"1964-01-01 00:00:00","Denmark","Imports",2617.0
"1964-01-01 00:00:00","Egypt","Exports",539.0
"1964-01-01 00:00:00","Egypt","Imports",953.0
"1964-01-01 00:00:00","Finland","Exports",1291.0
"1964-01-01 00:00:00","Finland","Imports",1505.0
"1964-01-01 00:00:00","France","Exports",9208.0
"1964-01-01 00:00:00","France","Imports",10366.0
"1964-01-01 00:00:00","Germany","Exports",0.0
"1964-01-01 00:00:00","Germany","Imports",0.0
"1964-01-01 00:00:00","Hungary","Exports",1352.0
"1964-01-01 00:00:00","Hungary","Imports",1495.0
"1964-01-01 00:00:00","India","Exports",1705.0
"1964-01-01 00:00:00","India","Imports",2876.0
"1964-01-01 00:00:00","Indonesia","Exports",0.0
"1964-01-01 00:00:00","Indonesia","Imports",0.0
"1964-01-01 00:00:00","Israel","Exports",372.0
"1964-01-01 00:00:00","Israel","Imports",839.0
"1964-01-01 00:00:00","Italy","Exports",5962.0
"1964-01-01 00:00:00","Italy","Imports",7254.0
"1964-01-01 00:00:00","Japan","Exports",6673.0
"1964-01-01 00:00:00","Japan","Imports",7938.0
"1964-01-01 00:00:00","Malaysia","Exports",1105.0
"1964-01-01 00:00:00","Malaysia","Imports",1047.0
"1964-01-01 00:00:00","Mexico","Exports",1054.0
"1964-01-01 00:00:00","Mexico","Imports",1493.0
"1964-01-01 00:00:00","Netherlands","Exports",6694.0
"1964-01-01 00:00:00","Netherlands","Imports",8414.0
"1964-01-01 00:00:00","Norway","Exports",1291.0
"1964-01-01 00:00:00","Norway","Imports",1984.0
"1964-01-01 00:00:00","Peru","Exports",667.0
"1964-01-01 00:00:00","Peru","Imports",579.0
"1964-01-01 00:00:00","Philippines","Exports",666.0
"1964-01-01 00:00:00","Philippines","Imports",869.0
"1964-01-01 00:00:00","Poland","Exports",2097.0
"1964-01-01 00:00:00","Poland","Imports",2072.0
"1964-01-01 00:00:00","Portugal","Exports",518.0
"1964-01-01 00:00:00","Portugal","Imports",778.0
"1964-01-01 00:00:00","South_Korea","Exports",118.0
"1964-01-01 00:00:00","South_Korea","Imports",404.0
"1964-01-01 00:00:00","Russia","Exports",0.0
"1964-01-01 00:00:00","Russia","Imports",0.0
"1964-01-01 00:00:00","Saudi_Arabia","Exports",1187.0
"1964-01-01 00:00:00","Saudi_Arabia","Imports",394.0
"1964-01-01 00:00:00","South_Africa","Exports",2479.0
"1964-01-01 00:00:00","South_Africa","Imports",2281.0
"1964-01-01 00:00:00","Spain","Exports",920.0
"1964-01-01 00:00:00","Spain","Imports",2255.0
"1964-01-01 00:00:00","Sweden","Exports",3675.0
"1964-01-01 00:00:00","Sweden","Imports",3856.0
"1964-01-01 00:00:00","Switzerland","Exports",2621.0
"1964-01-01 00:00:00","Switzerland","Imports",3554.0
"1964-01-01 00:00:00","Thailand","Exports",593.0
"1964-01-01 00:00:00","Thailand","Imports",685.0
"1964-01-01 00:00:00","Tunisia","Exports",130.0
"1964-01-01 00:00:00","Tunisia","Imports",248.0
"1964-01-01 00:00:00","Turkiye","Exports",411.0
"1964-01-01 00:00:00","Turkiye","Imports",537.0
"1964-01-01 00:00:00","Ukraine","Exports",0.0
"1964-01-01 00:00:00","Ukraine","Imports",0.0
"1964-01-01 00:00:00","United_Kingdom","Exports",12880.0
"1964-01-01 00:00:00","United_Kingdom","Imports",15966.0
"1964-01-01 00:00:00","United_States","Exports",25690.0
"1964-01-01 00:00:00","United_States","Imports",20306.0
"1964-01-01 00:00:00","Venezuela","Exports",2472.0
"1964-01-01 00:00:00","Venezuela","Imports",1249.0
"1964-01-01 00:00:00","Viet_Nam","Exports",0.0
"1964-01-01 00:00:00","Viet_Nam","Imports",0.0
"1965-01-01 00:00:00","Argentina","Exports",1493.0
"1965-01-01 00:00:00","Argentina","Imports",1199.0
"1965-01-01 00:00:00","Australia","Exports",3005.0
"1965-01-01 00:00:00","Australia","Imports",3762.0
"1965-01-01 00:00:00","Belgium","Exports",6394.0
"1965-01-01 00:00:00","Belgium","Imports",6502.0
"1965-01-01 00:00:00","Brazil","Exports",1596.0
"1965-01-01 00:00:00","Brazil","Imports",1096.0
"1965-01-01 00:00:00","Canada","Exports",8473.0
"1965-01-01 00:00:00","Canada","Imports",8622.0
"1965-01-01 00:00:00","Chile","Exports",637.0
"1965-01-01 00:00:00","Chile","Imports",718.0
"1965-01-01 00:00:00","China","Exports",2563.0
"1965-01-01 00:00:00","China","Imports",2246.0
"1965-01-01 00:00:00","Hong_Kong","Exports",1143.0
"1965-01-01 00:00:00","Hong_Kong","Imports",1569.0
"1965-01-01 00:00:00","Taiwan","Exports",450.0
"1965-01-01 00:00:00","Taiwan","Imports",557.0
"1965-01-01 00:00:00","Colombia","Exports",538.0
"1965-01-01 00:00:00","Colombia","Imports",454.0
"1965-01-01 00:00:00","Denmark","Exports",2320.0
"1965-01-01 00:00:00","Denmark","Imports",2823.0
"1965-01-01 00:00:00","Egypt","Exports",605.0
"1965-01-01 00:00:00","Egypt","Imports",934.0
"1965-01-01 00:00:00","Finland","Exports",1427.0
"1965-01-01 00:00:00","Finland","Imports",1646.0
"1965-01-01 00:00:00","France","Exports",10289.0
"1965-01-01 00:00:00","France","Imports",10679.0
"1965-01-01 00:00:00","Germany","Exports",0.0
"1965-01-01 00:00:00","Germany","Imports",0.0
"1965-01-01 00:00:00","Hungary","Exports",1510.0
"1965-01-01 00:00:00","Hungary","Imports",1521.0
"1965-01-01 00:00:00","India","Exports",1687.0
"1965-01-01 00:00:00","India","Imports",2838.0
"1965-01-01 00:00:00","Indonesia","Exports",0.0
"1965-01-01 00:00:00","Indonesia","Imports",0.0
"1965-01-01 00:00:00","Israel","Exports",430.0
"1965-01-01 00:00:00","Israel","Imports",838.0
"1965-01-01 00:00:00","Italy","Exports",7198.0
"1965-01-01 00:00:00","Italy","Imports",7378.0
"1965-01-01 00:00:00","Japan","Exports",8451.0
"1965-01-01 00:00:00","Japan","Imports",8169.0
"1965-01-01 00:00:00","Malaysia","Exports",1236.0
"1965-01-01 00:00:00","Malaysia","Imports",1096.0
"1965-01-01 00:00:00","Mexico","Exports",1145.0
"1965-01-01 00:00:00","Mexico","Imports",1560.0
"1965-01-01 00:00:00","Netherlands","Exports",7343.0
"1965-01-01 00:00:00","Netherlands","Imports",8925.0
"1965-01-01 00:00:00","Norway","Exports",1443.0
"1965-01-01 00:00:00","Norway","Imports",2210.0
"1965-01-01 00:00:00","Peru","Exports",667.0
"1965-01-01 00:00:00","Peru","Imports",730.0
"1965-01-01 00:00:00","Philippines","Exports",698.0
"1965-01-01 00:00:00","Philippines","Imports",894.0
"1965-01-01 00:00:00","Poland","Exports",2228.0
"1965-01-01 00:00:00","Poland","Imports",2340.0
"1965-01-01 00:00:00","Portugal","Exports",584.0
"1965-01-01 00:00:00","Portugal","Imports",897.0
"1965-01-01 00:00:00","South_Korea","Exports",173.0
"1965-01-01 00:00:00","South_Korea","Imports",463.0
"1965-01-01 00:00:00","Russia","Exports",0.0
"1965-01-01 00:00:00","Russia","Imports",0.0
"1965-01-01 00:00:00","Saudi_Arabia","Exports",1396.0
"1965-01-01 00:00:00","Saudi_Arabia","Imports",506.0
"1965-01-01 00:00:00","South_Africa","Exports",2547.0
"1965-01-01 00:00:00","South_Africa","Imports",2563.0
"1965-01-01 00:00:00","Spain","Exports",935.0
"1965-01-01 00:00:00","Spain","Imports",3040.0
"1965-01-01 00:00:00","Sweden","Exports",3971.0
"1965-01-01 00:00:00","Sweden","Imports",4377.0
"1965-01-01 00:00:00","Switzerland","Exports",2941.0
"1965-01-01 00:00:00","Switzerland","Imports",3643.0
"1965-01-01 00:00:00","Thailand","Exports",622.0
"1965-01-01 00:00:00","Thailand","Imports",742.0
"1965-01-01 00:00:00","Tunisia","Exports",120.0
"1965-01-01 00:00:00","Tunisia","Imports",246.0
"1965-01-01 00:00:00","Turkiye","Exports",464.0
"1965-01-01 00:00:00","Turkiye","Imports",572.0
"1965-01-01 00:00:00","Ukraine","Exports",0.0
"1965-01-01 00:00:00","Ukraine","Imports",0.0
"1965-01-01 00:00:00","United_Kingdom","Exports",13810.0
"1965-01-01 00:00:00","United_Kingdom","Imports",16128.0
"1965-01-01 00:00:00","United_States","Exports",26699.0
"1965-01-01 00:00:00","United_States","Imports",23188.0
"1965-01-01 00:00:00","Venezuela","Exports",2455.0
"1965-01-01 00:00:00","Venezuela","Imports",1421.0
"1965-01-01 00:00:00","Viet_Nam","Exports",0.0
"1965-01-01 00:00:00","Viet_Nam","Imports",0.0
"1966-01-01 00:00:00","Argentina","Exports",1593.0
"1966-01-01 00:00:00","Argentina","Imports",1124.0
"1966-01-01 00:00:00","Australia","Exports",3171.0
"1966-01-01 00:00:00","Australia","Imports",3612.0
"1966-01-01 00:00:00","Belgium","Exports",6832.0
"1966-01-01 00:00:00","Belgium","Imports",7182.0
"1966-01-01 00:00:00","Brazil","Exports",1741.0
"1966-01-01 00:00:00","Brazil","Imports",1496.0
"1966-01-01 00:00:00","Canada","Exports",10005.0
"1966-01-01 00:00:00","Canada","Imports",10062.0
"1966-01-01 00:00:00","Chile","Exports",817.0
"1966-01-01 00:00:00","Chile","Imports",892.0
"1966-01-01 00:00:00","China","Exports",2681.0
"1966-01-01 00:00:00","China","Imports",2482.0
"1966-01-01 00:00:00","Hong_Kong","Exports",1324.0
"1966-01-01 00:00:00","Hong_Kong","Imports",1767.0
"1966-01-01 00:00:00","Taiwan","Exports",537.0
"1966-01-01 00:00:00","Taiwan","Imports",622.0
"1966-01-01 00:00:00","Colombia","Exports",507.0
"1966-01-01 00:00:00","Colombia","Imports",675.0
"1966-01-01 00:00:00","Denmark","Exports",2453.0
"1966-01-01 00:00:00","Denmark","Imports",3003.0
"1966-01-01 00:00:00","Egypt","Exports",605.0
"1966-01-01 00:00:00","Egypt","Imports",1071.0
"1966-01-01 00:00:00","Finland","Exports",1505.0
"1966-01-01 00:00:00","Finland","Imports",1726.0
"1966-01-01 00:00:00","France","Exports",11105.0
"1966-01-01 00:00:00","France","Imports",12177.0
"1966-01-01 00:00:00","Germany","Exports",0.0
"1966-01-01 00:00:00","Germany","Imports",0.0
"1966-01-01 00:00:00","Hungary","Exports",1594.0
"1966-01-01 00:00:00","Hungary","Imports",1566.0
"1966-01-01 00:00:00","India","Exports",1954.0
"1966-01-01 00:00:00","India","Imports",3440.0
"1966-01-01 00:00:00","Indonesia","Exports",0.0
"1966-01-01 00:00:00","Indonesia","Imports",0.0
"1966-01-01 00:00:00","Israel","Exports",503.0
"1966-01-01 00:00:00","Israel","Imports",833.0
"1966-01-01 00:00:00","Italy","Exports",8038.0
"1966-01-01 00:00:00","Italy","Imports",8590.0
"1966-01-01 00:00:00","Japan","Exports",9776.0
"1966-01-01 00:00:00","Japan","Imports",9523.0
"1966-01-01 00:00:00","Malaysia","Exports",1256.0
"1966-01-01 00:00:00","Malaysia","Imports",1104.0
"1966-01-01 00:00:00","Mexico","Exports",1199.0
"1966-01-01 00:00:00","Mexico","Imports",1605.0
"1966-01-01 00:00:00","Netherlands","Exports",7771.0
"1966-01-01 00:00:00","Netherlands","Imports",9540.0
"1966-01-01 00:00:00","Norway","Exports",1564.0
"1966-01-01 00:00:00","Norway","Imports",2404.0
"1966-01-01 00:00:00","Peru","Exports",764.0
"1966-01-01 00:00:00","Peru","Imports",829.0
"1966-01-01 00:00:00","Philippines","Exports",826.0
"1966-01-01 00:00:00","Philippines","Imports",959.0
"1966-01-01 00:00:00","Poland","Exports",2272.0
"1966-01-01 00:00:00","Poland","Imports",2494.0
"1966-01-01 00:00:00","Portugal","Exports",627.0
"1966-01-01 00:00:00","Portugal","Imports",1013.0
"1966-01-01 00:00:00","South_Korea","Exports",251.0
"1966-01-01 00:00:00","South_Korea","Imports",716.0
"1966-01-01 00:00:00","Russia","Exports",0.0
"1966-01-01 00:00:00","Russia","Imports",0.0
"1966-01-01 00:00:00","Saudi_Arabia","Exports",1651.0
"1966-01-01 00:00:00","Saudi_Arabia","Imports",592.0
"1966-01-01 00:00:00","South_Africa","Exports",2741.0
"1966-01-01 00:00:00","South_Africa","Imports",2395.0
"1966-01-01 00:00:00","Spain","Exports",1254.0
"1966-01-01 00:00:00","Spain","Imports",3591.0
"1966-01-01 00:00:00","Sweden","Exports",4266.0
"1966-01-01 00:00:00","Sweden","Imports",4582.0
"1966-01-01 00:00:00","Switzerland","Exports",3248.0
"1966-01-01 00:00:00","Switzerland","Imports",3888.0
"1966-01-01 00:00:00","Thailand","Exports",678.0
"1966-01-01 00:00:00","Thailand","Imports",890.0
"1966-01-01 00:00:00","Tunisia","Exports",140.0
"1966-01-01 00:00:00","Tunisia","Imports",250.0
"1966-01-01 00:00:00","Turkiye","Exports",491.0
"1966-01-01 00:00:00","Turkiye","Imports",718.0
"1966-01-01 00:00:00","Ukraine","Exports",0.0
"1966-01-01 00:00:00","Ukraine","Imports",0.0
"1966-01-01 00:00:00","United_Kingdom","Exports",14770.0
"1966-01-01 00:00:00","United_Kingdom","Imports",16663.0
"1966-01-01 00:00:00","United_States","Exports",29379.0
"1966-01-01 00:00:00","United_States","Imports",27745.0
"1966-01-01 00:00:00","Venezuela","Exports",2373.0
"1966-01-01 00:00:00","Venezuela","Imports",1307.0
"1966-01-01 00:00:00","Viet_Nam","Exports",0.0
"1966-01-01 00:00:00","Viet_Nam","Imports",0.0
"1967-01-01 00:00:00","Argentina","Exports",1465.0
"1967-01-01 00:00:00","Argentina","Imports",1096.0
"1967-01-01 00:00:00","Australia","Exports",3478.0
"1967-01-01 00:00:00","Australia","Imports",3924.0
"1967-01-01 00:00:00","Belgium","Exports",7082.0
"1967-01-01 00:00:00","Belgium","Imports",7286.0
"1967-01-01 00:00:00","Brazil","Exports",1654.0
"1967-01-01 00:00:00","Brazil","Imports",1667.0
"1967-01-01 00:00:00","Canada","Exports",11000.0
"1967-01-01 00:00:00","Canada","Imports",10819.0
"1967-01-01 00:00:00","Chile","Exports",847.0
"1967-01-01 00:00:00","Chile","Imports",819.0
"1967-01-01 00:00:00","China","Exports",2388.0
"1967-01-01 00:00:00","China","Imports",2169.0
"1967-01-01 00:00:00","Hong_Kong","Exports",1527.0
"1967-01-01 00:00:00","Hong_Kong","Imports",1818.0
"1967-01-01 00:00:00","Taiwan","Exports",641.0
"1967-01-01 00:00:00","Taiwan","Imports",808.0
"1967-01-01 00:00:00","Colombia","Exports",510.0
"1967-01-01 00:00:00","Colombia","Imports",497.0
"1967-01-01 00:00:00","Denmark","Exports",2538.0
"1967-01-01 00:00:00","Denmark","Imports",3153.0
"1967-01-01 00:00:00","Egypt","Exports",566.0
"1967-01-01 00:00:00","Egypt","Imports",792.0
"1967-01-01 00:00:00","Finland","Exports",1513.0
"1967-01-01 00:00:00","Finland","Imports",1676.0
"1967-01-01 00:00:00","France","Exports",11662.0
"1967-01-01 00:00:00","France","Imports",12807.0
"1967-01-01 00:00:00","Germany","Exports",0.0
"1967-01-01 00:00:00","Germany","Imports",0.0
"1967-01-01 00:00:00","Hungary","Exports",1702.0
"1967-01-01 00:00:00","Hungary","Imports",1776.0
"1967-01-01 00:00:00","India","Exports",1613.0
"1967-01-01 00:00:00","India","Imports",2773.0
"1967-01-01 00:00:00","Indonesia","Exports",0.0
"1967-01-01 00:00:00","Indonesia","Imports",0.0
"1967-01-01 00:00:00","Israel","Exports",555.0
"1967-01-01 00:00:00","Israel","Imports",774.0
"1967-01-01 00:00:00","Italy","Exports",8706.0
"1967-01-01 00:00:00","Italy","Imports",9829.0
"1967-01-01 00:00:00","Japan","Exports",10442.0
"1967-01-01 00:00:00","Japan","Imports",11663.0
"1967-01-01 00:00:00","Malaysia","Exports",1217.0
"1967-01-01 00:00:00","Malaysia","Imports",1086.0
"1967-01-01 00:00:00","Mexico","Exports",1145.0
"1967-01-01 00:00:00","Mexico","Imports",1748.0
"1967-01-01 00:00:00","Netherlands","Exports",8361.0
"1967-01-01 00:00:00","Netherlands","Imports",9875.0
"1967-01-01 00:00:00","Norway","Exports",1738.0
"1967-01-01 00:00:00","Norway","Imports",2748.0
"1967-01-01 00:00:00","Peru","Exports",754.0
"1967-01-01 00:00:00","Peru","Imports",825.0
"1967-01-01 00:00:00","Philippines","Exports",820.0
"1967-01-01 00:00:00","Philippines","Imports",1180.0
"1967-01-01 00:00:00","Poland","Exports",2527.0
"1967-01-01 00:00:00","Poland","Imports",2645.0
"1967-01-01 00:00:00","Portugal","Exports",696.0
"1967-01-01 00:00:00","Portugal","Imports",1015.0
"1967-01-01 00:00:00","South_Korea","Exports",321.0
"1967-01-01 00:00:00","South_Korea","Imports",996.0
"1967-01-01 00:00:00","Russia","Exports",0.0
"1967-01-01 00:00:00","Russia","Imports",0.0
"1967-01-01 00:00:00","Saudi_Arabia","Exports",1784.0
"1967-01-01 00:00:00","Saudi_Arabia","Imports",574.0
"1967-01-01 00:00:00","South_Africa","Exports",3011.0
"1967-01-01 00:00:00","South_Africa","Imports",2780.0
"1967-01-01 00:00:00","Spain","Exports",1362.0
"1967-01-01 00:00:00","Spain","Imports",3441.0
"1967-01-01 00:00:00","Sweden","Exports",4528.0
"1967-01-01 00:00:00","Sweden","Imports",4701.0
"1967-01-01 00:00:00","Switzerland","Exports",3468.0
"1967-01-01 00:00:00","Switzerland","Imports",4067.0
"1967-01-01 00:00:00","Thailand","Exports",681.0
"1967-01-01 00:00:00","Thailand","Imports",1067.0
"1967-01-01 00:00:00","Tunisia","Exports",149.0
"1967-01-01 00:00:00","Tunisia","Imports",261.0
"1967-01-01 00:00:00","Turkiye","Exports",522.0
"1967-01-01 00:00:00","Turkiye","Imports",685.0
"1967-01-01 00:00:00","Ukraine","Exports",0.0
"1967-01-01 00:00:00","Ukraine","Imports",0.0
"1967-01-01 00:00:00","United_Kingdom","Exports",14493.0
"1967-01-01 00:00:00","United_Kingdom","Imports",17800.0
"1967-01-01 00:00:00","United_States","Exports",30934.0
"1967-01-01 00:00:00","United_States","Imports",28753.0
"1967-01-01 00:00:00","Venezuela","Exports",3077.0
"1967-01-01 00:00:00","Venezuela","Imports",1445.0
"1967-01-01 00:00:00","Viet_Nam","Exports",0.0
"1967-01-01 00:00:00","Viet_Nam","Imports",0.0
"1968-01-01 00:00:00","Argentina","Exports",1368.0
"1968-01-01 00:00:00","Argentina","Imports",1169.0
"1968-01-01 00:00:00","Australia","Exports",3526.0
"1968-01-01 00:00:00","Australia","Imports",4366.0
"1968-01-01 00:00:00","Belgium","Exports",8172.0
"1968-01-01 00:00:00","Belgium","Imports",8396.0
"1968-01-01 00:00:00","Brazil","Exports",1881.0
"1968-01-01 00:00:00","Brazil","Imports",2132.0
"1968-01-01 00:00:00","Canada","Exports",13171.0
"1968-01-01 00:00:00","Canada","Imports",12280.0
"1968-01-01 00:00:00","Chile","Exports",858.0
"1968-01-01 00:00:00","Chile","Imports",852.0
"1968-01-01 00:00:00","China","Exports",2340.0
"1968-01-01 00:00:00","China","Imports",2068.0
"1968-01-01 00:00:00","Hong_Kong","Exports",1744.0
"1968-01-01 00:00:00","Hong_Kong","Imports",2058.0
"1968-01-01 00:00:00","Taiwan","Exports",802.0
"1968-01-01 00:00:00","Taiwan","Imports",906.0
"1968-01-01 00:00:00","Colombia","Exports",559.0
"1968-01-01 00:00:00","Colombia","Imports",643.0
"1968-01-01 00:00:00","Denmark","Exports",2640.0
"1968-01-01 00:00:00","Denmark","Imports",3236.0
"1968-01-01 00:00:00","Egypt","Exports",622.0
"1968-01-01 00:00:00","Egypt","Imports",666.0
"1968-01-01 00:00:00","Finland","Exports",1635.0
"1968-01-01 00:00:00","Finland","Imports",1592.0
"1968-01-01 00:00:00","France","Exports",13030.0
"1968-01-01 00:00:00","France","Imports",14404.0
"1968-01-01 00:00:00","Germany","Exports",0.0
"1968-01-01 00:00:00","Germany","Imports",0.0
"1968-01-01 00:00:00","Hungary","Exports",1790.0
"1968-01-01 00:00:00","Hungary","Imports",1803.0
"1968-01-01 00:00:00","India","Exports",1761.0
"1968-01-01 00:00:00","India","Imports",2570.0
"1968-01-01 00:00:00","Indonesia","Exports",0.0
"1968-01-01 00:00:00","Indonesia","Imports",0.0
"1968-01-01 00:00:00","Israel","Exports",639.0
"1968-01-01 00:00:00","Israel","Imports",1307.0
"1968-01-01 00:00:00","Italy","Exports",10186.0
"1968-01-01 00:00:00","Italy","Imports",10285.0
"1968-01-01 00:00:00","Japan","Exports",12971.0
"1968-01-01 00:00:00","Japan","Imports",12988.0
"1968-01-01 00:00:00","Malaysia","Exports",1347.0
"1968-01-01 00:00:00","Malaysia","Imports",1160.0
"1968-01-01 00:00:00","Mexico","Exports",1254.0
"1968-01-01 00:00:00","Mexico","Imports",1960.0
"1968-01-01 00:00:00","Netherlands","Exports",9535.0
"1968-01-01 00:00:00","Netherlands","Imports",10963.0
"1968-01-01 00:00:00","Norway","Exports",1938.0
"1968-01-01 00:00:00","Norway","Imports",2706.0
"1968-01-01 00:00:00","Peru","Exports",866.0
"1968-01-01 00:00:00","Peru","Imports",646.0
"1968-01-01 00:00:00","Philippines","Exports",858.0
"1968-01-01 00:00:00","Philippines","Imports",1290.0
"1968-01-01 00:00:00","Poland","Exports",2858.0
"1968-01-01 00:00:00","Poland","Imports",2853.0
"1968-01-01 00:00:00","Portugal","Exports",734.0
"1968-01-01 00:00:00","Portugal","Imports",1043.0
"1968-01-01 00:00:00","South_Korea","Exports",457.0
"1968-01-01 00:00:00","South_Korea","Imports",1463.0
"1968-01-01 00:00:00","Russia","Exports",0.0
"1968-01-01 00:00:00","Russia","Imports",0.0
"1968-01-01 00:00:00","Saudi_Arabia","Exports",1944.0
"1968-01-01 00:00:00","Saudi_Arabia","Imports",553.0
"1968-01-01 00:00:00","South_Africa","Exports",3204.0
"1968-01-01 00:00:00","South_Africa","Imports",2789.0
"1968-01-01 00:00:00","Spain","Exports",1589.0
"1968-01-01 00:00:00","Spain","Imports",3505.0
"1968-01-01 00:00:00","Sweden","Exports",4910.0
"1968-01-01 00:00:00","Sweden","Imports",5126.0
"1968-01-01 00:00:00","Switzerland","Exports",3967.0
"1968-01-01 00:00:00","Switzerland","Imports",4442.0
"1968-01-01 00:00:00","Thailand","Exports",658.0
"1968-01-01 00:00:00","Thailand","Imports",1159.0
"1968-01-01 00:00:00","Tunisia","Exports",158.0
"1968-01-01 00:00:00","Tunisia","Imports",218.0
"1968-01-01 00:00:00","Turkiye","Exports",496.0
"1968-01-01 00:00:00","Turkiye","Imports",764.0
"1968-01-01 00:00:00","Ukraine","Exports",0.0
"1968-01-01 00:00:00","Ukraine","Imports",0.0
"1968-01-01 00:00:00","United_Kingdom","Exports",15461.0
"1968-01-01 00:00:00","United_Kingdom","Imports",18960.0
"1968-01-01 00:00:00","United_States","Exports",34063.0
"1968-01-01 00:00:00","United_States","Imports",35350.0
"1968-01-01 00:00:00","Venezuela","Exports",2779.0
"1968-01-01 00:00:00","Venezuela","Imports",1665.0
"1968-01-01 00:00:00","Viet_Nam","Exports",0.0
"1968-01-01 00:00:00","Viet_Nam","Imports",0.0
"1969-01-01 00:00:00","Argentina","Exports",1612.0
"1969-01-01 00:00:00","Argentina","Imports",1576.0
"1969-01-01 00:00:00","Australia","Exports",4220.0
"1969-01-01 00:00:00","Australia","Imports",4538.0
"1969-01-01 00:00:00","Belgium","Exports",10090.0
"1969-01-01 00:00:00","Belgium","Imports",10022.0
"1969-01-01 00:00:00","Brazil","Exports",2311.0
"1969-01-01 00:00:00","Brazil","Imports",2265.0
"1969-01-01 00:00:00","Canada","Exports",14350.0
"1969-01-01 00:00:00","Canada","Imports",14019.0
"1969-01-01 00:00:00","Chile","Exports",1075.0
"1969-01-01 00:00:00","Chile","Imports",1028.0
"1969-01-01 00:00:00","China","Exports",2429.0
"1969-01-01 00:00:00","China","Imports",1917.0
"1969-01-01 00:00:00","Hong_Kong","Exports",2177.0
"1969-01-01 00:00:00","Hong_Kong","Imports",2458.0
"1969-01-01 00:00:00","Taiwan","Exports",1049.0
"1969-01-01 00:00:00","Taiwan","Imports",1216.0
"1969-01-01 00:00:00","Colombia","Exports",607.0
"1969-01-01 00:00:00","Colombia","Imports",685.0
"1969-01-01 00:00:00","Denmark","Exports",3019.0
"1969-01-01 00:00:00","Denmark","Imports",3813.0
"1969-01-01 00:00:00","Egypt","Exports",745.0
"1969-01-01 00:00:00","Egypt","Imports",638.0
"1969-01-01 00:00:00","Finland","Exports",1987.0
"1969-01-01 00:00:00","Finland","Imports",2025.0
"1969-01-01 00:00:00","France","Exports",15316.0
"1969-01-01 00:00:00","France","Imports",17798.0
"1969-01-01 00:00:00","Germany","Exports",0.0
"1969-01-01 00:00:00","Germany","Imports",0.0
"1969-01-01 00:00:00","Hungary","Exports",2084.0
"1969-01-01 00:00:00","Hungary","Imports",1928.0
"1969-01-01 00:00:00","India","Exports",1835.0
"1969-01-01 00:00:00","India","Imports",2212.0
"1969-01-01 00:00:00","Indonesia","Exports",0.0
"1969-01-01 00:00:00","Indonesia","Imports",0.0
"1969-01-01 00:00:00","Israel","Exports",729.0
"1969-01-01 00:00:00","Israel","Imports",1653.0
"1969-01-01 00:00:00","Italy","Exports",11728.0
"1969-01-01 00:00:00","Italy","Imports",12470.0
"1969-01-01 00:00:00","Japan","Exports",15990.0
"1969-01-01 00:00:00","Japan","Imports",15023.0
"1969-01-01 00:00:00","Malaysia","Exports",1651.0
"1969-01-01 00:00:00","Malaysia","Imports",1178.0
"1969-01-01 00:00:00","Mexico","Exports",1430.0
"1969-01-01 00:00:00","Mexico","Imports",2080.0
"1969-01-01 00:00:00","Netherlands","Exports",11383.0
"1969-01-01 00:00:00","Netherlands","Imports",12983.0
"1969-01-01 00:00:00","Norway","Exports",2204.0
"1969-01-01 00:00:00","Norway","Imports",2942.0
"1969-01-01 00:00:00","Peru","Exports",866.0
"1969-01-01 00:00:00","Peru","Imports",613.0
"1969-01-01 00:00:00","Philippines","Exports",854.0
"1969-01-01 00:00:00","Philippines","Imports",1265.0
"1969-01-01 00:00:00","Poland","Exports",3142.0
"1969-01-01 00:00:00","Poland","Imports",3210.0
"1969-01-01 00:00:00","Portugal","Exports",823.0
"1969-01-01 00:00:00","Portugal","Imports",1232.0
"1969-01-01 00:00:00","South_Korea","Exports",624.0
"1969-01-01 00:00:00","South_Korea","Imports",1824.0
"1969-01-01 00:00:00","Russia","Exports",0.0
"1969-01-01 00:00:00","Russia","Imports",0.0
"1969-01-01 00:00:00","Saudi_Arabia","Exports",2053.0
"1969-01-01 00:00:00","Saudi_Arabia","Imports",735.0
"1969-01-01 00:00:00","South_Africa","Exports",3357.0
"1969-01-01 00:00:00","South_Africa","Imports",3189.0
"1969-01-01 00:00:00","Spain","Exports",1900.0
"1969-01-01 00:00:00","Spain","Imports",4233.0
"1969-01-01 00:00:00","Sweden","Exports",5695.0
"1969-01-01 00:00:00","Sweden","Imports",5909.0
"1969-01-01 00:00:00","Switzerland","Exports",4576.0
"1969-01-01 00:00:00","Switzerland","Imports",5199.0
"1969-01-01 00:00:00","Thailand","Exports",707.0
"1969-01-01 00:00:00","Thailand","Imports",1248.0
"1969-01-01 00:00:00","Tunisia","Exports",166.0
"1969-01-01 00:00:00","Tunisia","Imports",266.0
"1969-01-01 00:00:00","Turkiye","Exports",537.0
"1969-01-01 00:00:00","Turkiye","Imports",801.0
"1969-01-01 00:00:00","Ukraine","Exports",0.0
"1969-01-01 00:00:00","Ukraine","Imports",0.0
"1969-01-01 00:00:00","United_Kingdom","Exports",17645.0
"1969-01-01 00:00:00","United_Kingdom","Imports",19961.0
"1969-01-01 00:00:00","United_States","Exports",37332.0
"1969-01-01 00:00:00","United_States","Imports",38312.0
"1969-01-01 00:00:00","Venezuela","Exports",3083.0
"1969-01-01 00:00:00","Venezuela","Imports",1720.0
"1969-01-01 00:00:00","Viet_Nam","Exports",0.0
"1969-01-01 00:00:00","Viet_Nam","Imports",0.0
"1970-01-01 00:00:00","Argentina","Exports",1773.0
"1970-01-01 00:00:00","Argentina","Imports",1694.0
"1970-01-01 00:00:00","Australia","Exports",4770.0
"1970-01-01 00:00:00","Australia","Imports",5056.0
"1970-01-01 00:00:00","Belgium","Exports",11600.0
"1970-01-01 00:00:00","Belgium","Imports",11412.0
"1970-01-01 00:00:00","Brazil","Exports",2739.0
"1970-01-01 00:00:00","Brazil","Imports",2849.0
"1970-01-01 00:00:00","Canada","Exports",16787.0
"1970-01-01 00:00:00","Canada","Imports",14286.0
"1970-01-01 00:00:00","Chile","Exports",1249.0
"1970-01-01 00:00:00","Chile","Imports",1063.0
"1970-01-01 00:00:00","China","Exports",2307.0
"1970-01-01 00:00:00","China","Imports",2279.0
"1970-01-01 00:00:00","Hong_Kong","Exports",2515.0
"1970-01-01 00:00:00","Hong_Kong","Imports",2905.0
"1970-01-01 00:00:00","Taiwan","Exports",1428.0
"1970-01-01 00:00:00","Taiwan","Imports",1528.0
"1970-01-01 00:00:00","Colombia","Exports",727.0
"1970-01-01 00:00:00","Colombia","Imports",843.0
"1970-01-01 00:00:00","Denmark","Exports",3356.0
"1970-01-01 00:00:00","Denmark","Imports",4407.0
"1970-01-01 00:00:00","Egypt","Exports",762.0
"1970-01-01 00:00:00","Egypt","Imports",787.0
"1970-01-01 00:00:00","Finland","Exports",2306.0
"1970-01-01 00:00:00","Finland","Imports",2638.0
"1970-01-01 00:00:00","France","Exports",18221.0
"1970-01-01 00:00:00","France","Imports",19611.0
"1970-01-01 00:00:00","Germany","Exports",0.0
"1970-01-01 00:00:00","Germany","Imports",0.0
"1970-01-01 00:00:00","Hungary","Exports",1726.0
"1970-01-01 00:00:00","Hungary","Imports",1877.0
"1970-01-01 00:00:00","India","Exports",2026.0
"1970-01-01 00:00:00","India","Imports",2124.0
"1970-01-01 00:00:00","Indonesia","Exports",0.0
"1970-01-01 00:00:00","Indonesia","Imports",0.0
"1970-01-01 00:00:00","Israel","Exports",779.0
"1970-01-01 00:00:00","Israel","Imports",2079.0
"1970-01-01 00:00:00","Italy","Exports",13205.0
"1970-01-01 00:00:00","Italy","Imports",14974.0
"1970-01-01 00:00:00","Japan","Exports",19318.0
"1970-01-01 00:00:00","Japan","Imports",18881.0
"1970-01-01 00:00:00","Malaysia","Exports",1687.0
"1970-01-01 00:00:00","Malaysia","Imports",1401.0
"1970-01-01 00:00:00","Mexico","Exports",1402.0
"1970-01-01 00:00:00","Mexico","Imports",2461.0
"1970-01-01 00:00:00","Netherlands","Exports",13355.0
"1970-01-01 00:00:00","Netherlands","Imports",15688.0
"1970-01-01 00:00:00","Norway","Exports",2457.0
"1970-01-01 00:00:00","Norway","Imports",3702.0
"1970-01-01 00:00:00","Peru","Exports",1048.0
"1970-01-01 00:00:00","Peru","Imports",623.0
"1970-01-01 00:00:00","Philippines","Exports",1041.0
"1970-01-01 00:00:00","Philippines","Imports",1236.0
"1970-01-01 00:00:00","Poland","Exports",3548.0
"1970-01-01 00:00:00","Poland","Imports",3608.0
"1970-01-01 00:00:00","Portugal","Exports",946.0
"1970-01-01 00:00:00","Portugal","Imports",1556.0
"1970-01-01 00:00:00","South_Korea","Exports",836.0
"1970-01-01 00:00:00","South_Korea","Imports",1984.0
"1970-01-01 00:00:00","Russia","Exports",0.0
"1970-01-01 00:00:00","Russia","Imports",0.0
"1970-01-01 00:00:00","Saudi_Arabia","Exports",2371.0
"1970-01-01 00:00:00","Saudi_Arabia","Imports",693.0
"1970-01-01 00:00:00","South_Africa","Exports",3344.0
"1970-01-01 00:00:00","South_Africa","Imports",3843.0
"1970-01-01 00:00:00","Spain","Exports",2388.0
"1970-01-01 00:00:00","Spain","Imports",4747.0
"1970-01-01 00:00:00","Sweden","Exports",6795.0
"1970-01-01 00:00:00","Sweden","Imports",7007.0
"1970-01-01 00:00:00","Switzerland","Exports",5063.0
"1970-01-01 00:00:00","Switzerland","Imports",6374.0
"1970-01-01 00:00:00","Thailand","Exports",710.0
"1970-01-01 00:00:00","Thailand","Imports",1299.0
"1970-01-01 00:00:00","Tunisia","Exports",182.0
"1970-01-01 00:00:00","Tunisia","Imports",306.0
"1970-01-01 00:00:00","Turkiye","Exports",588.0
"1970-01-01 00:00:00","Turkiye","Imports",948.0
"1970-01-01 00:00:00","Ukraine","Exports",0.0
"1970-01-01 00:00:00","Ukraine","Imports",0.0
"1970-01-01 00:00:00","United_Kingdom","Exports",19430.0
"1970-01-01 00:00:00","United_Kingdom","Imports",21871.0
"1970-01-01 00:00:00","United_States","Exports",43225.0
"1970-01-01 00:00:00","United_States","Imports",42428.0
"1970-01-01 00:00:00","Venezuela","Exports",3169.0
"1970-01-01 00:00:00","Venezuela","Imports",1869.0
"1970-01-01 00:00:00","Viet_Nam","Exports",0.0
"1970-01-01 00:00:00","Viet_Nam","Imports",0.0
"1971-01-01 00:00:00","Argentina","Exports",1740.0
"1971-01-01 00:00:00","Argentina","Imports",1868.0
"1971-01-01 00:00:00","Australia","Exports",5213.0
"1971-01-01 00:00:00","Australia","Imports",5228.0
"1971-01-01 00:00:00","Belgium","Exports",12726.0
"1971-01-01 00:00:00","Belgium","Imports",12900.0
"1971-01-01 00:00:00","Brazil","Exports",2904.0
"1971-01-01 00:00:00","Brazil","Imports",3701.0
"1971-01-01 00:00:00","Canada","Exports",18374.0
"1971-01-01 00:00:00","Canada","Imports",16472.0
"1971-01-01 00:00:00","Chile","Exports",997.0
"1971-01-01 00:00:00","Chile","Imports",1109.0
"1971-01-01 00:00:00","China","Exports",2783.0
"1971-01-01 00:00:00","China","Imports",2129.0
"1971-01-01 00:00:00","Hong_Kong","Exports",2875.0
"1971-01-01 00:00:00","Hong_Kong","Imports",3391.0
"1971-01-01 00:00:00","Taiwan","Exports",1998.0
"1971-01-01 00:00:00","Taiwan","Imports",1849.0
"1971-01-01 00:00:00","Colombia","Exports",686.0
"1971-01-01 00:00:00","Colombia","Imports",929.0
"1971-01-01 00:00:00","Denmark","Exports",3680.0
"1971-01-01 00:00:00","Denmark","Imports",4608.0
"1971-01-01 00:00:00","Egypt","Exports",789.0
"1971-01-01 00:00:00","Egypt","Imports",920.0
"1971-01-01 00:00:00","Finland","Exports",2367.0
"1971-01-01 00:00:00","Finland","Imports",2807.0
"1971-01-01 00:00:00","France","Exports",20933.0
"1971-01-01 00:00:00","France","Imports",21847.0
"1971-01-01 00:00:00","Germany","Exports",0.0
"1971-01-01 00:00:00","Germany","Imports",0.0
"1971-01-01 00:00:00","Hungary","Exports",1847.0
"1971-01-01 00:00:00","Hungary","Imports",2248.0
"1971-01-01 00:00:00","India","Exports",2036.0
"1971-01-01 00:00:00","India","Imports",2424.0
"1971-01-01 00:00:00","Indonesia","Exports",0.0
"1971-01-01 00:00:00","Indonesia","Imports",0.0
"1971-01-01 00:00:00","Israel","Exports",958.0
"1971-01-01 00:00:00","Israel","Imports",2363.0
"1971-01-01 00:00:00","Italy","Exports",15105.0
"1971-01-01 00:00:00","Italy","Imports",15969.0
"1971-01-01 00:00:00","Japan","Exports",23995.0
"1971-01-01 00:00:00","Japan","Imports",19712.0
"1971-01-01 00:00:00","Malaysia","Exports",1644.0
"1971-01-01 00:00:00","Malaysia","Imports",1447.0
"1971-01-01 00:00:00","Mexico","Exports",1504.0
"1971-01-01 00:00:00","Mexico","Imports",2407.0
"1971-01-01 00:00:00","Netherlands","Exports",15773.0
"1971-01-01 00:00:00","Netherlands","Imports",17867.0
"1971-01-01 00:00:00","Norway","Exports",2555.0
"1971-01-01 00:00:00","Norway","Imports",4075.0
"1971-01-01 00:00:00","Peru","Exports",893.0
"1971-01-01 00:00:00","Peru","Imports",763.0
"1971-01-01 00:00:00","Philippines","Exports",1098.0
"1971-01-01 00:00:00","Philippines","Imports",1325.0
"1971-01-01 00:00:00","Poland","Exports",3872.0
"1971-01-01 00:00:00","Poland","Imports",4038.0
"1971-01-01 00:00:00","Portugal","Exports",1049.0
"1971-01-01 00:00:00","Portugal","Imports",1803.0
"1971-01-01 00:00:00","South_Korea","Exports",1067.0
"1971-01-01 00:00:00","South_Korea","Imports",2394.0
"1971-01-01 00:00:00","Russia","Exports",0.0
"1971-01-01 00:00:00","Russia","Imports",0.0
"1971-01-01 00:00:00","Saudi_Arabia","Exports",3850.0
"1971-01-01 00:00:00","Saudi_Arabia","Imports",808.0
"1971-01-01 00:00:00","South_Africa","Exports",3483.0
"1971-01-01 00:00:00","South_Africa","Imports",4364.0
"1971-01-01 00:00:00","Spain","Exports",2964.0
"1971-01-01 00:00:00","Spain","Imports",5009.0
"1971-01-01 00:00:00","Sweden","Exports",7463.0
"1971-01-01 00:00:00","Sweden","Imports",7067.0
"1971-01-01 00:00:00","Switzerland","Exports",5738.0
"1971-01-01 00:00:00","Switzerland","Imports",7191.0
"1971-01-01 00:00:00","Thailand","Exports",831.0
"1971-01-01 00:00:00","Thailand","Imports",1288.0
"1971-01-01 00:00:00","Tunisia","Exports",217.0
"1971-01-01 00:00:00","Tunisia","Imports",345.0
"1971-01-01 00:00:00","Turkiye","Exports",677.0
"1971-01-01 00:00:00","Turkiye","Imports",1171.0
"1971-01-01 00:00:00","Ukraine","Exports",0.0
"1971-01-01 00:00:00","Ukraine","Imports",0.0
"1971-01-01 00:00:00","United_Kingdom","Exports",22098.0
"1971-01-01 00:00:00","United_Kingdom","Imports",23858.0
"1971-01-01 00:00:00","United_States","Exports",43549.0
"1971-01-01 00:00:00","United_States","Imports",48342.0
"1971-01-01 00:00:00","Venezuela","Exports",3124.0
"1971-01-01 00:00:00","Venezuela","Imports",2103.0
"1971-01-01 00:00:00","Viet_Nam","Exports",0.0
"1971-01-01 00:00:00","Viet_Nam","Imports",0.0
"1972-01-01 00:00:00","Argentina","Exports",1941.0
"1972-01-01 00:00:00","Argentina","Imports",1905.0
"1972-01-01 00:00:00","Australia","Exports",6461.0
"1972-01-01 00:00:00","Australia","Imports",5028.0
"1972-01-01 00:00:00","Belgium","Exports",16152.0
"1972-01-01 00:00:00","Belgium","Imports",15490.0
"1972-01-01 00:00:00","Brazil","Exports",3991.0
"1972-01-01 00:00:00","Brazil","Imports",4783.0
"1972-01-01 00:00:00","Canada","Exports",21185.0
"1972-01-01 00:00:00","Canada","Imports",20038.0
"1972-01-01 00:00:00","Chile","Exports",855.0
"1972-01-01 00:00:00","Chile","Imports",1086.0
"1972-01-01 00:00:00","China","Exports",3693.0
"1972-01-01 00:00:00","China","Imports",2851.0
"1972-01-01 00:00:00","Hong_Kong","Exports",3436.0
"1972-01-01 00:00:00","Hong_Kong","Imports",3856.0
"1972-01-01 00:00:00","Taiwan","Exports",2914.0
"1972-01-01 00:00:00","Taiwan","Imports",2518.0
"1972-01-01 00:00:00","Colombia","Exports",808.0
"1972-01-01 00:00:00","Colombia","Imports",859.0
"1972-01-01 00:00:00","Denmark","Exports",4432.0
"1972-01-01 00:00:00","Denmark","Imports",5087.0
"1972-01-01 00:00:00","Egypt","Exports",825.0
"1972-01-01 00:00:00","Egypt","Imports",899.0
"1972-01-01 00:00:00","Finland","Exports",2913.0
"1972-01-01 00:00:00","Finland","Imports",3165.0
"1972-01-01 00:00:00","France","Exports",26589.0
"1972-01-01 00:00:00","France","Imports",27564.0
"1972-01-01 00:00:00","Germany","Exports",0.0
"1972-01-01 00:00:00","Germany","Imports",0.0
"1972-01-01 00:00:00","Hungary","Exports",2403.0
"1972-01-01 00:00:00","Hungary","Imports",2356.0
"1972-01-01 00:00:00","India","Exports",2448.0
"1972-01-01 00:00:00","India","Imports",2223.0
"1972-01-01 00:00:00","Indonesia","Exports",0.0
"1972-01-01 00:00:00","Indonesia","Imports",0.0
"1972-01-01 00:00:00","Israel","Exports",1147.0
"1972-01-01 00:00:00","Israel","Imports",2473.0
"1972-01-01 00:00:00","Italy","Exports",18609.0
"1972-01-01 00:00:00","Italy","Imports",19319.0
"1972-01-01 00:00:00","Japan","Exports",29088.0
"1972-01-01 00:00:00","Japan","Imports",23863.0
"1972-01-01 00:00:00","Malaysia","Exports",1722.0
"1972-01-01 00:00:00","Malaysia","Imports",1611.0
"1972-01-01 00:00:00","Mexico","Exports",1694.0
"1972-01-01 00:00:00","Mexico","Imports",2718.0
"1972-01-01 00:00:00","Netherlands","Exports",19154.0
"1972-01-01 00:00:00","Netherlands","Imports",20667.0
"1972-01-01 00:00:00","Norway","Exports",3283.0
"1972-01-01 00:00:00","Norway","Imports",4373.0
"1972-01-01 00:00:00","Peru","Exports",944.0
"1972-01-01 00:00:00","Peru","Imports",796.0
"1972-01-01 00:00:00","Philippines","Exports",1100.0
"1972-01-01 00:00:00","Philippines","Imports",1418.0
"1972-01-01 00:00:00","Poland","Exports",4927.0
"1972-01-01 00:00:00","Poland","Imports",5335.0
"1972-01-01 00:00:00","Portugal","Exports",1298.0
"1972-01-01 00:00:00","Portugal","Imports",2204.0
"1972-01-01 00:00:00","South_Korea","Exports",1625.0
"1972-01-01 00:00:00","South_Korea","Imports",2522.0
"1972-01-01 00:00:00","Russia","Exports",0.0
"1972-01-01 00:00:00","Russia","Imports",0.0
"1972-01-01 00:00:00","Saudi_Arabia","Exports",5491.0
"1972-01-01 00:00:00","Saudi_Arabia","Imports",1136.0
"1972-01-01 00:00:00","South_Africa","Exports",4108.0
"1972-01-01 00:00:00","South_Africa","Imports",3948.0
"1972-01-01 00:00:00","Spain","Exports",3817.0
"1972-01-01 00:00:00","Spain","Imports",6829.0
"1972-01-01 00:00:00","Sweden","Exports",8769.0
"1972-01-01 00:00:00","Sweden","Imports",8110.0
"1972-01-01 00:00:00","Switzerland","Exports",6842.0
"1972-01-01 00:00:00","Switzerland","Imports",8468.0
"1972-01-01 00:00:00","Thailand","Exports",1081.0
"1972-01-01 00:00:00","Thailand","Imports",1484.0
"1972-01-01 00:00:00","Tunisia","Exports",315.0
"1972-01-01 00:00:00","Tunisia","Imports",466.0
"1972-01-01 00:00:00","Turkiye","Exports",885.0
"1972-01-01 00:00:00","Turkiye","Imports",1563.0
"1972-01-01 00:00:00","Ukraine","Exports",0.0
"1972-01-01 00:00:00","Ukraine","Imports",0.0
"1972-01-01 00:00:00","United_Kingdom","Exports",23985.0
"1972-01-01 00:00:00","United_Kingdom","Imports",27661.0
"1972-01-01 00:00:00","United_States","Exports",49199.0
"1972-01-01 00:00:00","United_States","Imports",58862.0
"1972-01-01 00:00:00","Venezuela","Exports",3166.0
"1972-01-01 00:00:00","Venezuela","Imports",2463.0
"1972-01-01 00:00:00","Viet_Nam","Exports",0.0
"1972-01-01 00:00:00","Viet_Nam","Imports",0.0
"1973-01-01 00:00:00","Argentina","Exports",3266.0
"1973-01-01 00:00:00","Argentina","Imports",2241.0
"1973-01-01 00:00:00","Australia","Exports",9559.0
"1973-01-01 00:00:00","Australia","Imports",7393.0
"1973-01-01 00:00:00","Belgium","Exports",22455.0
"1973-01-01 00:00:00","Belgium","Imports",22075.0
"1973-01-01 00:00:00","Brazil","Exports",6199.0
"1973-01-01 00:00:00","Brazil","Imports",6999.0
"1973-01-01 00:00:00","Canada","Exports",26437.0
"1973-01-01 00:00:00","Canada","Imports",24713.0
"1973-01-01 00:00:00","Chile","Exports",1231.0
"1973-01-01 00:00:00","Chile","Imports",1290.0
"1973-01-01 00:00:00","China","Exports",5876.0
"1973-01-01 00:00:00","China","Imports",5208.0
"1973-01-01 00:00:00","Hong_Kong","Exports",5071.0
"1973-01-01 00:00:00","Hong_Kong","Imports",5655.0
"1973-01-01 00:00:00","Taiwan","Exports",4383.0
"1973-01-01 00:00:00","Taiwan","Imports",3801.0
"1973-01-01 00:00:00","Colombia","Exports",1169.0
"1973-01-01 00:00:00","Colombia","Imports",1062.0
"1973-01-01 00:00:00","Denmark","Exports",6248.0
"1973-01-01 00:00:00","Denmark","Imports",7802.0
"1973-01-01 00:00:00","Egypt","Exports",1121.0
"1973-01-01 00:00:00","Egypt","Imports",915.0
"1973-01-01 00:00:00","Finland","Exports",3837.0
"1973-01-01 00:00:00","Finland","Imports",4341.0
"1973-01-01 00:00:00","France","Exports",36876.0
"1973-01-01 00:00:00","France","Imports",38547.0
"1973-01-01 00:00:00","Germany","Exports",0.0
"1973-01-01 00:00:00","Germany","Imports",0.0
"1973-01-01 00:00:00","Hungary","Exports",3354.0
"1973-01-01 00:00:00","Hungary","Imports",3018.0
"1973-01-01 00:00:00","India","Exports",2917.0
"1973-01-01 00:00:00","India","Imports",3211.0
"1973-01-01 00:00:00","Indonesia","Exports",0.0
"1973-01-01 00:00:00","Indonesia","Imports",0.0
"1973-01-01 00:00:00","Israel","Exports",1449.0
"1973-01-01 00:00:00","Israel","Imports",4240.0
"1973-01-01 00:00:00","Italy","Exports",22226.0
"1973-01-01 00:00:00","Italy","Imports",27798.0
"1973-01-01 00:00:00","Japan","Exports",37017.0
"1973-01-01 00:00:00","Japan","Imports",38389.0
"1973-01-01 00:00:00","Malaysia","Exports",3049.0
"1973-01-01 00:00:00","Malaysia","Imports",2450.0
"1973-01-01 00:00:00","Mexico","Exports",2250.0
"1973-01-01 00:00:00","Mexico","Imports",3814.0
"1973-01-01 00:00:00","Netherlands","Exports",27352.0
"1973-01-01 00:00:00","Netherlands","Imports",28744.0
"1973-01-01 00:00:00","Norway","Exports",4725.0
"1973-01-01 00:00:00","Norway","Imports",6289.0
"1973-01-01 00:00:00","Peru","Exports",1112.0
"1973-01-01 00:00:00","Peru","Imports",1019.0
"1973-01-01 00:00:00","Philippines","Exports",1885.0
"1973-01-01 00:00:00","Philippines","Imports",1800.0
"1973-01-01 00:00:00","Poland","Exports",6432.0
"1973-01-01 00:00:00","Poland","Imports",7814.0
"1973-01-01 00:00:00","Portugal","Exports",1842.0
"1973-01-01 00:00:00","Portugal","Imports",3015.0
"1973-01-01 00:00:00","South_Korea","Exports",3221.0
"1973-01-01 00:00:00","South_Korea","Imports",4240.0
"1973-01-01 00:00:00","Russia","Exports",0.0
"1973-01-01 00:00:00","Russia","Imports",0.0
"1973-01-01 00:00:00","Saudi_Arabia","Exports",8988.0
"1973-01-01 00:00:00","Saudi_Arabia","Imports",1972.0
"1973-01-01 00:00:00","South_Africa","Exports",6064.0
"1973-01-01 00:00:00","South_Africa","Imports",5163.0
"1973-01-01 00:00:00","Spain","Exports",5198.0
"1973-01-01 00:00:00","Spain","Imports",9667.0
"1973-01-01 00:00:00","Sweden","Exports",12201.0
"1973-01-01 00:00:00","Sweden","Imports",10907.0
"1973-01-01 00:00:00","Switzerland","Exports",9528.0
"1973-01-01 00:00:00","Switzerland","Imports",11626.0
"1973-01-01 00:00:00","Thailand","Exports",1564.0
"1973-01-01 00:00:00","Thailand","Imports",2049.0
"1973-01-01 00:00:00","Tunisia","Exports",422.0
"1973-01-01 00:00:00","Tunisia","Imports",682.0
"1973-01-01 00:00:00","Turkiye","Exports",1317.0
"1973-01-01 00:00:00","Turkiye","Imports",2086.0
"1973-01-01 00:00:00","Ukraine","Exports",0.0
"1973-01-01 00:00:00","Ukraine","Imports",0.0
"1973-01-01 00:00:00","United_Kingdom","Exports",29637.0
"1973-01-01 00:00:00","United_Kingdom","Imports",38528.0
"1973-01-01 00:00:00","United_States","Exports",70823.0
"1973-01-01 00:00:00","United_States","Imports",73572.0
"1973-01-01 00:00:00","Venezuela","Exports",4891.0
"1973-01-01 00:00:00","Venezuela","Imports",2812.0
"1973-01-01 00:00:00","Viet_Nam","Exports",0.0
"1973-01-01 00:00:00","Viet_Nam","Imports",0.0
"1974-01-01 00:00:00","Argentina","Exports",3931.0
"1974-01-01 00:00:00","Argentina","Imports",3657.0
"1974-01-01 00:00:00","Australia","Exports",11016.0
"1974-01-01 00:00:00","Australia","Imports",11982.0
"1974-01-01 00:00:00","Belgium","Exports",28334.0
"1974-01-01 00:00:00","Belgium","Imports",29880.0
"1974-01-01 00:00:00","Brazil","Exports",7951.0
"1974-01-01 00:00:00","Brazil","Imports",14168.0
"1974-01-01 00:00:00","Canada","Exports",34508.0
"1974-01-01 00:00:00","Canada","Imports",34248.0
"1974-01-01 00:00:00","Chile","Exports",2481.0
"1974-01-01 00:00:00","Chile","Imports",2148.0
"1974-01-01 00:00:00","China","Exports",7108.0
"1974-01-01 00:00:00","China","Imports",7791.0
"1974-01-01 00:00:00","Hong_Kong","Exports",5968.0
"1974-01-01 00:00:00","Hong_Kong","Imports",6778.0
"1974-01-01 00:00:00","Taiwan","Exports",5518.0
"1974-01-01 00:00:00","Taiwan","Imports",6983.0
"1974-01-01 00:00:00","Colombia","Exports",1509.0
"1974-01-01 00:00:00","Colombia","Imports",1597.0
"1974-01-01 00:00:00","Denmark","Exports",7719.0
"1974-01-01 00:00:00","Denmark","Imports",9927.0
"1974-01-01 00:00:00","Egypt","Exports",1516.0
"1974-01-01 00:00:00","Egypt","Imports",2351.0
"1974-01-01 00:00:00","Finland","Exports",5490.0
"1974-01-01 00:00:00","Finland","Imports",6813.0
"1974-01-01 00:00:00","France","Exports",46460.0
"1974-01-01 00:00:00","France","Imports",53833.0
"1974-01-01 00:00:00","Germany","Exports",0.0
"1974-01-01 00:00:00","Germany","Imports",0.0
"1974-01-01 00:00:00","Hungary","Exports",3942.0
"1974-01-01 00:00:00","Hungary","Imports",4453.0
"1974-01-01 00:00:00","India","Exports",3926.0
"1974-01-01 00:00:00","India","Imports",5136.0
"1974-01-01 00:00:00","Indonesia","Exports",0.0
"1974-01-01 00:00:00","Indonesia","Imports",0.0
"1974-01-01 00:00:00","Israel","Exports",1825.0
"1974-01-01 00:00:00","Israel","Imports",5437.0
"1974-01-01 00:00:00","Italy","Exports",30465.0
"1974-01-01 00:00:00","Italy","Imports",41089.0
"1974-01-01 00:00:00","Japan","Exports",55469.0
"1974-01-01 00:00:00","Japan","Imports",61948.0
"1974-01-01 00:00:00","Malaysia","Exports",4236.0
"1974-01-01 00:00:00","Malaysia","Imports",4114.0
"1974-01-01 00:00:00","Mexico","Exports",2958.0
"1974-01-01 00:00:00","Mexico","Imports",6057.0
"1974-01-01 00:00:00","Netherlands","Exports",37423.0
"1974-01-01 00:00:00","Netherlands","Imports",38949.0
"1974-01-01 00:00:00","Norway","Exports",6282.0
"1974-01-01 00:00:00","Norway","Imports",8420.0
"1974-01-01 00:00:00","Peru","Exports",1503.0
"1974-01-01 00:00:00","Peru","Imports",1531.0
"1974-01-01 00:00:00","Philippines","Exports",2725.0
"1974-01-01 00:00:00","Philippines","Imports",3471.0
"1974-01-01 00:00:00","Poland","Exports",8321.0
"1974-01-01 00:00:00","Poland","Imports",10482.0
"1974-01-01 00:00:00","Portugal","Exports",2277.0
"1974-01-01 00:00:00","Portugal","Imports",4496.0
"1974-01-01 00:00:00","South_Korea","Exports",4462.0
"1974-01-01 00:00:00","South_Korea","Imports",6852.0
"1974-01-01 00:00:00","Russia","Exports",0.0
"1974-01-01 00:00:00","Russia","Imports",0.0
"1974-01-01 00:00:00","Saudi_Arabia","Exports",35555.0
"1974-01-01 00:00:00","Saudi_Arabia","Imports",2860.0
"1974-01-01 00:00:00","South_Africa","Exports",8688.0
"1974-01-01 00:00:00","South_Africa","Imports",7856.0
"1974-01-01 00:00:00","Spain","Exports",7091.0
"1974-01-01 00:00:00","Spain","Imports",15428.0
"1974-01-01 00:00:00","Sweden","Exports",15939.0
"1974-01-01 00:00:00","Sweden","Imports",16683.0
"1974-01-01 00:00:00","Switzerland","Exports",11934.0
"1974-01-01 00:00:00","Switzerland","Imports",14445.0
"1974-01-01 00:00:00","Thailand","Exports",2444.0
"1974-01-01 00:00:00","Thailand","Imports",3143.0
"1974-01-01 00:00:00","Tunisia","Exports",921.0
"1974-01-01 00:00:00","Tunisia","Imports",1128.0
"1974-01-01 00:00:00","Turkiye","Exports",1532.0
"1974-01-01 00:00:00","Turkiye","Imports",3778.0
"1974-01-01 00:00:00","Ukraine","Exports",0.0
"1974-01-01 00:00:00","Ukraine","Imports",0.0
"1974-01-01 00:00:00","United_Kingdom","Exports",38197.0
"1974-01-01 00:00:00","United_Kingdom","Imports",54190.0
"1974-01-01 00:00:00","United_States","Exports",99437.0
"1974-01-01 00:00:00","United_States","Imports",110478.0
"1974-01-01 00:00:00","Venezuela","Exports",11153.0
"1974-01-01 00:00:00","Venezuela","Imports",4148.0
"1974-01-01 00:00:00","Viet_Nam","Exports",0.0
"1974-01-01 00:00:00","Viet_Nam","Imports",0.0
"1975-01-01 00:00:00","Argentina","Exports",2961.0
"1975-01-01 00:00:00","Argentina","Imports",3949.0
"1975-01-01 00:00:00","Australia","Exports",11948.0
"1975-01-01 00:00:00","Australia","Imports",10697.0
"1975-01-01 00:00:00","Belgium","Exports",28804.0
"1975-01-01 00:00:00","Belgium","Imports",30781.0
"1975-01-01 00:00:00","Brazil","Exports",8670.0
"1975-01-01 00:00:00","Brazil","Imports",13592.0
"1975-01-01 00:00:00","Canada","Exports",34074.0
"1975-01-01 00:00:00","Canada","Imports",36107.0
"1975-01-01 00:00:00","Chile","Exports",1552.0
"1975-01-01 00:00:00","Chile","Imports",1525.0
"1975-01-01 00:00:00","China","Exports",7689.0
"1975-01-01 00:00:00","China","Imports",7926.0
"1975-01-01 00:00:00","Hong_Kong","Exports",6026.0
"1975-01-01 00:00:00","Hong_Kong","Imports",6766.0
"1975-01-01 00:00:00","Taiwan","Exports",5302.0
"1975-01-01 00:00:00","Taiwan","Imports",5959.0
"1975-01-01 00:00:00","Colombia","Exports",1465.0
"1975-01-01 00:00:00","Colombia","Imports",1495.0
"1975-01-01 00:00:00","Denmark","Exports",8712.0
"1975-01-01 00:00:00","Denmark","Imports",10368.0
"1975-01-01 00:00:00","Egypt","Exports",1402.0
"1975-01-01 00:00:00","Egypt","Imports",3934.0
"1975-01-01 00:00:00","Finland","Exports",5502.0
"1975-01-01 00:00:00","Finland","Imports",7628.0
"1975-01-01 00:00:00","France","Exports",53344.0
"1975-01-01 00:00:00","France","Imports",55075.0
"1975-01-01 00:00:00","Germany","Exports",0.0
"1975-01-01 00:00:00","Germany","Imports",0.0
"1975-01-01 00:00:00","Hungary","Exports",4519.0
"1975-01-01 00:00:00","Hungary","Imports",5400.0
"1975-01-01 00:00:00","India","Exports",4355.0
"1975-01-01 00:00:00","India","Imports",6381.0
"1975-01-01 00:00:00","Indonesia","Exports",0.0
"1975-01-01 00:00:00","Indonesia","Imports",0.0
"1975-01-01 00:00:00","Israel","Exports",1941.0
"1975-01-01 00:00:00","Israel","Imports",5997.0
"1975-01-01 00:00:00","Italy","Exports",34988.0
"1975-01-01 00:00:00","Italy","Imports",38526.0
"1975-01-01 00:00:00","Japan","Exports",55819.0
"1975-01-01 00:00:00","Japan","Imports",57860.0
"1975-01-01 00:00:00","Malaysia","Exports",3843.0
"1975-01-01 00:00:00","Malaysia","Imports",3566.0
"1975-01-01 00:00:00","Mexico","Exports",2904.0
"1975-01-01 00:00:00","Mexico","Imports",6580.0
"1975-01-01 00:00:00","Netherlands","Exports",39888.0
"1975-01-01 00:00:00","Netherlands","Imports",40897.0
"1975-01-01 00:00:00","Norway","Exports",7232.0
"1975-01-01 00:00:00","Norway","Imports",9705.0
"1975-01-01 00:00:00","Peru","Exports",1291.0
"1975-01-01 00:00:00","Peru","Imports",2550.0
"1975-01-01 00:00:00","Philippines","Exports",2294.0
"1975-01-01 00:00:00","Philippines","Imports",3756.0
"1975-01-01 00:00:00","Poland","Exports",10289.0
"1975-01-01 00:00:00","Poland","Imports",11155.0
"1975-01-01 00:00:00","Portugal","Exports",1939.0
"1975-01-01 00:00:00","Portugal","Imports",3839.0
"1975-01-01 00:00:00","South_Korea","Exports",4945.0
"1975-01-01 00:00:00","South_Korea","Imports",7274.0
"1975-01-01 00:00:00","Russia","Exports",0.0
"1975-01-01 00:00:00","Russia","Imports",0.0
"1975-01-01 00:00:00","Saudi_Arabia","Exports",29673.0
"1975-01-01 00:00:00","Saudi_Arabia","Imports",4213.0
"1975-01-01 00:00:00","South_Africa","Exports",8789.0
"1975-01-01 00:00:00","South_Africa","Imports",8293.0
"1975-01-01 00:00:00","Spain","Exports",7690.0
"1975-01-01 00:00:00","Spain","Imports",16265.0
"1975-01-01 00:00:00","Sweden","Exports",17384.0
"1975-01-01 00:00:00","Sweden","Imports",17450.0
"1975-01-01 00:00:00","Switzerland","Exports",12953.0
"1975-01-01 00:00:00","Switzerland","Imports",13303.0
"1975-01-01 00:00:00","Thailand","Exports",2208.0
"1975-01-01 00:00:00","Thailand","Imports",3280.0
"1975-01-01 00:00:00","Tunisia","Exports",856.0
"1975-01-01 00:00:00","Tunisia","Imports",1424.0
"1975-01-01 00:00:00","Turkiye","Exports",1401.0
"1975-01-01 00:00:00","Turkiye","Imports",4739.0
"1975-01-01 00:00:00","Ukraine","Exports",0.0
"1975-01-01 00:00:00","Ukraine","Imports",0.0
"1975-01-01 00:00:00","United_Kingdom","Exports",43423.0
"1975-01-01 00:00:00","United_Kingdom","Imports",53341.0
"1975-01-01 00:00:00","United_States","Exports",108856.0
"1975-01-01 00:00:00","United_States","Imports",105881.0
"1975-01-01 00:00:00","Venezuela","Exports",8800.0
"1975-01-01 00:00:00","Venezuela","Imports",6000.0
"1975-01-01 00:00:00","Viet_Nam","Exports",0.0
"1975-01-01 00:00:00","Viet_Nam","Imports",0.0
"1976-01-01 00:00:00","Argentina","Exports",3916.0
"1976-01-01 00:00:00","Argentina","Imports",3034.0
"1976-01-01 00:00:00","Australia","Exports",13193.0
"1976-01-01 00:00:00","Australia","Imports",12232.0
"1976-01-01 00:00:00","Belgium","Exports",32889.0
"1976-01-01 00:00:00","Belgium","Imports",35545.0
"1976-01-01 00:00:00","Brazil","Exports",10128.0
"1976-01-01 00:00:00","Brazil","Imports",13726.0
"1976-01-01 00:00:00","Canada","Exports",40598.0
"1976-01-01 00:00:00","Canada","Imports",40243.0
"1976-01-01 00:00:00","Chile","Exports",2083.0
"1976-01-01 00:00:00","Chile","Imports",1864.0
"1976-01-01 00:00:00","China","Exports",6943.0
"1976-01-01 00:00:00","China","Imports",6660.0
"1976-01-01 00:00:00","Hong_Kong","Exports",8484.0
"1976-01-01 00:00:00","Hong_Kong","Imports",8838.0
"1976-01-01 00:00:00","Taiwan","Exports",8155.0
"1976-01-01 00:00:00","Taiwan","Imports",7609.0
"1976-01-01 00:00:00","Colombia","Exports",1874.0
"1976-01-01 00:00:00","Colombia","Imports",1662.0
"1976-01-01 00:00:00","Denmark","Exports",9115.0
"1976-01-01 00:00:00","Denmark","Imports",12427.0
"1976-01-01 00:00:00","Egypt","Exports",1522.0
"1976-01-01 00:00:00","Egypt","Imports",3807.0
"1976-01-01 00:00:00","Finland","Exports",6342.0
"1976-01-01 00:00:00","Finland","Imports",7392.0
"1976-01-01 00:00:00","France","Exports",57186.0
"1976-01-01 00:00:00","France","Imports",65343.0
"1976-01-01 00:00:00","Germany","Exports",0.0
"1976-01-01 00:00:00","Germany","Imports",0.0
"1976-01-01 00:00:00","Hungary","Exports",4927.0
"1976-01-01 00:00:00","Hungary","Imports",5533.0
"1976-01-01 00:00:00","India","Exports",5549.0
"1976-01-01 00:00:00","India","Imports",5665.0
"1976-01-01 00:00:00","Indonesia","Exports",0.0
"1976-01-01 00:00:00","Indonesia","Imports",0.0
"1976-01-01 00:00:00","Israel","Exports",2415.0
"1976-01-01 00:00:00","Israel","Imports",5669.0
"1976-01-01 00:00:00","Italy","Exports",37265.0
"1976-01-01 00:00:00","Italy","Imports",43905.0
"1976-01-01 00:00:00","Japan","Exports",67304.0
"1976-01-01 00:00:00","Japan","Imports",64895.0
"1976-01-01 00:00:00","Malaysia","Exports",5295.0
"1976-01-01 00:00:00","Malaysia","Imports",3824.0
"1976-01-01 00:00:00","Mexico","Exports",3417.0
"1976-01-01 00:00:00","Mexico","Imports",6028.0
"1976-01-01 00:00:00","Netherlands","Exports",46153.0
"1976-01-01 00:00:00","Netherlands","Imports",46734.0
"1976-01-01 00:00:00","Norway","Exports",7951.0
"1976-01-01 00:00:00","Norway","Imports",11121.0
"1976-01-01 00:00:00","Peru","Exports",1360.0
"1976-01-01 00:00:00","Peru","Imports",2037.0
"1976-01-01 00:00:00","Philippines","Exports",2555.0
"1976-01-01 00:00:00","Philippines","Imports",3942.0
"1976-01-01 00:00:00","Poland","Exports",11024.0
"1976-01-01 00:00:00","Poland","Imports",12898.0
"1976-01-01 00:00:00","Portugal","Exports",1811.0
"1976-01-01 00:00:00","Portugal","Imports",4220.0
"1976-01-01 00:00:00","South_Korea","Exports",7716.0
"1976-01-01 00:00:00","South_Korea","Imports",8774.0
"1976-01-01 00:00:00","Russia","Exports",0.0
"1976-01-01 00:00:00","Russia","Imports",0.0
"1976-01-01 00:00:00","Saudi_Arabia","Exports",38286.0
"1976-01-01 00:00:00","Saudi_Arabia","Imports",8695.0
"1976-01-01 00:00:00","South_Africa","Exports",7850.0
"1976-01-01 00:00:00","South_Africa","Imports",7285.0
"1976-01-01 00:00:00","Spain","Exports",8730.0
"1976-01-01 00:00:00","Spain","Imports",17474.0
"1976-01-01 00:00:00","Sweden","Exports",18435.0
"1976-01-01 00:00:00","Sweden","Imports",19628.0
"1976-01-01 00:00:00","Switzerland","Exports",14835.0
"1976-01-01 00:00:00","Switzerland","Imports",14775.0
"1976-01-01 00:00:00","Thailand","Exports",2980.0
"1976-01-01 00:00:00","Thailand","Imports",3572.0
"1976-01-01 00:00:00","Tunisia","Exports",788.0
"1976-01-01 00:00:00","Tunisia","Imports",1529.0
"1976-01-01 00:00:00","Turkiye","Exports",1960.0
"1976-01-01 00:00:00","Turkiye","Imports",5129.0
"1976-01-01 00:00:00","Ukraine","Exports",0.0
"1976-01-01 00:00:00","Ukraine","Imports",0.0
"1976-01-01 00:00:00","United_Kingdom","Exports",45356.0
"1976-01-01 00:00:00","United_Kingdom","Imports",55744.0
"1976-01-01 00:00:00","United_States","Exports",116794.0
"1976-01-01 00:00:00","United_States","Imports",132497.0
"1976-01-01 00:00:00","Venezuela","Exports",9299.0
"1976-01-01 00:00:00","Venezuela","Imports",7663.0
"1976-01-01 00:00:00","Viet_Nam","Exports",402.0
"1976-01-01 00:00:00","Viet_Nam","Imports",1171.0
"1977-01-01 00:00:00","Argentina","Exports",5652.0
"1977-01-01 00:00:00","Argentina","Imports",4162.0
"1977-01-01 00:00:00","Australia","Exports",13367.0
"1977-01-01 00:00:00","Australia","Imports",13511.0
"1977-01-01 00:00:00","Belgium","Exports",37538.0
"1977-01-01 00:00:00","Belgium","Imports",40406.0
"1977-01-01 00:00:00","Brazil","Exports",12120.0
"1977-01-01 00:00:00","Brazil","Imports",13257.0
"1977-01-01 00:00:00","Canada","Exports",43545.0
"1977-01-01 00:00:00","Canada","Imports",42083.0
"1977-01-01 00:00:00","Chile","Exports",2190.0
"1977-01-01 00:00:00","Chile","Imports",2539.0
"1977-01-01 00:00:00","China","Exports",7520.0
"1977-01-01 00:00:00","China","Imports",7148.0
"1977-01-01 00:00:00","Hong_Kong","Exports",9616.0
"1977-01-01 00:00:00","Hong_Kong","Imports",10446.0
"1977-01-01 00:00:00","Taiwan","Exports",9349.0
"1977-01-01 00:00:00","Taiwan","Imports",8522.0
"1977-01-01 00:00:00","Colombia","Exports",2403.0
"1977-01-01 00:00:00","Colombia","Imports",1880.0
"1977-01-01 00:00:00","Denmark","Exports",10065.0
"1977-01-01 00:00:00","Denmark","Imports",13265.0
"1977-01-01 00:00:00","Egypt","Exports",1708.0
"1977-01-01 00:00:00","Egypt","Imports",4815.0
"1977-01-01 00:00:00","Finland","Exports",7665.0
"1977-01-01 00:00:00","Finland","Imports",7608.0
"1977-01-01 00:00:00","France","Exports",65459.0
"1977-01-01 00:00:00","France","Imports",72076.0
"1977-01-01 00:00:00","Germany","Exports",0.0
"1977-01-01 00:00:00","Germany","Imports",0.0
"1977-01-01 00:00:00","Hungary","Exports",5834.0
"1977-01-01 00:00:00","Hungary","Imports",6531.0
"1977-01-01 00:00:00","India","Exports",6378.0
"1977-01-01 00:00:00","India","Imports",6647.0
"1977-01-01 00:00:00","Indonesia","Exports",0.0
"1977-01-01 00:00:00","Indonesia","Imports",0.0
"1977-01-01 00:00:00","Israel","Exports",3082.0
"1977-01-01 00:00:00","Israel","Imports",5787.0
"1977-01-01 00:00:00","Italy","Exports",45305.0
"1977-01-01 00:00:00","Italy","Imports",48092.0
"1977-01-01 00:00:00","Japan","Exports",81083.0
"1977-01-01 00:00:00","Japan","Imports",71340.0
"1977-01-01 00:00:00","Malaysia","Exports",6079.0
"1977-01-01 00:00:00","Malaysia","Imports",4542.0
"1977-01-01 00:00:00","Mexico","Exports",4167.0
"1977-01-01 00:00:00","Mexico","Imports",5489.0
"1977-01-01 00:00:00","Netherlands","Exports",50110.0
"1977-01-01 00:00:00","Netherlands","Imports",52903.0
"1977-01-01 00:00:00","Norway","Exports",8880.0
"1977-01-01 00:00:00","Norway","Imports",12883.0
"1977-01-01 00:00:00","Peru","Exports",1726.0
"1977-01-01 00:00:00","Peru","Imports",1911.0
"1977-01-01 00:00:00","Philippines","Exports",3127.0
"1977-01-01 00:00:00","Philippines","Imports",4270.0
"1977-01-01 00:00:00","Poland","Exports",10666.0
"1977-01-01 00:00:00","Poland","Imports",13420.0
"1977-01-01 00:00:00","Portugal","Exports",1970.0
"1977-01-01 00:00:00","Portugal","Imports",4744.0
"1977-01-01 00:00:00","South_Korea","Exports",10048.0
"1977-01-01 00:00:00","South_Korea","Imports",10811.0
"1977-01-01 00:00:00","Russia","Exports",0.0
"1977-01-01 00:00:00","Russia","Imports",0.0
"1977-01-01 00:00:00","Saudi_Arabia","Exports",43466.0
"1977-01-01 00:00:00","Saudi_Arabia","Imports",14656.0
"1977-01-01 00:00:00","South_Africa","Exports",9904.0
"1977-01-01 00:00:00","South_Africa","Imports",6270.0
"1977-01-01 00:00:00","Spain","Exports",10223.0
"1977-01-01 00:00:00","Spain","Imports",17836.0
"1977-01-01 00:00:00","Sweden","Exports",19082.0
"1977-01-01 00:00:00","Sweden","Imports",20137.0
"1977-01-01 00:00:00","Switzerland","Exports",17614.0
"1977-01-01 00:00:00","Switzerland","Imports",17940.0
"1977-01-01 00:00:00","Thailand","Exports",3490.0
"1977-01-01 00:00:00","Thailand","Imports",4617.0
"1977-01-01 00:00:00","Tunisia","Exports",929.0
"1977-01-01 00:00:00","Tunisia","Imports",1825.0
"1977-01-01 00:00:00","Turkiye","Exports",1753.0
"1977-01-01 00:00:00","Turkiye","Imports",5796.0
"1977-01-01 00:00:00","Ukraine","Exports",0.0
"1977-01-01 00:00:00","Ukraine","Imports",0.0
"1977-01-01 00:00:00","United_Kingdom","Exports",55860.0
"1977-01-01 00:00:00","United_Kingdom","Imports",63191.0
"1977-01-01 00:00:00","United_States","Exports",123182.0
"1977-01-01 00:00:00","United_States","Imports",160411.0
"1977-01-01 00:00:00","Venezuela","Exports",9551.0
"1977-01-01 00:00:00","Venezuela","Imports",10938.0
"1977-01-01 00:00:00","Viet_Nam","Exports",594.0
"1977-01-01 00:00:00","Viet_Nam","Imports",1372.0
"1978-01-01 00:00:00","Argentina","Exports",6400.0
"1978-01-01 00:00:00","Argentina","Imports",3834.0
"1978-01-01 00:00:00","Australia","Exports",14416.0
"1978-01-01 00:00:00","Australia","Imports",15567.0
"1978-01-01 00:00:00","Belgium","Exports",44947.0
"1978-01-01 00:00:00","Belgium","Imports",48609.0
"1978-01-01 00:00:00","Brazil","Exports",12659.0
"1978-01-01 00:00:00","Brazil","Imports",15054.0
"1978-01-01 00:00:00","Canada","Exports",48432.0
"1978-01-01 00:00:00","Canada","Imports",46278.0
"1978-01-01 00:00:00","Chile","Exports",2478.0
"1978-01-01 00:00:00","Chile","Imports",3408.0
"1978-01-01 00:00:00","China","Exports",9955.0
"1978-01-01 00:00:00","China","Imports",11131.0
"1978-01-01 00:00:00","Hong_Kong","Exports",11453.0
"1978-01-01 00:00:00","Hong_Kong","Imports",13394.0
"1978-01-01 00:00:00","Taiwan","Exports",12682.0
"1978-01-01 00:00:00","Taiwan","Imports",11051.0
"1978-01-01 00:00:00","Colombia","Exports",3010.0
"1978-01-01 00:00:00","Colombia","Imports",2971.0
"1978-01-01 00:00:00","Denmark","Exports",11883.0
"1978-01-01 00:00:00","Denmark","Imports",14808.0
"1978-01-01 00:00:00","Egypt","Exports",1737.0
"1978-01-01 00:00:00","Egypt","Imports",6727.0
"1978-01-01 00:00:00","Finland","Exports",8570.0
"1978-01-01 00:00:00","Finland","Imports",7866.0
"1978-01-01 00:00:00","France","Exports",79730.0
"1978-01-01 00:00:00","France","Imports",83499.0
"1978-01-01 00:00:00","Germany","Exports",0.0
"1978-01-01 00:00:00","Germany","Imports",0.0
"1978-01-01 00:00:00","Hungary","Exports",6408.0
"1978-01-01 00:00:00","Hungary","Imports",7990.0
"1978-01-01 00:00:00","India","Exports",6671.0
"1978-01-01 00:00:00","India","Imports",7865.0
"1978-01-01 00:00:00","Indonesia","Exports",0.0
"1978-01-01 00:00:00","Indonesia","Imports",0.0
"1978-01-01 00:00:00","Israel","Exports",3921.0
"1978-01-01 00:00:00","Israel","Imports",7415.0
"1978-01-01 00:00:00","Italy","Exports",56090.0
"1978-01-01 00:00:00","Italy","Imports",56496.0
"1978-01-01 00:00:00","Japan","Exports",98211.0
"1978-01-01 00:00:00","Japan","Imports",79922.0
"1978-01-01 00:00:00","Malaysia","Exports",7404.0
"1978-01-01 00:00:00","Malaysia","Imports",5909.0
"1978-01-01 00:00:00","Mexico","Exports",6005.0
"1978-01-01 00:00:00","Mexico","Imports",8109.0
"1978-01-01 00:00:00","Netherlands","Exports",57590.0
"1978-01-01 00:00:00","Netherlands","Imports",61314.0
"1978-01-01 00:00:00","Norway","Exports",10882.0
"1978-01-01 00:00:00","Norway","Imports",11497.0
"1978-01-01 00:00:00","Peru","Exports",1941.0
"1978-01-01 00:00:00","Peru","Imports",1175.0
"1978-01-01 00:00:00","Philippines","Exports",3401.0
"1978-01-01 00:00:00","Philippines","Imports",5144.0
"1978-01-01 00:00:00","Poland","Exports",12238.0
"1978-01-01 00:00:00","Poland","Imports",14744.0
"1978-01-01 00:00:00","Portugal","Exports",2414.0
"1978-01-01 00:00:00","Portugal","Imports",5237.0
"1978-01-01 00:00:00","South_Korea","Exports",12722.0
"1978-01-01 00:00:00","South_Korea","Imports",14972.0
"1978-01-01 00:00:00","Russia","Exports",0.0
"1978-01-01 00:00:00","Russia","Imports",0.0
"1978-01-01 00:00:00","Saudi_Arabia","Exports",40735.0
"1978-01-01 00:00:00","Saudi_Arabia","Imports",20422.0
"1978-01-01 00:00:00","South_Africa","Exports",12772.0
"1978-01-01 00:00:00","South_Africa","Imports",7615.0
"1978-01-01 00:00:00","Spain","Exports",13114.0
"1978-01-01 00:00:00","Spain","Imports",18712.0
"1978-01-01 00:00:00","Sweden","Exports",21790.0
"1978-01-01 00:00:00","Sweden","Imports",20589.0
"1978-01-01 00:00:00","Switzerland","Exports",23560.0
"1978-01-01 00:00:00","Switzerland","Imports",23804.0
"1978-01-01 00:00:00","Thailand","Exports",4085.0
"1978-01-01 00:00:00","Thailand","Imports",5356.0
"1978-01-01 00:00:00","Tunisia","Exports",1126.0
"1978-01-01 00:00:00","Tunisia","Imports",2138.0
"1978-01-01 00:00:00","Turkiye","Exports",2288.0
"1978-01-01 00:00:00","Turkiye","Imports",4599.0
"1978-01-01 00:00:00","Ukraine","Exports",0.0
"1978-01-01 00:00:00","Ukraine","Imports",0.0
"1978-01-01 00:00:00","United_Kingdom","Exports",67887.0
"1978-01-01 00:00:00","United_Kingdom","Imports",75813.0
"1978-01-01 00:00:00","United_States","Exports",145847.0
"1978-01-01 00:00:00","United_States","Imports",186046.0
"1978-01-01 00:00:00","Venezuela","Exports",9187.0
"1978-01-01 00:00:00","Venezuela","Imports",11767.0
"1978-01-01 00:00:00","Viet_Nam","Exports",648.0
"1978-01-01 00:00:00","Viet_Nam","Imports",1485.0
"1979-01-01 00:00:00","Argentina","Exports",7810.0
"1979-01-01 00:00:00","Argentina","Imports",6700.0
"1979-01-01 00:00:00","Australia","Exports",18663.0
"1979-01-01 00:00:00","Australia","Imports",18191.0
"1979-01-01 00:00:00","Belgium","Exports",56700.0
"1979-01-01 00:00:00","Belgium","Imports",60913.0
"1979-01-01 00:00:00","Brazil","Exports",15244.0
"1979-01-01 00:00:00","Brazil","Imports",19804.0
"1979-01-01 00:00:00","Canada","Exports",58294.0
"1979-01-01 00:00:00","Canada","Imports",56642.0
"1979-01-01 00:00:00","Chile","Exports",3894.0
"1979-01-01 00:00:00","Chile","Imports",4808.0
"1979-01-01 00:00:00","China","Exports",13614.0
"1979-01-01 00:00:00","China","Imports",15621.0
"1979-01-01 00:00:00","Hong_Kong","Exports",15140.0
"1979-01-01 00:00:00","Hong_Kong","Imports",17127.0
"1979-01-01 00:00:00","Taiwan","Exports",16081.0
"1979-01-01 00:00:00","Taiwan","Imports",14794.0
"1979-01-01 00:00:00","Colombia","Exports",3411.0
"1979-01-01 00:00:00","Colombia","Imports",3364.0
"1979-01-01 00:00:00","Denmark","Exports",14696.0
"1979-01-01 00:00:00","Denmark","Imports",18401.0
"1979-01-01 00:00:00","Egypt","Exports",1840.0
"1979-01-01 00:00:00","Egypt","Imports",3837.0
"1979-01-01 00:00:00","Finland","Exports",11172.0
"1979-01-01 00:00:00","Finland","Imports",11398.0
"1979-01-01 00:00:00","France","Exports",101094.0
"1979-01-01 00:00:00","France","Imports",109293.0
"1979-01-01 00:00:00","Germany","Exports",0.0
"1979-01-01 00:00:00","Germany","Imports",0.0
"1979-01-01 00:00:00","Hungary","Exports",7930.0
"1979-01-01 00:00:00","Hungary","Imports",8682.0
"1979-01-01 00:00:00","India","Exports",7806.0
"1979-01-01 00:00:00","India","Imports",9827.0
"1979-01-01 00:00:00","Indonesia","Exports",0.0
"1979-01-01 00:00:00","Indonesia","Imports",0.0
"1979-01-01 00:00:00","Israel","Exports",4546.0
"1979-01-01 00:00:00","Israel","Imports",8576.0
"1979-01-01 00:00:00","Italy","Exports",72233.0
"1979-01-01 00:00:00","Italy","Imports",77895.0
"1979-01-01 00:00:00","Japan","Exports",102299.0
"1979-01-01 00:00:00","Japan","Imports",109831.0
"1979-01-01 00:00:00","Malaysia","Exports",11079.0
"1979-01-01 00:00:00","Malaysia","Imports",7849.0
"1979-01-01 00:00:00","Mexico","Exports",8982.0
"1979-01-01 00:00:00","Mexico","Imports",12086.0
"1979-01-01 00:00:00","Netherlands","Exports",73537.0
"1979-01-01 00:00:00","Netherlands","Imports",77331.0
"1979-01-01 00:00:00","Norway","Exports",13546.0
"1979-01-01 00:00:00","Norway","Imports",13706.0
"1979-01-01 00:00:00","Peru","Exports",3491.0
"1979-01-01 00:00:00","Peru","Imports",1820.0
"1979-01-01 00:00:00","Philippines","Exports",4567.0
"1979-01-01 00:00:00","Philippines","Imports",6613.0
"1979-01-01 00:00:00","Poland","Exports",14082.0
"1979-01-01 00:00:00","Poland","Imports",16142.0
"1979-01-01 00:00:00","Portugal","Exports",3479.0
"1979-01-01 00:00:00","Portugal","Imports",6534.0
"1979-01-01 00:00:00","South_Korea","Exports",15057.0
"1979-01-01 00:00:00","South_Korea","Imports",20339.0
"1979-01-01 00:00:00","Russia","Exports",0.0
"1979-01-01 00:00:00","Russia","Imports",0.0
"1979-01-01 00:00:00","Saudi_Arabia","Exports",63427.0
"1979-01-01 00:00:00","Saudi_Arabia","Imports",24462.0
"1979-01-01 00:00:00","South_Africa","Exports",18258.0
"1979-01-01 00:00:00","South_Africa","Imports",8989.0
"1979-01-01 00:00:00","Spain","Exports",18208.0
"1979-01-01 00:00:00","Spain","Imports",25438.0
"1979-01-01 00:00:00","Sweden","Exports",27602.0
"1979-01-01 00:00:00","Sweden","Imports",28735.0
"1979-01-01 00:00:00","Switzerland","Exports",26538.0
"1979-01-01 00:00:00","Switzerland","Imports",29356.0
"1979-01-01 00:00:00","Thailand","Exports",5298.0
"1979-01-01 00:00:00","Thailand","Imports",7158.0
"1979-01-01 00:00:00","Tunisia","Exports",1791.0
"1979-01-01 00:00:00","Tunisia","Imports",2849.0
"1979-01-01 00:00:00","Turkiye","Exports",2261.0
"1979-01-01 00:00:00","Turkiye","Imports",5070.0
"1979-01-01 00:00:00","Ukraine","Exports",0.0
"1979-01-01 00:00:00","Ukraine","Imports",0.0
"1979-01-01 00:00:00","United_Kingdom","Exports",86397.0
"1979-01-01 00:00:00","United_Kingdom","Imports",99600.0
"1979-01-01 00:00:00","United_States","Exports",186363.0
"1979-01-01 00:00:00","United_States","Imports",222225.0
"1979-01-01 00:00:00","Venezuela","Exports",14317.0
"1979-01-01 00:00:00","Venezuela","Imports",10670.0
"1979-01-01 00:00:00","Viet_Nam","Exports",587.0
"1979-01-01 00:00:00","Viet_Nam","Imports",1599.0
"1980-01-01 00:00:00","Argentina","Exports",8021.0
"1980-01-01 00:00:00","Argentina","Imports",10545.0
"1980-01-01 00:00:00","Australia","Exports",21944.0
"1980-01-01 00:00:00","Australia","Imports",22399.0
"1980-01-01 00:00:00","Belgium","Exports",64540.0
"1980-01-01 00:00:00","Belgium","Imports",71860.0
"1980-01-01 00:00:00","Brazil","Exports",20132.0
"1980-01-01 00:00:00","Brazil","Imports",24961.0
"1980-01-01 00:00:00","Canada","Exports",67734.0
"1980-01-01 00:00:00","Canada","Imports",62544.0
"1980-01-01 00:00:00","Chile","Exports",4705.0
"1980-01-01 00:00:00","Chile","Imports",5797.0
"1980-01-01 00:00:00","China","Exports",18099.0
"1980-01-01 00:00:00","China","Imports",19941.0
"1980-01-01 00:00:00","Hong_Kong","Exports",20323.0
"1980-01-01 00:00:00","Hong_Kong","Imports",22994.0
"1980-01-01 00:00:00","Taiwan","Exports",19842.0
"1980-01-01 00:00:00","Taiwan","Imports",19754.0
"1980-01-01 00:00:00","Colombia","Exports",3924.0
"1980-01-01 00:00:00","Colombia","Imports",4739.0
"1980-01-01 00:00:00","Denmark","Exports",16749.0
"1980-01-01 00:00:00","Denmark","Imports",19340.0
"1980-01-01 00:00:00","Egypt","Exports",3046.0
"1980-01-01 00:00:00","Egypt","Imports",4860.0
"1980-01-01 00:00:00","Finland","Exports",14150.0
"1980-01-01 00:00:00","Finland","Imports",15635.0
"1980-01-01 00:00:00","France","Exports",116423.0
"1980-01-01 00:00:00","France","Imports",137532.0
"1980-01-01 00:00:00","Germany","Exports",0.0
"1980-01-01 00:00:00","Germany","Imports",0.0
"1980-01-01 00:00:00","Hungary","Exports",8610.0
"1980-01-01 00:00:00","Hungary","Imports",9190.0
"1980-01-01 00:00:00","India","Exports",8586.0
"1980-01-01 00:00:00","India","Imports",14864.0
"1980-01-01 00:00:00","Indonesia","Exports",0.0
"1980-01-01 00:00:00","Indonesia","Imports",0.0
"1980-01-01 00:00:00","Israel","Exports",5538.0
"1980-01-01 00:00:00","Israel","Imports",9784.0
"1980-01-01 00:00:00","Italy","Exports",78104.0
"1980-01-01 00:00:00","Italy","Imports",100741.0
"1980-01-01 00:00:00","Japan","Exports",130441.0
"1980-01-01 00:00:00","Japan","Imports",141296.0
"1980-01-01 00:00:00","Malaysia","Exports",12945.0
"1980-01-01 00:00:00","Malaysia","Imports",10779.0
"1980-01-01 00:00:00","Mexico","Exports",18031.0
"1980-01-01 00:00:00","Mexico","Imports",22144.0
"1980-01-01 00:00:00","Netherlands","Exports",84948.0
"1980-01-01 00:00:00","Netherlands","Imports",88419.0
"1980-01-01 00:00:00","Norway","Exports",18543.0
"1980-01-01 00:00:00","Norway","Imports",16926.0
"1980-01-01 00:00:00","Peru","Exports",3898.0
"1980-01-01 00:00:00","Peru","Imports",2573.0
"1980-01-01 00:00:00","Philippines","Exports",5741.0
"1980-01-01 00:00:00","Philippines","Imports",8291.0
"1980-01-01 00:00:00","Poland","Exports",17020.0
"1980-01-01 00:00:00","Poland","Imports",19120.0
"1980-01-01 00:00:00","Portugal","Exports",4640.0
"1980-01-01 00:00:00","Portugal","Imports",9309.0
"1980-01-01 00:00:00","South_Korea","Exports",17512.0
"1980-01-01 00:00:00","South_Korea","Imports",22292.0
"1980-01-01 00:00:00","Russia","Exports",0.0
"1980-01-01 00:00:00","Russia","Imports",0.0
"1980-01-01 00:00:00","Saudi_Arabia","Exports",109083.0
"1980-01-01 00:00:00","Saudi_Arabia","Imports",30166.0
"1980-01-01 00:00:00","South_Africa","Exports",25525.0
"1980-01-01 00:00:00","South_Africa","Imports",19598.0
"1980-01-01 00:00:00","Spain","Exports",20720.0
"1980-01-01 00:00:00","Spain","Imports",34078.0
"1980-01-01 00:00:00","Sweden","Exports",30906.0
"1980-01-01 00:00:00","Sweden","Imports",33438.0
"1980-01-01 00:00:00","Switzerland","Exports",29632.0
"1980-01-01 00:00:00","Switzerland","Imports",36341.0
"1980-01-01 00:00:00","Thailand","Exports",6505.0
"1980-01-01 00:00:00","Thailand","Imports",9214.0
"1980-01-01 00:00:00","Tunisia","Exports",2231.0
"1980-01-01 00:00:00","Tunisia","Imports",3526.0
"1980-01-01 00:00:00","Turkiye","Exports",2910.0
"1980-01-01 00:00:00","Turkiye","Imports",7910.0
"1980-01-01 00:00:00","Ukraine","Exports",0.0
"1980-01-01 00:00:00","Ukraine","Imports",0.0
"1980-01-01 00:00:00","United_Kingdom","Exports",110137.0
"1980-01-01 00:00:00","United_Kingdom","Imports",115545.0
"1980-01-01 00:00:00","United_States","Exports",225566.0
"1980-01-01 00:00:00","United_States","Imports",256985.0
"1980-01-01 00:00:00","Venezuela","Exports",19221.0
"1980-01-01 00:00:00","Venezuela","Imports",11827.0
"1980-01-01 00:00:00","Viet_Nam","Exports",338.0
"1980-01-01 00:00:00","Viet_Nam","Imports",1314.0
"1981-01-01 00:00:00","Argentina","Exports",9143.0
"1981-01-01 00:00:00","Argentina","Imports",9431.0
"1981-01-01 00:00:00","Australia","Exports",21477.0
"1981-01-01 00:00:00","Australia","Imports",26215.0
"1981-01-01 00:00:00","Belgium","Exports",55688.0
"1981-01-01 00:00:00","Belgium","Imports",62426.0
"1981-01-01 00:00:00","Brazil","Exports",23293.0
"1981-01-01 00:00:00","Brazil","Imports",24079.0
"1981-01-01 00:00:00","Canada","Exports",72726.0
"1981-01-01 00:00:00","Canada","Imports",70010.0
"1981-01-01 00:00:00","Chile","Exports",3837.0
"1981-01-01 00:00:00","Chile","Imports",7181.0
"1981-01-01 00:00:00","China","Exports",22007.0
"1981-01-01 00:00:00","China","Imports",22015.0
"1981-01-01 00:00:00","Hong_Kong","Exports",21775.0
"1981-01-01 00:00:00","Hong_Kong","Imports",26136.0
"1981-01-01 00:00:00","Taiwan","Exports",22593.0
"1981-01-01 00:00:00","Taiwan","Imports",21130.0
"1981-01-01 00:00:00","Colombia","Exports",2916.0
"1981-01-01 00:00:00","Colombia","Imports",5201.0
"1981-01-01 00:00:00","Denmark","Exports",16095.0
"1981-01-01 00:00:00","Denmark","Imports",17580.0
"1981-01-01 00:00:00","Egypt","Exports",3233.0
"1981-01-01 00:00:00","Egypt","Imports",8782.0
"1981-01-01 00:00:00","Finland","Exports",14005.0
"1981-01-01 00:00:00","Finland","Imports",14192.0
"1981-01-01 00:00:00","France","Exports",106841.0
"1981-01-01 00:00:00","France","Imports",123418.0
"1981-01-01 00:00:00","Germany","Exports",0.0
"1981-01-01 00:00:00","Germany","Imports",0.0
"1981-01-01 00:00:00","Hungary","Exports",8730.0
"1981-01-01 00:00:00","Hungary","Imports",9160.0
"1981-01-01 00:00:00","India","Exports",8295.0
"1981-01-01 00:00:00","India","Imports",15418.0
"1981-01-01 00:00:00","Indonesia","Exports",0.0
"1981-01-01 00:00:00","Indonesia","Imports",0.0
"1981-01-01 00:00:00","Israel","Exports",5670.0
"1981-01-01 00:00:00","Israel","Imports",10235.0
"1981-01-01 00:00:00","Italy","Exports",77070.0
"1981-01-01 00:00:00","Italy","Imports",94261.0
"1981-01-01 00:00:00","Japan","Exports",151495.0
"1981-01-01 00:00:00","Japan","Imports",142866.0
"1981-01-01 00:00:00","Malaysia","Exports",11770.0
"1981-01-01 00:00:00","Malaysia","Imports",11550.0
"1981-01-01 00:00:00","Mexico","Exports",23307.0
"1981-01-01 00:00:00","Mexico","Imports",28462.0
"1981-01-01 00:00:00","Netherlands","Exports",78597.0
"1981-01-01 00:00:00","Netherlands","Imports",75940.0
"1981-01-01 00:00:00","Norway","Exports",18217.0
"1981-01-01 00:00:00","Norway","Imports",15650.0
"1981-01-01 00:00:00","Peru","Exports",3255.0
"1981-01-01 00:00:00","Peru","Imports",3160.0
"1981-01-01 00:00:00","Philippines","Exports",5655.0
"1981-01-01 00:00:00","Philippines","Imports",8478.0
"1981-01-01 00:00:00","Poland","Exports",13290.0
"1981-01-01 00:00:00","Poland","Imports",15530.0
"1981-01-01 00:00:00","Portugal","Exports",4148.0
"1981-01-01 00:00:00","Portugal","Imports",9800.0
"1981-01-01 00:00:00","South_Korea","Exports",21268.0
"1981-01-01 00:00:00","South_Korea","Imports",26131.0
"1981-01-01 00:00:00","Russia","Exports",0.0
"1981-01-01 00:00:00","Russia","Imports",0.0
"1981-01-01 00:00:00","Saudi_Arabia","Exports",119876.0
"1981-01-01 00:00:00","Saudi_Arabia","Imports",35269.0
"1981-01-01 00:00:00","South_Africa","Exports",20658.0
"1981-01-01 00:00:00","South_Africa","Imports",22925.0
"1981-01-01 00:00:00","Spain","Exports",20333.0
"1981-01-01 00:00:00","Spain","Imports",32150.0
"1981-01-01 00:00:00","Sweden","Exports",28658.0
"1981-01-01 00:00:00","Sweden","Imports",28840.0
"1981-01-01 00:00:00","Switzerland","Exports",27031.0
"1981-01-01 00:00:00","Switzerland","Imports",30697.0
"1981-01-01 00:00:00","Thailand","Exports",7031.0
"1981-01-01 00:00:00","Thailand","Imports",9955.0
"1981-01-01 00:00:00","Tunisia","Exports",2500.0
"1981-01-01 00:00:00","Tunisia","Imports",3791.0
"1981-01-01 00:00:00","Turkiye","Exports",4703.0
"1981-01-01 00:00:00","Turkiye","Imports",8933.0
"1981-01-01 00:00:00","Ukraine","Exports",0.0
"1981-01-01 00:00:00","Ukraine","Imports",0.0
"1981-01-01 00:00:00","United_Kingdom","Exports",102845.0
"1981-01-01 00:00:00","United_Kingdom","Imports",102708.0
"1981-01-01 00:00:00","United_States","Exports",238715.0
"1981-01-01 00:00:00","United_States","Imports",273352.0
"1981-01-01 00:00:00","Venezuela","Exports",20980.0
"1981-01-01 00:00:00","Venezuela","Imports",13106.0
"1981-01-01 00:00:00","Viet_Nam","Exports",401.0
"1981-01-01 00:00:00","Viet_Nam","Imports",1382.0
"1982-01-01 00:00:00","Argentina","Exports",7625.0
"1982-01-01 00:00:00","Argentina","Imports",5340.0
"1982-01-01 00:00:00","Australia","Exports",21360.0
"1982-01-01 00:00:00","Australia","Imports",26668.0
"1982-01-01 00:00:00","Belgium","Exports",52356.0
"1982-01-01 00:00:00","Belgium","Imports",58227.0
"1982-01-01 00:00:00","Brazil","Exports",20175.0
"1982-01-01 00:00:00","Brazil","Imports",21069.0
"1982-01-01 00:00:00","Canada","Exports",71234.0
"1982-01-01 00:00:00","Canada","Imports",58128.0
"1982-01-01 00:00:00","Chile","Exports",3706.0
"1982-01-01 00:00:00","Chile","Imports",3989.0
"1982-01-01 00:00:00","China","Exports",22321.0
"1982-01-01 00:00:00","China","Imports",19285.0
"1982-01-01 00:00:00","Hong_Kong","Exports",21343.0
"1982-01-01 00:00:00","Hong_Kong","Imports",24867.0
"1982-01-01 00:00:00","Taiwan","Exports",22182.0
"1982-01-01 00:00:00","Taiwan","Imports",18814.0
"1982-01-01 00:00:00","Colombia","Exports",3024.0
"1982-01-01 00:00:00","Colombia","Imports",5480.0
"1982-01-01 00:00:00","Denmark","Exports",15397.0
"1982-01-01 00:00:00","Denmark","Imports",16692.0
"1982-01-01 00:00:00","Egypt","Exports",3120.0
"1982-01-01 00:00:00","Egypt","Imports",9078.0
"1982-01-01 00:00:00","Finland","Exports",13088.0
"1982-01-01 00:00:00","Finland","Imports",13401.0
"1982-01-01 00:00:00","France","Exports",97036.0
"1982-01-01 00:00:00","France","Imports",118163.0
"1982-01-01 00:00:00","Germany","Exports",0.0
"1982-01-01 00:00:00","Germany","Imports",0.0
"1982-01-01 00:00:00","Hungary","Exports",8860.0
"1982-01-01 00:00:00","Hungary","Imports",8870.0
"1982-01-01 00:00:00","India","Exports",9358.0
"1982-01-01 00:00:00","India","Imports",14786.0
"1982-01-01 00:00:00","Indonesia","Exports",0.0
"1982-01-01 00:00:00","Indonesia","Imports",0.0
"1982-01-01 00:00:00","Israel","Exports",5255.0
"1982-01-01 00:00:00","Israel","Imports",9655.0
"1982-01-01 00:00:00","Italy","Exports",73791.0
"1982-01-01 00:00:00","Italy","Imports",87332.0
"1982-01-01 00:00:00","Japan","Exports",138385.0
"1982-01-01 00:00:00","Japan","Imports",131499.0
"1982-01-01 00:00:00","Malaysia","Exports",12030.0
"1982-01-01 00:00:00","Malaysia","Imports",12418.0
"1982-01-01 00:00:00","Mexico","Exports",24055.0
"1982-01-01 00:00:00","Mexico","Imports",17742.0
"1982-01-01 00:00:00","Netherlands","Exports",75717.0
"1982-01-01 00:00:00","Netherlands","Imports",72316.0
"1982-01-01 00:00:00","Norway","Exports",17593.0
"1982-01-01 00:00:00","Norway","Imports",15477.0
"1982-01-01 00:00:00","Peru","Exports",3259.0
"1982-01-01 00:00:00","Peru","Imports",2940.0
"1982-01-01 00:00:00","Philippines","Exports",4969.0
"1982-01-01 00:00:00","Philippines","Imports",8272.0
"1982-01-01 00:00:00","Poland","Exports",11220.0
"1982-01-01 00:00:00","Poland","Imports",10250.0
"1982-01-01 00:00:00","Portugal","Exports",4164.0
"1982-01-01 00:00:00","Portugal","Imports",9572.0
"1982-01-01 00:00:00","South_Korea","Exports",21853.0
"1982-01-01 00:00:00","South_Korea","Imports",24251.0
"1982-01-01 00:00:00","Russia","Exports",0.0
"1982-01-01 00:00:00","Russia","Imports",0.0
"1982-01-01 00:00:00","Saudi_Arabia","Exports",79077.0
"1982-01-01 00:00:00","Saudi_Arabia","Imports",40644.0
"1982-01-01 00:00:00","South_Africa","Exports",17673.0
"1982-01-01 00:00:00","South_Africa","Imports",18407.0
"1982-01-01 00:00:00","Spain","Exports",20498.0
"1982-01-01 00:00:00","Spain","Imports",31465.0
"1982-01-01 00:00:00","Sweden","Exports",26808.0
"1982-01-01 00:00:00","Sweden","Imports",27585.0
"1982-01-01 00:00:00","Switzerland","Exports",26018.0
"1982-01-01 00:00:00","Switzerland","Imports",28678.0
"1982-01-01 00:00:00","Thailand","Exports",6945.0
"1982-01-01 00:00:00","Thailand","Imports",8548.0
"1982-01-01 00:00:00","Tunisia","Exports",1981.0
"1982-01-01 00:00:00","Tunisia","Imports",3420.0
"1982-01-01 00:00:00","Turkiye","Exports",5746.0
"1982-01-01 00:00:00","Turkiye","Imports",8843.0
"1982-01-01 00:00:00","Ukraine","Exports",0.0
"1982-01-01 00:00:00","Ukraine","Imports",0.0
"1982-01-01 00:00:00","United_Kingdom","Exports",97017.0
"1982-01-01 00:00:00","United_Kingdom","Imports",99713.0
"1982-01-01 00:00:00","United_States","Exports",216442.0
"1982-01-01 00:00:00","United_States","Imports",254884.0
"1982-01-01 00:00:00","Venezuela","Exports",16590.0
"1982-01-01 00:00:00","Venezuela","Imports",12944.0
"1982-01-01 00:00:00","Viet_Nam","Exports",526.0
"1982-01-01 00:00:00","Viet_Nam","Imports",1472.0
"1983-01-01 00:00:00","Argentina","Exports",7836.0
"1983-01-01 00:00:00","Argentina","Imports",4504.0
"1983-01-01 00:00:00","Australia","Exports",20113.0
"1983-01-01 00:00:00","Australia","Imports",21458.0
"1983-01-01 00:00:00","Belgium","Exports",51939.0
"1983-01-01 00:00:00","Belgium","Imports",55313.0
"1983-01-01 00:00:00","Brazil","Exports",21899.0
"1983-01-01 00:00:00","Brazil","Imports",16801.0
"1983-01-01 00:00:00","Canada","Exports",76749.0
"1983-01-01 00:00:00","Canada","Imports",64789.0
"1983-01-01 00:00:00","Chile","Exports",3831.0
"1983-01-01 00:00:00","Chile","Imports",3085.0
"1983-01-01 00:00:00","China","Exports",22226.0
"1983-01-01 00:00:00","China","Imports",21390.0
"1983-01-01 00:00:00","Hong_Kong","Exports",22454.0
"1983-01-01 00:00:00","Hong_Kong","Imports",24409.0
"1983-01-01 00:00:00","Taiwan","Exports",25179.0
"1983-01-01 00:00:00","Taiwan","Imports",20315.0
"1983-01-01 00:00:00","Colombia","Exports",3001.0
"1983-01-01 00:00:00","Colombia","Imports",4963.0
"1983-01-01 00:00:00","Denmark","Exports",16053.0
"1983-01-01 00:00:00","Denmark","Imports",16266.0
"1983-01-01 00:00:00","Egypt","Exports",3214.0
"1983-01-01 00:00:00","Egypt","Imports",10275.0
"1983-01-01 00:00:00","Finland","Exports",12518.0
"1983-01-01 00:00:00","Finland","Imports",12826.0
"1983-01-01 00:00:00","France","Exports",95325.0
"1983-01-01 00:00:00","France","Imports",108442.0
"1983-01-01 00:00:00","Germany","Exports",0.0
"1983-01-01 00:00:00","Germany","Imports",0.0
"1983-01-01 00:00:00","Hungary","Exports",8770.0
"1983-01-01 00:00:00","Hungary","Imports",8555.0
"1983-01-01 00:00:00","India","Exports",9148.0
"1983-01-01 00:00:00","India","Imports",14061.0
"1983-01-01 00:00:00","Indonesia","Exports",0.0
"1983-01-01 00:00:00","Indonesia","Imports",0.0
"1983-01-01 00:00:00","Israel","Exports",5108.0
"1983-01-01 00:00:00","Israel","Imports",9574.0
"1983-01-01 00:00:00","Italy","Exports",72877.0
"1983-01-01 00:00:00","Italy","Imports",79808.0
"1983-01-01 00:00:00","Japan","Exports",146965.0
"1983-01-01 00:00:00","Japan","Imports",126437.0
"1983-01-01 00:00:00","Malaysia","Exports",14104.0
"1983-01-01 00:00:00","Malaysia","Imports",13262.0
"1983-01-01 00:00:00","Mexico","Exports",25953.0
"1983-01-01 00:00:00","Mexico","Imports",12476.0
"1983-01-01 00:00:00","Netherlands","Exports",73692.0
"1983-01-01 00:00:00","Netherlands","Imports",68237.0
"1983-01-01 00:00:00","Norway","Exports",17998.0
"1983-01-01 00:00:00","Norway","Imports",13497.0
"1983-01-01 00:00:00","Peru","Exports",3015.0
"1983-01-01 00:00:00","Peru","Imports",2234.0
"1983-01-01 00:00:00","Philippines","Exports",4890.0
"1983-01-01 00:00:00","Philippines","Imports",7976.0
"1983-01-01 00:00:00","Poland","Exports",11580.0
"1983-01-01 00:00:00","Poland","Imports",10600.0
"1983-01-01 00:00:00","Portugal","Exports",4599.0
"1983-01-01 00:00:00","Portugal","Imports",8240.0
"1983-01-01 00:00:00","South_Korea","Exports",24446.0
"1983-01-01 00:00:00","South_Korea","Imports",26192.0
"1983-01-01 00:00:00","Russia","Exports",0.0
"1983-01-01 00:00:00","Russia","Imports",0.0
"1983-01-01 00:00:00","Saudi_Arabia","Exports",45861.0
"1983-01-01 00:00:00","Saudi_Arabia","Imports",39197.0
"1983-01-01 00:00:00","South_Africa","Exports",18508.0
"1983-01-01 00:00:00","South_Africa","Imports",15813.0
"1983-01-01 00:00:00","Spain","Exports",19734.0
"1983-01-01 00:00:00","Spain","Imports",29193.0
"1983-01-01 00:00:00","Sweden","Exports",27446.0
"1983-01-01 00:00:00","Sweden","Imports",26098.0
"1983-01-01 00:00:00","Switzerland","Exports",25592.0
"1983-01-01 00:00:00","Switzerland","Imports",29192.0
"1983-01-01 00:00:00","Thailand","Exports",6368.0
"1983-01-01 00:00:00","Thailand","Imports",10287.0
"1983-01-01 00:00:00","Tunisia","Exports",1850.0
"1983-01-01 00:00:00","Tunisia","Imports",3107.0
"1983-01-01 00:00:00","Turkiye","Exports",5728.0
"1983-01-01 00:00:00","Turkiye","Imports",9235.0
"1983-01-01 00:00:00","Ukraine","Exports",0.0
"1983-01-01 00:00:00","Ukraine","Imports",0.0
"1983-01-01 00:00:00","United_Kingdom","Exports",91868.0
"1983-01-01 00:00:00","United_Kingdom","Imports",100234.0
"1983-01-01 00:00:00","United_States","Exports",205639.0
"1983-01-01 00:00:00","United_States","Imports",269878.0
"1983-01-01 00:00:00","Venezuela","Exports",13937.0
"1983-01-01 00:00:00","Venezuela","Imports",6419.0
"1983-01-01 00:00:00","Viet_Nam","Exports",616.0
"1983-01-01 00:00:00","Viet_Nam","Imports",1526.0
"1984-01-01 00:00:00","Argentina","Exports",8107.0
"1984-01-01 00:00:00","Argentina","Imports",4585.0
"1984-01-01 00:00:00","Australia","Exports",23111.0
"1984-01-01 00:00:00","Australia","Imports",25919.0
"1984-01-01 00:00:00","Belgium","Exports",51893.0
"1984-01-01 00:00:00","Belgium","Imports",55459.0
"1984-01-01 00:00:00","Brazil","Exports",27005.0
"1984-01-01 00:00:00","Brazil","Imports",15210.0
"1984-01-01 00:00:00","Canada","Exports",90272.0
"1984-01-01 00:00:00","Canada","Imports",77789.0
"1984-01-01 00:00:00","Chile","Exports",3651.0
"1984-01-01 00:00:00","Chile","Imports",3574.0
"1984-01-01 00:00:00","China","Exports",26139.0
"1984-01-01 00:00:00","China","Imports",27410.0
"1984-01-01 00:00:00","Hong_Kong","Exports",28337.0
"1984-01-01 00:00:00","Hong_Kong","Imports",30444.0
"1984-01-01 00:00:00","Taiwan","Exports",30547.0
"1984-01-01 00:00:00","Taiwan","Imports",21993.0
"1984-01-01 00:00:00","Colombia","Exports",3462.0
"1984-01-01 00:00:00","Colombia","Imports",4498.0
"1984-01-01 00:00:00","Denmark","Exports",15980.0
"1984-01-01 00:00:00","Denmark","Imports",16613.0
"1984-01-01 00:00:00","Egypt","Exports",3140.0
"1984-01-01 00:00:00","Egypt","Imports",10766.0
"1984-01-01 00:00:00","Finland","Exports",13472.0
"1984-01-01 00:00:00","Finland","Imports",12433.0
"1984-01-01 00:00:00","France","Exports",97923.0
"1984-01-01 00:00:00","France","Imports",106686.0
"1984-01-01 00:00:00","Germany","Exports",0.0
"1984-01-01 00:00:00","Germany","Imports",0.0
"1984-01-01 00:00:00","Hungary","Exports",8620.0
"1984-01-01 00:00:00","Hungary","Imports",8130.0
"1984-01-01 00:00:00","India","Exports",9451.0
"1984-01-01 00:00:00","India","Imports",15272.0
"1984-01-01 00:00:00","Indonesia","Exports",0.0
"1984-01-01 00:00:00","Indonesia","Imports",0.0
"1984-01-01 00:00:00","Israel","Exports",5807.0
"1984-01-01 00:00:00","Israel","Imports",9819.0
"1984-01-01 00:00:00","Italy","Exports",74564.0
"1984-01-01 00:00:00","Italy","Imports",85162.0
"1984-01-01 00:00:00","Japan","Exports",169700.0
"1984-01-01 00:00:00","Japan","Imports",136176.0
"1984-01-01 00:00:00","Malaysia","Exports",16483.0
"1984-01-01 00:00:00","Malaysia","Imports",14051.0
"1984-01-01 00:00:00","Mexico","Exports",29101.0
"1984-01-01 00:00:00","Mexico","Imports",16691.0
"1984-01-01 00:00:00","Netherlands","Exports",75055.0
"1984-01-01 00:00:00","Netherlands","Imports",69254.0
"1984-01-01 00:00:00","Norway","Exports",18886.0
"1984-01-01 00:00:00","Norway","Imports",13885.0
"1984-01-01 00:00:00","Peru","Exports",3147.0
"1984-01-01 00:00:00","Peru","Imports",1881.0
"1984-01-01 00:00:00","Philippines","Exports",5274.0
"1984-01-01 00:00:00","Philippines","Imports",6432.0
"1984-01-01 00:00:00","Poland","Exports",11760.0
"1984-01-01 00:00:00","Poland","Imports",10650.0
"1984-01-01 00:00:00","Portugal","Exports",5200.0
"1984-01-01 00:00:00","Portugal","Imports",7961.0
"1984-01-01 00:00:00","South_Korea","Exports",29245.0
"1984-01-01 00:00:00","South_Korea","Imports",30631.0
"1984-01-01 00:00:00","Russia","Exports",0.0
"1984-01-01 00:00:00","Russia","Imports",0.0
"1984-01-01 00:00:00","Saudi_Arabia","Exports",37545.0
"1984-01-01 00:00:00","Saudi_Arabia","Imports",33696.0
"1984-01-01 00:00:00","South_Africa","Exports",17163.0
"1984-01-01 00:00:00","South_Africa","Imports",15955.0
"1984-01-01 00:00:00","Spain","Exports",23565.0
"1984-01-01 00:00:00","Spain","Imports",28831.0
"1984-01-01 00:00:00","Sweden","Exports",29378.0
"1984-01-01 00:00:00","Sweden","Imports",26426.0
"1984-01-01 00:00:00","Switzerland","Exports",25851.0
"1984-01-01 00:00:00","Switzerland","Imports",29522.0
"1984-01-01 00:00:00","Thailand","Exports",7413.0
"1984-01-01 00:00:00","Thailand","Imports",10398.0
"1984-01-01 00:00:00","Tunisia","Exports",1797.0
"1984-01-01 00:00:00","Tunisia","Imports",3221.0
"1984-01-01 00:00:00","Turkiye","Exports",7134.0
"1984-01-01 00:00:00","Turkiye","Imports",10757.0
"1984-01-01 00:00:00","Ukraine","Exports",0.0
"1984-01-01 00:00:00","Ukraine","Imports",0.0
"1984-01-01 00:00:00","United_Kingdom","Exports",93840.0
"1984-01-01 00:00:00","United_Kingdom","Imports",105214.0
"1984-01-01 00:00:00","United_States","Exports",223976.0
"1984-01-01 00:00:00","United_States","Imports",346363.0
"1984-01-01 00:00:00","Venezuela","Exports",15997.0
"1984-01-01 00:00:00","Venezuela","Imports",7774.0
"1984-01-01 00:00:00","Viet_Nam","Exports",649.0
"1984-01-01 00:00:00","Viet_Nam","Imports",1745.0
"1985-01-01 00:00:00","Argentina","Exports",8396.0
"1985-01-01 00:00:00","Argentina","Imports",3814.0
"1985-01-01 00:00:00","Australia","Exports",22604.0
"1985-01-01 00:00:00","Australia","Imports",25890.0
"1985-01-01 00:00:00","Belgium","Exports",53739.0
"1985-01-01 00:00:00","Belgium","Imports",56182.0
"1985-01-01 00:00:00","Brazil","Exports",25639.0
"1985-01-01 00:00:00","Brazil","Imports",14332.0
"1985-01-01 00:00:00","Canada","Exports",90950.0
"1985-01-01 00:00:00","Canada","Imports",80640.0
"1985-01-01 00:00:00","Chile","Exports",3804.0
"1985-01-01 00:00:00","Chile","Imports",3072.0
"1985-01-01 00:00:00","China","Exports",27350.0
"1985-01-01 00:00:00","China","Imports",42252.0
"1985-01-01 00:00:00","Hong_Kong","Exports",30077.0
"1985-01-01 00:00:00","Hong_Kong","Imports",31195.0
"1985-01-01 00:00:00","Taiwan","Exports",30784.0
"1985-01-01 00:00:00","Taiwan","Imports",20122.0
"1985-01-01 00:00:00","Colombia","Exports",3552.0
"1985-01-01 00:00:00","Colombia","Imports",4141.0
"1985-01-01 00:00:00","Denmark","Exports",17090.0
"1985-01-01 00:00:00","Denmark","Imports",18245.0
"1985-01-01 00:00:00","Egypt","Exports",3714.0
"1985-01-01 00:00:00","Egypt","Imports",11104.0
"1985-01-01 00:00:00","Finland","Exports",13617.0
"1985-01-01 00:00:00","Finland","Imports",13232.0
"1985-01-01 00:00:00","France","Exports",102028.0
"1985-01-01 00:00:00","France","Imports",110678.0
"1985-01-01 00:00:00","Germany","Exports",0.0
"1985-01-01 00:00:00","Germany","Imports",0.0
"1985-01-01 00:00:00","Hungary","Exports",8470.0
"1985-01-01 00:00:00","Hungary","Imports",8185.0
"1985-01-01 00:00:00","India","Exports",9140.0
"1985-01-01 00:00:00","India","Imports",15928.0
"1985-01-01 00:00:00","Indonesia","Exports",0.0
"1985-01-01 00:00:00","Indonesia","Imports",0.0
"1985-01-01 00:00:00","Israel","Exports",6260.0
"1985-01-01 00:00:00","Israel","Imports",9875.0
"1985-01-01 00:00:00","Italy","Exports",76717.0
"1985-01-01 00:00:00","Italy","Imports",87692.0
"1985-01-01 00:00:00","Japan","Exports",177164.0
"1985-01-01 00:00:00","Japan","Imports",130488.0
"1985-01-01 00:00:00","Malaysia","Exports",15316.0
"1985-01-01 00:00:00","Malaysia","Imports",12253.0
"1985-01-01 00:00:00","Mexico","Exports",26757.0
"1985-01-01 00:00:00","Mexico","Imports",19116.0
"1985-01-01 00:00:00","Netherlands","Exports",77873.0
"1985-01-01 00:00:00","Netherlands","Imports",73123.0
"1985-01-01 00:00:00","Norway","Exports",19985.0
"1985-01-01 00:00:00","Norway","Imports",15556.0
"1985-01-01 00:00:00","Peru","Exports",2979.0
"1985-01-01 00:00:00","Peru","Imports",1767.0
"1985-01-01 00:00:00","Philippines","Exports",4611.0
"1985-01-01 00:00:00","Philippines","Imports",5455.0
"1985-01-01 00:00:00","Poland","Exports",11490.0
"1985-01-01 00:00:00","Poland","Imports",10840.0
"1985-01-01 00:00:00","Portugal","Exports",5685.0
"1985-01-01 00:00:00","Portugal","Imports",7652.0
"1985-01-01 00:00:00","South_Korea","Exports",30282.0
"1985-01-01 00:00:00","South_Korea","Imports",31136.0
"1985-01-01 00:00:00","Russia","Exports",0.0
"1985-01-01 00:00:00","Russia","Imports",0.0
"1985-01-01 00:00:00","Saudi_Arabia","Exports",27481.0
"1985-01-01 00:00:00","Saudi_Arabia","Imports",23622.0
"1985-01-01 00:00:00","South_Africa","Exports",16293.0
"1985-01-01 00:00:00","South_Africa","Imports",11319.0
"1985-01-01 00:00:00","Spain","Exports",24247.0
"1985-01-01 00:00:00","Spain","Imports",29963.0
"1985-01-01 00:00:00","Sweden","Exports",30461.0
"1985-01-01 00:00:00","Sweden","Imports",28548.0
"1985-01-01 00:00:00","Switzerland","Exports",27433.0
"1985-01-01 00:00:00","Switzerland","Imports",30696.0
"1985-01-01 00:00:00","Thailand","Exports",7121.0
"1985-01-01 00:00:00","Thailand","Imports",9242.0
"1985-01-01 00:00:00","Tunisia","Exports",1738.0
"1985-01-01 00:00:00","Tunisia","Imports",2757.0
"1985-01-01 00:00:00","Turkiye","Exports",7958.0
"1985-01-01 00:00:00","Turkiye","Imports",11344.0
"1985-01-01 00:00:00","Ukraine","Exports",0.0
"1985-01-01 00:00:00","Ukraine","Imports",0.0
"1985-01-01 00:00:00","United_Kingdom","Exports",101355.0
"1985-01-01 00:00:00","United_Kingdom","Imports",109505.0
"1985-01-01 00:00:00","United_States","Exports",218815.0
"1985-01-01 00:00:00","United_States","Imports",352463.0
"1985-01-01 00:00:00","Venezuela","Exports",14438.0
"1985-01-01 00:00:00","Venezuela","Imports",8106.0
"1985-01-01 00:00:00","Viet_Nam","Exports",698.0
"1985-01-01 00:00:00","Viet_Nam","Imports",1857.0
"1986-01-01 00:00:00","Argentina","Exports",6852.0
"1986-01-01 00:00:00","Argentina","Imports",4724.0
"1986-01-01 00:00:00","Australia","Exports",22569.0
"1986-01-01 00:00:00","Australia","Imports",26104.0
"1986-01-01 00:00:00","Belgium","Exports",68818.0
"1986-01-01 00:00:00","Belgium","Imports",68603.0
"1986-01-01 00:00:00","Brazil","Exports",22349.0
"1986-01-01 00:00:00","Brazil","Imports",15557.0
"1986-01-01 00:00:00","Canada","Exports",90329.0
"1986-01-01 00:00:00","Canada","Imports",85494.0
"1986-01-01 00:00:00","Chile","Exports",4191.0
"1986-01-01 00:00:00","Chile","Imports",3436.0
"1986-01-01 00:00:00","China","Exports",30942.0
"1986-01-01 00:00:00","China","Imports",42904.0
"1986-01-01 00:00:00","Hong_Kong","Exports",36081.0
"1986-01-01 00:00:00","Hong_Kong","Imports",35942.0
"1986-01-01 00:00:00","Taiwan","Exports",39897.0
"1986-01-01 00:00:00","Taiwan","Imports",24236.0
"1986-01-01 00:00:00","Colombia","Exports",5102.0
"1986-01-01 00:00:00","Colombia","Imports",3862.0
"1986-01-01 00:00:00","Denmark","Exports",21286.0
"1986-01-01 00:00:00","Denmark","Imports",22878.0
"1986-01-01 00:00:00","Egypt","Exports",2934.0
"1986-01-01 00:00:00","Egypt","Imports",11502.0
"1986-01-01 00:00:00","Finland","Exports",16356.0
"1986-01-01 00:00:00","Finland","Imports",15339.0
"1986-01-01 00:00:00","France","Exports",125438.0
"1986-01-01 00:00:00","France","Imports",132508.0
"1986-01-01 00:00:00","Germany","Exports",0.0
"1986-01-01 00:00:00","Germany","Imports",0.0
"1986-01-01 00:00:00","Hungary","Exports",9170.0
"1986-01-01 00:00:00","Hungary","Imports",9595.0
"1986-01-01 00:00:00","India","Exports",9399.0
"1986-01-01 00:00:00","India","Imports",15421.0
"1986-01-01 00:00:00","Indonesia","Exports",0.0
"1986-01-01 00:00:00","Indonesia","Imports",0.0
"1986-01-01 00:00:00","Israel","Exports",7154.0
"1986-01-01 00:00:00","Israel","Imports",10806.0
"1986-01-01 00:00:00","Italy","Exports",97204.0
"1986-01-01 00:00:00","Italy","Imports",99376.0
"1986-01-01 00:00:00","Japan","Exports",210757.0
"1986-01-01 00:00:00","Japan","Imports",127553.0
"1986-01-01 00:00:00","Malaysia","Exports",13690.0
"1986-01-01 00:00:00","Malaysia","Imports",10806.0
"1986-01-01 00:00:00","Mexico","Exports",21804.0
"1986-01-01 00:00:00","Mexico","Imports",17573.0
"1986-01-01 00:00:00","Netherlands","Exports",80255.0
"1986-01-01 00:00:00","Netherlands","Imports",75474.0
"1986-01-01 00:00:00","Norway","Exports",18092.0
"1986-01-01 00:00:00","Norway","Imports",20301.0
"1986-01-01 00:00:00","Peru","Exports",2531.0
"1986-01-01 00:00:00","Peru","Imports",2391.0
"1986-01-01 00:00:00","Philippines","Exports",4806.0
"1986-01-01 00:00:00","Philippines","Imports",5261.0
"1986-01-01 00:00:00","Poland","Exports",12070.0
"1986-01-01 00:00:00","Poland","Imports",11205.0
"1986-01-01 00:00:00","Portugal","Exports",7242.0
"1986-01-01 00:00:00","Portugal","Imports",9649.0
"1986-01-01 00:00:00","South_Korea","Exports",34715.0
"1986-01-01 00:00:00","South_Korea","Imports",31585.0
"1986-01-01 00:00:00","Russia","Exports",0.0
"1986-01-01 00:00:00","Russia","Imports",0.0
"1986-01-01 00:00:00","Saudi_Arabia","Exports",20185.0
"1986-01-01 00:00:00","Saudi_Arabia","Imports",19112.0
"1986-01-01 00:00:00","South_Africa","Exports",18385.0
"1986-01-01 00:00:00","South_Africa","Imports",12992.0
"1986-01-01 00:00:00","Spain","Exports",27206.0
"1986-01-01 00:00:00","Spain","Imports",35057.0
"1986-01-01 00:00:00","Sweden","Exports",37263.0
"1986-01-01 00:00:00","Sweden","Imports",32693.0
"1986-01-01 00:00:00","Switzerland","Exports",37455.0
"1986-01-01 00:00:00","Switzerland","Imports",41051.0
"1986-01-01 00:00:00","Thailand","Exports",8876.0
"1986-01-01 00:00:00","Thailand","Imports",9178.0
"1986-01-01 00:00:00","Tunisia","Exports",1760.0
"1986-01-01 00:00:00","Tunisia","Imports",2890.0
"1986-01-01 00:00:00","Turkiye","Exports",7457.0
"1986-01-01 00:00:00","Turkiye","Imports",11105.0
"1986-01-01 00:00:00","Ukraine","Exports",0.0
"1986-01-01 00:00:00","Ukraine","Imports",0.0
"1986-01-01 00:00:00","United_Kingdom","Exports",106956.0
"1986-01-01 00:00:00","United_Kingdom","Imports",126343.0
"1986-01-01 00:00:00","United_States","Exports",227158.0
"1986-01-01 00:00:00","United_States","Imports",382294.0
"1986-01-01 00:00:00","Venezuela","Exports",8660.0
"1986-01-01 00:00:00","Venezuela","Imports",8504.0
"1986-01-01 00:00:00","Viet_Nam","Exports",789.0
"1986-01-01 00:00:00","Viet_Nam","Imports",2155.0
"1987-01-01 00:00:00","Argentina","Exports",6360.0
"1987-01-01 00:00:00","Argentina","Imports",5819.0
"1987-01-01 00:00:00","Australia","Exports",26622.0
"1987-01-01 00:00:00","Australia","Imports",29318.0
"1987-01-01 00:00:00","Belgium","Exports",83098.0
"1987-01-01 00:00:00","Belgium","Imports",83233.0
"1987-01-01 00:00:00","Brazil","Exports",26224.0
"1987-01-01 00:00:00","Brazil","Imports",16581.0
"1987-01-01 00:00:00","Canada","Exports",98168.0
"1987-01-01 00:00:00","Canada","Imports",92593.0
"1987-01-01 00:00:00","Chile","Exports",5224.0
"1987-01-01 00:00:00","Chile","Imports",4396.0
"1987-01-01 00:00:00","China","Exports",39437.0
"1987-01-01 00:00:00","China","Imports",43216.0
"1987-01-01 00:00:00","Hong_Kong","Exports",48712.0
"1987-01-01 00:00:00","Hong_Kong","Imports",50691.0
"1987-01-01 00:00:00","Taiwan","Exports",53875.0
"1987-01-01 00:00:00","Taiwan","Imports",35094.0
"1987-01-01 00:00:00","Colombia","Exports",4642.0
"1987-01-01 00:00:00","Colombia","Imports",4322.0
"1987-01-01 00:00:00","Denmark","Exports",25675.0
"1987-01-01 00:00:00","Denmark","Imports",25499.0
"1987-01-01 00:00:00","Egypt","Exports",4351.0
"1987-01-01 00:00:00","Egypt","Imports",16225.0
"1987-01-01 00:00:00","Finland","Exports",20037.0
"1987-01-01 00:00:00","Finland","Imports",19634.0
"1987-01-01 00:00:00","France","Exports",148892.0
"1987-01-01 00:00:00","France","Imports",162494.0
"1987-01-01 00:00:00","Germany","Exports",0.0
"1987-01-01 00:00:00","Germany","Imports",0.0
"1987-01-01 00:00:00","Hungary","Exports",9580.0
"1987-01-01 00:00:00","Hungary","Imports",9860.0
"1987-01-01 00:00:00","India","Exports",11298.0
"1987-01-01 00:00:00","India","Imports",16675.0
"1987-01-01 00:00:00","Indonesia","Exports",0.0
"1987-01-01 00:00:00","Indonesia","Imports",0.0
"1987-01-01 00:00:00","Israel","Exports",8454.0
"1987-01-01 00:00:00","Israel","Imports",14348.0
"1987-01-01 00:00:00","Italy","Exports",116711.0
"1987-01-01 00:00:00","Italy","Imports",125661.0
"1987-01-01 00:00:00","Japan","Exports",231286.0
"1987-01-01 00:00:00","Japan","Imports",151033.0
"1987-01-01 00:00:00","Malaysia","Exports",17958.0
"1987-01-01 00:00:00","Malaysia","Imports",12681.0
"1987-01-01 00:00:00","Mexico","Exports",27600.0
"1987-01-01 00:00:00","Mexico","Imports",19697.0
"1987-01-01 00:00:00","Netherlands","Exports",93108.0
"1987-01-01 00:00:00","Netherlands","Imports",91494.0
"1987-01-01 00:00:00","Norway","Exports",21490.0
"1987-01-01 00:00:00","Norway","Imports",22639.0
"1987-01-01 00:00:00","Peru","Exports",2661.0
"1987-01-01 00:00:00","Peru","Imports",3003.0
"1987-01-01 00:00:00","Philippines","Exports",5677.0
"1987-01-01 00:00:00","Philippines","Imports",7187.0
"1987-01-01 00:00:00","Poland","Exports",12210.0
"1987-01-01 00:00:00","Poland","Imports",10850.0
"1987-01-01 00:00:00","Portugal","Exports",9320.0
"1987-01-01 00:00:00","Portugal","Imports",13967.0
"1987-01-01 00:00:00","South_Korea","Exports",47281.0
"1987-01-01 00:00:00","South_Korea","Imports",41020.0
"1987-01-01 00:00:00","Russia","Exports",0.0
"1987-01-01 00:00:00","Russia","Imports",0.0
"1987-01-01 00:00:00","Saudi_Arabia","Exports",23199.0
"1987-01-01 00:00:00","Saudi_Arabia","Imports",20083.0
"1987-01-01 00:00:00","South_Africa","Exports",21219.0
"1987-01-01 00:00:00","South_Africa","Imports",15277.0
"1987-01-01 00:00:00","Spain","Exports",34192.0
"1987-01-01 00:00:00","Spain","Imports",49113.0
"1987-01-01 00:00:00","Sweden","Exports",44506.0
"1987-01-01 00:00:00","Sweden","Imports",40706.0
"1987-01-01 00:00:00","Switzerland","Exports",45515.0
"1987-01-01 00:00:00","Switzerland","Imports",50652.0
"1987-01-01 00:00:00","Thailand","Exports",11727.0
"1987-01-01 00:00:00","Thailand","Imports",13000.0
"1987-01-01 00:00:00","Tunisia","Exports",2139.0
"1987-01-01 00:00:00","Tunisia","Imports",3039.0
"1987-01-01 00:00:00","Turkiye","Exports",10190.0
"1987-01-01 00:00:00","Turkiye","Imports",14158.0
"1987-01-01 00:00:00","Ukraine","Exports",0.0
"1987-01-01 00:00:00","Ukraine","Imports",0.0
"1987-01-01 00:00:00","United_Kingdom","Exports",131193.0
"1987-01-01 00:00:00","United_Kingdom","Imports",154387.0
"1987-01-01 00:00:00","United_States","Exports",254122.0
"1987-01-01 00:00:00","United_States","Imports",424443.0
"1987-01-01 00:00:00","Venezuela","Exports",10577.0
"1987-01-01 00:00:00","Venezuela","Imports",9659.0
"1987-01-01 00:00:00","Viet_Nam","Exports",854.0
"1987-01-01 00:00:00","Viet_Nam","Imports",2455.0
"1988-01-01 00:00:00","Argentina","Exports",9135.0
"1988-01-01 00:00:00","Argentina","Imports",5322.0
"1988-01-01 00:00:00","Australia","Exports",33233.0
"1988-01-01 00:00:00","Australia","Imports",36095.0
"1988-01-01 00:00:00","Belgium","Exports",92135.0
"1988-01-01 00:00:00","Belgium","Imports",92436.0
"1988-01-01 00:00:00","Brazil","Exports",33494.0
"1988-01-01 00:00:00","Brazil","Imports",16055.0
"1988-01-01 00:00:00","Canada","Exports",117105.0
"1988-01-01 00:00:00","Canada","Imports",112711.0
"1988-01-01 00:00:00","Chile","Exports",7052.0
"1988-01-01 00:00:00","Chile","Imports",5292.0
"1988-01-01 00:00:00","China","Exports",47516.0
"1988-01-01 00:00:00","China","Imports",55268.0
"1988-01-01 00:00:00","Hong_Kong","Exports",63493.0
"1988-01-01 00:00:00","Hong_Kong","Imports",70325.0
"1988-01-01 00:00:00","Taiwan","Exports",60695.0
"1988-01-01 00:00:00","Taiwan","Imports",49780.0
"1988-01-01 00:00:00","Colombia","Exports",5037.0
"1988-01-01 00:00:00","Colombia","Imports",5002.0
"1988-01-01 00:00:00","Denmark","Exports",28514.0
"1988-01-01 00:00:00","Denmark","Imports",27228.0
"1988-01-01 00:00:00","Egypt","Exports",5706.0
"1988-01-01 00:00:00","Egypt","Imports",23298.0
"1988-01-01 00:00:00","Finland","Exports",21748.0
"1988-01-01 00:00:00","Finland","Imports",21130.0
"1988-01-01 00:00:00","France","Exports",168345.0
"1988-01-01 00:00:00","France","Imports",183527.0
"1988-01-01 00:00:00","Germany","Exports",0.0
"1988-01-01 00:00:00","Germany","Imports",0.0
"1988-01-01 00:00:00","Hungary","Exports",10000.0
"1988-01-01 00:00:00","Hungary","Imports",9370.0
"1988-01-01 00:00:00","India","Exports",13234.0
"1988-01-01 00:00:00","India","Imports",19102.0
"1988-01-01 00:00:00","Indonesia","Exports",0.0
"1988-01-01 00:00:00","Indonesia","Imports",0.0
"1988-01-01 00:00:00","Israel","Exports",9752.0
"1988-01-01 00:00:00","Israel","Imports",15018.0
"1988-01-01 00:00:00","Italy","Exports",127859.0
"1988-01-01 00:00:00","Italy","Imports",138551.0
"1988-01-01 00:00:00","Japan","Exports",264856.0
"1988-01-01 00:00:00","Japan","Imports",187378.0
"1988-01-01 00:00:00","Malaysia","Exports",21082.0
"1988-01-01 00:00:00","Malaysia","Imports",16507.0
"1988-01-01 00:00:00","Mexico","Exports",30691.0
"1988-01-01 00:00:00","Mexico","Imports",29402.0
"1988-01-01 00:00:00","Netherlands","Exports",103188.0
"1988-01-01 00:00:00","Netherlands","Imports",99444.0
"1988-01-01 00:00:00","Norway","Exports",22436.0
"1988-01-01 00:00:00","Norway","Imports",23220.0
"1988-01-01 00:00:00","Peru","Exports",2701.0
"1988-01-01 00:00:00","Peru","Imports",3109.0
"1988-01-01 00:00:00","Philippines","Exports",7022.0
"1988-01-01 00:00:00","Philippines","Imports",8731.0
"1988-01-01 00:00:00","Poland","Exports",13960.0
"1988-01-01 00:00:00","Poland","Imports",12245.0
"1988-01-01 00:00:00","Portugal","Exports",10989.0
"1988-01-01 00:00:00","Portugal","Imports",17940.0
"1988-01-01 00:00:00","South_Korea","Exports",60696.0
"1988-01-01 00:00:00","South_Korea","Imports",51811.0
"1988-01-01 00:00:00","Russia","Exports",0.0
"1988-01-01 00:00:00","Russia","Imports",0.0
"1988-01-01 00:00:00","Saudi_Arabia","Exports",24377.0
"1988-01-01 00:00:00","Saudi_Arabia","Imports",21784.0
"1988-01-01 00:00:00","South_Africa","Exports",21871.0
"1988-01-01 00:00:00","South_Africa","Imports",18723.0
"1988-01-01 00:00:00","Spain","Exports",40341.0
"1988-01-01 00:00:00","Spain","Imports",60502.0
"1988-01-01 00:00:00","Sweden","Exports",49747.0
"1988-01-01 00:00:00","Sweden","Imports",45627.0
"1988-01-01 00:00:00","Switzerland","Exports",50704.0
"1988-01-01 00:00:00","Switzerland","Imports",56363.0
"1988-01-01 00:00:00","Thailand","Exports",15953.0
"1988-01-01 00:00:00","Thailand","Imports",20285.0
"1988-01-01 00:00:00","Tunisia","Exports",2395.0
"1988-01-01 00:00:00","Tunisia","Imports",3689.0
"1988-01-01 00:00:00","Turkiye","Exports",11662.0
"1988-01-01 00:00:00","Turkiye","Imports",14335.0
"1988-01-01 00:00:00","Ukraine","Exports",0.0
"1988-01-01 00:00:00","Ukraine","Imports",0.0
"1988-01-01 00:00:00","United_Kingdom","Exports",145457.0
"1988-01-01 00:00:00","United_Kingdom","Imports",189693.0
"1988-01-01 00:00:00","United_States","Exports",322427.0
"1988-01-01 00:00:00","United_States","Imports",459543.0
"1988-01-01 00:00:00","Venezuela","Exports",10244.0
"1988-01-01 00:00:00","Venezuela","Imports",12726.0
"1988-01-01 00:00:00","Viet_Nam","Exports",1038.0
"1988-01-01 00:00:00","Viet_Nam","Imports",2756.0
"1989-01-01 00:00:00","Argentina","Exports",9579.0
"1989-01-01 00:00:00","Argentina","Imports",4204.0
"1989-01-01 00:00:00","Australia","Exports",37125.0
"1989-01-01 00:00:00","Australia","Imports",44933.0
"1989-01-01 00:00:00","Belgium","Exports",100012.0
"1989-01-01 00:00:00","Belgium","Imports",98473.0
"1989-01-01 00:00:00","Brazil","Exports",34383.0
"1989-01-01 00:00:00","Brazil","Imports",19885.0
"1989-01-01 00:00:00","Canada","Exports",121832.0
"1989-01-01 00:00:00","Canada","Imports",119792.0
"1989-01-01 00:00:00","Chile","Exports",8078.0
"1989-01-01 00:00:00","Chile","Imports",7233.0
"1989-01-01 00:00:00","China","Exports",52538.0
"1989-01-01 00:00:00","China","Imports",59140.0
"1989-01-01 00:00:00","Hong_Kong","Exports",73336.0
"1989-01-01 00:00:00","Hong_Kong","Imports",77662.0
"1989-01-01 00:00:00","Taiwan","Exports",66317.0
"1989-01-01 00:00:00","Taiwan","Imports",52475.0
"1989-01-01 00:00:00","Colombia","Exports",5717.0
"1989-01-01 00:00:00","Colombia","Imports",5004.0
"1989-01-01 00:00:00","Denmark","Exports",29570.0
"1989-01-01 00:00:00","Denmark","Imports",28015.0
"1989-01-01 00:00:00","Egypt","Exports",6764.0
"1989-01-01 00:00:00","Egypt","Imports",18774.0
"1989-01-01 00:00:00","Finland","Exports",23298.0
"1989-01-01 00:00:00","Finland","Imports",24436.0
"1989-01-01 00:00:00","France","Exports",179926.0
"1989-01-01 00:00:00","France","Imports",197852.0
"1989-01-01 00:00:00","Germany","Exports",0.0
"1989-01-01 00:00:00","Germany","Imports",0.0
"1989-01-01 00:00:00","Hungary","Exports",9670.0
"1989-01-01 00:00:00","Hungary","Imports",8865.0
"1989-01-01 00:00:00","India","Exports",15872.0
"1989-01-01 00:00:00","India","Imports",20549.0
"1989-01-01 00:00:00","Indonesia","Exports",0.0
"1989-01-01 00:00:00","Indonesia","Imports",0.0
"1989-01-01 00:00:00","Israel","Exports",11072.0
"1989-01-01 00:00:00","Israel","Imports",14347.0
"1989-01-01 00:00:00","Italy","Exports",140556.0
"1989-01-01 00:00:00","Italy","Imports",153011.0
"1989-01-01 00:00:00","Japan","Exports",273932.0
"1989-01-01 00:00:00","Japan","Imports",209715.0
"1989-01-01 00:00:00","Malaysia","Exports",25047.0
"1989-01-01 00:00:00","Malaysia","Imports",22480.0
"1989-01-01 00:00:00","Mexico","Exports",35171.0
"1989-01-01 00:00:00","Mexico","Imports",36400.0
"1989-01-01 00:00:00","Netherlands","Exports",107854.0
"1989-01-01 00:00:00","Netherlands","Imports",104253.0
"1989-01-01 00:00:00","Norway","Exports",27108.0
"1989-01-01 00:00:00","Norway","Imports",23676.0
"1989-01-01 00:00:00","Peru","Exports",3488.0
"1989-01-01 00:00:00","Peru","Imports",2009.0
"1989-01-01 00:00:00","Philippines","Exports",7767.0
"1989-01-01 00:00:00","Philippines","Imports",11171.0
"1989-01-01 00:00:00","Poland","Exports",13470.0
"1989-01-01 00:00:00","Poland","Imports",10270.0
"1989-01-01 00:00:00","Portugal","Exports",12799.0
"1989-01-01 00:00:00","Portugal","Imports",19072.0
"1989-01-01 00:00:00","South_Korea","Exports",62377.0
"1989-01-01 00:00:00","South_Korea","Imports",61465.0
"1989-01-01 00:00:00","Russia","Exports",0.0
"1989-01-01 00:00:00","Russia","Imports",0.0
"1989-01-01 00:00:00","Saudi_Arabia","Exports",28382.0
"1989-01-01 00:00:00","Saudi_Arabia","Imports",21154.0
"1989-01-01 00:00:00","South_Africa","Exports",22191.0
"1989-01-01 00:00:00","South_Africa","Imports",18498.0
"1989-01-01 00:00:00","Spain","Exports",43451.0
"1989-01-01 00:00:00","Spain","Imports",70945.0
"1989-01-01 00:00:00","Sweden","Exports",51547.0
"1989-01-01 00:00:00","Sweden","Imports",48975.0
"1989-01-01 00:00:00","Switzerland","Exports",51525.0
"1989-01-01 00:00:00","Switzerland","Imports",58194.0
"1989-01-01 00:00:00","Thailand","Exports",20078.0
"1989-01-01 00:00:00","Thailand","Imports",25770.0
"1989-01-01 00:00:00","Tunisia","Exports",2930.0
"1989-01-01 00:00:00","Tunisia","Imports",4387.0
"1989-01-01 00:00:00","Turkiye","Exports",11625.0
"1989-01-01 00:00:00","Turkiye","Imports",15792.0
"1989-01-01 00:00:00","Ukraine","Exports",0.0
"1989-01-01 00:00:00","Ukraine","Imports",0.0
"1989-01-01 00:00:00","United_Kingdom","Exports",153271.0
"1989-01-01 00:00:00","United_Kingdom","Imports",199186.0
"1989-01-01 00:00:00","United_States","Exports",363812.0
"1989-01-01 00:00:00","United_States","Imports",492922.0
"1989-01-01 00:00:00","Venezuela","Exports",13310.0
"1989-01-01 00:00:00","Venezuela","Imports",7803.0
"1989-01-01 00:00:00","Viet_Nam","Exports",1946.0
"1989-01-01 00:00:00","Viet_Nam","Imports",2565.0
"1990-01-01 00:00:00","Argentina","Exports",12353.0
"1990-01-01 00:00:00","Argentina","Imports",4078.0
"1990-01-01 00:00:00","Australia","Exports",39752.0
"1990-01-01 00:00:00","Australia","Imports",41985.0
"1990-01-01 00:00:00","Belgium","Exports",117703.0
"1990-01-01 00:00:00","Belgium","Imports",119702.0
"1990-01-01 00:00:00","Brazil","Exports",31414.0
"1990-01-01 00:00:00","Brazil","Imports",22522.0
"1990-01-01 00:00:00","Canada","Exports",127629.0
"1990-01-01 00:00:00","Canada","Imports",123244.0
"1990-01-01 00:00:00","Chile","Exports",8373.0
"1990-01-01 00:00:00","Chile","Imports",7940.0
"1990-01-01 00:00:00","China","Exports",62091.0
"1990-01-01 00:00:00","China","Imports",53345.0
"1990-01-01 00:00:00","Hong_Kong","Exports",82390.0
"1990-01-01 00:00:00","Hong_Kong","Imports",84725.0
"1990-01-01 00:00:00","Taiwan","Exports",67245.0
"1990-01-01 00:00:00","Taiwan","Imports",54782.0
"1990-01-01 00:00:00","Colombia","Exports",6721.0
"1990-01-01 00:00:00","Colombia","Imports",5589.0
"1990-01-01 00:00:00","Denmark","Exports",36870.0
"1990-01-01 00:00:00","Denmark","Imports",33333.0
"1990-01-01 00:00:00","Egypt","Exports",2585.0
"1990-01-01 00:00:00","Egypt","Imports",9216.0
"1990-01-01 00:00:00","Finland","Exports",26571.0
"1990-01-01 00:00:00","Finland","Imports",27001.0
"1990-01-01 00:00:00","France","Exports",217262.0
"1990-01-01 00:00:00","France","Imports",240803.0
"1990-01-01 00:00:00","Germany","Exports",421100.0
"1990-01-01 00:00:00","Germany","Imports",355686.0
"1990-01-01 00:00:00","Hungary","Exports",10000.0
"1990-01-01 00:00:00","Hungary","Imports",10340.0
"1990-01-01 00:00:00","India","Exports",17969.0
"1990-01-01 00:00:00","India","Imports",23580.0
"1990-01-01 00:00:00","Indonesia","Exports",0.0
"1990-01-01 00:00:00","Indonesia","Imports",0.0
"1990-01-01 00:00:00","Israel","Exports",12080.0
"1990-01-01 00:00:00","Israel","Imports",16794.0
"1990-01-01 00:00:00","Italy","Exports",170304.0
"1990-01-01 00:00:00","Italy","Imports",181968.0
"1990-01-01 00:00:00","Japan","Exports",287580.0
"1990-01-01 00:00:00","Japan","Imports",235368.0
"1990-01-01 00:00:00","Malaysia","Exports",29452.0
"1990-01-01 00:00:00","Malaysia","Imports",29258.0
"1990-01-01 00:00:00","Mexico","Exports",40711.0
"1990-01-01 00:00:00","Mexico","Imports",43548.0
"1990-01-01 00:00:00","Netherlands","Exports",131775.0
"1990-01-01 00:00:00","Netherlands","Imports",126475.0
"1990-01-01 00:00:00","Norway","Exports",34047.0
"1990-01-01 00:00:00","Norway","Imports",27231.0
"1990-01-01 00:00:00","Peru","Exports",3280.0
"1990-01-01 00:00:00","Peru","Imports",2634.0
"1990-01-01 00:00:00","Philippines","Exports",8117.0
"1990-01-01 00:00:00","Philippines","Imports",13004.0
"1990-01-01 00:00:00","Poland","Exports",14320.0
"1990-01-01 00:00:00","Poland","Imports",11570.0
"1990-01-01 00:00:00","Portugal","Exports",16422.0
"1990-01-01 00:00:00","Portugal","Imports",25264.0
"1990-01-01 00:00:00","South_Korea","Exports",65016.0
"1990-01-01 00:00:00","South_Korea","Imports",69844.0
"1990-01-01 00:00:00","Russia","Exports",0.0
"1990-01-01 00:00:00","Russia","Imports",0.0
"1990-01-01 00:00:00","Saudi_Arabia","Exports",44417.0
"1990-01-01 00:00:00","Saudi_Arabia","Imports",24069.0
"1990-01-01 00:00:00","South_Africa","Exports",23549.0
"1990-01-01 00:00:00","South_Africa","Imports",18399.0
"1990-01-01 00:00:00","Spain","Exports",55521.0
"1990-01-01 00:00:00","Spain","Imports",87554.0
"1990-01-01 00:00:00","Sweden","Exports",57538.0
"1990-01-01 00:00:00","Sweden","Imports",54245.0
"1990-01-01 00:00:00","Switzerland","Exports",63784.0
"1990-01-01 00:00:00","Switzerland","Imports",69681.0
"1990-01-01 00:00:00","Thailand","Exports",23068.0
"1990-01-01 00:00:00","Thailand","Imports",33045.0
"1990-01-01 00:00:00","Tunisia","Exports",3527.0
"1990-01-01 00:00:00","Tunisia","Imports",5513.0
"1990-01-01 00:00:00","Turkiye","Exports",12959.0
"1990-01-01 00:00:00","Turkiye","Imports",22303.0
"1990-01-01 00:00:00","Ukraine","Exports",0.0
"1990-01-01 00:00:00","Ukraine","Imports",0.0
"1990-01-01 00:00:00","United_Kingdom","Exports",185107.0
"1990-01-01 00:00:00","United_Kingdom","Imports",224416.0
"1990-01-01 00:00:00","United_States","Exports",393592.0
"1990-01-01 00:00:00","United_States","Imports",516987.0
"1990-01-01 00:00:00","Venezuela","Exports",17497.0
"1990-01-01 00:00:00","Venezuela","Imports",7335.0
"1990-01-01 00:00:00","Viet_Nam","Exports",2404.0
"1990-01-01 00:00:00","Viet_Nam","Imports",2752.0
"1991-01-01 00:00:00","Argentina","Exports",11978.0
"1991-01-01 00:00:00","Argentina","Imports",8275.0
"1991-01-01 00:00:00","Australia","Exports",41854.0
"1991-01-01 00:00:00","Australia","Imports",41648.0
"1991-01-01 00:00:00","Belgium","Exports",118199.0
"1991-01-01 00:00:00","Belgium","Imports",120182.0
"1991-01-01 00:00:00","Brazil","Exports",31620.0
"1991-01-01 00:00:00","Brazil","Imports",22947.0
"1991-01-01 00:00:00","Canada","Exports",127163.0
"1991-01-01 00:00:00","Canada","Imports",124782.0
"1991-01-01 00:00:00","Chile","Exports",8942.0
"1991-01-01 00:00:00","Chile","Imports",8171.0
"1991-01-01 00:00:00","China","Exports",71910.0
"1991-01-01 00:00:00","China","Imports",63791.0
"1991-01-01 00:00:00","Hong_Kong","Exports",98659.0
"1991-01-01 00:00:00","Hong_Kong","Imports",103883.0
"1991-01-01 00:00:00","Taiwan","Exports",76489.0
"1991-01-01 00:00:00","Taiwan","Imports",63053.0
"1991-01-01 00:00:00","Colombia","Exports",7114.0
"1991-01-01 00:00:00","Colombia","Imports",4959.0
"1991-01-01 00:00:00","Denmark","Exports",37824.0
"1991-01-01 00:00:00","Denmark","Imports",34190.0
"1991-01-01 00:00:00","Egypt","Exports",3659.0
"1991-01-01 00:00:00","Egypt","Imports",7862.0
"1991-01-01 00:00:00","Finland","Exports",23080.0
"1991-01-01 00:00:00","Finland","Imports",21809.0
"1991-01-01 00:00:00","France","Exports",217683.0
"1991-01-01 00:00:00","France","Imports",238036.0
"1991-01-01 00:00:00","Germany","Exports",402843.0
"1991-01-01 00:00:00","Germany","Imports",389908.0
"1991-01-01 00:00:00","Hungary","Exports",10185.0
"1991-01-01 00:00:00","Hungary","Imports",11370.0
"1991-01-01 00:00:00","India","Exports",17727.0
"1991-01-01 00:00:00","India","Imports",20448.0
"1991-01-01 00:00:00","Indonesia","Exports",0.0
"1991-01-01 00:00:00","Indonesia","Imports",0.0
"1991-01-01 00:00:00","Israel","Exports",11921.0
"1991-01-01 00:00:00","Israel","Imports",18658.0
"1991-01-01 00:00:00","Italy","Exports",169465.0
"1991-01-01 00:00:00","Italy","Imports",182679.0
"1991-01-01 00:00:00","Japan","Exports",314793.0
"1991-01-01 00:00:00","Japan","Imports",236999.0
"1991-01-01 00:00:00","Malaysia","Exports",34350.0
"1991-01-01 00:00:00","Malaysia","Imports",36649.0
"1991-01-01 00:00:00","Mexico","Exports",42688.0
"1991-01-01 00:00:00","Mexico","Imports",51725.0
"1991-01-01 00:00:00","Netherlands","Exports",133631.0
"1991-01-01 00:00:00","Netherlands","Imports",127213.0
"1991-01-01 00:00:00","Norway","Exports",34107.0
"1991-01-01 00:00:00","Norway","Imports",25572.0
"1991-01-01 00:00:00","Peru","Exports",3393.0
"1991-01-01 00:00:00","Peru","Imports",2813.0
"1991-01-01 00:00:00","Philippines","Exports",8801.0
"1991-01-01 00:00:00","Philippines","Imports",12862.0
"1991-01-01 00:00:00","Poland","Exports",13800.0
"1991-01-01 00:00:00","Poland","Imports",18390.0
"1991-01-01 00:00:00","Portugal","Exports",16329.0
"1991-01-01 00:00:00","Portugal","Imports",26421.0
"1991-01-01 00:00:00","South_Korea","Exports",71870.0
"1991-01-01 00:00:00","South_Korea","Imports",81525.0
"1991-01-01 00:00:00","Russia","Exports",0.0
"1991-01-01 00:00:00","Russia","Imports",0.0
"1991-01-01 00:00:00","Saudi_Arabia","Exports",47797.0
"1991-01-01 00:00:00","Saudi_Arabia","Imports",29079.0
"1991-01-01 00:00:00","South_Africa","Exports",23279.0
"1991-01-01 00:00:00","South_Africa","Imports",18829.0
"1991-01-01 00:00:00","Spain","Exports",58621.0
"1991-01-01 00:00:00","Spain","Imports",92965.0
"1991-01-01 00:00:00","Sweden","Exports",55217.0
"1991-01-01 00:00:00","Sweden","Imports",49990.0
"1991-01-01 00:00:00","Switzerland","Exports",61517.0
"1991-01-01 00:00:00","Switzerland","Imports",66485.0
"1991-01-01 00:00:00","Thailand","Exports",28428.0
"1991-01-01 00:00:00","Thailand","Imports",37569.0
"1991-01-01 00:00:00","Tunisia","Exports",3699.0
"1991-01-01 00:00:00","Tunisia","Imports",5189.0
"1991-01-01 00:00:00","Turkiye","Exports",13595.0
"1991-01-01 00:00:00","Turkiye","Imports",21047.0
"1991-01-01 00:00:00","Ukraine","Exports",0.0
"1991-01-01 00:00:00","Ukraine","Imports",0.0
"1991-01-01 00:00:00","United_Kingdom","Exports",185295.0
"1991-01-01 00:00:00","United_Kingdom","Imports",210033.0
"1991-01-01 00:00:00","United_States","Exports",421730.0
"1991-01-01 00:00:00","United_States","Imports",508363.0
"1991-01-01 00:00:00","Venezuela","Exports",15155.0
"1991-01-01 00:00:00","Venezuela","Imports",11147.0
"1991-01-01 00:00:00","Viet_Nam","Exports",2087.0
"1991-01-01 00:00:00","Viet_Nam","Imports",2338.0
"1992-01-01 00:00:00","Argentina","Exports",12235.0
"1992-01-01 00:00:00","Argentina","Imports",14872.0
"1992-01-01 00:00:00","Australia","Exports",42824.0
"1992-01-01 00:00:00","Australia","Imports",43807.0
"1992-01-01 00:00:00","Belgium","Exports",123132.0
"1992-01-01 00:00:00","Belgium","Imports",125047.0
"1992-01-01 00:00:00","Brazil","Exports",35793.0
"1992-01-01 00:00:00","Brazil","Imports",23116.0
"1992-01-01 00:00:00","Canada","Exports",134435.0
"1992-01-01 00:00:00","Canada","Imports",129262.0
"1992-01-01 00:00:00","Chile","Exports",10007.0
"1992-01-01 00:00:00","Chile","Imports",10183.0
"1992-01-01 00:00:00","China","Exports",84940.0
"1992-01-01 00:00:00","China","Imports",80600.0
"1992-01-01 00:00:00","Hong_Kong","Exports",119586.0
"1992-01-01 00:00:00","Hong_Kong","Imports",127340.0
"1992-01-01 00:00:00","Taiwan","Exports",82036.0
"1992-01-01 00:00:00","Taiwan","Imports",72209.0
"1992-01-01 00:00:00","Colombia","Exports",6900.0
"1992-01-01 00:00:00","Colombia","Imports",6579.0
"1992-01-01 00:00:00","Denmark","Exports",41577.0
"1992-01-01 00:00:00","Denmark","Imports",35714.0
"1992-01-01 00:00:00","Egypt","Exports",3051.0
"1992-01-01 00:00:00","Egypt","Imports",8245.0
"1992-01-01 00:00:00","Finland","Exports",23981.0
"1992-01-01 00:00:00","Finland","Imports",21208.0
"1992-01-01 00:00:00","France","Exports",236575.0
"1992-01-01 00:00:00","France","Imports",246014.0
"1992-01-01 00:00:00","Germany","Exports",430042.0
"1992-01-01 00:00:00","Germany","Imports",408619.0
"1992-01-01 00:00:00","Hungary","Exports",10705.0
"1992-01-01 00:00:00","Hungary","Imports",11080.0
"1992-01-01 00:00:00","India","Exports",19628.0
"1992-01-01 00:00:00","India","Imports",23579.0
"1992-01-01 00:00:00","Indonesia","Exports",0.0
"1992-01-01 00:00:00","Indonesia","Imports",0.0
"1992-01-01 00:00:00","Israel","Exports",13119.0
"1992-01-01 00:00:00","Israel","Imports",20253.0
"1992-01-01 00:00:00","Italy","Exports",178155.0
"1992-01-01 00:00:00","Italy","Imports",188451.0
"1992-01-01 00:00:00","Japan","Exports",339895.0
"1992-01-01 00:00:00","Japan","Imports",233247.0
"1992-01-01 00:00:00","Malaysia","Exports",40771.0
"1992-01-01 00:00:00","Malaysia","Imports",39856.0
"1992-01-01 00:00:00","Mexico","Exports",46196.0
"1992-01-01 00:00:00","Mexico","Imports",64213.0
"1992-01-01 00:00:00","Netherlands","Exports",140335.0
"1992-01-01 00:00:00","Netherlands","Imports",134650.0
"1992-01-01 00:00:00","Norway","Exports",35145.0
"1992-01-01 00:00:00","Norway","Imports",26072.0
"1992-01-01 00:00:00","Peru","Exports",3578.0
"1992-01-01 00:00:00","Peru","Imports",3964.0
"1992-01-01 00:00:00","Philippines","Exports",9751.0
"1992-01-01 00:00:00","Philippines","Imports",15497.0
"1992-01-01 00:00:00","Poland","Exports",14500.0
"1992-01-01 00:00:00","Poland","Imports",18540.0
"1992-01-01 00:00:00","Portugal","Exports",18374.0
"1992-01-01 00:00:00","Portugal","Imports",30312.0
"1992-01-01 00:00:00","South_Korea","Exports",76632.0
"1992-01-01 00:00:00","South_Korea","Imports",81775.0
"1992-01-01 00:00:00","Russia","Exports",42039.0
"1992-01-01 00:00:00","Russia","Imports",40737.0
"1992-01-01 00:00:00","Saudi_Arabia","Exports",50280.0
"1992-01-01 00:00:00","Saudi_Arabia","Imports",33698.0
"1992-01-01 00:00:00","South_Africa","Exports",23440.0
"1992-01-01 00:00:00","South_Africa","Imports",19738.0
"1992-01-01 00:00:00","Spain","Exports",64840.0
"1992-01-01 00:00:00","Spain","Imports",99753.0
"1992-01-01 00:00:00","Sweden","Exports",56120.0
"1992-01-01 00:00:00","Sweden","Imports",50091.0
"1992-01-01 00:00:00","Switzerland","Exports",65675.0
"1992-01-01 00:00:00","Switzerland","Imports",65744.0
"1992-01-01 00:00:00","Thailand","Exports",32472.0
"1992-01-01 00:00:00","Thailand","Imports",40686.0
"1992-01-01 00:00:00","Tunisia","Exports",4019.0
"1992-01-01 00:00:00","Tunisia","Imports",6431.0
"1992-01-01 00:00:00","Turkiye","Exports",14716.0
"1992-01-01 00:00:00","Turkiye","Imports",22871.0
"1992-01-01 00:00:00","Ukraine","Exports",8045.0
"1992-01-01 00:00:00","Ukraine","Imports",7099.0
"1992-01-01 00:00:00","United_Kingdom","Exports",191143.0
"1992-01-01 00:00:00","United_Kingdom","Imports",221578.0
"1992-01-01 00:00:00","United_States","Exports",448163.0
"1992-01-01 00:00:00","United_States","Imports",553923.0
"1992-01-01 00:00:00","Venezuela","Exports",14185.0
"1992-01-01 00:00:00","Venezuela","Imports",14065.0
"1992-01-01 00:00:00","Viet_Nam","Exports",2581.0
"1992-01-01 00:00:00","Viet_Nam","Imports",2541.0
"1993-01-01 00:00:00","Argentina","Exports",13118.0
"1993-01-01 00:00:00","Argentina","Imports",16784.0
"1993-01-01 00:00:00","Australia","Exports",42723.0
"1993-01-01 00:00:00","Australia","Imports",45577.0
"1993-01-01 00:00:00","Belgium","Exports",125026.0
"1993-01-01 00:00:00","Belgium","Imports",115272.0
"1993-01-01 00:00:00","Brazil","Exports",38555.0
"1993-01-01 00:00:00","Brazil","Imports",27604.0
"1993-01-01 00:00:00","Canada","Exports",145178.0
"1993-01-01 00:00:00","Canada","Imports",139035.0
"1993-01-01 00:00:00","Chile","Exports",9199.0
"1993-01-01 00:00:00","Chile","Imports",11133.0
"1993-01-01 00:00:00","China","Exports",91744.0
"1993-01-01 00:00:00","China","Imports",103959.0
"1993-01-01 00:00:00","Hong_Kong","Exports",135385.0
"1993-01-01 00:00:00","Hong_Kong","Imports",141308.0
"1993-01-01 00:00:00","Taiwan","Exports",85718.0
"1993-01-01 00:00:00","Taiwan","Imports",77112.0
"1993-01-01 00:00:00","Colombia","Exports",7116.0
"1993-01-01 00:00:00","Colombia","Imports",9832.0
"1993-01-01 00:00:00","Denmark","Exports",37795.0
"1993-01-01 00:00:00","Denmark","Imports",31347.0
"1993-01-01 00:00:00","Egypt","Exports",3105.0
"1993-01-01 00:00:00","Egypt","Imports",8214.0
"1993-01-01 00:00:00","Finland","Exports",23495.0
"1993-01-01 00:00:00","Finland","Imports",18034.0
"1993-01-01 00:00:00","France","Exports",222229.0
"1993-01-01 00:00:00","France","Imports",222998.0
"1993-01-01 00:00:00","Germany","Exports",380517.0
"1993-01-01 00:00:00","Germany","Imports",342992.0
"1993-01-01 00:00:00","Hungary","Exports",8905.0
"1993-01-01 00:00:00","Hungary","Imports",12530.0
"1993-01-01 00:00:00","India","Exports",21572.0
"1993-01-01 00:00:00","India","Imports",22788.0
"1993-01-01 00:00:00","Indonesia","Exports",0.0
"1993-01-01 00:00:00","Indonesia","Imports",0.0
"1993-01-01 00:00:00","Israel","Exports",14826.0
"1993-01-01 00:00:00","Israel","Imports",22624.0
"1993-01-01 00:00:00","Italy","Exports",169229.0
"1993-01-01 00:00:00","Italy","Imports",148095.0
"1993-01-01 00:00:00","Japan","Exports",362265.0
"1993-01-01 00:00:00","Japan","Imports",241624.0
"1993-01-01 00:00:00","Malaysia","Exports",47131.0
"1993-01-01 00:00:00","Malaysia","Imports",45650.0
"1993-01-01 00:00:00","Mexico","Exports",51886.0
"1993-01-01 00:00:00","Mexico","Imports",67547.0
"1993-01-01 00:00:00","Netherlands","Exports",124592.0
"1993-01-01 00:00:00","Netherlands","Imports",112248.0
"1993-01-01 00:00:00","Norway","Exports",31978.0
"1993-01-01 00:00:00","Norway","Imports",24081.0
"1993-01-01 00:00:00","Peru","Exports",3385.0
"1993-01-01 00:00:00","Peru","Imports",4231.0
"1993-01-01 00:00:00","Philippines","Exports",11129.0
"1993-01-01 00:00:00","Philippines","Imports",18688.0
"1993-01-01 00:00:00","Poland","Exports",14140.0
"1993-01-01 00:00:00","Poland","Imports",20180.0
"1993-01-01 00:00:00","Portugal","Exports",15439.0
"1993-01-01 00:00:00","Portugal","Imports",24243.0
"1993-01-01 00:00:00","South_Korea","Exports",82236.0
"1993-01-01 00:00:00","South_Korea","Imports",83800.0
"1993-01-01 00:00:00","Russia","Exports",44297.0
"1993-01-01 00:00:00","Russia","Imports",36135.0
"1993-01-01 00:00:00","Saudi_Arabia","Exports",42395.0
"1993-01-01 00:00:00","Saudi_Arabia","Imports",28198.0
"1993-01-01 00:00:00","South_Africa","Exports",24222.0
"1993-01-01 00:00:00","South_Africa","Imports",19991.0
"1993-01-01 00:00:00","Spain","Exports",64676.0
"1993-01-01 00:00:00","Spain","Imports",77606.0
"1993-01-01 00:00:00","Sweden","Exports",49934.0
"1993-01-01 00:00:00","Sweden","Imports",42713.0
"1993-01-01 00:00:00","Switzerland","Exports",63185.0
"1993-01-01 00:00:00","Switzerland","Imports",60828.0
"1993-01-01 00:00:00","Thailand","Exports",36969.0
"1993-01-01 00:00:00","Thailand","Imports",46077.0
"1993-01-01 00:00:00","Tunisia","Exports",3747.0
"1993-01-01 00:00:00","Tunisia","Imports",6153.0
"1993-01-01 00:00:00","Turkiye","Exports",15343.0
"1993-01-01 00:00:00","Turkiye","Imports",29428.0
"1993-01-01 00:00:00","Ukraine","Exports",7817.0
"1993-01-01 00:00:00","Ukraine","Imports",9533.0
"1993-01-01 00:00:00","United_Kingdom","Exports",181578.0
"1993-01-01 00:00:00","United_Kingdom","Imports",209549.0
"1993-01-01 00:00:00","United_States","Exports",464773.0
"1993-01-01 00:00:00","United_States","Imports",603438.0
"1993-01-01 00:00:00","Venezuela","Exports",14686.0
"1993-01-01 00:00:00","Venezuela","Imports",12510.0
"1993-01-01 00:00:00","Viet_Nam","Exports",2985.0
"1993-01-01 00:00:00","Viet_Nam","Imports",3532.0
"1994-01-01 00:00:00","Argentina","Exports",15839.0
"1994-01-01 00:00:00","Argentina","Imports",21590.0
"1994-01-01 00:00:00","Australia","Exports",47528.0
"1994-01-01 00:00:00","Australia","Imports",53425.0
"1994-01-01 00:00:00","Belgium","Exports",141538.0
"1994-01-01 00:00:00","Belgium","Imports",127299.0
"1994-01-01 00:00:00","Brazil","Exports",43545.0
"1994-01-01 00:00:00","Brazil","Imports",36192.0
"1994-01-01 00:00:00","Canada","Exports",165376.0
"1994-01-01 00:00:00","Canada","Imports",155072.0
"1994-01-01 00:00:00","Chile","Exports",11604.0
"1994-01-01 00:00:00","Chile","Imports",11820.0
"1994-01-01 00:00:00","China","Exports",121006.0
"1994-01-01 00:00:00","China","Imports",115637.0
"1994-01-01 00:00:00","Hong_Kong","Exports",151465.0
"1994-01-01 00:00:00","Hong_Kong","Imports",165878.0
"1994-01-01 00:00:00","Taiwan","Exports",94078.0
"1994-01-01 00:00:00","Taiwan","Imports",85484.0
"1994-01-01 00:00:00","Colombia","Exports",8479.0
"1994-01-01 00:00:00","Colombia","Imports",11883.0
"1994-01-01 00:00:00","Denmark","Exports",42314.0
"1994-01-01 00:00:00","Denmark","Imports",36668.0
"1994-01-01 00:00:00","Egypt","Exports",3463.0
"1994-01-01 00:00:00","Egypt","Imports",10185.0
"1994-01-01 00:00:00","Finland","Exports",29703.0
"1994-01-01 00:00:00","Finland","Imports",23275.0
"1994-01-01 00:00:00","France","Exports",251262.0
"1994-01-01 00:00:00","France","Imports",252216.0
"1994-01-01 00:00:00","Germany","Exports",426600.0
"1994-01-01 00:00:00","Germany","Imports",381089.0
"1994-01-01 00:00:00","Hungary","Exports",10700.0
"1994-01-01 00:00:00","Hungary","Imports",14555.0
"1994-01-01 00:00:00","India","Exports",25022.0
"1994-01-01 00:00:00","India","Imports",26843.0
"1994-01-01 00:00:00","Indonesia","Exports",0.0
"1994-01-01 00:00:00","Indonesia","Imports",0.0
"1994-01-01 00:00:00","Israel","Exports",16884.0
"1994-01-01 00:00:00","Israel","Imports",25237.0
"1994-01-01 00:00:00","Italy","Exports",191362.0
"1994-01-01 00:00:00","Italy","Imports",169166.0
"1994-01-01 00:00:00","Japan","Exports",397273.0
"1994-01-01 00:00:00","Japan","Imports",275228.0
"1994-01-01 00:00:00","Malaysia","Exports",58845.0
"1994-01-01 00:00:00","Malaysia","Imports",59600.0
"1994-01-01 00:00:00","Mexico","Exports",60882.0
"1994-01-01 00:00:00","Mexico","Imports",81986.0
"1994-01-01 00:00:00","Netherlands","Exports",153163.0
"1994-01-01 00:00:00","Netherlands","Imports",142703.0
"1994-01-01 00:00:00","Norway","Exports",34785.0
"1994-01-01 00:00:00","Norway","Imports",27432.0
"1994-01-01 00:00:00","Peru","Exports",4424.0
"1994-01-01 00:00:00","Peru","Imports",5626.0
"1994-01-01 00:00:00","Philippines","Exports",13304.0
"1994-01-01 00:00:00","Philippines","Imports",22641.0
"1994-01-01 00:00:00","Poland","Exports",17240.0
"1994-01-01 00:00:00","Poland","Imports",22680.0
"1994-01-01 00:00:00","Portugal","Exports",17972.0
"1994-01-01 00:00:00","Portugal","Imports",27041.0
"1994-01-01 00:00:00","South_Korea","Exports",96013.0
"1994-01-01 00:00:00","South_Korea","Imports",102348.0
"1994-01-01 00:00:00","Russia","Exports",67379.0
"1994-01-01 00:00:00","Russia","Imports",50452.0
"1994-01-01 00:00:00","Saudi_Arabia","Exports",42614.0
"1994-01-01 00:00:00","Saudi_Arabia","Imports",23338.0
"1994-01-01 00:00:00","South_Africa","Exports",25308.0
"1994-01-01 00:00:00","South_Africa","Imports",23363.0
"1994-01-01 00:00:00","Spain","Exports",76641.0
"1994-01-01 00:00:00","Spain","Imports",88788.0
"1994-01-01 00:00:00","Sweden","Exports",65822.0
"1994-01-01 00:00:00","Sweden","Imports",55458.0
"1994-01-01 00:00:00","Switzerland","Exports",70360.0
"1994-01-01 00:00:00","Switzerland","Imports",67997.0
"1994-01-01 00:00:00","Thailand","Exports",45261.0
"1994-01-01 00:00:00","Thailand","Imports",54459.0
"1994-01-01 00:00:00","Tunisia","Exports",4657.0
"1994-01-01 00:00:00","Tunisia","Imports",6581.0
"1994-01-01 00:00:00","Turkiye","Exports",18106.0
"1994-01-01 00:00:00","Turkiye","Imports",23270.0
"1994-01-01 00:00:00","Ukraine","Exports",10305.0
"1994-01-01 00:00:00","Ukraine","Imports",10748.0
"1994-01-01 00:00:00","United_Kingdom","Exports",204915.0
"1994-01-01 00:00:00","United_Kingdom","Imports",233893.0
"1994-01-01 00:00:00","United_States","Exports",512627.0
"1994-01-01 00:00:00","United_States","Imports",689215.0
"1994-01-01 00:00:00","Venezuela","Exports",16089.0
"1994-01-01 00:00:00","Venezuela","Imports",9187.0
"1994-01-01 00:00:00","Viet_Nam","Exports",4054.0
"1994-01-01 00:00:00","Viet_Nam","Imports",5826.0
"1995-01-01 00:00:00","Argentina","Exports",20963.0
"1995-01-01 00:00:00","Argentina","Imports",20122.0
"1995-01-01 00:00:00","Australia","Exports",53111.0
"1995-01-01 00:00:00","Australia","Imports",61283.0
"1995-01-01 00:00:00","Belgium","Exports",178281.0
"1995-01-01 00:00:00","Belgium","Imports",164951.0
"1995-01-01 00:00:00","Brazil","Exports",46506.0
"1995-01-01 00:00:00","Brazil","Imports",54137.0
"1995-01-01 00:00:00","Canada","Exports",192203.0
"1995-01-01 00:00:00","Canada","Imports",168041.0
"1995-01-01 00:00:00","Chile","Exports",16024.0
"1995-01-01 00:00:00","Chile","Imports",15898.0
"1995-01-01 00:00:00","China","Exports",148780.0
"1995-01-01 00:00:00","China","Imports",132079.0
"1995-01-01 00:00:00","Hong_Kong","Exports",173871.0
"1995-01-01 00:00:00","Hong_Kong","Imports",196072.0
"1995-01-01 00:00:00","Taiwan","Exports",113047.0
"1995-01-01 00:00:00","Taiwan","Imports",103558.0
"1995-01-01 00:00:00","Colombia","Exports",10126.0
"1995-01-01 00:00:00","Colombia","Imports",13853.0
"1995-01-01 00:00:00","Denmark","Exports",50911.0
"1995-01-01 00:00:00","Denmark","Imports",45940.0
"1995-01-01 00:00:00","Egypt","Exports",3435.0
"1995-01-01 00:00:00","Egypt","Imports",11739.0
"1995-01-01 00:00:00","Finland","Exports",40499.0
"1995-01-01 00:00:00","Finland","Imports",29471.0
"1995-01-01 00:00:00","France","Exports",301933.0
"1995-01-01 00:00:00","France","Imports",296725.0
"1995-01-01 00:00:00","Germany","Exports",523502.0
"1995-01-01 00:00:00","Germany","Imports",463905.0
"1995-01-01 00:00:00","Hungary","Exports",12865.0
"1995-01-01 00:00:00","Hungary","Imports",15465.0
"1995-01-01 00:00:00","India","Exports",30630.0
"1995-01-01 00:00:00","India","Imports",34707.0
"1995-01-01 00:00:00","Indonesia","Exports",0.0
"1995-01-01 00:00:00","Indonesia","Imports",0.0
"1995-01-01 00:00:00","Israel","Exports",19046.0
"1995-01-01 00:00:00","Israel","Imports",29579.0
"1995-01-01 00:00:00","Italy","Exports",233766.0
"1995-01-01 00:00:00","Italy","Imports",205990.0
"1995-01-01 00:00:00","Japan","Exports",443116.0
"1995-01-01 00:00:00","Japan","Imports",335885.0
"1995-01-01 00:00:00","Malaysia","Exports",73915.0
"1995-01-01 00:00:00","Malaysia","Imports",77691.0
"1995-01-01 00:00:00","Mexico","Exports",79542.0
"1995-01-01 00:00:00","Mexico","Imports",74427.0
"1995-01-01 00:00:00","Netherlands","Exports",203187.0
"1995-01-01 00:00:00","Netherlands","Imports",185240.0
"1995-01-01 00:00:00","Norway","Exports",41992.0
"1995-01-01 00:00:00","Norway","Imports",32968.0
"1995-01-01 00:00:00","Peru","Exports",5491.0
"1995-01-01 00:00:00","Peru","Imports",7584.0
"1995-01-01 00:00:00","Philippines","Exports",17502.0
"1995-01-01 00:00:00","Philippines","Imports",28341.0
"1995-01-01 00:00:00","Poland","Exports",22895.0
"1995-01-01 00:00:00","Poland","Imports",29050.0
"1995-01-01 00:00:00","Portugal","Exports",22787.0
"1995-01-01 00:00:00","Portugal","Imports",32611.0
"1995-01-01 00:00:00","South_Korea","Exports",125058.0
"1995-01-01 00:00:00","South_Korea","Imports",135119.0
"1995-01-01 00:00:00","Russia","Exports",82419.0
"1995-01-01 00:00:00","Russia","Imports",62603.0
"1995-01-01 00:00:00","Saudi_Arabia","Exports",50040.0
"1995-01-01 00:00:00","Saudi_Arabia","Imports",28091.0
"1995-01-01 00:00:00","South_Africa","Exports",27853.0
"1995-01-01 00:00:00","South_Africa","Imports",30546.0
"1995-01-01 00:00:00","Spain","Exports",97859.0
"1995-01-01 00:00:00","Spain","Imports",113543.0
"1995-01-01 00:00:00","Sweden","Exports",80448.0
"1995-01-01 00:00:00","Sweden","Imports",65039.0
"1995-01-01 00:00:00","Switzerland","Exports",81641.0
"1995-01-01 00:00:00","Switzerland","Imports",80152.0
"1995-01-01 00:00:00","Thailand","Exports",56439.0
"1995-01-01 00:00:00","Thailand","Imports",70786.0
"1995-01-01 00:00:00","Tunisia","Exports",5475.0
"1995-01-01 00:00:00","Tunisia","Imports",7903.0
"1995-01-01 00:00:00","Turkiye","Exports",21599.0
"1995-01-01 00:00:00","Turkiye","Imports",35710.0
"1995-01-01 00:00:00","Ukraine","Exports",13128.0
"1995-01-01 00:00:00","Ukraine","Imports",15484.0
"1995-01-01 00:00:00","United_Kingdom","Exports",237970.0
"1995-01-01 00:00:00","United_Kingdom","Imports",267271.0
"1995-01-01 00:00:00","United_States","Exports",584743.0
"1995-01-01 00:00:00","United_States","Imports",770852.0
"1995-01-01 00:00:00","Venezuela","Exports",18457.0
"1995-01-01 00:00:00","Venezuela","Imports",12649.0
"1995-01-01 00:00:00","Viet_Nam","Exports",5449.0
"1995-01-01 00:00:00","Viet_Nam","Imports",8155.0
"1996-01-01 00:00:00","Argentina","Exports",23811.0
"1996-01-01 00:00:00","Argentina","Imports",23762.0
"1996-01-01 00:00:00","Australia","Exports",60301.0
"1996-01-01 00:00:00","Australia","Imports",65427.0
"1996-01-01 00:00:00","Belgium","Exports",177089.0
"1996-01-01 00:00:00","Belgium","Imports",167680.0
"1996-01-01 00:00:00","Brazil","Exports",47747.0
"1996-01-01 00:00:00","Brazil","Imports",56981.0
"1996-01-01 00:00:00","Canada","Exports",201641.0
"1996-01-01 00:00:00","Canada","Imports",174959.0
"1996-01-01 00:00:00","Chile","Exports",16627.0
"1996-01-01 00:00:00","Chile","Imports",19199.0
"1996-01-01 00:00:00","China","Exports",151048.0
"1996-01-01 00:00:00","China","Imports",138943.0
"1996-01-01 00:00:00","Hong_Kong","Exports",180914.0
"1996-01-01 00:00:00","Hong_Kong","Imports",201284.0
"1996-01-01 00:00:00","Taiwan","Exports",117331.0
"1996-01-01 00:00:00","Taiwan","Imports",103079.0
"1996-01-01 00:00:00","Colombia","Exports",10587.0
"1996-01-01 00:00:00","Colombia","Imports",13684.0
"1996-01-01 00:00:00","Denmark","Exports",51341.0
"1996-01-01 00:00:00","Denmark","Imports",45230.0
"1996-01-01 00:00:00","Egypt","Exports",3535.0
"1996-01-01 00:00:00","Egypt","Imports",13019.0
"1996-01-01 00:00:00","Finland","Exports",41071.0
"1996-01-01 00:00:00","Finland","Imports",31383.0
"1996-01-01 00:00:00","France","Exports",305509.0
"1996-01-01 00:00:00","France","Imports",294560.0
"1996-01-01 00:00:00","Germany","Exports",523925.0
"1996-01-01 00:00:00","Germany","Imports",458471.0
"1996-01-01 00:00:00","Hungary","Exports",15705.0
"1996-01-01 00:00:00","Hungary","Imports",18145.0
"1996-01-01 00:00:00","India","Exports",33105.0
"1996-01-01 00:00:00","India","Imports",37942.0
"1996-01-01 00:00:00","Indonesia","Exports",0.0
"1996-01-01 00:00:00","Indonesia","Imports",0.0
"1996-01-01 00:00:00","Israel","Exports",20610.0
"1996-01-01 00:00:00","Israel","Imports",31620.0
"1996-01-01 00:00:00","Italy","Exports",252293.0
"1996-01-01 00:00:00","Italy","Imports",208263.0
"1996-01-01 00:00:00","Japan","Exports",410922.0
"1996-01-01 00:00:00","Japan","Imports",349152.0
"1996-01-01 00:00:00","Malaysia","Exports",78327.0
"1996-01-01 00:00:00","Malaysia","Imports",78418.0
"1996-01-01 00:00:00","Mexico","Exports",96000.0
"1996-01-01 00:00:00","Mexico","Imports",91979.0
"1996-01-01 00:00:00","Netherlands","Exports",208713.0
"1996-01-01 00:00:00","Netherlands","Imports",190656.0
"1996-01-01 00:00:00","Norway","Exports",49645.0
"1996-01-01 00:00:00","Norway","Imports",35615.0
"1996-01-01 00:00:00","Peru","Exports",5878.0
"1996-01-01 00:00:00","Peru","Imports",7947.0
"1996-01-01 00:00:00","Philippines","Exports",20408.0
"1996-01-01 00:00:00","Philippines","Imports",34126.0
"1996-01-01 00:00:00","Poland","Exports",24440.0
"1996-01-01 00:00:00","Poland","Imports",37135.0
"1996-01-01 00:00:00","Portugal","Exports",24587.0
"1996-01-01 00:00:00","Portugal","Imports",35149.0
"1996-01-01 00:00:00","South_Korea","Exports",129715.0
"1996-01-01 00:00:00","South_Korea","Imports",150339.0
"1996-01-01 00:00:00","Russia","Exports",89685.0
"1996-01-01 00:00:00","Russia","Imports",68092.0
"1996-01-01 00:00:00","Saudi_Arabia","Exports",60729.0
"1996-01-01 00:00:00","Saudi_Arabia","Imports",27744.0
"1996-01-01 00:00:00","South_Africa","Exports",29221.0
"1996-01-01 00:00:00","South_Africa","Imports",30182.0
"1996-01-01 00:00:00","Spain","Exports",107095.0
"1996-01-01 00:00:00","Spain","Imports",121056.0
"1996-01-01 00:00:00","Sweden","Exports",84804.0
"1996-01-01 00:00:00","Sweden","Imports",66836.0
"1996-01-01 00:00:00","Switzerland","Exports",79747.0
"1996-01-01 00:00:00","Switzerland","Imports",78224.0
"1996-01-01 00:00:00","Thailand","Exports",55721.0
"1996-01-01 00:00:00","Thailand","Imports",72332.0
"1996-01-01 00:00:00","Tunisia","Exports",5517.0
"1996-01-01 00:00:00","Tunisia","Imports",7701.0
"1996-01-01 00:00:00","Turkiye","Exports",23245.0
"1996-01-01 00:00:00","Turkiye","Imports",43628.0
"1996-01-01 00:00:00","Ukraine","Exports",14401.0
"1996-01-01 00:00:00","Ukraine","Imports",17603.0
"1996-01-01 00:00:00","United_Kingdom","Exports",258165.0
"1996-01-01 00:00:00","United_Kingdom","Imports",286936.0
"1996-01-01 00:00:00","United_States","Exports",625073.0
"1996-01-01 00:00:00","United_States","Imports",822025.0
"1996-01-01 00:00:00","Venezuela","Exports",23060.0
"1996-01-01 00:00:00","Venezuela","Imports",9880.0
"1996-01-01 00:00:00","Viet_Nam","Exports",7255.0
"1996-01-01 00:00:00","Viet_Nam","Imports",11144.0
"1997-01-01 00:00:00","Argentina","Exports",26431.0
"1997-01-01 00:00:00","Argentina","Imports",30450.0
"1997-01-01 00:00:00","Australia","Exports",62910.0
"1997-01-01 00:00:00","Australia","Imports",65892.0
"1997-01-01 00:00:00","Belgium","Exports",174538.0
"1997-01-01 00:00:00","Belgium","Imports",161938.0
"1997-01-01 00:00:00","Brazil","Exports",52994.0
"1997-01-01 00:00:00","Brazil","Imports",64242.0
"1997-01-01 00:00:00","Canada","Exports",214414.0
"1997-01-01 00:00:00","Canada","Imports",200864.0
"1997-01-01 00:00:00","Chile","Exports",17870.0
"1997-01-01 00:00:00","Chile","Imports",20822.0
"1997-01-01 00:00:00","China","Exports",182792.0
"1997-01-01 00:00:00","China","Imports",142189.0
"1997-01-01 00:00:00","Hong_Kong","Exports",188195.0
"1997-01-01 00:00:00","Hong_Kong","Imports",213297.0
"1997-01-01 00:00:00","Taiwan","Exports",123159.0
"1997-01-01 00:00:00","Taiwan","Imports",114446.0
"1997-01-01 00:00:00","Colombia","Exports",11522.0
"1997-01-01 00:00:00","Colombia","Imports",15378.0
"1997-01-01 00:00:00","Denmark","Exports",49277.0
"1997-01-01 00:00:00","Denmark","Imports",44899.0
"1997-01-01 00:00:00","Egypt","Exports",3921.0
"1997-01-01 00:00:00","Egypt","Imports",13211.0
"1997-01-01 00:00:00","Finland","Exports",41474.0
"1997-01-01 00:00:00","Finland","Imports",31607.0
"1997-01-01 00:00:00","France","Exports",302144.0
"1997-01-01 00:00:00","France","Imports",285027.0
"1997-01-01 00:00:00","Germany","Exports",512919.0
"1997-01-01 00:00:00","Germany","Imports",445758.0
"1997-01-01 00:00:00","Hungary","Exports",19100.0
"1997-01-01 00:00:00","Hungary","Imports",21235.0
"1997-01-01 00:00:00","India","Exports",35008.0
"1997-01-01 00:00:00","India","Imports",41432.0
"1997-01-01 00:00:00","Indonesia","Exports",0.0
"1997-01-01 00:00:00","Indonesia","Imports",0.0
"1997-01-01 00:00:00","Israel","Exports",22503.0
"1997-01-01 00:00:00","Israel","Imports",30782.0
"1997-01-01 00:00:00","Italy","Exports",240414.0
"1997-01-01 00:00:00","Italy","Imports",210132.0
"1997-01-01 00:00:00","Japan","Exports",420956.0
"1997-01-01 00:00:00","Japan","Imports",338754.0
"1997-01-01 00:00:00","Malaysia","Exports",78736.0
"1997-01-01 00:00:00","Malaysia","Imports",79029.0
"1997-01-01 00:00:00","Mexico","Exports",110431.0
"1997-01-01 00:00:00","Mexico","Imports",113121.0
"1997-01-01 00:00:00","Netherlands","Exports",207847.0
"1997-01-01 00:00:00","Netherlands","Imports",190744.0
"1997-01-01 00:00:00","Norway","Exports",48542.0
"1997-01-01 00:00:00","Norway","Imports",35709.0
"1997-01-01 00:00:00","Peru","Exports",6825.0
"1997-01-01 00:00:00","Peru","Imports",8558.0
"1997-01-01 00:00:00","Philippines","Exports",24882.0
"1997-01-01 00:00:00","Philippines","Imports",38622.0
"1997-01-01 00:00:00","Poland","Exports",25750.0
"1997-01-01 00:00:00","Poland","Imports",42310.0
"1997-01-01 00:00:00","Portugal","Exports",23952.0
"1997-01-01 00:00:00","Portugal","Imports",35055.0
"1997-01-01 00:00:00","South_Korea","Exports",136164.0
"1997-01-01 00:00:00","South_Korea","Imports",144616.0
"1997-01-01 00:00:00","Russia","Exports",86895.0
"1997-01-01 00:00:00","Russia","Imports",71983.0
"1997-01-01 00:00:00","Saudi_Arabia","Exports",60732.0
"1997-01-01 00:00:00","Saudi_Arabia","Imports",28732.0
"1997-01-01 00:00:00","South_Africa","Exports",31027.0
"1997-01-01 00:00:00","South_Africa","Imports",32998.0
"1997-01-01 00:00:00","Spain","Exports",100765.0
"1997-01-01 00:00:00","Spain","Imports",115678.0
"1997-01-01 00:00:00","Sweden","Exports",82767.0
"1997-01-01 00:00:00","Sweden","Imports",65596.0
"1997-01-01 00:00:00","Switzerland","Exports",76150.0
"1997-01-01 00:00:00","Switzerland","Imports",75900.0
"1997-01-01 00:00:00","Thailand","Exports",57345.0
"1997-01-01 00:00:00","Thailand","Imports",62854.0
"1997-01-01 00:00:00","Tunisia","Exports",5560.0
"1997-01-01 00:00:00","Tunisia","Imports",7948.0
"1997-01-01 00:00:00","Turkiye","Exports",26260.0
"1997-01-01 00:00:00","Turkiye","Imports",48560.0
"1997-01-01 00:00:00","Ukraine","Exports",14232.0
"1997-01-01 00:00:00","Ukraine","Imports",17128.0
"1997-01-01 00:00:00","United_Kingdom","Exports",280418.0
"1997-01-01 00:00:00","United_Kingdom","Imports",307534.0
"1997-01-01 00:00:00","United_States","Exports",689182.0
"1997-01-01 00:00:00","United_States","Imports",899020.0
"1997-01-01 00:00:00","Venezuela","Exports",23871.0
"1997-01-01 00:00:00","Venezuela","Imports",14606.0
"1997-01-01 00:00:00","Viet_Nam","Exports",9185.0
"1997-01-01 00:00:00","Viet_Nam","Imports",11592.0
"1998-01-01 00:00:00","Argentina","Exports",26434.0
"1998-01-01 00:00:00","Argentina","Imports",31377.0
"1998-01-01 00:00:00","Australia","Exports",55893.0
"1998-01-01 00:00:00","Australia","Imports",64630.0
"1998-01-01 00:00:00","Belgium","Exports",181731.0
"1998-01-01 00:00:00","Belgium","Imports",168829.0
"1998-01-01 00:00:00","Brazil","Exports",51140.0
"1998-01-01 00:00:00","Brazil","Imports",60652.0
"1998-01-01 00:00:00","Canada","Exports",214307.0
"1998-01-01 00:00:00","Canada","Imports",206064.0
"1998-01-01 00:00:00","Chile","Exports",16323.0
"1998-01-01 00:00:00","Chile","Imports",19882.0
"1998-01-01 00:00:00","China","Exports",183712.0
"1998-01-01 00:00:00","China","Imports",140305.0
"1998-01-01 00:00:00","Hong_Kong","Exports",174864.0
"1998-01-01 00:00:00","Hong_Kong","Imports",186759.0
"1998-01-01 00:00:00","Taiwan","Exports",112467.0
"1998-01-01 00:00:00","Taiwan","Imports",105442.0
"1998-01-01 00:00:00","Colombia","Exports",10890.0
"1998-01-01 00:00:00","Colombia","Imports",14635.0
"1998-01-01 00:00:00","Denmark","Exports",48966.0
"1998-01-01 00:00:00","Denmark","Imports",46827.0
"1998-01-01 00:00:00","Egypt","Exports",3130.0
"1998-01-01 00:00:00","Egypt","Imports",16166.0
"1998-01-01 00:00:00","Finland","Exports",43714.0
"1998-01-01 00:00:00","Finland","Imports",32928.0
"1998-01-01 00:00:00","France","Exports",320631.0
"1998-01-01 00:00:00","France","Imports",307771.0
"1998-01-01 00:00:00","Germany","Exports",543222.0
"1998-01-01 00:00:00","Germany","Imports",471016.0
"1998-01-01 00:00:00","Hungary","Exports",23005.0
"1998-01-01 00:00:00","Hungary","Imports",25705.0
"1998-01-01 00:00:00","India","Exports",33437.0
"1998-01-01 00:00:00","India","Imports",42980.0
"1998-01-01 00:00:00","Indonesia","Exports",0.0
"1998-01-01 00:00:00","Indonesia","Imports",0.0
"1998-01-01 00:00:00","Israel","Exports",22993.0
"1998-01-01 00:00:00","Israel","Imports",29342.0
"1998-01-01 00:00:00","Italy","Exports",245801.0
"1998-01-01 00:00:00","Italy","Imports",218465.0
"1998-01-01 00:00:00","Japan","Exports",387935.0
"1998-01-01 00:00:00","Japan","Imports",280484.0
"1998-01-01 00:00:00","Malaysia","Exports",73256.0
"1998-01-01 00:00:00","Malaysia","Imports",58272.0
"1998-01-01 00:00:00","Mexico","Exports",117460.0
"1998-01-01 00:00:00","Mexico","Imports",129072.0
"1998-01-01 00:00:00","Netherlands","Exports",213763.0
"1998-01-01 00:00:00","Netherlands","Imports",195451.0
"1998-01-01 00:00:00","Norway","Exports",40399.0
"1998-01-01 00:00:00","Norway","Imports",37473.0
"1998-01-01 00:00:00","Peru","Exports",5757.0
"1998-01-01 00:00:00","Peru","Imports",8220.0
"1998-01-01 00:00:00","Philippines","Exports",29414.0
"1998-01-01 00:00:00","Philippines","Imports",31496.0
"1998-01-01 00:00:00","Poland","Exports",28230.0
"1998-01-01 00:00:00","Poland","Imports",47055.0
"1998-01-01 00:00:00","Portugal","Exports",24774.0
"1998-01-01 00:00:00","Portugal","Imports",38394.0
"1998-01-01 00:00:00","South_Korea","Exports",132313.0
"1998-01-01 00:00:00","South_Korea","Imports",93282.0
"1998-01-01 00:00:00","Russia","Exports",74444.0
"1998-01-01 00:00:00","Russia","Imports",58015.0
"1998-01-01 00:00:00","Saudi_Arabia","Exports",38822.0
"1998-01-01 00:00:00","Saudi_Arabia","Imports",30013.0
"1998-01-01 00:00:00","South_Africa","Exports",26362.0
"1998-01-01 00:00:00","South_Africa","Imports",29242.0
"1998-01-01 00:00:00","Spain","Exports",111866.0
"1998-01-01 00:00:00","Spain","Imports",136528.0
"1998-01-01 00:00:00","Sweden","Exports",84683.0
"1998-01-01 00:00:00","Sweden","Imports",68331.0
"1998-01-01 00:00:00","Switzerland","Exports",78856.0
"1998-01-01 00:00:00","Switzerland","Imports",80094.0
"1998-01-01 00:00:00","Thailand","Exports",54477.0
"1998-01-01 00:00:00","Thailand","Imports",42971.0
"1998-01-01 00:00:00","Tunisia","Exports",5738.0
"1998-01-01 00:00:00","Tunisia","Imports",8350.0
"1998-01-01 00:00:00","Turkiye","Exports",26881.0
"1998-01-01 00:00:00","Turkiye","Imports",45921.0
"1998-01-01 00:00:00","Ukraine","Exports",12637.0
"1998-01-01 00:00:00","Ukraine","Imports",14676.0
"1998-01-01 00:00:00","United_Kingdom","Exports",273683.0
"1998-01-01 00:00:00","United_Kingdom","Imports",320914.0
"1998-01-01 00:00:00","United_States","Exports",682138.0
"1998-01-01 00:00:00","United_States","Imports",944353.0
"1998-01-01 00:00:00","Venezuela","Exports",17707.0
"1998-01-01 00:00:00","Venezuela","Imports",15817.0
"1998-01-01 00:00:00","Viet_Nam","Exports",9361.0
"1998-01-01 00:00:00","Viet_Nam","Imports",11500.0
"1999-01-01 00:00:00","Argentina","Exports",23309.0
"1999-01-01 00:00:00","Argentina","Imports",25508.0
"1999-01-01 00:00:00","Australia","Exports",56080.0
"1999-01-01 00:00:00","Australia","Imports",69158.0
"1999-01-01 00:00:00","Belgium","Exports",179320.0
"1999-01-01 00:00:00","Belgium","Imports",164965.0
"1999-01-01 00:00:00","Brazil","Exports",48013.0
"1999-01-01 00:00:00","Brazil","Imports",51767.0
"1999-01-01 00:00:00","Canada","Exports",238453.0
"1999-01-01 00:00:00","Canada","Imports",220184.0
"1999-01-01 00:00:00","Chile","Exports",17162.0
"1999-01-01 00:00:00","Chile","Imports",15987.0
"1999-01-01 00:00:00","China","Exports",194931.0
"1999-01-01 00:00:00","China","Imports",165788.0
"1999-01-01 00:00:00","Hong_Kong","Exports",174403.0
"1999-01-01 00:00:00","Hong_Kong","Imports",180711.0
"1999-01-01 00:00:00","Taiwan","Exports",123626.0
"1999-01-01 00:00:00","Taiwan","Imports",111449.0
"1999-01-01 00:00:00","Colombia","Exports",11575.0
"1999-01-01 00:00:00","Colombia","Imports",10659.0
"1999-01-01 00:00:00","Denmark","Exports",50343.0
"1999-01-01 00:00:00","Denmark","Imports",45796.0
"1999-01-01 00:00:00","Egypt","Exports",3559.0
"1999-01-01 00:00:00","Egypt","Imports",16022.0
"1999-01-01 00:00:00","Finland","Exports",42283.0
"1999-01-01 00:00:00","Finland","Imports",32144.0
"1999-01-01 00:00:00","France","Exports",325526.0
"1999-01-01 00:00:00","France","Imports",315748.0
"1999-01-01 00:00:00","Germany","Exports",544049.0
"1999-01-01 00:00:00","Germany","Imports",474492.0
"1999-01-01 00:00:00","Hungary","Exports",25032.0
"1999-01-01 00:00:00","Hungary","Imports",28015.0
"1999-01-01 00:00:00","India","Exports",35667.0
"1999-01-01 00:00:00","India","Imports",46979.0
"1999-01-01 00:00:00","Indonesia","Exports",0.0
"1999-01-01 00:00:00","Indonesia","Imports",0.0
"1999-01-01 00:00:00","Israel","Exports",25794.0
"1999-01-01 00:00:00","Israel","Imports",33166.0
"1999-01-01 00:00:00","Italy","Exports",235564.0
"1999-01-01 00:00:00","Italy","Imports",220637.0
"1999-01-01 00:00:00","Japan","Exports",419354.0
"1999-01-01 00:00:00","Japan","Imports",309995.0
"1999-01-01 00:00:00","Malaysia","Exports",84621.0
"1999-01-01 00:00:00","Malaysia","Imports",65389.0
"1999-01-01 00:00:00","Mexico","Exports",136391.0
"1999-01-01 00:00:00","Mexico","Imports",146084.0
"1999-01-01 00:00:00","Netherlands","Exports",218785.0
"1999-01-01 00:00:00","Netherlands","Imports",206355.0
"1999-01-01 00:00:00","Norway","Exports",45455.0
"1999-01-01 00:00:00","Norway","Imports",34166.0
"1999-01-01 00:00:00","Peru","Exports",6088.0
"1999-01-01 00:00:00","Peru","Imports",6823.0
"1999-01-01 00:00:00","Philippines","Exports",36576.0
"1999-01-01 00:00:00","Philippines","Imports",32568.0
"1999-01-01 00:00:00","Poland","Exports",27359.0
"1999-01-01 00:00:00","Poland","Imports",45883.0
"1999-01-01 00:00:00","Portugal","Exports",24564.0
"1999-01-01 00:00:00","Portugal","Imports",40011.0
"1999-01-01 00:00:00","South_Korea","Exports",143685.0
"1999-01-01 00:00:00","South_Korea","Imports",119752.0
"1999-01-01 00:00:00","Russia","Exports",75551.0
"1999-01-01 00:00:00","Russia","Imports",39537.0
"1999-01-01 00:00:00","Saudi_Arabia","Exports",50761.0
"1999-01-01 00:00:00","Saudi_Arabia","Imports",28011.0
"1999-01-01 00:00:00","South_Africa","Exports",26707.0
"1999-01-01 00:00:00","South_Africa","Imports",26696.0
"1999-01-01 00:00:00","Spain","Exports",104531.0
"1999-01-01 00:00:00","Spain","Imports",135473.0
"1999-01-01 00:00:00","Sweden","Exports",84969.0
"1999-01-01 00:00:00","Sweden","Imports",68645.0
"1999-01-01 00:00:00","Switzerland","Exports",80300.0
"1999-01-01 00:00:00","Switzerland","Imports",79857.0
"1999-01-01 00:00:00","Thailand","Exports",58473.0
"1999-01-01 00:00:00","Thailand","Imports",50350.0
"1999-01-01 00:00:00","Tunisia","Exports",5872.0
"1999-01-01 00:00:00","Tunisia","Imports",8475.0
"1999-01-01 00:00:00","Turkiye","Exports",26587.0
"1999-01-01 00:00:00","Turkiye","Imports",40226.0
"1999-01-01 00:00:00","Ukraine","Exports",11582.0
"1999-01-01 00:00:00","Ukraine","Imports",11846.0
"1999-01-01 00:00:00","United_Kingdom","Exports",272422.0
"1999-01-01 00:00:00","United_Kingdom","Imports",325204.0
"1999-01-01 00:00:00","United_States","Exports",695797.0
"1999-01-01 00:00:00","United_States","Imports",1059440.0
"1999-01-01 00:00:00","Venezuela","Exports",20963.0
"1999-01-01 00:00:00","Venezuela","Imports",14064.0
"1999-01-01 00:00:00","Viet_Nam","Exports",11541.0
"1999-01-01 00:00:00","Viet_Nam","Imports",11742.0
"2000-01-01 00:00:00","Argentina","Exports",26341.0
"2000-01-01 00:00:00","Argentina","Imports",25154.0
"2000-01-01 00:00:00","Australia","Exports",63870.0
"2000-01-01 00:00:00","Australia","Imports",71529.0
"2000-01-01 00:00:00","Belgium","Exports",187906.0
"2000-01-01 00:00:00","Belgium","Imports",177073.0
"2000-01-01 00:00:00","Brazil","Exports",55119.0
"2000-01-01 00:00:00","Brazil","Imports",58643.0
"2000-01-01 00:00:00","Canada","Exports",276617.0
"2000-01-01 00:00:00","Canada","Imports",244778.0
"2000-01-01 00:00:00","Chile","Exports",19210.0
"2000-01-01 00:00:00","Chile","Imports",18507.0
"2000-01-01 00:00:00","China","Exports",249203.0
"2000-01-01 00:00:00","China","Imports",225024.0
"2000-01-01 00:00:00","Hong_Kong","Exports",202683.0
"2000-01-01 00:00:00","Hong_Kong","Imports",214042.0
"2000-01-01 00:00:00","Taiwan","Exports",151357.0
"2000-01-01 00:00:00","Taiwan","Imports",140642.0
"2000-01-01 00:00:00","Colombia","Exports",13043.0
"2000-01-01 00:00:00","Colombia","Imports",11539.0
"2000-01-01 00:00:00","Denmark","Exports",51166.0
"2000-01-01 00:00:00","Denmark","Imports",45445.0
"2000-01-01 00:00:00","Egypt","Exports",5276.0
"2000-01-01 00:00:00","Egypt","Imports",14578.0
"2000-01-01 00:00:00","Finland","Exports",45989.0
"2000-01-01 00:00:00","Finland","Imports",34358.0
"2000-01-01 00:00:00","France","Exports",326802.0
"2000-01-01 00:00:00","France","Imports",338103.0
"2000-01-01 00:00:00","Germany","Exports",550447.0
"2000-01-01 00:00:00","Germany","Imports",495970.0
"2000-01-01 00:00:00","Hungary","Exports",28192.0
"2000-01-01 00:00:00","Hungary","Imports",32172.0
"2000-01-01 00:00:00","India","Exports",42379.0
"2000-01-01 00:00:00","India","Imports",51523.0
"2000-01-01 00:00:00","Indonesia","Exports",0.0
"2000-01-01 00:00:00","Indonesia","Imports",0.0
"2000-01-01 00:00:00","Israel","Exports",31404.0
"2000-01-01 00:00:00","Israel","Imports",37686.0
"2000-01-01 00:00:00","Italy","Exports",240518.0
"2000-01-01 00:00:00","Italy","Imports",238757.0
"2000-01-01 00:00:00","Japan","Exports",479296.0
"2000-01-01 00:00:00","Japan","Imports",379510.0
"2000-01-01 00:00:00","Malaysia","Exports",98229.0
"2000-01-01 00:00:00","Malaysia","Imports",81963.0
"2000-01-01 00:00:00","Mexico","Exports",166368.0
"2000-01-01 00:00:00","Mexico","Imports",179464.0
"2000-01-01 00:00:00","Netherlands","Exports",232554.0
"2000-01-01 00:00:00","Netherlands","Imports",217728.0
"2000-01-01 00:00:00","Norway","Exports",60058.0
"2000-01-01 00:00:00","Norway","Imports",34391.0
"2000-01-01 00:00:00","Peru","Exports",6955.0
"2000-01-01 00:00:00","Peru","Imports",7415.0
"2000-01-01 00:00:00","Philippines","Exports",38078.0
"2000-01-01 00:00:00","Philippines","Imports",37027.0
"2000-01-01 00:00:00","Poland","Exports",31747.0
"2000-01-01 00:00:00","Poland","Imports",49029.0
"2000-01-01 00:00:00","Portugal","Exports",24303.0
"2000-01-01 00:00:00","Portugal","Imports",39854.0
"2000-01-01 00:00:00","South_Korea","Exports",172268.0
"2000-01-01 00:00:00","South_Korea","Imports",160481.0
"2000-01-01 00:00:00","Russia","Exports",105033.0
"2000-01-01 00:00:00","Russia","Imports",44862.0
"2000-01-01 00:00:00","Saudi_Arabia","Exports",77583.0
"2000-01-01 00:00:00","Saudi_Arabia","Imports",30238.0
"2000-01-01 00:00:00","South_Africa","Exports",29983.0
"2000-01-01 00:00:00","South_Africa","Imports",29695.0
"2000-01-01 00:00:00","Spain","Exports",114966.0
"2000-01-01 00:00:00","Spain","Imports",155757.0
"2000-01-01 00:00:00","Sweden","Exports",86917.0
"2000-01-01 00:00:00","Sweden","Imports",72700.0
"2000-01-01 00:00:00","Switzerland","Exports",80500.0
"2000-01-01 00:00:00","Switzerland","Imports",82521.0
"2000-01-01 00:00:00","Thailand","Exports",68963.0
"2000-01-01 00:00:00","Thailand","Imports",61923.0
"2000-01-01 00:00:00","Tunisia","Exports",5850.0
"2000-01-01 00:00:00","Tunisia","Imports",8567.0
"2000-01-01 00:00:00","Turkiye","Exports",27775.0
"2000-01-01 00:00:00","Turkiye","Imports",54503.0
"2000-01-01 00:00:00","Ukraine","Exports",14573.0
"2000-01-01 00:00:00","Ukraine","Imports",13956.0
"2000-01-01 00:00:00","United_Kingdom","Exports",284720.0
"2000-01-01 00:00:00","United_Kingdom","Imports",347198.0
"2000-01-01 00:00:00","United_States","Exports",781918.0
"2000-01-01 00:00:00","United_States","Imports",1259300.0
"2000-01-01 00:00:00","Venezuela","Exports",33529.0
"2000-01-01 00:00:00","Venezuela","Imports",16213.0
"2000-01-01 00:00:00","Viet_Nam","Exports",14483.0
"2000-01-01 00:00:00","Viet_Nam","Imports",15638.0
"2001-01-01 00:00:00","Argentina","Exports",26543.0
"2001-01-01 00:00:00","Argentina","Imports",20320.0
"2001-01-01 00:00:00","Australia","Exports",63387.0
"2001-01-01 00:00:00","Australia","Imports",63888.0
"2001-01-01 00:00:00","Belgium","Exports",190349.0
"2001-01-01 00:00:00","Belgium","Imports",178664.0
"2001-01-01 00:00:00","Brazil","Exports",58287.0
"2001-01-01 00:00:00","Brazil","Imports",58382.0
"2001-01-01 00:00:00","Canada","Exports",259858.0
"2001-01-01 00:00:00","Canada","Imports",227291.0
"2001-01-01 00:00:00","Chile","Exports",18272.0
"2001-01-01 00:00:00","Chile","Imports",17429.0
"2001-01-01 00:00:00","China","Exports",266098.0
"2001-01-01 00:00:00","China","Imports",243553.0
"2001-01-01 00:00:00","Hong_Kong","Exports",191066.0
"2001-01-01 00:00:00","Hong_Kong","Imports",202008.0
"2001-01-01 00:00:00","Taiwan","Exports",125900.0
"2001-01-01 00:00:00","Taiwan","Imports",107944.0
"2001-01-01 00:00:00","Colombia","Exports",12290.0
"2001-01-01 00:00:00","Colombia","Imports",12834.0
"2001-01-01 00:00:00","Denmark","Exports",51705.0
"2001-01-01 00:00:00","Denmark","Imports",45322.0
"2001-01-01 00:00:00","Egypt","Exports",4825.0
"2001-01-01 00:00:00","Egypt","Imports",13376.0
"2001-01-01 00:00:00","Finland","Exports",43237.0
"2001-01-01 00:00:00","Finland","Imports",32639.0
"2001-01-01 00:00:00","France","Exports",323379.0
"2001-01-01 00:00:00","France","Imports",328608.0
"2001-01-01 00:00:00","Germany","Exports",571645.0
"2001-01-01 00:00:00","Germany","Imports",486119.0
"2001-01-01 00:00:00","Hungary","Exports",30436.0
"2001-01-01 00:00:00","Hungary","Imports",33617.0
"2001-01-01 00:00:00","India","Exports",43361.0
"2001-01-01 00:00:00","India","Imports",50392.0
"2001-01-01 00:00:00","Indonesia","Exports",0.0
"2001-01-01 00:00:00","Indonesia","Imports",0.0
"2001-01-01 00:00:00","Israel","Exports",29048.0
"2001-01-01 00:00:00","Israel","Imports",35449.0
"2001-01-01 00:00:00","Italy","Exports",244490.0
"2001-01-01 00:00:00","Italy","Imports",236220.0
"2001-01-01 00:00:00","Japan","Exports",403496.0
"2001-01-01 00:00:00","Japan","Imports",349089.0
"2001-01-01 00:00:00","Malaysia","Exports",87969.0
"2001-01-01 00:00:00","Malaysia","Imports",73744.0
"2001-01-01 00:00:00","Mexico","Exports",158547.0
"2001-01-01 00:00:00","Mexico","Imports",173039.0
"2001-01-01 00:00:00","Netherlands","Exports",230855.0
"2001-01-01 00:00:00","Netherlands","Imports",208638.0
"2001-01-01 00:00:00","Norway","Exports",59191.0
"2001-01-01 00:00:00","Norway","Imports",32955.0
"2001-01-01 00:00:00","Peru","Exports",7026.0
"2001-01-01 00:00:00","Peru","Imports",7316.0
"2001-01-01 00:00:00","Philippines","Exports",32150.0
"2001-01-01 00:00:00","Philippines","Imports",34921.0
"2001-01-01 00:00:00","Poland","Exports",35998.0
"2001-01-01 00:00:00","Poland","Imports",50184.0
"2001-01-01 00:00:00","Portugal","Exports",24108.0
"2001-01-01 00:00:00","Portugal","Imports",39490.0
"2001-01-01 00:00:00","South_Korea","Exports",150439.0
"2001-01-01 00:00:00","South_Korea","Imports",141098.0
"2001-01-01 00:00:00","Russia","Exports",101884.0
"2001-01-01 00:00:00","Russia","Imports",53764.0
"2001-01-01 00:00:00","Saudi_Arabia","Exports",68064.0
"2001-01-01 00:00:00","Saudi_Arabia","Imports",31223.0
"2001-01-01 00:00:00","South_Africa","Exports",29258.0
"2001-01-01 00:00:00","South_Africa","Imports",28248.0
"2001-01-01 00:00:00","Spain","Exports",116660.0
"2001-01-01 00:00:00","Spain","Imports",154650.0
"2001-01-01 00:00:00","Sweden","Exports",75645.0
"2001-01-01 00:00:00","Sweden","Imports",63200.0
"2001-01-01 00:00:00","Switzerland","Exports",82144.0
"2001-01-01 00:00:00","Switzerland","Imports",84102.0
"2001-01-01 00:00:00","Thailand","Exports",64968.0
"2001-01-01 00:00:00","Thailand","Imports",61962.0
"2001-01-01 00:00:00","Tunisia","Exports",6631.0
"2001-01-01 00:00:00","Tunisia","Imports",9529.0
"2001-01-01 00:00:00","Turkiye","Exports",31334.0
"2001-01-01 00:00:00","Turkiye","Imports",41399.0
"2001-01-01 00:00:00","Ukraine","Exports",16265.0
"2001-01-01 00:00:00","Ukraine","Imports",15775.0
"2001-01-01 00:00:00","United_Kingdom","Exports",272715.0
"2001-01-01 00:00:00","United_Kingdom","Imports",343786.0
"2001-01-01 00:00:00","United_States","Exports",729100.0
"2001-01-01 00:00:00","United_States","Imports",1179180.0
"2001-01-01 00:00:00","Venezuela","Exports",26667.0
"2001-01-01 00:00:00","Venezuela","Imports",18323.0
"2001-01-01 00:00:00","Viet_Nam","Exports",15029.0
"2001-01-01 00:00:00","Viet_Nam","Imports",16218.0
"2002-01-01 00:00:00","Argentina","Exports",25650.0
"2002-01-01 00:00:00","Argentina","Imports",8990.0
"2002-01-01 00:00:00","Australia","Exports",65033.0
"2002-01-01 00:00:00","Australia","Imports",72690.0
"2002-01-01 00:00:00","Belgium","Exports",216127.0
"2002-01-01 00:00:00","Belgium","Imports",198311.0
"2002-01-01 00:00:00","Brazil","Exports",60439.0
"2002-01-01 00:00:00","Brazil","Imports",49723.0
"2002-01-01 00:00:00","Canada","Exports",252394.0
"2002-01-01 00:00:00","Canada","Imports",227499.0
"2002-01-01 00:00:00","Chile","Exports",18180.0
"2002-01-01 00:00:00","Chile","Imports",17091.0
"2002-01-01 00:00:00","China","Exports",325596.0
"2002-01-01 00:00:00","China","Imports",295170.0
"2002-01-01 00:00:00","Hong_Kong","Exports",201928.0
"2002-01-01 00:00:00","Hong_Kong","Imports",207969.0
"2002-01-01 00:00:00","Taiwan","Exports",135080.0
"2002-01-01 00:00:00","Taiwan","Imports",113331.0
"2002-01-01 00:00:00","Colombia","Exports",11911.0
"2002-01-01 00:00:00","Colombia","Imports",12711.0
"2002-01-01 00:00:00","Denmark","Exports",57495.0
"2002-01-01 00:00:00","Denmark","Imports",50320.0
"2002-01-01 00:00:00","Egypt","Exports",5546.0
"2002-01-01 00:00:00","Egypt","Imports",12770.0
"2002-01-01 00:00:00","Finland","Exports",45145.0
"2002-01-01 00:00:00","Finland","Imports",34218.0
"2002-01-01 00:00:00","France","Exports",331719.0
"2002-01-01 00:00:00","France","Imports",329262.0
"2002-01-01 00:00:00","Germany","Exports",615831.0
"2002-01-01 00:00:00","Germany","Imports",490283.0
"2002-01-01 00:00:00","Hungary","Exports",34517.0
"2002-01-01 00:00:00","Hungary","Imports",37755.0
"2002-01-01 00:00:00","India","Exports",49250.0
"2002-01-01 00:00:00","India","Imports",56517.0
"2002-01-01 00:00:00","Indonesia","Exports",0.0
"2002-01-01 00:00:00","Indonesia","Imports",0.0
"2002-01-01 00:00:00","Israel","Exports",29347.0
"2002-01-01 00:00:00","Israel","Imports",35517.0
"2002-01-01 00:00:00","Italy","Exports",254427.0
"2002-01-01 00:00:00","Italy","Imports",247015.0
"2002-01-01 00:00:00","Japan","Exports",416726.0
"2002-01-01 00:00:00","Japan","Imports",337194.0
"2002-01-01 00:00:00","Malaysia","Exports",94061.0
"2002-01-01 00:00:00","Malaysia","Imports",79761.0
"2002-01-01 00:00:00","Mexico","Exports",160682.0
"2002-01-01 00:00:00","Mexico","Imports",173087.0
"2002-01-01 00:00:00","Netherlands","Exports",244058.0
"2002-01-01 00:00:00","Netherlands","Imports",219265.0
"2002-01-01 00:00:00","Norway","Exports",59662.0
"2002-01-01 00:00:00","Norway","Imports",34873.0
"2002-01-01 00:00:00","Peru","Exports",7714.0
"2002-01-01 00:00:00","Peru","Imports",7493.0
"2002-01-01 00:00:00","Philippines","Exports",35208.0
"2002-01-01 00:00:00","Philippines","Imports",41092.0
"2002-01-01 00:00:00","Poland","Exports",41133.0
"2002-01-01 00:00:00","Poland","Imports",55299.0
"2002-01-01 00:00:00","Portugal","Exports",25908.0
"2002-01-01 00:00:00","Portugal","Imports",40156.0
"2002-01-01 00:00:00","South_Korea","Exports",162471.0
"2002-01-01 00:00:00","South_Korea","Imports",152126.0
"2002-01-01 00:00:00","Russia","Exports",107301.0
"2002-01-01 00:00:00","Russia","Imports",60966.0
"2002-01-01 00:00:00","Saudi_Arabia","Exports",72453.0
"2002-01-01 00:00:00","Saudi_Arabia","Imports",32293.0
"2002-01-01 00:00:00","South_Africa","Exports",29723.0
"2002-01-01 00:00:00","South_Africa","Imports",29267.0
"2002-01-01 00:00:00","Spain","Exports",125687.0
"2002-01-01 00:00:00","Spain","Imports",165105.0
"2002-01-01 00:00:00","Sweden","Exports",81499.0
"2002-01-01 00:00:00","Sweden","Imports",66955.0
"2002-01-01 00:00:00","Switzerland","Exports",91699.0
"2002-01-01 00:00:00","Switzerland","Imports",87189.0
"2002-01-01 00:00:00","Thailand","Exports",68108.0
"2002-01-01 00:00:00","Thailand","Imports",64645.0
"2002-01-01 00:00:00","Tunisia","Exports",6874.0
"2002-01-01 00:00:00","Tunisia","Imports",9526.0
"2002-01-01 00:00:00","Turkiye","Exports",36059.0
"2002-01-01 00:00:00","Turkiye","Imports",51554.0
"2002-01-01 00:00:00","Ukraine","Exports",17957.0
"2002-01-01 00:00:00","Ukraine","Imports",16977.0
"2002-01-01 00:00:00","United_Kingdom","Exports",280195.0
"2002-01-01 00:00:00","United_Kingdom","Imports",364075.0
"2002-01-01 00:00:00","United_States","Exports",693103.0
"2002-01-01 00:00:00","United_States","Imports",1200230.0
"2002-01-01 00:00:00","Venezuela","Exports",26781.0
"2002-01-01 00:00:00","Venezuela","Imports",12963.0
"2002-01-01 00:00:00","Viet_Nam","Exports",16706.0
"2002-01-01 00:00:00","Viet_Nam","Imports",19746.0
"2003-01-01 00:00:00","Argentina","Exports",29566.0
"2003-01-01 00:00:00","Argentina","Imports",13834.0
"2003-01-01 00:00:00","Australia","Exports",70377.0
"2003-01-01 00:00:00","Australia","Imports",89084.0
"2003-01-01 00:00:00","Belgium","Exports",255617.0
"2003-01-01 00:00:00","Belgium","Imports",234945.0
"2003-01-01 00:00:00","Brazil","Exports",73203.0
"2003-01-01 00:00:00","Brazil","Imports",50881.0
"2003-01-01 00:00:00","Canada","Exports",272739.0
"2003-01-01 00:00:00","Canada","Imports",245021.0
"2003-01-01 00:00:00","Chile","Exports",21664.0
"2003-01-01 00:00:00","Chile","Imports",19322.0
"2003-01-01 00:00:00","China","Exports",438228.0
"2003-01-01 00:00:00","China","Imports",412760.0
"2003-01-01 00:00:00","Hong_Kong","Exports",228708.0
"2003-01-01 00:00:00","Hong_Kong","Imports",233249.0
"2003-01-01 00:00:00","Taiwan","Exports",150298.0
"2003-01-01 00:00:00","Taiwan","Imports",128130.0
"2003-01-01 00:00:00","Colombia","Exports",13080.0
"2003-01-01 00:00:00","Colombia","Imports",13889.0
"2003-01-01 00:00:00","Denmark","Exports",66512.0
"2003-01-01 00:00:00","Denmark","Imports",57429.0
"2003-01-01 00:00:00","Egypt","Exports",7408.0
"2003-01-01 00:00:00","Egypt","Imports",12950.0
"2003-01-01 00:00:00","Finland","Exports",53171.0
"2003-01-01 00:00:00","Finland","Imports",42513.0
"2003-01-01 00:00:00","France","Exports",392039.0
"2003-01-01 00:00:00","France","Imports",398840.0
"2003-01-01 00:00:00","Germany","Exports",751560.0
"2003-01-01 00:00:00","Germany","Imports",604612.0
"2003-01-01 00:00:00","Hungary","Exports",43094.0
"2003-01-01 00:00:00","Hungary","Imports",47808.0
"2003-01-01 00:00:00","India","Exports",58963.0
"2003-01-01 00:00:00","India","Imports",72558.0
"2003-01-01 00:00:00","Indonesia","Exports",64108.0
"2003-01-01 00:00:00","Indonesia","Imports",42196.0
"2003-01-01 00:00:00","Israel","Exports",31784.0
"2003-01-01 00:00:00","Israel","Imports",36303.0
"2003-01-01 00:00:00","Italy","Exports",299333.0
"2003-01-01 00:00:00","Italy","Imports",297519.0
"2003-01-01 00:00:00","Japan","Exports",471817.0
"2003-01-01 00:00:00","Japan","Imports",382930.0
"2003-01-01 00:00:00","Malaysia","Exports",104706.0
"2003-01-01 00:00:00","Malaysia","Imports",83299.0
"2003-01-01 00:00:00","Mexico","Exports",165396.0
"2003-01-01 00:00:00","Mexico","Imports",175039.0
"2003-01-01 00:00:00","Netherlands","Exports",296012.0
"2003-01-01 00:00:00","Netherlands","Imports",264704.0
"2003-01-01 00:00:00","Norway","Exports",68321.0
"2003-01-01 00:00:00","Norway","Imports",40055.0
"2003-01-01 00:00:00","Peru","Exports",9091.0
"2003-01-01 00:00:00","Peru","Imports",8414.0
"2003-01-01 00:00:00","Philippines","Exports",36231.0
"2003-01-01 00:00:00","Philippines","Imports",42576.0
"2003-01-01 00:00:00","Poland","Exports",53762.0
"2003-01-01 00:00:00","Poland","Imports",68272.0
"2003-01-01 00:00:00","Portugal","Exports",31757.0
"2003-01-01 00:00:00","Portugal","Imports",47200.0
"2003-01-01 00:00:00","South_Korea","Exports",193817.0
"2003-01-01 00:00:00","South_Korea","Imports",178827.0
"2003-01-01 00:00:00","Russia","Exports",135929.0
"2003-01-01 00:00:00","Russia","Imports",76070.0
"2003-01-01 00:00:00","Saudi_Arabia","Exports",93245.0
"2003-01-01 00:00:00","Saudi_Arabia","Imports",41704.0
"2003-01-01 00:00:00","South_Africa","Exports",36482.0
"2003-01-01 00:00:00","South_Africa","Imports",39748.0
"2003-01-01 00:00:00","Spain","Exports",156147.0
"2003-01-01 00:00:00","Spain","Imports",208602.0
"2003-01-01 00:00:00","Sweden","Exports",102104.0
"2003-01-01 00:00:00","Sweden","Imports",83540.0
"2003-01-01 00:00:00","Switzerland","Exports",104822.0
"2003-01-01 00:00:00","Switzerland","Imports",100239.0
"2003-01-01 00:00:00","Thailand","Exports",80324.0
"2003-01-01 00:00:00","Thailand","Imports",75824.0
"2003-01-01 00:00:00","Tunisia","Exports",8027.0
"2003-01-01 00:00:00","Tunisia","Imports",10910.0
"2003-01-01 00:00:00","Turkiye","Exports",47253.0
"2003-01-01 00:00:00","Turkiye","Imports",69340.0
"2003-01-01 00:00:00","Ukraine","Exports",23067.0
"2003-01-01 00:00:00","Ukraine","Imports",23020.0
"2003-01-01 00:00:00","United_Kingdom","Exports",305627.0
"2003-01-01 00:00:00","United_Kingdom","Imports",399401.0
"2003-01-01 00:00:00","United_States","Exports",724771.0
"2003-01-01 00:00:00","United_States","Imports",1303050.0
"2003-01-01 00:00:00","Venezuela","Exports",27230.0
"2003-01-01 00:00:00","Venezuela","Imports",9256.0
"2003-01-01 00:00:00","Viet_Nam","Exports",20149.0
"2003-01-01 00:00:00","Viet_Nam","Imports",25256.0
"2004-01-01 00:00:00","Argentina","Exports",34576.0
"2004-01-01 00:00:00","Argentina","Imports",22445.0
"2004-01-01 00:00:00","Australia","Exports",86565.0
"2004-01-01 00:00:00","Australia","Imports",109384.0
"2004-01-01 00:00:00","Belgium","Exports",306866.0
"2004-01-01 00:00:00","Belgium","Imports",285621.0
"2004-01-01 00:00:00","Brazil","Exports",96678.0
"2004-01-01 00:00:00","Brazil","Imports",66433.0
"2004-01-01 00:00:00","Canada","Exports",316762.0
"2004-01-01 00:00:00","Canada","Imports",279931.0
"2004-01-01 00:00:00","Chile","Exports",32520.0
"2004-01-01 00:00:00","Chile","Imports",24794.0
"2004-01-01 00:00:00","China","Exports",593326.0
"2004-01-01 00:00:00","China","Imports",561229.0
"2004-01-01 00:00:00","Hong_Kong","Exports",265543.0
"2004-01-01 00:00:00","Hong_Kong","Imports",272893.0
"2004-01-01 00:00:00","Taiwan","Exports",182432.0
"2004-01-01 00:00:00","Taiwan","Imports",169250.0
"2004-01-01 00:00:00","Colombia","Exports",16224.0
"2004-01-01 00:00:00","Colombia","Imports",16746.0
"2004-01-01 00:00:00","Denmark","Exports",77079.0
"2004-01-01 00:00:00","Denmark","Imports",68157.0
"2004-01-01 00:00:00","Egypt","Exports",9661.0
"2004-01-01 00:00:00","Egypt","Imports",15950.0
"2004-01-01 00:00:00","Finland","Exports",61520.0
"2004-01-01 00:00:00","Finland","Imports",51443.0
"2004-01-01 00:00:00","France","Exports",452106.0
"2004-01-01 00:00:00","France","Imports",470945.0
"2004-01-01 00:00:00","Germany","Exports",909887.0
"2004-01-01 00:00:00","Germany","Imports",715742.0
"2004-01-01 00:00:00","Hungary","Exports",55567.0
"2004-01-01 00:00:00","Hungary","Imports",60538.0
"2004-01-01 00:00:00","India","Exports",76649.0
"2004-01-01 00:00:00","India","Imports",99775.0
"2004-01-01 00:00:00","Indonesia","Exports",70767.0
"2004-01-01 00:00:00","Indonesia","Imports",54877.0
"2004-01-01 00:00:00","Israel","Exports",38618.0
"2004-01-01 00:00:00","Israel","Imports",42864.0
"2004-01-01 00:00:00","Italy","Exports",353782.0
"2004-01-01 00:00:00","Italy","Imports",355301.0
"2004-01-01 00:00:00","Japan","Exports",565675.0
"2004-01-01 00:00:00","Japan","Imports",454542.0
"2004-01-01 00:00:00","Malaysia","Exports",126646.0
"2004-01-01 00:00:00","Malaysia","Imports",105166.0
"2004-01-01 00:00:00","Mexico","Exports",187980.0
"2004-01-01 00:00:00","Mexico","Imports",202260.0
"2004-01-01 00:00:00","Netherlands","Exports",357417.0
"2004-01-01 00:00:00","Netherlands","Imports",319669.0
"2004-01-01 00:00:00","Norway","Exports",82527.0
"2004-01-01 00:00:00","Norway","Imports",48534.0
"2004-01-01 00:00:00","Peru","Exports",12809.0
"2004-01-01 00:00:00","Peru","Imports",10101.0
"2004-01-01 00:00:00","Philippines","Exports",39681.0
"2004-01-01 00:00:00","Philippines","Imports",46102.0
"2004-01-01 00:00:00","Poland","Exports",75047.0
"2004-01-01 00:00:00","Poland","Imports",89696.0
"2004-01-01 00:00:00","Portugal","Exports",35787.0
"2004-01-01 00:00:00","Portugal","Imports",54948.0
"2004-01-01 00:00:00","South_Korea","Exports",253845.0
"2004-01-01 00:00:00","South_Korea","Imports",224463.0
"2004-01-01 00:00:00","Russia","Exports",183207.0
"2004-01-01 00:00:00","Russia","Imports",97382.0
"2004-01-01 00:00:00","Saudi_Arabia","Exports",125997.0
"2004-01-01 00:00:00","Saudi_Arabia","Imports",47376.0
"2004-01-01 00:00:00","South_Africa","Exports",46146.0
"2004-01-01 00:00:00","South_Africa","Imports",53466.0
"2004-01-01 00:00:00","Spain","Exports",182623.0
"2004-01-01 00:00:00","Spain","Imports",258331.0
"2004-01-01 00:00:00","Sweden","Exports",123267.0
"2004-01-01 00:00:00","Sweden","Imports",100433.0
"2004-01-01 00:00:00","Switzerland","Exports",122844.0
"2004-01-01 00:00:00","Switzerland","Imports",115799.0
"2004-01-01 00:00:00","Thailand","Exports",96248.0
"2004-01-01 00:00:00","Thailand","Imports",94410.0
"2004-01-01 00:00:00","Tunisia","Exports",9685.0
"2004-01-01 00:00:00","Tunisia","Imports",12818.0
"2004-01-01 00:00:00","Turkiye","Exports",63167.0
"2004-01-01 00:00:00","Turkiye","Imports",97540.0
"2004-01-01 00:00:00","Ukraine","Exports",32666.0
"2004-01-01 00:00:00","Ukraine","Imports",28997.0
"2004-01-01 00:00:00","United_Kingdom","Exports",347493.0
"2004-01-01 00:00:00","United_Kingdom","Imports",470633.0
"2004-01-01 00:00:00","United_States","Exports",814875.0
"2004-01-01 00:00:00","United_States","Imports",1525680.0
"2004-01-01 00:00:00","Venezuela","Exports",39668.0
"2004-01-01 00:00:00","Venezuela","Imports",16679.0
"2004-01-01 00:00:00","Viet_Nam","Exports",26485.0
"2004-01-01 00:00:00","Viet_Nam","Imports",31969.0
"2005-01-01 00:00:00","Argentina","Exports",40351.0
"2005-01-01 00:00:00","Argentina","Imports",28689.0
"2005-01-01 00:00:00","Australia","Exports",106097.0
"2005-01-01 00:00:00","Australia","Imports",125281.0
"2005-01-01 00:00:00","Belgium","Exports",334400.0
"2005-01-01 00:00:00","Belgium","Imports",318700.0
"2005-01-01 00:00:00","Brazil","Exports",118529.0
"2005-01-01 00:00:00","Brazil","Imports",77628.0
"2005-01-01 00:00:00","Canada","Exports",360475.0
"2005-01-01 00:00:00","Canada","Imports",322411.0
"2005-01-01 00:00:00","Chile","Exports",41267.0
"2005-01-01 00:00:00","Chile","Imports",32735.0
"2005-01-01 00:00:00","China","Exports",761953.0
"2005-01-01 00:00:00","China","Imports",659953.0
"2005-01-01 00:00:00","Hong_Kong","Exports",292119.0
"2005-01-01 00:00:00","Hong_Kong","Imports",300160.0
"2005-01-01 00:00:00","Taiwan","Exports",198432.0
"2005-01-01 00:00:00","Taiwan","Imports",182614.0
"2005-01-01 00:00:00","Colombia","Exports",21190.0
"2005-01-01 00:00:00","Colombia","Imports",21204.0
"2005-01-01 00:00:00","Denmark","Exports",85121.0
"2005-01-01 00:00:00","Denmark","Imports",75581.0
"2005-01-01 00:00:00","Egypt","Exports",12912.0
"2005-01-01 00:00:00","Egypt","Imports",22449.0
"2005-01-01 00:00:00","Finland","Exports",65498.0
"2005-01-01 00:00:00","Finland","Imports",58766.0
"2005-01-01 00:00:00","France","Exports",463428.0
"2005-01-01 00:00:00","France","Imports",504124.0
"2005-01-01 00:00:00","Germany","Exports",970914.0
"2005-01-01 00:00:00","Germany","Imports",777073.0
"2005-01-01 00:00:00","Hungary","Exports",62936.0
"2005-01-01 00:00:00","Hungary","Imports",66552.0
"2005-01-01 00:00:00","India","Exports",99616.0
"2005-01-01 00:00:00","India","Imports",142870.0
"2005-01-01 00:00:00","Indonesia","Exports",86996.0
"2005-01-01 00:00:00","Indonesia","Imports",75725.0
"2005-01-01 00:00:00","Israel","Exports",42770.0
"2005-01-01 00:00:00","Israel","Imports",47142.0
"2005-01-01 00:00:00","Italy","Exports",373135.0
"2005-01-01 00:00:00","Italy","Imports",384790.0
"2005-01-01 00:00:00","Japan","Exports",594941.0
"2005-01-01 00:00:00","Japan","Imports",515866.0
"2005-01-01 00:00:00","Malaysia","Exports",141626.0
"2005-01-01 00:00:00","Malaysia","Imports",114324.0
"2005-01-01 00:00:00","Mexico","Exports",214207.0
"2005-01-01 00:00:00","Mexico","Imports",228240.0
"2005-01-01 00:00:00","Netherlands","Exports",406372.0
"2005-01-01 00:00:00","Netherlands","Imports",363822.0
"2005-01-01 00:00:00","Norway","Exports",103759.0
"2005-01-01 00:00:00","Norway","Imports",55488.0
"2005-01-01 00:00:00","Peru","Exports",17368.0
"2005-01-01 00:00:00","Peru","Imports",12502.0
"2005-01-01 00:00:00","Philippines","Exports",41255.0
"2005-01-01 00:00:00","Philippines","Imports",49487.0
"2005-01-01 00:00:00","Poland","Exports",89437.0
"2005-01-01 00:00:00","Poland","Imports",101639.0
"2005-01-01 00:00:00","Portugal","Exports",38150.0
"2005-01-01 00:00:00","Portugal","Imports",61184.0
"2005-01-01 00:00:00","South_Korea","Exports",284419.0
"2005-01-01 00:00:00","South_Korea","Imports",261238.0
"2005-01-01 00:00:00","Russia","Exports",243798.0
"2005-01-01 00:00:00","Russia","Imports",125434.0
"2005-01-01 00:00:00","Saudi_Arabia","Exports",180711.0
"2005-01-01 00:00:00","Saudi_Arabia","Imports",59459.0
"2005-01-01 00:00:00","South_Africa","Exports",51626.0
"2005-01-01 00:00:00","South_Africa","Imports",62304.0
"2005-01-01 00:00:00","Spain","Exports",192644.0
"2005-01-01 00:00:00","Spain","Imports",288786.0
"2005-01-01 00:00:00","Sweden","Exports",130962.0
"2005-01-01 00:00:00","Sweden","Imports",111697.0
"2005-01-01 00:00:00","Switzerland","Exports",149888.0
"2005-01-01 00:00:00","Switzerland","Imports",147127.0
"2005-01-01 00:00:00","Thailand","Exports",110936.0
"2005-01-01 00:00:00","Thailand","Imports",118178.0
"2005-01-01 00:00:00","Tunisia","Exports",10494.0
"2005-01-01 00:00:00","Tunisia","Imports",13177.0
"2005-01-01 00:00:00","Turkiye","Exports",73476.0
"2005-01-01 00:00:00","Turkiye","Imports",116774.0
"2005-01-01 00:00:00","Ukraine","Exports",34228.0
"2005-01-01 00:00:00","Ukraine","Imports",36136.0
"2005-01-01 00:00:00","United_Kingdom","Exports",384477.0
"2005-01-01 00:00:00","United_Kingdom","Imports",513673.0
"2005-01-01 00:00:00","United_States","Exports",901082.0
"2005-01-01 00:00:00","United_States","Imports",1732706.0
"2005-01-01 00:00:00","Venezuela","Exports",55716.0
"2005-01-01 00:00:00","Venezuela","Imports",24027.0
"2005-01-01 00:00:00","Viet_Nam","Exports",32442.0
"2005-01-01 00:00:00","Viet_Nam","Imports",36761.0
"2006-01-01 00:00:00","Argentina","Exports",46546.0
"2006-01-01 00:00:00","Argentina","Imports",34152.0
"2006-01-01 00:00:00","Australia","Exports",123437.0
"2006-01-01 00:00:00","Australia","Imports",139253.0
"2006-01-01 00:00:00","Belgium","Exports",366745.0
"2006-01-01 00:00:00","Belgium","Imports",351635.0
"2006-01-01 00:00:00","Brazil","Exports",137581.0
"2006-01-01 00:00:00","Brazil","Imports",97049.0
"2006-01-01 00:00:00","Canada","Exports",388178.0
"2006-01-01 00:00:00","Canada","Imports",359000.0
"2006-01-01 00:00:00","Chile","Exports",58680.0
"2006-01-01 00:00:00","Chile","Imports",38406.0
"2006-01-01 00:00:00","China","Exports",968978.0
"2006-01-01 00:00:00","China","Imports",791461.0
"2006-01-01 00:00:00","Hong_Kong","Exports",322669.0
"2006-01-01 00:00:00","Hong_Kong","Imports",335754.0
"2006-01-01 00:00:00","Taiwan","Exports",224017.0
"2006-01-01 00:00:00","Taiwan","Imports",202698.0
"2006-01-01 00:00:00","Colombia","Exports",24391.0
"2006-01-01 00:00:00","Colombia","Imports",26162.0
"2006-01-01 00:00:00","Denmark","Exports",92558.0
"2006-01-01 00:00:00","Denmark","Imports",85507.0
"2006-01-01 00:00:00","Egypt","Exports",16728.0
"2006-01-01 00:00:00","Egypt","Imports",27300.0
"2006-01-01 00:00:00","Finland","Exports",77206.0
"2006-01-01 00:00:00","Finland","Imports",69375.0
"2006-01-01 00:00:00","France","Exports",495868.0
"2006-01-01 00:00:00","France","Imports",541919.0
"2006-01-01 00:00:00","Germany","Exports",1108107.0
"2006-01-01 00:00:00","Germany","Imports",906684.0
"2006-01-01 00:00:00","Hungary","Exports",75255.0
"2006-01-01 00:00:00","Hungary","Imports",78262.0
"2006-01-01 00:00:00","India","Exports",121808.0
"2006-01-01 00:00:00","India","Imports",178410.0
"2006-01-01 00:00:00","Indonesia","Exports",103527.0
"2006-01-01 00:00:00","Indonesia","Imports",80650.0
"2006-01-01 00:00:00","Israel","Exports",46789.0
"2006-01-01 00:00:00","Israel","Imports",50334.0
"2006-01-01 00:00:00","Italy","Exports",416875.0
"2006-01-01 00:00:00","Italy","Imports",442555.0
"2006-01-01 00:00:00","Japan","Exports",646725.0
"2006-01-01 00:00:00","Japan","Imports",579064.0
"2006-01-01 00:00:00","Malaysia","Exports",160749.0
"2006-01-01 00:00:00","Malaysia","Imports",130441.0
"2006-01-01 00:00:00","Mexico","Exports",249961.0
"2006-01-01 00:00:00","Mexico","Imports",263476.0
"2006-01-01 00:00:00","Netherlands","Exports",463629.0
"2006-01-01 00:00:00","Netherlands","Imports",416832.0
"2006-01-01 00:00:00","Norway","Exports",122208.0
"2006-01-01 00:00:00","Norway","Imports",64261.0
"2006-01-01 00:00:00","Peru","Exports",23864.0
"2006-01-01 00:00:00","Peru","Imports",15312.0
"2006-01-01 00:00:00","Philippines","Exports",47410.0
"2006-01-01 00:00:00","Philippines","Imports",54078.0
"2006-01-01 00:00:00","Poland","Exports",110780.0
"2006-01-01 00:00:00","Poland","Imports",126989.0
"2006-01-01 00:00:00","Portugal","Exports",43332.0
"2006-01-01 00:00:00","Portugal","Imports",66673.0
"2006-01-01 00:00:00","South_Korea","Exports",325465.0
"2006-01-01 00:00:00","South_Korea","Imports",309383.0
"2006-01-01 00:00:00","Russia","Exports",303551.0
"2006-01-01 00:00:00","Russia","Imports",164281.0
"2006-01-01 00:00:00","Saudi_Arabia","Exports",211305.0
"2006-01-01 00:00:00","Saudi_Arabia","Imports",69800.0
"2006-01-01 00:00:00","South_Africa","Exports",58175.0
"2006-01-01 00:00:00","South_Africa","Imports",78715.0
"2006-01-01 00:00:00","Spain","Exports",213717.0
"2006-01-01 00:00:00","Spain","Imports",328696.0
"2006-01-01 00:00:00","Sweden","Exports",147793.0
"2006-01-01 00:00:00","Sweden","Imports",127547.0
"2006-01-01 00:00:00","Switzerland","Exports",166455.0
"2006-01-01 00:00:00","Switzerland","Imports",164052.0
"2006-01-01 00:00:00","Thailand","Exports",129722.0
"2006-01-01 00:00:00","Thailand","Imports",128773.0
"2006-01-01 00:00:00","Tunisia","Exports",11694.0
"2006-01-01 00:00:00","Tunisia","Imports",15007.0
"2006-01-01 00:00:00","Turkiye","Exports",85535.0
"2006-01-01 00:00:00","Turkiye","Imports",139576.0
"2006-01-01 00:00:00","Ukraine","Exports",38368.0
"2006-01-01 00:00:00","Ukraine","Imports",45039.0
"2006-01-01 00:00:00","United_Kingdom","Exports",448653.0
"2006-01-01 00:00:00","United_Kingdom","Imports",601424.0
"2006-01-01 00:00:00","United_States","Exports",1025967.0
"2006-01-01 00:00:00","United_States","Imports",1918077.0
"2006-01-01 00:00:00","Venezuela","Exports",65578.0
"2006-01-01 00:00:00","Venezuela","Imports",33616.0
"2006-01-01 00:00:00","Viet_Nam","Exports",39826.0
"2006-01-01 00:00:00","Viet_Nam","Imports",45015.0
"2007-01-01 00:00:00","Argentina","Exports",55779.0
"2007-01-01 00:00:00","Argentina","Imports",44706.0
"2007-01-01 00:00:00","Australia","Exports",141358.0
"2007-01-01 00:00:00","Australia","Imports",165336.0
"2007-01-01 00:00:00","Belgium","Exports",430952.0
"2007-01-01 00:00:00","Belgium","Imports",411558.0
"2007-01-01 00:00:00","Brazil","Exports",159816.0
"2007-01-01 00:00:00","Brazil","Imports",128111.0
"2007-01-01 00:00:00","Canada","Exports",420693.0
"2007-01-01 00:00:00","Canada","Imports",390188.0
"2007-01-01 00:00:00","Chile","Exports",67972.0
"2007-01-01 00:00:00","Chile","Imports",47164.0
"2007-01-01 00:00:00","China","Exports",1220456.0
"2007-01-01 00:00:00","China","Imports",956116.0
"2007-01-01 00:00:00","Hong_Kong","Exports",349386.0
"2007-01-01 00:00:00","Hong_Kong","Imports",370132.0
"2007-01-01 00:00:00","Taiwan","Exports",246677.0
"2007-01-01 00:00:00","Taiwan","Imports",219252.0
"2007-01-01 00:00:00","Colombia","Exports",29991.0
"2007-01-01 00:00:00","Colombia","Imports",32897.0
"2007-01-01 00:00:00","Denmark","Exports",103171.0
"2007-01-01 00:00:00","Denmark","Imports",98027.0
"2007-01-01 00:00:00","Egypt","Exports",19224.0
"2007-01-01 00:00:00","Egypt","Imports",37100.0
"2007-01-01 00:00:00","Finland","Exports",90025.0
"2007-01-01 00:00:00","Finland","Imports",81704.0
"2007-01-01 00:00:00","France","Exports",559612.0
"2007-01-01 00:00:00","France","Imports",630861.0
"2007-01-01 00:00:00","Germany","Exports",1321214.0
"2007-01-01 00:00:00","Germany","Imports",1054983.0
"2007-01-01 00:00:00","Hungary","Exports",95400.0
"2007-01-01 00:00:00","Hungary","Imports",95565.0
"2007-01-01 00:00:00","India","Exports",150159.0
"2007-01-01 00:00:00","India","Imports",229370.0
"2007-01-01 00:00:00","Indonesia","Exports",118013.0
"2007-01-01 00:00:00","Indonesia","Imports",93101.0
"2007-01-01 00:00:00","Israel","Exports",54091.0
"2007-01-01 00:00:00","Israel","Imports",59039.0
"2007-01-01 00:00:00","Italy","Exports",499882.0
"2007-01-01 00:00:00","Italy","Imports",511662.0
"2007-01-01 00:00:00","Japan","Exports",714327.0
"2007-01-01 00:00:00","Japan","Imports",622243.0
"2007-01-01 00:00:00","Malaysia","Exports",175966.0
"2007-01-01 00:00:00","Malaysia","Imports",146170.0
"2007-01-01 00:00:00","Mexico","Exports",271821.0
"2007-01-01 00:00:00","Mexico","Imports",290246.0
"2007-01-01 00:00:00","Netherlands","Exports",550755.0
"2007-01-01 00:00:00","Netherlands","Imports",492616.0
"2007-01-01 00:00:00","Norway","Exports",136354.0
"2007-01-01 00:00:00","Norway","Imports",80297.0
"2007-01-01 00:00:00","Peru","Exports",28218.0
"2007-01-01 00:00:00","Peru","Imports",20368.0
"2007-01-01 00:00:00","Philippines","Exports",50466.0
"2007-01-01 00:00:00","Philippines","Imports",57996.0
"2007-01-01 00:00:00","Poland","Exports",140146.0
"2007-01-01 00:00:00","Poland","Imports",165710.0
"2007-01-01 00:00:00","Portugal","Exports",52503.0
"2007-01-01 00:00:00","Portugal","Imports",82129.0
"2007-01-01 00:00:00","South_Korea","Exports",371489.0
"2007-01-01 00:00:00","South_Korea","Imports",356846.0
"2007-01-01 00:00:00","Russia","Exports",354403.0
"2007-01-01 00:00:00","Russia","Imports",223486.0
"2007-01-01 00:00:00","Saudi_Arabia","Exports",233329.0
"2007-01-01 00:00:00","Saudi_Arabia","Imports",90214.0
"2007-01-01 00:00:00","South_Africa","Exports",69784.0
"2007-01-01 00:00:00","South_Africa","Imports",88450.0
"2007-01-01 00:00:00","Spain","Exports",253297.0
"2007-01-01 00:00:00","Spain","Imports",389301.0
"2007-01-01 00:00:00","Sweden","Exports",168817.0
"2007-01-01 00:00:00","Sweden","Imports",153226.0
"2007-01-01 00:00:00","Switzerland","Exports",196482.0
"2007-01-01 00:00:00","Switzerland","Imports",189181.0
"2007-01-01 00:00:00","Thailand","Exports",153867.0
"2007-01-01 00:00:00","Thailand","Imports",139966.0
"2007-01-01 00:00:00","Tunisia","Exports",15165.0
"2007-01-01 00:00:00","Tunisia","Imports",19099.0
"2007-01-01 00:00:00","Turkiye","Exports",107272.0
"2007-01-01 00:00:00","Turkiye","Imports",170063.0
"2007-01-01 00:00:00","Ukraine","Exports",49296.0
"2007-01-01 00:00:00","Ukraine","Imports",60618.0
"2007-01-01 00:00:00","United_Kingdom","Exports",439091.0
"2007-01-01 00:00:00","United_Kingdom","Imports",622953.0
"2007-01-01 00:00:00","United_States","Exports",1148199.0
"2007-01-01 00:00:00","United_States","Imports",2020403.0
"2007-01-01 00:00:00","Venezuela","Exports",69980.0
"2007-01-01 00:00:00","Venezuela","Imports",46097.0
"2007-01-01 00:00:00","Viet_Nam","Exports",48561.0
"2007-01-01 00:00:00","Viet_Nam","Imports",62682.0
"2008-01-01 00:00:00","Argentina","Exports",70018.0
"2008-01-01 00:00:00","Argentina","Imports",57462.0
"2008-01-01 00:00:00","Australia","Exports",187257.0
"2008-01-01 00:00:00","Australia","Imports",200273.0
"2008-01-01 00:00:00","Belgium","Exports",471840.0
"2008-01-01 00:00:00","Belgium","Imports",466307.0
"2008-01-01 00:00:00","Brazil","Exports",195765.0
"2008-01-01 00:00:00","Brazil","Imports",183921.0
"2008-01-01 00:00:00","Canada","Exports",456471.0
"2008-01-01 00:00:00","Canada","Imports",419011.0
"2008-01-01 00:00:00","Chile","Exports",64510.0
"2008-01-01 00:00:00","Chile","Imports",62787.0
"2008-01-01 00:00:00","China","Exports",1430693.0
"2008-01-01 00:00:00","China","Imports",1132567.0
"2008-01-01 00:00:00","Hong_Kong","Exports",370242.0
"2008-01-01 00:00:00","Hong_Kong","Imports",392962.0
"2008-01-01 00:00:00","Taiwan","Exports",255629.0
"2008-01-01 00:00:00","Taiwan","Imports",240448.0
"2008-01-01 00:00:00","Colombia","Exports",37626.0
"2008-01-01 00:00:00","Colombia","Imports",39669.0
"2008-01-01 00:00:00","Denmark","Exports",116923.0
"2008-01-01 00:00:00","Denmark","Imports",109362.0
"2008-01-01 00:00:00","Egypt","Exports",26224.0
"2008-01-01 00:00:00","Egypt","Imports",48382.0
"2008-01-01 00:00:00","Finland","Exports",96455.0
"2008-01-01 00:00:00","Finland","Imports",91781.0
"2008-01-01 00:00:00","France","Exports",616240.0
"2008-01-01 00:00:00","France","Imports",716795.0
"2008-01-01 00:00:00","Germany","Exports",1446171.0
"2008-01-01 00:00:00","Germany","Imports",1185067.0
"2008-01-01 00:00:00","Hungary","Exports",108504.0
"2008-01-01 00:00:00","Hungary","Imports",108940.0
"2008-01-01 00:00:00","India","Exports",194828.0
"2008-01-01 00:00:00","India","Imports",321032.0
"2008-01-01 00:00:00","Indonesia","Exports",139606.0
"2008-01-01 00:00:00","Indonesia","Imports",127538.0
"2008-01-01 00:00:00","Israel","Exports",61337.0
"2008-01-01 00:00:00","Israel","Imports",67656.0
"2008-01-01 00:00:00","Italy","Exports",542748.0
"2008-01-01 00:00:00","Italy","Imports",561919.0
"2008-01-01 00:00:00","Japan","Exports",781412.0
"2008-01-01 00:00:00","Japan","Imports",762534.0
"2008-01-01 00:00:00","Malaysia","Exports",199414.0
"2008-01-01 00:00:00","Malaysia","Imports",156348.0
"2008-01-01 00:00:00","Mexico","Exports",291265.0
"2008-01-01 00:00:00","Mexico","Imports",318304.0
"2008-01-01 00:00:00","Netherlands","Exports",637918.0
"2008-01-01 00:00:00","Netherlands","Imports",580937.0
"2008-01-01 00:00:00","Norway","Exports",171764.0
"2008-01-01 00:00:00","Norway","Imports",90293.0
"2008-01-01 00:00:00","Peru","Exports",30826.0
"2008-01-01 00:00:00","Peru","Imports",29953.0
"2008-01-01 00:00:00","Philippines","Exports",49078.0
"2008-01-01 00:00:00","Philippines","Imports",60420.0
"2008-01-01 00:00:00","Poland","Exports",170458.0
"2008-01-01 00:00:00","Poland","Imports",208804.0
"2008-01-01 00:00:00","Portugal","Exports",57137.0
"2008-01-01 00:00:00","Portugal","Imports",94416.0
"2008-01-01 00:00:00","South_Korea","Exports",422007.0
"2008-01-01 00:00:00","South_Korea","Imports",435275.0
"2008-01-01 00:00:00","Russia","Exports",471606.0
"2008-01-01 00:00:00","Russia","Imports",291861.0
"2008-01-01 00:00:00","Saudi_Arabia","Exports",313462.0
"2008-01-01 00:00:00","Saudi_Arabia","Imports",115134.0
"2008-01-01 00:00:00","South_Africa","Exports",80782.0
"2008-01-01 00:00:00","South_Africa","Imports",101640.0
"2008-01-01 00:00:00","Spain","Exports",281493.0
"2008-01-01 00:00:00","Spain","Imports",420803.0
"2008-01-01 00:00:00","Sweden","Exports",183327.0
"2008-01-01 00:00:00","Sweden","Imports",168503.0
"2008-01-01 00:00:00","Switzerland","Exports",236386.0
"2008-01-01 00:00:00","Switzerland","Imports",229879.0
"2008-01-01 00:00:00","Thailand","Exports",177778.0
"2008-01-01 00:00:00","Thailand","Imports",179225.0
"2008-01-01 00:00:00","Tunisia","Exports",19320.0
"2008-01-01 00:00:00","Tunisia","Imports",24638.0
"2008-01-01 00:00:00","Turkiye","Exports",132027.0
"2008-01-01 00:00:00","Turkiye","Imports",201964.0
"2008-01-01 00:00:00","Ukraine","Exports",66954.0
"2008-01-01 00:00:00","Ukraine","Imports",85535.0
"2008-01-01 00:00:00","United_Kingdom","Exports",459769.0
"2008-01-01 00:00:00","United_Kingdom","Imports",633363.0
"2008-01-01 00:00:00","United_States","Exports",1287442.0
"2008-01-01 00:00:00","United_States","Imports",2169487.0
"2008-01-01 00:00:00","Venezuela","Exports",95021.0
"2008-01-01 00:00:00","Venezuela","Imports",50450.0
"2008-01-01 00:00:00","Viet_Nam","Exports",62685.0
"2008-01-01 00:00:00","Viet_Nam","Imports",80714.0
"2009-01-01 00:00:00","Argentina","Exports",55672.0
"2009-01-01 00:00:00","Argentina","Imports",38786.0
"2009-01-01 00:00:00","Australia","Exports",154331.0
"2009-01-01 00:00:00","Australia","Imports",165471.0
"2009-01-01 00:00:00","Belgium","Exports",370125.0
"2009-01-01 00:00:00","Belgium","Imports",353364.0
"2009-01-01 00:00:00","Brazil","Exports",151792.0
"2009-01-01 00:00:00","Brazil","Imports",135378.0
"2009-01-01 00:00:00","Canada","Exports",316094.0
"2009-01-01 00:00:00","Canada","Imports",329907.0
"2009-01-01 00:00:00","Chile","Exports",55463.0
"2009-01-01 00:00:00","Chile","Imports",42806.0
"2009-01-01 00:00:00","China","Exports",1201612.0
"2009-01-01 00:00:00","China","Imports",1005923.0
"2009-01-01 00:00:00","Hong_Kong","Exports",329422.0
"2009-01-01 00:00:00","Hong_Kong","Imports",352241.0
"2009-01-01 00:00:00","Taiwan","Exports",203675.0
"2009-01-01 00:00:00","Taiwan","Imports",174371.0
"2009-01-01 00:00:00","Colombia","Exports",32853.0
"2009-01-01 00:00:00","Colombia","Imports",32898.0
"2009-01-01 00:00:00","Denmark","Exports",93984.0
"2009-01-01 00:00:00","Denmark","Imports",83133.0
"2009-01-01 00:00:00","Egypt","Exports",23062.0
"2009-01-01 00:00:00","Egypt","Imports",44946.0
"2009-01-01 00:00:00","Finland","Exports",62854.0
"2009-01-01 00:00:00","Finland","Imports",60889.0
"2009-01-01 00:00:00","France","Exports",484781.0
"2009-01-01 00:00:00","France","Imports",560873.0
"2009-01-01 00:00:00","Germany","Exports",1120041.0
"2009-01-01 00:00:00","Germany","Imports",926347.0
"2009-01-01 00:00:00","Hungary","Exports",83008.0
"2009-01-01 00:00:00","Hungary","Imports",77761.0
"2009-01-01 00:00:00","India","Exports",164909.0
"2009-01-01 00:00:00","India","Imports",257202.0
"2009-01-01 00:00:00","Indonesia","Exports",119646.0
"2009-01-01 00:00:00","Indonesia","Imports",93786.0
"2009-01-01 00:00:00","Israel","Exports",47935.0
"2009-01-01 00:00:00","Israel","Imports",49278.0
"2009-01-01 00:00:00","Italy","Exports",406909.0
"2009-01-01 00:00:00","Italy","Imports",415105.0
"2009-01-01 00:00:00","Japan","Exports",580719.0
"2009-01-01 00:00:00","Japan","Imports",551981.0
"2009-01-01 00:00:00","Malaysia","Exports",157244.0
"2009-01-01 00:00:00","Malaysia","Imports",123757.0
"2009-01-01 00:00:00","Mexico","Exports",229712.0
"2009-01-01 00:00:00","Mexico","Imports",241515.0
"2009-01-01 00:00:00","Netherlands","Exports",497891.0
"2009-01-01 00:00:00","Netherlands","Imports",443153.0
"2009-01-01 00:00:00","Norway","Exports",116778.0
"2009-01-01 00:00:00","Norway","Imports",68970.0
"2009-01-01 00:00:00","Peru","Exports",27327.0
"2009-01-01 00:00:00","Peru","Imports",21814.0
"2009-01-01 00:00:00","Philippines","Exports",38436.0
"2009-01-01 00:00:00","Philippines","Imports",45878.0
"2009-01-01 00:00:00","Poland","Exports",136503.0
"2009-01-01 00:00:00","Poland","Imports",149459.0
"2009-01-01 00:00:00","Portugal","Exports",44211.0
"2009-01-01 00:00:00","Portugal","Imports",71663.0
"2009-01-01 00:00:00","South_Korea","Exports",363534.0
"2009-01-01 00:00:00","South_Korea","Imports",323085.0
"2009-01-01 00:00:00","Russia","Exports",303388.0
"2009-01-01 00:00:00","Russia","Imports",191803.0
"2009-01-01 00:00:00","Saudi_Arabia","Exports",192314.0
"2009-01-01 00:00:00","Saudi_Arabia","Imports",95552.0
"2009-01-01 00:00:00","South_Africa","Exports",61677.0
"2009-01-01 00:00:00","South_Africa","Imports",74054.0
"2009-01-01 00:00:00","Spain","Exports",227338.0
"2009-01-01 00:00:00","Spain","Imports",293218.0
"2009-01-01 00:00:00","Sweden","Exports",130781.0
"2009-01-01 00:00:00","Sweden","Imports",119876.0
"2009-01-01 00:00:00","Switzerland","Exports",204305.0
"2009-01-01 00:00:00","Switzerland","Imports",207696.0
"2009-01-01 00:00:00","Thailand","Exports",152422.0
"2009-01-01 00:00:00","Thailand","Imports",133709.0
"2009-01-01 00:00:00","Tunisia","Exports",14445.0
"2009-01-01 00:00:00","Tunisia","Imports",19096.0
"2009-01-01 00:00:00","Turkiye","Exports",102143.0
"2009-01-01 00:00:00","Turkiye","Imports",140928.0
"2009-01-01 00:00:00","Ukraine","Exports",39782.0
"2009-01-01 00:00:00","Ukraine","Imports",45487.0
"2009-01-01 00:00:00","United_Kingdom","Exports",354893.0
"2009-01-01 00:00:00","United_Kingdom","Imports",519078.0
"2009-01-01 00:00:00","United_States","Exports",1056043.0
"2009-01-01 00:00:00","United_States","Imports",1605296.0
"2009-01-01 00:00:00","Venezuela","Exports",57603.0
"2009-01-01 00:00:00","Venezuela","Imports",41540.0
"2009-01-01 00:00:00","Viet_Nam","Exports",57096.0
"2009-01-01 00:00:00","Viet_Nam","Imports",69949.0
"2010-01-01 00:00:00","Argentina","Exports",68187.0
"2010-01-01 00:00:00","Argentina","Imports",56793.0
"2010-01-01 00:00:00","Australia","Exports",212634.0
"2010-01-01 00:00:00","Australia","Imports",201639.0
"2010-01-01 00:00:00","Belgium","Exports",407692.0
"2010-01-01 00:00:00","Belgium","Imports",391177.0
"2010-01-01 00:00:00","Brazil","Exports",200434.0
"2010-01-01 00:00:00","Brazil","Imports",193184.0
"2010-01-01 00:00:00","Canada","Exports",387481.0
"2010-01-01 00:00:00","Canada","Imports",402690.0
"2010-01-01 00:00:00","Chile","Exports",71109.0
"2010-01-01 00:00:00","Chile","Imports",59207.0
"2010-01-01 00:00:00","China","Exports",1577754.0
"2010-01-01 00:00:00","China","Imports",1396247.0
"2010-01-01 00:00:00","Hong_Kong","Exports",400692.0
"2010-01-01 00:00:00","Hong_Kong","Imports",441369.0
"2010-01-01 00:00:00","Taiwan","Exports",274601.0
"2010-01-01 00:00:00","Taiwan","Imports",251236.0
"2010-01-01 00:00:00","Colombia","Exports",39713.0
"2010-01-01 00:00:00","Colombia","Imports",40486.0
"2010-01-01 00:00:00","Denmark","Exports",96440.0
"2010-01-01 00:00:00","Denmark","Imports",83052.0
"2010-01-01 00:00:00","Egypt","Exports",26438.0
"2010-01-01 00:00:00","Egypt","Imports",52923.0
"2010-01-01 00:00:00","Finland","Exports",69518.0
"2010-01-01 00:00:00","Finland","Imports",68803.0
"2010-01-01 00:00:00","France","Exports",523767.0
"2010-01-01 00:00:00","France","Imports",611070.0
"2010-01-01 00:00:00","Germany","Exports",1258924.0
"2010-01-01 00:00:00","Germany","Imports",1054814.0
"2010-01-01 00:00:00","Hungary","Exports",95483.0
"2010-01-01 00:00:00","Hungary","Imports",88178.0
"2010-01-01 00:00:00","India","Exports",226351.0
"2010-01-01 00:00:00","India","Imports",350233.0
"2010-01-01 00:00:00","Indonesia","Exports",158074.0
"2010-01-01 00:00:00","Indonesia","Imports",135323.0
"2010-01-01 00:00:00","Israel","Exports",58413.0
"2010-01-01 00:00:00","Israel","Imports",61209.0
"2010-01-01 00:00:00","Italy","Exports",447301.0
"2010-01-01 00:00:00","Italy","Imports",487049.0
"2010-01-01 00:00:00","Japan","Exports",769774.0
"2010-01-01 00:00:00","Japan","Imports",694059.0
"2010-01-01 00:00:00","Malaysia","Exports",198612.0
"2010-01-01 00:00:00","Malaysia","Imports",164622.0
"2010-01-01 00:00:00","Mexico","Exports",298305.0
"2010-01-01 00:00:00","Mexico","Imports",310205.0
"2010-01-01 00:00:00","Netherlands","Exports",574251.0
"2010-01-01 00:00:00","Netherlands","Imports",516409.0
"2010-01-01 00:00:00","Norway","Exports",130657.0
"2010-01-01 00:00:00","Norway","Imports",77330.0
"2010-01-01 00:00:00","Peru","Exports",35993.0
"2010-01-01 00:00:00","Peru","Imports",30030.0
"2010-01-01 00:00:00","Philippines","Exports",51498.0
"2010-01-01 00:00:00","Philippines","Imports",58468.0
"2010-01-01 00:00:00","Poland","Exports",159724.0
"2010-01-01 00:00:00","Poland","Imports",178049.0
"2010-01-01 00:00:00","Portugal","Exports",49406.0
"2010-01-01 00:00:00","Portugal","Imports",77749.0
"2010-01-01 00:00:00","South_Korea","Exports",466384.0
"2010-01-01 00:00:00","South_Korea","Imports",425212.0
"2010-01-01 00:00:00","Russia","Exports",400630.0
"2010-01-01 00:00:00","Russia","Imports",248634.0
"2010-01-01 00:00:00","Saudi_Arabia","Exports",251143.0
"2010-01-01 00:00:00","Saudi_Arabia","Imports",106863.0
"2010-01-01 00:00:00","South_Africa","Exports",91347.0
"2010-01-01 00:00:00","South_Africa","Imports",96835.0
"2010-01-01 00:00:00","Spain","Exports",254418.0
"2010-01-01 00:00:00","Spain","Imports",327016.0
"2010-01-01 00:00:00","Sweden","Exports",158549.0
"2010-01-01 00:00:00","Sweden","Imports",148946.0
"2010-01-01 00:00:00","Switzerland","Exports",195609.0
"2010-01-01 00:00:00","Switzerland","Imports",176281.0
"2010-01-01 00:00:00","Thailand","Exports",193306.0
"2010-01-01 00:00:00","Thailand","Imports",182921.0
"2010-01-01 00:00:00","Tunisia","Exports",16427.0
"2010-01-01 00:00:00","Tunisia","Imports",22215.0
"2010-01-01 00:00:00","Turkiye","Exports",113883.0
"2010-01-01 00:00:00","Turkiye","Imports",185544.0
"2010-01-01 00:00:00","Ukraine","Exports",51478.0
"2010-01-01 00:00:00","Ukraine","Imports",60911.0
"2010-01-01 00:00:00","United_Kingdom","Exports",415959.0
"2010-01-01 00:00:00","United_Kingdom","Imports",591095.0
"2010-01-01 00:00:00","United_States","Exports",1278495.0
"2010-01-01 00:00:00","United_States","Imports",1969184.0
"2010-01-01 00:00:00","Venezuela","Exports",65745.0
"2010-01-01 00:00:00","Venezuela","Imports",39000.0
"2010-01-01 00:00:00","Viet_Nam","Exports",72237.0
"2010-01-01 00:00:00","Viet_Nam","Imports",84839.0
"2011-01-01 00:00:00","Argentina","Exports",84051.0
"2011-01-01 00:00:00","Argentina","Imports",74319.0
"2011-01-01 00:00:00","Australia","Exports",271733.0
"2011-01-01 00:00:00","Australia","Imports",243701.0
"2011-01-01 00:00:00","Belgium","Exports",475672.0
"2011-01-01 00:00:00","Belgium","Imports",466943.0
"2011-01-01 00:00:00","Brazil","Exports",253666.0
"2011-01-01 00:00:00","Brazil","Imports",238706.0
"2011-01-01 00:00:00","Canada","Exports",451335.0
"2011-01-01 00:00:00","Canada","Imports",463640.0
"2011-01-01 00:00:00","Chile","Exports",81438.0
"2011-01-01 00:00:00","Chile","Imports",74695.0
"2011-01-01 00:00:00","China","Exports",1898381.0
"2011-01-01 00:00:00","China","Imports",1743484.0
"2011-01-01 00:00:00","Hong_Kong","Exports",455573.0
"2011-01-01 00:00:00","Hong_Kong","Imports",510855.0
"2011-01-01 00:00:00","Taiwan","Exports",308257.0
"2011-01-01 00:00:00","Taiwan","Imports",281438.0
"2011-01-01 00:00:00","Colombia","Exports",56915.0
"2011-01-01 00:00:00","Colombia","Imports",54233.0
"2011-01-01 00:00:00","Denmark","Exports",111864.0
"2011-01-01 00:00:00","Denmark","Imports",95663.0
"2011-01-01 00:00:00","Egypt","Exports",30528.0
"2011-01-01 00:00:00","Egypt","Imports",58903.0
"2011-01-01 00:00:00","Finland","Exports",79142.0
"2011-01-01 00:00:00","Finland","Imports",84264.0
"2011-01-01 00:00:00","France","Exports",596473.0
"2011-01-01 00:00:00","France","Imports",720028.0
"2011-01-01 00:00:00","Germany","Exports",1473985.0
"2011-01-01 00:00:00","Germany","Imports",1254869.0
"2011-01-01 00:00:00","Hungary","Exports",112312.0
"2011-01-01 00:00:00","Hungary","Imports",102440.0
"2011-01-01 00:00:00","India","Exports",302905.0
"2011-01-01 00:00:00","India","Imports",464462.0
"2011-01-01 00:00:00","Indonesia","Exports",203497.0
"2011-01-01 00:00:00","Indonesia","Imports",177436.0
"2011-01-01 00:00:00","Israel","Exports",67796.0
"2011-01-01 00:00:00","Israel","Imports",75830.0
"2011-01-01 00:00:00","Italy","Exports",523258.0
"2011-01-01 00:00:00","Italy","Imports",558787.0
"2011-01-01 00:00:00","Japan","Exports",823184.0
"2011-01-01 00:00:00","Japan","Imports",855380.0
"2011-01-01 00:00:00","Malaysia","Exports",228086.0
"2011-01-01 00:00:00","Malaysia","Imports",187473.0
"2011-01-01 00:00:00","Mexico","Exports",349569.0
"2011-01-01 00:00:00","Mexico","Imports",361068.0
"2011-01-01 00:00:00","Netherlands","Exports",667101.0
"2011-01-01 00:00:00","Netherlands","Imports",594366.0
"2011-01-01 00:00:00","Norway","Exports",160410.0
"2011-01-01 00:00:00","Norway","Imports",90784.0
"2011-01-01 00:00:00","Peru","Exports",46849.0
"2011-01-01 00:00:00","Peru","Imports",37747.0
"2011-01-01 00:00:00","Philippines","Exports",48305.0
"2011-01-01 00:00:00","Philippines","Imports",64097.0
"2011-01-01 00:00:00","Poland","Exports",188696.0
"2011-01-01 00:00:00","Poland","Imports",210597.0
"2011-01-01 00:00:00","Portugal","Exports",59617.0
"2011-01-01 00:00:00","Portugal","Imports",82896.0
"2011-01-01 00:00:00","South_Korea","Exports",555214.0
"2011-01-01 00:00:00","South_Korea","Imports",524413.0
"2011-01-01 00:00:00","Russia","Exports",522011.0
"2011-01-01 00:00:00","Russia","Imports",323831.0
"2011-01-01 00:00:00","Saudi_Arabia","Exports",364699.0
"2011-01-01 00:00:00","Saudi_Arabia","Imports",131586.0
"2011-01-01 00:00:00","South_Africa","Exports",108815.0
"2011-01-01 00:00:00","South_Africa","Imports",124430.0
"2011-01-01 00:00:00","Spain","Exports",306551.0
"2011-01-01 00:00:00","Spain","Imports",376606.0
"2011-01-01 00:00:00","Sweden","Exports",186963.0
"2011-01-01 00:00:00","Sweden","Imports",177026.0
"2011-01-01 00:00:00","Switzerland","Exports",234819.0
"2011-01-01 00:00:00","Switzerland","Imports",208220.0
"2011-01-01 00:00:00","Thailand","Exports",222576.0
"2011-01-01 00:00:00","Thailand","Imports",228787.0
"2011-01-01 00:00:00","Tunisia","Exports",17847.0
"2011-01-01 00:00:00","Tunisia","Imports",23952.0
"2011-01-01 00:00:00","Turkiye","Exports",134907.0
"2011-01-01 00:00:00","Turkiye","Imports",240842.0
"2011-01-01 00:00:00","Ukraine","Exports",68460.0
"2011-01-01 00:00:00","Ukraine","Imports",82594.0
"2011-01-01 00:00:00","United_Kingdom","Exports",506570.0
"2011-01-01 00:00:00","United_Kingdom","Imports",676896.0
"2011-01-01 00:00:00","United_States","Exports",1482508.0
"2011-01-01 00:00:00","United_States","Imports",2266024.0
"2011-01-01 00:00:00","Venezuela","Exports",92811.0
"2011-01-01 00:00:00","Venezuela","Imports",48000.0
"2011-01-01 00:00:00","Viet_Nam","Exports",96906.0
"2011-01-01 00:00:00","Viet_Nam","Imports",106750.0
"2012-01-01 00:00:00","Argentina","Exports",79982.0
"2012-01-01 00:00:00","Argentina","Imports",67974.0
"2012-01-01 00:00:00","Australia","Exports",256675.0
"2012-01-01 00:00:00","Australia","Imports",260940.0
"2012-01-01 00:00:00","Belgium","Exports",445939.0
"2012-01-01 00:00:00","Belgium","Imports",439128.0
"2012-01-01 00:00:00","Brazil","Exports",239953.0
"2012-01-01 00:00:00","Brazil","Imports",235404.0
"2012-01-01 00:00:00","Canada","Exports",455592.0
"2012-01-01 00:00:00","Canada","Imports",476296.0
"2012-01-01 00:00:00","Chile","Exports",77791.0
"2012-01-01 00:00:00","Chile","Imports",80073.0
"2012-01-01 00:00:00","China","Exports",2048714.0
"2012-01-01 00:00:00","China","Imports",1818405.0
"2012-01-01 00:00:00","Hong_Kong","Exports",492907.0
"2012-01-01 00:00:00","Hong_Kong","Imports",553486.0
"2012-01-01 00:00:00","Taiwan","Exports",306409.0
"2012-01-01 00:00:00","Taiwan","Imports",277324.0
"2012-01-01 00:00:00","Colombia","Exports",60125.0
"2012-01-01 00:00:00","Colombia","Imports",59048.0
"2012-01-01 00:00:00","Denmark","Exports",105469.0
"2012-01-01 00:00:00","Denmark","Imports",91925.0
"2012-01-01 00:00:00","Egypt","Exports",29409.0
"2012-01-01 00:00:00","Egypt","Imports",69200.0
"2012-01-01 00:00:00","Finland","Exports",73077.0
"2012-01-01 00:00:00","Finland","Imports",76468.0
"2012-01-01 00:00:00","France","Exports",568708.0
"2012-01-01 00:00:00","France","Imports",674415.0
"2012-01-01 00:00:00","Germany","Exports",1401113.0
"2012-01-01 00:00:00","Germany","Imports",1154852.0
"2012-01-01 00:00:00","Hungary","Exports",103570.0
"2012-01-01 00:00:00","Hungary","Imports",95176.0
"2012-01-01 00:00:00","India","Exports",296828.0
"2012-01-01 00:00:00","India","Imports",489694.0
"2012-01-01 00:00:00","Indonesia","Exports",190032.0
"2012-01-01 00:00:00","Indonesia","Imports",191691.0
"2012-01-01 00:00:00","Israel","Exports",63141.0
"2012-01-01 00:00:00","Israel","Imports",75392.0
"2012-01-01 00:00:00","Italy","Exports",501306.0
"2012-01-01 00:00:00","Italy","Imports",488600.0
"2012-01-01 00:00:00","Japan","Exports",798568.0
"2012-01-01 00:00:00","Japan","Imports",885843.0
"2012-01-01 00:00:00","Malaysia","Exports",227538.0
"2012-01-01 00:00:00","Malaysia","Imports",196393.0
"2012-01-01 00:00:00","Mexico","Exports",370770.0
"2012-01-01 00:00:00","Mexico","Imports",380477.0
"2012-01-01 00:00:00","Netherlands","Exports",655374.0
"2012-01-01 00:00:00","Netherlands","Imports",586927.0
"2012-01-01 00:00:00","Norway","Exports",160953.0
"2012-01-01 00:00:00","Norway","Imports",87308.0
"2012-01-01 00:00:00","Peru","Exports",45907.0
"2012-01-01 00:00:00","Peru","Imports",42545.0
"2012-01-01 00:00:00","Philippines","Exports",52100.0
"2012-01-01 00:00:00","Philippines","Imports",65839.0
"2012-01-01 00:00:00","Poland","Exports",185374.0
"2012-01-01 00:00:00","Poland","Imports",199060.0
"2012-01-01 00:00:00","Portugal","Exports",58090.0
"2012-01-01 00:00:00","Portugal","Imports",72429.0
"2012-01-01 00:00:00","South_Korea","Exports",547870.0
"2012-01-01 00:00:00","South_Korea","Imports",519585.0
"2012-01-01 00:00:00","Russia","Exports",529256.0
"2012-01-01 00:00:00","Russia","Imports",335446.0
"2012-01-01 00:00:00","Saudi_Arabia","Exports",388401.0
"2012-01-01 00:00:00","Saudi_Arabia","Imports",155593.0
"2012-01-01 00:00:00","South_Africa","Exports",99606.0
"2012-01-01 00:00:00","South_Africa","Imports",127154.0
"2012-01-01 00:00:00","Spain","Exports",295250.0
"2012-01-01 00:00:00","Spain","Imports",337338.0
"2012-01-01 00:00:00","Sweden","Exports",172345.0
"2012-01-01 00:00:00","Sweden","Imports",164436.0
"2012-01-01 00:00:00","Switzerland","Exports",312464.0
"2012-01-01 00:00:00","Switzerland","Imports",295961.0
"2012-01-01 00:00:00","Thailand","Exports",229106.0
"2012-01-01 00:00:00","Thailand","Imports",249115.0
"2012-01-01 00:00:00","Tunisia","Exports",17007.0
"2012-01-01 00:00:00","Tunisia","Imports",24471.0
"2012-01-01 00:00:00","Turkiye","Exports",152462.0
"2012-01-01 00:00:00","Turkiye","Imports",236545.0
"2012-01-01 00:00:00","Ukraine","Exports",68530.0
"2012-01-01 00:00:00","Ukraine","Imports",84639.0
"2012-01-01 00:00:00","United_Kingdom","Exports",472792.0
"2012-01-01 00:00:00","United_Kingdom","Imports",695220.0
"2012-01-01 00:00:00","United_States","Exports",1545703.0
"2012-01-01 00:00:00","United_States","Imports",2336524.0
"2012-01-01 00:00:00","Venezuela","Exports",97340.0
"2012-01-01 00:00:00","Venezuela","Imports",51331.0
"2012-01-01 00:00:00","Viet_Nam","Exports",114529.0
"2012-01-01 00:00:00","Viet_Nam","Imports",113780.0
"2013-01-01 00:00:00","Argentina","Exports",75963.0
"2013-01-01 00:00:00","Argentina","Imports",74442.0
"2013-01-01 00:00:00","Australia","Exports",252981.0
"2013-01-01 00:00:00","Australia","Imports",242140.0
"2013-01-01 00:00:00","Belgium","Exports",468628.0
"2013-01-01 00:00:00","Belgium","Imports",451584.0
"2013-01-01 00:00:00","Brazil","Exports",232544.0
"2013-01-01 00:00:00","Brazil","Imports",252282.0
"2013-01-01 00:00:00","Canada","Exports",458318.0
"2013-01-01 00:00:00","Canada","Imports",475777.0
"2013-01-01 00:00:00","Chile","Exports",76770.0
"2013-01-01 00:00:00","Chile","Imports",79353.0
"2013-01-01 00:00:00","China","Exports",2209005.0
"2013-01-01 00:00:00","China","Imports",1949990.0
"2013-01-01 00:00:00","Hong_Kong","Exports",535546.0
"2013-01-01 00:00:00","Hong_Kong","Imports",622277.0
"2013-01-01 00:00:00","Taiwan","Exports",311428.0
"2013-01-01 00:00:00","Taiwan","Imports",278010.0
"2013-01-01 00:00:00","Colombia","Exports",58823.0
"2013-01-01 00:00:00","Colombia","Imports",59397.0
"2013-01-01 00:00:00","Denmark","Exports",110949.0
"2013-01-01 00:00:00","Denmark","Imports",97366.0
"2013-01-01 00:00:00","Egypt","Exports",29018.0
"2013-01-01 00:00:00","Egypt","Imports",66180.0
"2013-01-01 00:00:00","Finland","Exports",74447.0
"2013-01-01 00:00:00","Finland","Imports",77589.0
"2013-01-01 00:00:00","France","Exports",580846.0
"2013-01-01 00:00:00","France","Imports",681412.0
"2013-01-01 00:00:00","Germany","Exports",1444927.0
"2013-01-01 00:00:00","Germany","Imports",1181126.0
"2013-01-01 00:00:00","Hungary","Exports",107503.0
"2013-01-01 00:00:00","Hungary","Imports",100120.0
"2013-01-01 00:00:00","India","Exports",314848.0
"2013-01-01 00:00:00","India","Imports",465397.0
"2013-01-01 00:00:00","Indonesia","Exports",182552.0
"2013-01-01 00:00:00","Indonesia","Imports",186629.0
"2013-01-01 00:00:00","Israel","Exports",66607.0
"2013-01-01 00:00:00","Israel","Imports",74861.0
"2013-01-01 00:00:00","Italy","Exports",518112.0
"2013-01-01 00:00:00","Italy","Imports",479344.0
"2013-01-01 00:00:00","Japan","Exports",714613.0
"2013-01-01 00:00:00","Japan","Imports",832342.0
"2013-01-01 00:00:00","Malaysia","Exports",228331.0
"2013-01-01 00:00:00","Malaysia","Imports",205897.0
"2013-01-01 00:00:00","Mexico","Exports",380015.0
"2013-01-01 00:00:00","Mexico","Imports",390965.0
"2013-01-01 00:00:00","Netherlands","Exports",671582.0
"2013-01-01 00:00:00","Netherlands","Imports",589762.0
"2013-01-01 00:00:00","Norway","Exports",156022.0
"2013-01-01 00:00:00","Norway","Imports",89808.0
"2013-01-01 00:00:00","Peru","Exports",42576.0
"2013-01-01 00:00:00","Peru","Imports",43670.0
"2013-01-01 00:00:00","Philippines","Exports",56698.0
"2013-01-01 00:00:00","Philippines","Imports",65739.0
"2013-01-01 00:00:00","Poland","Exports",205032.0
"2013-01-01 00:00:00","Poland","Imports",207665.0
"2013-01-01 00:00:00","Portugal","Exports",62798.0
"2013-01-01 00:00:00","Portugal","Imports",75728.0
"2013-01-01 00:00:00","South_Korea","Exports",559632.0
"2013-01-01 00:00:00","South_Korea","Imports",515586.0
"2013-01-01 00:00:00","Russia","Exports",521836.0
"2013-01-01 00:00:00","Russia","Imports",341269.0
"2013-01-01 00:00:00","Saudi_Arabia","Exports",375872.0
"2013-01-01 00:00:00","Saudi_Arabia","Imports",168155.0
"2013-01-01 00:00:00","South_Africa","Exports",96153.0
"2013-01-01 00:00:00","South_Africa","Imports",126330.0
"2013-01-01 00:00:00","Spain","Exports",317697.0
"2013-01-01 00:00:00","Spain","Imports",340620.0
"2013-01-01 00:00:00","Sweden","Exports",167510.0
"2013-01-01 00:00:00","Sweden","Imports",160617.0
"2013-01-01 00:00:00","Switzerland","Exports",357852.0
"2013-01-01 00:00:00","Switzerland","Imports",321509.0
"2013-01-01 00:00:00","Thailand","Exports",228505.0
"2013-01-01 00:00:00","Thailand","Imports",250407.0
"2013-01-01 00:00:00","Tunisia","Exports",17061.0
"2013-01-01 00:00:00","Tunisia","Imports",24266.0
"2013-01-01 00:00:00","Turkiye","Exports",151803.0
"2013-01-01 00:00:00","Turkiye","Imports",251661.0
"2013-01-01 00:00:00","Ukraine","Exports",64338.0
"2013-01-01 00:00:00","Ukraine","Imports",76787.0
"2013-01-01 00:00:00","United_Kingdom","Exports",539994.0
"2013-01-01 00:00:00","United_Kingdom","Imports",660114.0
"2013-01-01 00:00:00","United_States","Exports",1579593.0
"2013-01-01 00:00:00","United_States","Imports",2329060.0
"2013-01-01 00:00:00","Venezuela","Exports",88753.0
"2013-01-01 00:00:00","Venezuela","Imports",48349.0
"2013-01-01 00:00:00","Viet_Nam","Exports",132033.0
"2013-01-01 00:00:00","Viet_Nam","Imports",132033.0
"2014-01-01 00:00:00","Argentina","Exports",68405.0
"2014-01-01 00:00:00","Argentina","Imports",65735.0
"2014-01-01 00:00:00","Australia","Exports",239975.0
"2014-01-01 00:00:00","Australia","Imports",237352.0
"2014-01-01 00:00:00","Belgium","Exports",472192.0
"2014-01-01 00:00:00","Belgium","Imports",453700.0
"2014-01-01 00:00:00","Brazil","Exports",220923.0
"2014-01-01 00:00:00","Brazil","Imports",240763.0
"2014-01-01 00:00:00","Canada","Exports",476300.0
"2014-01-01 00:00:00","Canada","Imports",475319.0
"2014-01-01 00:00:00","Chile","Exports",75065.0
"2014-01-01 00:00:00","Chile","Imports",72852.0
"2014-01-01 00:00:00","China","Exports",2342293.0
"2014-01-01 00:00:00","China","Imports",1959233.0
"2014-01-01 00:00:00","Hong_Kong","Exports",524130.0
"2014-01-01 00:00:00","Hong_Kong","Imports",600765.0
"2014-01-01 00:00:00","Taiwan","Exports",320092.0
"2014-01-01 00:00:00","Taiwan","Imports",281850.0
"2014-01-01 00:00:00","Colombia","Exports",54857.0
"2014-01-01 00:00:00","Colombia","Imports",64029.0
"2014-01-01 00:00:00","Denmark","Exports",111493.0
"2014-01-01 00:00:00","Denmark","Imports",99572.0
"2014-01-01 00:00:00","Egypt","Exports",26853.0
"2014-01-01 00:00:00","Egypt","Imports",66786.0
"2014-01-01 00:00:00","Finland","Exports",74333.0
"2014-01-01 00:00:00","Finland","Imports",76765.0
"2014-01-01 00:00:00","France","Exports",581393.0
"2014-01-01 00:00:00","France","Imports",676617.0
"2014-01-01 00:00:00","Germany","Exports",1494214.0
"2014-01-01 00:00:00","Germany","Imports",1207193.0
"2014-01-01 00:00:00","Hungary","Exports",110622.0
"2014-01-01 00:00:00","Hungary","Imports",104897.0
"2014-01-01 00:00:00","India","Exports",322694.0
"2014-01-01 00:00:00","India","Imports",462910.0
"2014-01-01 00:00:00","Indonesia","Exports",176293.0
"2014-01-01 00:00:00","Indonesia","Imports",178179.0
"2014-01-01 00:00:00","Israel","Exports",68507.0
"2014-01-01 00:00:00","Israel","Imports",71480.0
"2014-01-01 00:00:00","Italy","Exports",529797.0
"2014-01-01 00:00:00","Italy","Imports",474394.0
"2014-01-01 00:00:00","Japan","Exports",690203.0
"2014-01-01 00:00:00","Japan","Imports",812208.0
"2014-01-01 00:00:00","Malaysia","Exports",233927.0
"2014-01-01 00:00:00","Malaysia","Imports",208851.0
"2014-01-01 00:00:00","Mexico","Exports",396912.0
"2014-01-01 00:00:00","Mexico","Imports",411581.0
"2014-01-01 00:00:00","Netherlands","Exports",672410.0
"2014-01-01 00:00:00","Netherlands","Imports",589570.0
"2014-01-01 00:00:00","Norway","Exports",144677.0
"2014-01-01 00:00:00","Norway","Imports",89460.0
"2014-01-01 00:00:00","Peru","Exports",38612.0
"2014-01-01 00:00:00","Peru","Imports",42346.0
"2014-01-01 00:00:00","Philippines","Exports",62102.0
"2014-01-01 00:00:00","Philippines","Imports",68704.0
"2014-01-01 00:00:00","Poland","Exports",220052.0
"2014-01-01 00:00:00","Poland","Imports",223556.0
"2014-01-01 00:00:00","Portugal","Exports",63832.0
"2014-01-01 00:00:00","Portugal","Imports",78389.0
"2014-01-01 00:00:00","South_Korea","Exports",573091.0
"2014-01-01 00:00:00","South_Korea","Imports",525564.0
"2014-01-01 00:00:00","Russia","Exports",496807.0
"2014-01-01 00:00:00","Russia","Imports",307877.0
"2014-01-01 00:00:00","Saudi_Arabia","Exports",342433.0
"2014-01-01 00:00:00","Saudi_Arabia","Imports",173834.0
"2014-01-01 00:00:00","South_Africa","Exports",93043.0
"2014-01-01 00:00:00","South_Africa","Imports",121950.0
"2014-01-01 00:00:00","Spain","Exports",324533.0
"2014-01-01 00:00:00","Spain","Imports",358860.0
"2014-01-01 00:00:00","Sweden","Exports",164645.0
"2014-01-01 00:00:00","Sweden","Imports",162211.0
"2014-01-01 00:00:00","Switzerland","Exports",311204.0
"2014-01-01 00:00:00","Switzerland","Imports",275741.0
"2014-01-01 00:00:00","Thailand","Exports",227462.0
"2014-01-01 00:00:00","Thailand","Imports",227749.0
"2014-01-01 00:00:00","Tunisia","Exports",16756.0
"2014-01-01 00:00:00","Tunisia","Imports",24828.0
"2014-01-01 00:00:00","Turkiye","Exports",166505.0
"2014-01-01 00:00:00","Turkiye","Imports",251142.0
"2014-01-01 00:00:00","Ukraine","Exports",53901.0
"2014-01-01 00:00:00","Ukraine","Imports",54430.0
"2014-01-01 00:00:00","United_Kingdom","Exports",510789.0
"2014-01-01 00:00:00","United_Kingdom","Imports",694126.0
"2014-01-01 00:00:00","United_States","Exports",1620532.0
"2014-01-01 00:00:00","United_States","Imports",2412547.0
"2014-01-01 00:00:00","Venezuela","Exports",74714.0
"2014-01-01 00:00:00","Venezuela","Imports",43169.0
"2014-01-01 00:00:00","Viet_Nam","Exports",150217.0
"2014-01-01 00:00:00","Viet_Nam","Imports",147849.0
"2015-01-01 00:00:00","Argentina","Exports",56784.0
"2015-01-01 00:00:00","Argentina","Imports",60205.0
"2015-01-01 00:00:00","Australia","Exports",187684.0
"2015-01-01 00:00:00","Australia","Imports",208501.0
"2015-01-01 00:00:00","Belgium","Exports",396841.0
"2015-01-01 00:00:00","Belgium","Imports",375530.0
"2015-01-01 00:00:00","Brazil","Exports",186782.0
"2015-01-01 00:00:00","Brazil","Imports",180460.0
"2015-01-01 00:00:00","Canada","Exports",410062.0
"2015-01-01 00:00:00","Canada","Imports",430124.0
"2015-01-01 00:00:00","Chile","Exports",62035.0
"2015-01-01 00:00:00","Chile","Imports",62388.0
"2015-01-01 00:00:00","China","Exports",2273468.0
"2015-01-01 00:00:00","China","Imports",1679566.0
"2015-01-01 00:00:00","Hong_Kong","Exports",510486.0
"2015-01-01 00:00:00","Hong_Kong","Imports",558770.0
"2015-01-01 00:00:00","Taiwan","Exports",285344.0
"2015-01-01 00:00:00","Taiwan","Imports",237219.0
"2015-01-01 00:00:00","Colombia","Exports",35691.0
"2015-01-01 00:00:00","Colombia","Imports",54058.0
"2015-01-01 00:00:00","Denmark","Exports",95457.0
"2015-01-01 00:00:00","Denmark","Imports",85623.0
"2015-01-01 00:00:00","Egypt","Exports",21349.0
"2015-01-01 00:00:00","Egypt","Imports",63574.0
"2015-01-01 00:00:00","Finland","Exports",59817.0
"2015-01-01 00:00:00","Finland","Imports",60430.0
"2015-01-01 00:00:00","France","Exports",506264.0
"2015-01-01 00:00:00","France","Imports",570758.0
"2015-01-01 00:00:00","Germany","Exports",1326206.0
"2015-01-01 00:00:00","Germany","Imports",1051132.0
"2015-01-01 00:00:00","Hungary","Exports",98524.0
"2015-01-01 00:00:00","Hungary","Imports",91973.0
"2015-01-01 00:00:00","India","Exports",267951.0
"2015-01-01 00:00:00","India","Imports",394131.0
"2015-01-01 00:00:00","Indonesia","Exports",150366.0
"2015-01-01 00:00:00","Indonesia","Imports",142695.0
"2015-01-01 00:00:00","Israel","Exports",64063.0
"2015-01-01 00:00:00","Israel","Imports",62065.0
"2015-01-01 00:00:00","Italy","Exports",456990.0
"2015-01-01 00:00:00","Italy","Imports",410919.0
"2015-01-01 00:00:00","Japan","Exports",624921.0
"2015-01-01 00:00:00","Japan","Imports",648117.0
"2015-01-01 00:00:00","Malaysia","Exports",199952.0
"2015-01-01 00:00:00","Malaysia","Imports",175971.0
"2015-01-01 00:00:00","Mexico","Exports",380550.0
"2015-01-01 00:00:00","Mexico","Imports",405282.0
"2015-01-01 00:00:00","Netherlands","Exports",570442.0
"2015-01-01 00:00:00","Netherlands","Imports",512105.0
"2015-01-01 00:00:00","Norway","Exports",103915.0
"2015-01-01 00:00:00","Norway","Imports",76424.0
"2015-01-01 00:00:00","Peru","Exports",33545.0
"2015-01-01 00:00:00","Peru","Imports",37924.0
"2015-01-01 00:00:00","Philippines","Exports",58827.0
"2015-01-01 00:00:00","Philippines","Imports",74750.0
"2015-01-01 00:00:00","Poland","Exports",199124.0
"2015-01-01 00:00:00","Poland","Imports",196473.0
"2015-01-01 00:00:00","Portugal","Exports",55047.0
"2015-01-01 00:00:00","Portugal","Imports",66914.0
"2015-01-01 00:00:00","South_Korea","Exports",526757.0
"2015-01-01 00:00:00","South_Korea","Imports",436499.0
"2015-01-01 00:00:00","Russia","Exports",341419.0
"2015-01-01 00:00:00","Russia","Imports",193019.0
"2015-01-01 00:00:00","Saudi_Arabia","Exports",203550.0
"2015-01-01 00:00:00","Saudi_Arabia","Imports",174676.0
"2015-01-01 00:00:00","South_Africa","Exports",81002.0
"2015-01-01 00:00:00","South_Africa","Imports",104651.0
"2015-01-01 00:00:00","Spain","Exports",282274.0
"2015-01-01 00:00:00","Spain","Imports",311851.0
"2015-01-01 00:00:00","Sweden","Exports",140023.0
"2015-01-01 00:00:00","Sweden","Imports",138398.0
"2015-01-01 00:00:00","Switzerland","Exports",289720.0
"2015-01-01 00:00:00","Switzerland","Imports",253027.0
"2015-01-01 00:00:00","Thailand","Exports",214310.0
"2015-01-01 00:00:00","Thailand","Imports",202653.0
"2015-01-01 00:00:00","Tunisia","Exports",14073.0
"2015-01-01 00:00:00","Tunisia","Imports",20221.0
"2015-01-01 00:00:00","Turkiye","Exports",150982.0
"2015-01-01 00:00:00","Turkiye","Imports",213619.0
"2015-01-01 00:00:00","Ukraine","Exports",38127.0
"2015-01-01 00:00:00","Ukraine","Imports",37517.0
"2015-01-01 00:00:00","United_Kingdom","Exports",465850.0
"2015-01-01 00:00:00","United_Kingdom","Imports",630003.0
"2015-01-01 00:00:00","United_States","Exports",1502572.0
"2015-01-01 00:00:00","United_States","Imports",2315301.0
"2015-01-01 00:00:00","Venezuela","Exports",37309.0
"2015-01-01 00:00:00","Venezuela","Imports",33330.0
"2015-01-01 00:00:00","Viet_Nam","Exports",162065.0
"2015-01-01 00:00:00","Viet_Nam","Imports",165610.0
"2016-01-01 00:00:00","Argentina","Exports",57910.0
"2016-01-01 00:00:00","Argentina","Imports",55852.0
"2016-01-01 00:00:00","Australia","Exports",192505.0
"2016-01-01 00:00:00","Australia","Imports",196270.0
"2016-01-01 00:00:00","Belgium","Exports",398134.0
"2016-01-01 00:00:00","Belgium","Imports",379409.0
"2016-01-01 00:00:00","Brazil","Exports",179526.0
"2016-01-01 00:00:00","Brazil","Imports",145248.0
"2016-01-01 00:00:00","Canada","Exports",389991.0
"2016-01-01 00:00:00","Canada","Imports",412940.0
"2016-01-01 00:00:00","Chile","Exports",60718.0
"2016-01-01 00:00:00","Chile","Imports",59376.0
"2016-01-01 00:00:00","China","Exports",2097632.0
"2016-01-01 00:00:00","China","Imports",1587925.0
"2016-01-01 00:00:00","Hong_Kong","Exports",516635.0
"2016-01-01 00:00:00","Hong_Kong","Imports",546520.0
"2016-01-01 00:00:00","Taiwan","Exports",280321.0
"2016-01-01 00:00:00","Taiwan","Imports",230568.0
"2016-01-01 00:00:00","Colombia","Exports",31757.0
"2016-01-01 00:00:00","Colombia","Imports",44889.0
"2016-01-01 00:00:00","Denmark","Exports",95326.0
"2016-01-01 00:00:00","Denmark","Imports",85513.0
"2016-01-01 00:00:00","Egypt","Exports",25468.0
"2016-01-01 00:00:00","Egypt","Imports",55789.0
"2016-01-01 00:00:00","Finland","Exports",57908.0
"2016-01-01 00:00:00","Finland","Imports",60841.0
"2016-01-01 00:00:00","France","Exports",501179.0
"2016-01-01 00:00:00","France","Imports",567657.0
"2016-01-01 00:00:00","Germany","Exports",1334355.0
"2016-01-01 00:00:00","Germany","Imports",1055326.0
"2016-01-01 00:00:00","Hungary","Exports",101919.0
"2016-01-01 00:00:00","Hungary","Imports",93880.0
"2016-01-01 00:00:00","India","Exports",264542.0
"2016-01-01 00:00:00","India","Imports",361649.0
"2016-01-01 00:00:00","Indonesia","Exports",144490.0
"2016-01-01 00:00:00","Indonesia","Imports",135653.0
"2016-01-01 00:00:00","Israel","Exports",60571.0
"2016-01-01 00:00:00","Israel","Imports",65812.0
"2016-01-01 00:00:00","Italy","Exports",461737.0
"2016-01-01 00:00:00","Italy","Imports",406788.0
"2016-01-01 00:00:00","Japan","Exports",645052.0
"2016-01-01 00:00:00","Japan","Imports",607728.0
"2016-01-01 00:00:00","Malaysia","Exports",189743.0
"2016-01-01 00:00:00","Malaysia","Imports",168684.0
"2016-01-01 00:00:00","Mexico","Exports",373948.0
"2016-01-01 00:00:00","Mexico","Imports",397522.0
"2016-01-01 00:00:00","Netherlands","Exports",570606.0
"2016-01-01 00:00:00","Netherlands","Imports",500797.0
"2016-01-01 00:00:00","Norway","Exports",88410.0
"2016-01-01 00:00:00","Norway","Imports",72110.0
"2016-01-01 00:00:00","Peru","Exports",36516.0
"2016-01-01 00:00:00","Peru","Imports",36254.0
"2016-01-01 00:00:00","Philippines","Exports",56313.0
"2016-01-01 00:00:00","Philippines","Imports",85935.0
"2016-01-01 00:00:00","Poland","Exports",203817.0
"2016-01-01 00:00:00","Poland","Imports",199506.0
"2016-01-01 00:00:00","Portugal","Exports",55372.0
"2016-01-01 00:00:00","Portugal","Imports",67954.0
"2016-01-01 00:00:00","South_Korea","Exports",495426.0
"2016-01-01 00:00:00","South_Korea","Imports",406193.0
"2016-01-01 00:00:00","Russia","Exports",281710.0
"2016-01-01 00:00:00","Russia","Imports",191493.0
"2016-01-01 00:00:00","Saudi_Arabia","Exports",183579.0
"2016-01-01 00:00:00","Saudi_Arabia","Imports",140170.0
"2016-01-01 00:00:00","South_Africa","Exports",76214.0
"2016-01-01 00:00:00","South_Africa","Imports",91692.0
"2016-01-01 00:00:00","Spain","Exports",289981.0
"2016-01-01 00:00:00","Spain","Imports",310921.0
"2016-01-01 00:00:00","Sweden","Exports",139290.0
"2016-01-01 00:00:00","Sweden","Imports",141021.0
"2016-01-01 00:00:00","Switzerland","Exports",302900.0
"2016-01-01 00:00:00","Switzerland","Imports",270128.0
"2016-01-01 00:00:00","Thailand","Exports",215388.0
"2016-01-01 00:00:00","Thailand","Imports",194198.0
"2016-01-01 00:00:00","Tunisia","Exports",13572.0
"2016-01-01 00:00:00","Tunisia","Imports",19462.0
"2016-01-01 00:00:00","Turkiye","Exports",149247.0
"2016-01-01 00:00:00","Turkiye","Imports",202189.0
"2016-01-01 00:00:00","Ukraine","Exports",36360.0
"2016-01-01 00:00:00","Ukraine","Imports",39252.0
"2016-01-01 00:00:00","United_Kingdom","Exports",410856.0
"2016-01-01 00:00:00","United_Kingdom","Imports",636731.0
"2016-01-01 00:00:00","United_States","Exports",1451011.0
"2016-01-01 00:00:00","United_States","Imports",2250154.0
"2016-01-01 00:00:00","Venezuela","Exports",26696.0
"2016-01-01 00:00:00","Venezuela","Imports",15540.0
"2016-01-01 00:00:00","Viet_Nam","Exports",176581.0
"2016-01-01 00:00:00","Viet_Nam","Imports",174804.0
"2017-01-01 00:00:00","Argentina","Exports",58644.0
"2017-01-01 00:00:00","Argentina","Imports",66937.0
"2017-01-01 00:00:00","Australia","Exports",231131.0
"2017-01-01 00:00:00","Australia","Imports",228780.0
"2017-01-01 00:00:00","Belgium","Exports",429645.0
"2017-01-01 00:00:00","Belgium","Imports",409220.0
"2017-01-01 00:00:00","Brazil","Exports",214988.0
"2017-01-01 00:00:00","Brazil","Imports",165855.0
"2017-01-01 00:00:00","Canada","Exports",420665.0
"2017-01-01 00:00:00","Canada","Imports",443651.0
"2017-01-01 00:00:00","Chile","Exports",68823.0
"2017-01-01 00:00:00","Chile","Imports",65230.0
"2017-01-01 00:00:00","China","Exports",2263346.0
"2017-01-01 00:00:00","China","Imports",1843792.0
"2017-01-01 00:00:00","Hong_Kong","Exports",549865.0
"2017-01-01 00:00:00","Hong_Kong","Imports",588913.0
"2017-01-01 00:00:00","Taiwan","Exports",317249.0
"2017-01-01 00:00:00","Taiwan","Imports",259266.0
"2017-01-01 00:00:00","Colombia","Exports",36897.0
"2017-01-01 00:00:00","Colombia","Imports",46076.0
"2017-01-01 00:00:00","Denmark","Exports",102506.0
"2017-01-01 00:00:00","Denmark","Imports",92957.0
"2017-01-01 00:00:00","Egypt","Exports",25604.0
"2017-01-01 00:00:00","Egypt","Imports",61627.0
"2017-01-01 00:00:00","Finland","Exports",68073.0
"2017-01-01 00:00:00","Finland","Imports",70586.0
"2017-01-01 00:00:00","France","Exports",535298.0
"2017-01-01 00:00:00","France","Imports",619334.0
"2017-01-01 00:00:00","Germany","Exports",1448191.0
"2017-01-01 00:00:00","Germany","Imports",1162907.0
"2017-01-01 00:00:00","Hungary","Exports",113806.0
"2017-01-01 00:00:00","Hungary","Imports",107519.0
"2017-01-01 00:00:00","India","Exports",299241.0
"2017-01-01 00:00:00","India","Imports",449925.0
"2017-01-01 00:00:00","Indonesia","Exports",168811.0
"2017-01-01 00:00:00","Indonesia","Imports",156925.0
"2017-01-01 00:00:00","Israel","Exports",61150.0
"2017-01-01 00:00:00","Israel","Imports",69127.0
"2017-01-01 00:00:00","Italy","Exports",507418.0
"2017-01-01 00:00:00","Italy","Imports",453122.0
"2017-01-01 00:00:00","Japan","Exports",698329.0
"2017-01-01 00:00:00","Japan","Imports",672096.0
"2017-01-01 00:00:00","Malaysia","Exports",218130.0
"2017-01-01 00:00:00","Malaysia","Imports",195417.0
"2017-01-01 00:00:00","Mexico","Exports",409433.0
"2017-01-01 00:00:00","Mexico","Imports",432179.0
"2017-01-01 00:00:00","Netherlands","Exports",652065.0
"2017-01-01 00:00:00","Netherlands","Imports",574646.0
"2017-01-01 00:00:00","Norway","Exports",101054.0
"2017-01-01 00:00:00","Norway","Imports",81249.0
"2017-01-01 00:00:00","Peru","Exports",43454.0
"2017-01-01 00:00:00","Peru","Imports",39885.0
"2017-01-01 00:00:00","Philippines","Exports",68713.0
"2017-01-01 00:00:00","Philippines","Imports",101902.0
"2017-01-01 00:00:00","Poland","Exports",234364.0
"2017-01-01 00:00:00","Poland","Imports",233812.0
"2017-01-01 00:00:00","Portugal","Exports",62130.0
"2017-01-01 00:00:00","Portugal","Imports",78763.0
"2017-01-01 00:00:00","South_Korea","Exports",573694.0
"2017-01-01 00:00:00","South_Korea","Imports",478478.0
"2017-01-01 00:00:00","Russia","Exports",352943.0
"2017-01-01 00:00:00","Russia","Imports",238384.0
"2017-01-01 00:00:00","Saudi_Arabia","Exports",221835.0
"2017-01-01 00:00:00","Saudi_Arabia","Imports",134519.0
"2017-01-01 00:00:00","South_Africa","Exports",88947.0
"2017-01-01 00:00:00","South_Africa","Imports",101576.0
"2017-01-01 00:00:00","Spain","Exports",319531.0
"2017-01-01 00:00:00","Spain","Imports",351981.0
"2017-01-01 00:00:00","Sweden","Exports",152920.0
"2017-01-01 00:00:00","Sweden","Imports",154215.0
"2017-01-01 00:00:00","Switzerland","Exports",299603.0
"2017-01-01 00:00:00","Switzerland","Imports",269834.0
"2017-01-01 00:00:00","Thailand","Exports",236635.0
"2017-01-01 00:00:00","Thailand","Imports",221519.0
"2017-01-01 00:00:00","Tunisia","Exports",14204.0
"2017-01-01 00:00:00","Tunisia","Imports",20654.0
"2017-01-01 00:00:00","Turkiye","Exports",164495.0
"2017-01-01 00:00:00","Turkiye","Imports",238715.0
"2017-01-01 00:00:00","Ukraine","Exports",43265.0
"2017-01-01 00:00:00","Ukraine","Imports",49609.0
"2017-01-01 00:00:00","United_Kingdom","Exports",440997.0
"2017-01-01 00:00:00","United_Kingdom","Imports",641002.0
"2017-01-01 00:00:00","United_States","Exports",1546273.0
"2017-01-01 00:00:00","United_States","Imports",2408476.0
"2017-01-01 00:00:00","Venezuela","Exports",31960.0
"2017-01-01 00:00:00","Venezuela","Imports",10570.0
"2017-01-01 00:00:00","Viet_Nam","Exports",215014.0
"2017-01-01 00:00:00","Viet_Nam","Imports",212919.0
"2018-01-01 00:00:00","Argentina","Exports",61781.0
"2018-01-01 00:00:00","Argentina","Imports",65482.0
"2018-01-01 00:00:00","Australia","Exports",257098.0
"2018-01-01 00:00:00","Australia","Imports",235386.0
"2018-01-01 00:00:00","Belgium","Exports",468213.0
"2018-01-01 00:00:00","Belgium","Imports",455188.0
"2018-01-01 00:00:00","Brazil","Exports",231890.0
"2018-01-01 00:00:00","Brazil","Imports",192840.0
"2018-01-01 00:00:00","Canada","Exports",452313.0
"2018-01-01 00:00:00","Canada","Imports",469106.0
"2018-01-01 00:00:00","Chile","Exports",74839.0
"2018-01-01 00:00:00","Chile","Imports",74612.0
"2018-01-01 00:00:00","China","Exports",2486695.0
"2018-01-01 00:00:00","China","Imports",2135748.0
"2018-01-01 00:00:00","Hong_Kong","Exports",568456.0
"2018-01-01 00:00:00","Hong_Kong","Imports",626616.0
"2018-01-01 00:00:00","Taiwan","Exports",335909.0
"2018-01-01 00:00:00","Taiwan","Imports",286333.0
"2018-01-01 00:00:00","Colombia","Exports",41774.0
"2018-01-01 00:00:00","Colombia","Imports",51233.0
"2018-01-01 00:00:00","Denmark","Exports",109696.0
"2018-01-01 00:00:00","Denmark","Imports",102754.0
"2018-01-01 00:00:00","Egypt","Exports",27624.0
"2018-01-01 00:00:00","Egypt","Imports",72000.0
"2018-01-01 00:00:00","Finland","Exports",75869.0
"2018-01-01 00:00:00","Finland","Imports",78624.0
"2018-01-01 00:00:00","France","Exports",582222.0
"2018-01-01 00:00:00","France","Imports",676441.0
"2018-01-01 00:00:00","Germany","Exports",1560539.0
"2018-01-01 00:00:00","Germany","Imports",1284354.0
"2018-01-01 00:00:00","Hungary","Exports",124705.0
"2018-01-01 00:00:00","Hungary","Imports",120741.0
"2018-01-01 00:00:00","India","Exports",324778.0
"2018-01-01 00:00:00","India","Imports",514464.0
"2018-01-01 00:00:00","Indonesia","Exports",180124.0
"2018-01-01 00:00:00","Indonesia","Imports",188708.0
"2018-01-01 00:00:00","Israel","Exports",61952.0
"2018-01-01 00:00:00","Israel","Imports",76598.0
"2018-01-01 00:00:00","Italy","Exports",549526.0
"2018-01-01 00:00:00","Italy","Imports",503240.0
"2018-01-01 00:00:00","Japan","Exports",738143.0
"2018-01-01 00:00:00","Japan","Imports",748488.0
"2018-01-01 00:00:00","Malaysia","Exports",247455.0
"2018-01-01 00:00:00","Malaysia","Imports",217602.0
"2018-01-01 00:00:00","Mexico","Exports",450713.0
"2018-01-01 00:00:00","Mexico","Imports",476835.0
"2018-01-01 00:00:00","Netherlands","Exports",726697.0
"2018-01-01 00:00:00","Netherlands","Imports",645502.0
"2018-01-01 00:00:00","Norway","Exports",121791.0
"2018-01-01 00:00:00","Norway","Imports",86600.0
"2018-01-01 00:00:00","Peru","Exports",48019.0
"2018-01-01 00:00:00","Peru","Imports",43262.0
"2018-01-01 00:00:00","Philippines","Exports",67488.0
"2018-01-01 00:00:00","Philippines","Imports",115119.0
"2018-01-01 00:00:00","Poland","Exports",263569.0
"2018-01-01 00:00:00","Poland","Imports",268959.0
"2018-01-01 00:00:00","Portugal","Exports",68361.0
"2018-01-01 00:00:00","Portugal","Imports",89060.0
"2018-01-01 00:00:00","South_Korea","Exports",604860.0
"2018-01-01 00:00:00","South_Korea","Imports",535202.0
"2018-01-01 00:00:00","Russia","Exports",443914.0
"2018-01-01 00:00:00","Russia","Imports",248856.0
"2018-01-01 00:00:00","Saudi_Arabia","Exports",294373.0
"2018-01-01 00:00:00","Saudi_Arabia","Imports",137065.0
"2018-01-01 00:00:00","South_Africa","Exports",93970.0
"2018-01-01 00:00:00","South_Africa","Imports",113971.0
"2018-01-01 00:00:00","Spain","Exports",346754.0
"2018-01-01 00:00:00","Spain","Imports",390562.0
"2018-01-01 00:00:00","Sweden","Exports",165968.0
"2018-01-01 00:00:00","Sweden","Imports",170605.0
"2018-01-01 00:00:00","Switzerland","Exports",310749.0
"2018-01-01 00:00:00","Switzerland","Imports",279528.0
"2018-01-01 00:00:00","Thailand","Exports",252957.0
"2018-01-01 00:00:00","Thailand","Imports",248201.0
"2018-01-01 00:00:00","Tunisia","Exports",15535.0
"2018-01-01 00:00:00","Tunisia","Imports",22698.0
"2018-01-01 00:00:00","Turkiye","Exports",177169.0
"2018-01-01 00:00:00","Turkiye","Imports",231152.0
"2018-01-01 00:00:00","Ukraine","Exports",47336.0
"2018-01-01 00:00:00","Ukraine","Imports",57188.0
"2018-01-01 00:00:00","United_Kingdom","Exports",486439.0
"2018-01-01 00:00:00","United_Kingdom","Imports",672450.0
"2018-01-01 00:00:00","United_States","Exports",1663982.0
"2018-01-01 00:00:00","United_States","Imports",2614221.0
"2018-01-01 00:00:00","Venezuela","Exports",34440.0
"2018-01-01 00:00:00","Venezuela","Imports",11710.0
"2018-01-01 00:00:00","Viet_Nam","Exports",243699.0
"2018-01-01 00:00:00","Viet_Nam","Imports",236862.0
"2019-01-01 00:00:00","Argentina","Exports",65116.0
"2019-01-01 00:00:00","Argentina","Imports",49124.0
"2019-01-01 00:00:00","Australia","Exports",271005.0
"2019-01-01 00:00:00","Australia","Imports",221564.0
"2019-01-01 00:00:00","Belgium","Exports",446910.0
"2019-01-01 00:00:00","Belgium","Imports",428878.0
"2019-01-01 00:00:00","Brazil","Exports",221127.0
"2019-01-01 00:00:00","Brazil","Imports",193162.0
"2019-01-01 00:00:00","Canada","Exports",448817.0
"2019-01-01 00:00:00","Canada","Imports",462993.0
"2019-01-01 00:00:00","Chile","Exports",68794.0
"2019-01-01 00:00:00","Chile","Imports",69855.0
"2019-01-01 00:00:00","China","Exports",2499457.0
"2019-01-01 00:00:00","China","Imports",2078386.0
"2019-01-01 00:00:00","Hong_Kong","Exports",534887.0
"2019-01-01 00:00:00","Hong_Kong","Imports",577834.0
"2019-01-01 00:00:00","Taiwan","Exports",330622.0
"2019-01-01 00:00:00","Taiwan","Imports",287164.0
"2019-01-01 00:00:00","Colombia","Exports",39489.0
"2019-01-01 00:00:00","Colombia","Imports",52703.0
"2019-01-01 00:00:00","Denmark","Exports",111076.0
"2019-01-01 00:00:00","Denmark","Imports",98184.0
"2019-01-01 00:00:00","Egypt","Exports",29000.0
"2019-01-01 00:00:00","Egypt","Imports",70991.0
"2019-01-01 00:00:00","Finland","Exports",73468.0
"2019-01-01 00:00:00","Finland","Imports",73716.0
"2019-01-01 00:00:00","France","Exports",570951.0
"2019-01-01 00:00:00","France","Imports",654658.0
"2019-01-01 00:00:00","Germany","Exports",1489412.0
"2019-01-01 00:00:00","Germany","Imports",1233978.0
"2019-01-01 00:00:00","Hungary","Exports",123796.0
"2019-01-01 00:00:00","Hungary","Imports",120590.0
"2019-01-01 00:00:00","India","Exports",324340.0
"2019-01-01 00:00:00","India","Imports",486059.0
"2019-01-01 00:00:00","Indonesia","Exports",167683.0
"2019-01-01 00:00:00","Indonesia","Imports",171276.0
"2019-01-01 00:00:00","Israel","Exports",58507.0
"2019-01-01 00:00:00","Israel","Imports",76591.0
"2019-01-01 00:00:00","Italy","Exports",537718.0
"2019-01-01 00:00:00","Italy","Imports",475006.0
"2019-01-01 00:00:00","Japan","Exports",705564.0
"2019-01-01 00:00:00","Japan","Imports",720957.0
"2019-01-01 00:00:00","Malaysia","Exports",238195.0
"2019-01-01 00:00:00","Malaysia","Imports",204998.0
"2019-01-01 00:00:00","Mexico","Exports",460604.0
"2019-01-01 00:00:00","Mexico","Imports",467118.0
"2019-01-01 00:00:00","Netherlands","Exports",708596.0
"2019-01-01 00:00:00","Netherlands","Imports",635678.0
"2019-01-01 00:00:00","Norway","Exports",102799.0
"2019-01-01 00:00:00","Norway","Imports",85319.0
"2019-01-01 00:00:00","Peru","Exports",46444.0
"2019-01-01 00:00:00","Peru","Imports",42284.0
"2019-01-01 00:00:00","Philippines","Exports",70334.0
"2019-01-01 00:00:00","Philippines","Imports",112909.0
"2019-01-01 00:00:00","Poland","Exports",266595.0
"2019-01-01 00:00:00","Poland","Imports",265282.0
"2019-01-01 00:00:00","Portugal","Exports",67063.0
"2019-01-01 00:00:00","Portugal","Imports",89538.0
"2019-01-01 00:00:00","South_Korea","Exports",542233.0
"2019-01-01 00:00:00","South_Korea","Imports",503343.0
"2019-01-01 00:00:00","Russia","Exports",419721.0
"2019-01-01 00:00:00","Russia","Imports",253876.0
"2019-01-01 00:00:00","Saudi_Arabia","Exports",261603.0
"2019-01-01 00:00:00","Saudi_Arabia","Imports",153163.0
"2019-01-01 00:00:00","South_Africa","Exports",90016.0
"2019-01-01 00:00:00","South_Africa","Imports",107539.0
"2019-01-01 00:00:00","Spain","Exports",334018.0
"2019-01-01 00:00:00","Spain","Imports",372750.0
"2019-01-01 00:00:00","Sweden","Exports",160576.0
"2019-01-01 00:00:00","Sweden","Imports",158971.0
"2019-01-01 00:00:00","Switzerland","Exports",313934.0
"2019-01-01 00:00:00","Switzerland","Imports",277830.0
"2019-01-01 00:00:00","Thailand","Exports",246269.0
"2019-01-01 00:00:00","Thailand","Imports",236260.0
"2019-01-01 00:00:00","Tunisia","Exports",14933.0
"2019-01-01 00:00:00","Tunisia","Imports",21564.0
"2019-01-01 00:00:00","Turkiye","Exports",180833.0
"2019-01-01 00:00:00","Turkiye","Imports",210345.0
"2019-01-01 00:00:00","Ukraine","Exports",50054.0
"2019-01-01 00:00:00","Ukraine","Imports",60800.0
"2019-01-01 00:00:00","United_Kingdom","Exports",460026.0
"2019-01-01 00:00:00","United_Kingdom","Imports",696208.0
"2019-01-01 00:00:00","United_States","Exports",1643161.0
"2019-01-01 00:00:00","United_States","Imports",2567445.0
"2019-01-01 00:00:00","Venezuela","Exports",17210.0
"2019-01-01 00:00:00","Venezuela","Imports",5870.0
"2019-01-01 00:00:00","Viet_Nam","Exports",264268.0
"2019-01-01 00:00:00","Viet_Nam","Imports",253393.0
"2020-01-01 00:00:00","Argentina","Exports",54884.0
"2020-01-01 00:00:00","Argentina","Imports",42356.0
"2020-01-01 00:00:00","Australia","Exports",250823.0
"2020-01-01 00:00:00","Australia","Imports",211824.0
"2020-01-01 00:00:00","Belgium","Exports",422655.0
"2020-01-01 00:00:00","Belgium","Imports",396061.0
"2020-01-01 00:00:00","Brazil","Exports",209180.0
"2020-01-01 00:00:00","Brazil","Imports",166336.0
"2020-01-01 00:00:00","Canada","Exports",390821.0
"2020-01-01 00:00:00","Canada","Imports",420934.0
"2020-01-01 00:00:00","Chile","Exports",74023.0
"2020-01-01 00:00:00","Chile","Imports",59207.0
"2020-01-01 00:00:00","China","Exports",2589952.0
"2020-01-01 00:00:00","China","Imports",2065964.0
"2020-01-01 00:00:00","Hong_Kong","Exports",548773.0
"2020-01-01 00:00:00","Hong_Kong","Imports",569769.0
"2020-01-01 00:00:00","Taiwan","Exports",347193.0
"2020-01-01 00:00:00","Taiwan","Imports",288053.0
"2020-01-01 00:00:00","Colombia","Exports",31008.0
"2020-01-01 00:00:00","Colombia","Imports",43489.0
"2020-01-01 00:00:00","Denmark","Exports",108454.0
"2020-01-01 00:00:00","Denmark","Imports",98298.0
"2020-01-01 00:00:00","Egypt","Exports",27078.0
"2020-01-01 00:00:00","Egypt","Imports",60488.0
"2020-01-01 00:00:00","Finland","Exports",66220.0
"2020-01-01 00:00:00","Finland","Imports",68268.0
"2020-01-01 00:00:00","France","Exports",488637.0
"2020-01-01 00:00:00","France","Imports",581297.0
"2020-01-01 00:00:00","Germany","Exports",1382533.0
"2020-01-01 00:00:00","Germany","Imports",1171782.0
"2020-01-01 00:00:00","Hungary","Exports",120654.0
"2020-01-01 00:00:00","Hungary","Imports",116020.0
"2020-01-01 00:00:00","India","Exports",276410.0
"2020-01-01 00:00:00","India","Imports",373202.0
"2020-01-01 00:00:00","Indonesia","Exports",163306.0
"2020-01-01 00:00:00","Indonesia","Imports",141622.0
"2020-01-01 00:00:00","Israel","Exports",50152.0
"2020-01-01 00:00:00","Israel","Imports",69260.0
"2020-01-01 00:00:00","Italy","Exports",499792.0
"2020-01-01 00:00:00","Italy","Imports",426867.0
"2020-01-01 00:00:00","Japan","Exports",641319.0
"2020-01-01 00:00:00","Japan","Imports",635460.0
"2020-01-01 00:00:00","Malaysia","Exports",234766.0
"2020-01-01 00:00:00","Malaysia","Imports",190860.0
"2020-01-01 00:00:00","Mexico","Exports",417171.0
"2020-01-01 00:00:00","Mexico","Imports",393278.0
"2020-01-01 00:00:00","Netherlands","Exports",674602.0
"2020-01-01 00:00:00","Netherlands","Imports",595122.0
"2020-01-01 00:00:00","Norway","Exports",84459.0
"2020-01-01 00:00:00","Norway","Imports",80447.0
"2020-01-01 00:00:00","Peru","Exports",39600.0
"2020-01-01 00:00:00","Peru","Imports",36140.0
"2020-01-01 00:00:00","Philippines","Exports",63879.0
"2020-01-01 00:00:00","Philippines","Imports",90751.0
"2020-01-01 00:00:00","Poland","Exports",273835.0
"2020-01-01 00:00:00","Poland","Imports",261626.0
"2020-01-01 00:00:00","Portugal","Exports",61496.0
"2020-01-01 00:00:00","Portugal","Imports",77895.0
"2020-01-01 00:00:00","South_Korea","Exports",512498.0
"2020-01-01 00:00:00","South_Korea","Imports",467633.0
"2020-01-01 00:00:00","Russia","Exports",333530.0
"2020-01-01 00:00:00","Russia","Imports",240088.0
"2020-01-01 00:00:00","Saudi_Arabia","Exports",173854.0
"2020-01-01 00:00:00","Saudi_Arabia","Imports",137997.0
"2020-01-01 00:00:00","South_Africa","Exports",85834.0
"2020-01-01 00:00:00","South_Africa","Imports",84062.0
"2020-01-01 00:00:00","Spain","Exports",308317.0
"2020-01-01 00:00:00","Spain","Imports",326192.0
"2020-01-01 00:00:00","Sweden","Exports",155496.0
"2020-01-01 00:00:00","Sweden","Imports",149985.0
"2020-01-01 00:00:00","Switzerland","Exports",319318.0
"2020-01-01 00:00:00","Switzerland","Imports",291981.0
"2020-01-01 00:00:00","Thailand","Exports",231634.0
"2020-01-01 00:00:00","Thailand","Imports",206156.0
"2020-01-01 00:00:00","Tunisia","Exports",13799.0
"2020-01-01 00:00:00","Tunisia","Imports",18360.0
"2020-01-01 00:00:00","Turkiye","Exports",169638.0
"2020-01-01 00:00:00","Turkiye","Imports",219517.0
"2020-01-01 00:00:00","Ukraine","Exports",49192.0
"2020-01-01 00:00:00","Ukraine","Imports",54337.0
"2020-01-01 00:00:00","United_Kingdom","Exports",399529.0
"2020-01-01 00:00:00","United_Kingdom","Imports",638251.0
"2020-01-01 00:00:00","United_States","Exports",1424935.0
"2020-01-01 00:00:00","United_States","Imports",2406932.0
"2020-01-01 00:00:00","Venezuela","Exports",5010.0
"2020-01-01 00:00:00","Venezuela","Imports",6590.0
"2020-01-01 00:00:00","Viet_Nam","Exports",282629.0
"2020-01-01 00:00:00","Viet_Nam","Imports",262701.0
"2021-01-01 00:00:00","Argentina","Exports",77934.0
"2021-01-01 00:00:00","Argentina","Imports",63184.0
"2021-01-01 00:00:00","Australia","Exports",344864.0
"2021-01-01 00:00:00","Australia","Imports",261165.0
"2021-01-01 00:00:00","Belgium","Exports",551478.0
"2021-01-01 00:00:00","Belgium","Imports",526615.0
"2021-01-01 00:00:00","Brazil","Exports",280815.0
"2021-01-01 00:00:00","Brazil","Imports",234690.0
"2021-01-01 00:00:00","Canada","Exports",509441.0
"2021-01-01 00:00:00","Canada","Imports",506476.0
"2021-01-01 00:00:00","Chile","Exports",94601.0
"2021-01-01 00:00:00","Chile","Imports",92393.0
"2021-01-01 00:00:00","China","Exports",3316022.0
"2021-01-01 00:00:00","China","Imports",2679412.0
"2021-01-01 00:00:00","Hong_Kong","Exports",669903.0
"2021-01-01 00:00:00","Hong_Kong","Imports",712358.0
"2021-01-01 00:00:00","Taiwan","Exports",447693.0
"2021-01-01 00:00:00","Taiwan","Imports",382101.0
"2021-01-01 00:00:00","Colombia","Exports",40287.0
"2021-01-01 00:00:00","Colombia","Imports",61101.0
"2021-01-01 00:00:00","Denmark","Exports",125945.0
"2021-01-01 00:00:00","Denmark","Imports",120307.0
"2021-01-01 00:00:00","Egypt","Exports",41310.0
"2021-01-01 00:00:00","Egypt","Imports",74550.0
"2021-01-01 00:00:00","Finland","Exports",81996.0
"2021-01-01 00:00:00","Finland","Imports",86013.0
"2021-01-01 00:00:00","France","Exports",585021.0
"2021-01-01 00:00:00","France","Imports",715082.0
"2021-01-01 00:00:00","Germany","Exports",1627375.0
"2021-01-01 00:00:00","Germany","Imports",1411439.0
"2021-01-01 00:00:00","Hungary","Exports",141830.0
"2021-01-01 00:00:00","Hungary","Imports",142917.0
"2021-01-01 00:00:00","India","Exports",395426.0
"2021-01-01 00:00:00","India","Imports",573092.0
"2021-01-01 00:00:00","Indonesia","Exports",231506.0
"2021-01-01 00:00:00","Indonesia","Imports",196190.0
"2021-01-01 00:00:00","Israel","Exports",60159.0
"2021-01-01 00:00:00","Israel","Imports",92155.0
"2021-01-01 00:00:00","Italy","Exports",615635.0
"2021-01-01 00:00:00","Italy","Imports",567421.0
"2021-01-01 00:00:00","Japan","Exports",756032.0
"2021-01-01 00:00:00","Japan","Imports",768976.0
"2021-01-01 00:00:00","Malaysia","Exports",299425.0
"2021-01-01 00:00:00","Malaysia","Imports",238240.0
"2021-01-01 00:00:00","Mexico","Exports",494949.0
"2021-01-01 00:00:00","Mexico","Imports",522455.0
"2021-01-01 00:00:00","Netherlands","Exports",840032.0
"2021-01-01 00:00:00","Netherlands","Imports",757380.0
"2021-01-01 00:00:00","Norway","Exports",160106.0
"2021-01-01 00:00:00","Norway","Imports",97764.0
"2021-01-01 00:00:00","Peru","Exports",59648.0
"2021-01-01 00:00:00","Peru","Imports",50891.0
"2021-01-01 00:00:00","Philippines","Exports",74618.0
"2021-01-01 00:00:00","Philippines","Imports",124367.0
"2021-01-01 00:00:00","Poland","Exports",340634.0
"2021-01-01 00:00:00","Poland","Imports",342075.0
"2021-01-01 00:00:00","Portugal","Exports",75229.0
"2021-01-01 00:00:00","Portugal","Imports",98200.0
"2021-01-01 00:00:00","South_Korea","Exports",644400.0
"2021-01-01 00:00:00","South_Korea","Imports",615093.0
"2021-01-01 00:00:00","Russia","Exports",494161.0
"2021-01-01 00:00:00","Russia","Imports",301046.0
"2021-01-01 00:00:00","Saudi_Arabia","Exports",276179.0
"2021-01-01 00:00:00","Saudi_Arabia","Imports",152849.0
"2021-01-01 00:00:00","South_Africa","Exports",123572.0
"2021-01-01 00:00:00","South_Africa","Imports",113989.0
"2021-01-01 00:00:00","Spain","Exports",379969.0
"2021-01-01 00:00:00","Spain","Imports",419700.0
"2021-01-01 00:00:00","Sweden","Exports",189524.0
"2021-01-01 00:00:00","Sweden","Imports",187108.0
"2021-01-01 00:00:00","Switzerland","Exports",380194.0
"2021-01-01 00:00:00","Switzerland","Imports",324069.0
"2021-01-01 00:00:00","Thailand","Exports",272006.0
"2021-01-01 00:00:00","Thailand","Imports",267343.0
"2021-01-01 00:00:00","Tunisia","Exports",16689.0
"2021-01-01 00:00:00","Tunisia","Imports",22486.0
"2021-01-01 00:00:00","Turkiye","Exports",225214.0
"2021-01-01 00:00:00","Turkiye","Imports",271426.0
"2021-01-01 00:00:00","Ukraine","Exports",68073.0
"2021-01-01 00:00:00","Ukraine","Imports",72843.0
"2021-01-01 00:00:00","United_Kingdom","Exports",472147.0
"2021-01-01 00:00:00","United_Kingdom","Imports",695115.0
"2021-01-01 00:00:00","United_States","Exports",1754300.0
"2021-01-01 00:00:00","United_States","Imports",2935314.0
"2021-01-01 00:00:00","Venezuela","Exports",3535.0
"2021-01-01 00:00:00","Venezuela","Imports",7695.0
"2021-01-01 00:00:00","Viet_Nam","Exports",335978.0
"2021-01-01 00:00:00","Viet_Nam","Imports",332455.0
"2022-01-01 00:00:00","Argentina","Exports",88703.0
"2022-01-01 00:00:00","Argentina","Imports",81740.0
"2022-01-01 00:00:00","Australia","Exports",412683.0
"2022-01-01 00:00:00","Australia","Imports",309189.0
"2022-01-01 00:00:00","Belgium","Exports",638282.0
"2022-01-01 00:00:00","Belgium","Imports",625041.0
"2022-01-01 00:00:00","Brazil","Exports",334136.0
"2022-01-01 00:00:00","Brazil","Imports",292245.0
"2022-01-01 00:00:00","Canada","Exports",601632.0
"2022-01-01 00:00:00","Canada","Imports",586133.0
"2022-01-01 00:00:00","Chile","Exports",98477.0
"2022-01-01 00:00:00","Chile","Imports",104691.0
"2022-01-01 00:00:00","China","Exports",3544435.0
"2022-01-01 00:00:00","China","Imports",2706507.0
"2022-01-01 00:00:00","Hong_Kong","Exports",609925.0
"2022-01-01 00:00:00","Hong_Kong","Imports",667554.0
"2022-01-01 00:00:00","Taiwan","Exports",477778.0
"2022-01-01 00:00:00","Taiwan","Imports",435835.0
"2022-01-01 00:00:00","Colombia","Exports",56999.0
"2022-01-01 00:00:00","Colombia","Imports",77413.0
"2022-01-01 00:00:00","Denmark","Exports",131702.0
"2022-01-01 00:00:00","Denmark","Imports",129201.0
"2022-01-01 00:00:00","Egypt","Exports",51280.0
"2022-01-01 00:00:00","Egypt","Imports",95670.0
"2022-01-01 00:00:00","Finland","Exports",86069.0
"2022-01-01 00:00:00","Finland","Imports",97329.0
"2022-01-01 00:00:00","France","Exports",620461.0
"2022-01-01 00:00:00","France","Imports",823216.0
"2022-01-01 00:00:00","Germany","Exports",1676473.0
"2022-01-01 00:00:00","Germany","Imports",1583619.0
"2022-01-01 00:00:00","Hungary","Exports",153580.0
"2022-01-01 00:00:00","Hungary","Imports",163974.0
"2022-01-01 00:00:00","India","Exports",453415.0
"2022-01-01 00:00:00","India","Imports",720441.0
"2022-01-01 00:00:00","Indonesia","Exports",291979.0
"2022-01-01 00:00:00","Indonesia","Imports",237447.0
"2022-01-01 00:00:00","Israel","Exports",72572.0
"2022-01-01 00:00:00","Israel","Imports",107754.0
"2022-01-01 00:00:00","Italy","Exports",658557.0
"2022-01-01 00:00:00","Italy","Imports",694305.0
"2022-01-01 00:00:00","Japan","Exports",746824.0
"2022-01-01 00:00:00","Japan","Imports",899941.0
"2022-01-01 00:00:00","Malaysia","Exports",352094.0
"2022-01-01 00:00:00","Malaysia","Imports",293797.0
"2022-01-01 00:00:00","Mexico","Exports",577697.0
"2022-01-01 00:00:00","Mexico","Imports",627544.0
"2022-01-01 00:00:00","Netherlands","Exports",963492.0
"2022-01-01 00:00:00","Netherlands","Imports",896716.0
"2022-01-01 00:00:00","Norway","Exports",250518.0
"2022-01-01 00:00:00","Norway","Imports",105733.0
"2022-01-01 00:00:00","Peru","Exports",62911.0
"2022-01-01 00:00:00","Peru","Imports",60979.0
"2022-01-01 00:00:00","Philippines","Exports",78930.0
"2022-01-01 00:00:00","Philippines","Imports",145867.0
"2022-01-01 00:00:00","Poland","Exports",360542.0
"2022-01-01 00:00:00","Poland","Imports",381187.0
"2022-01-01 00:00:00","Portugal","Exports",82463.0
"2022-01-01 00:00:00","Portugal","Imports",115160.0
"2022-01-01 00:00:00","South_Korea","Exports",683585.0
"2022-01-01 00:00:00","South_Korea","Imports",731370.0
"2022-01-01 00:00:00","Russia","Exports",592075.0
"2022-01-01 00:00:00","Russia","Imports",276511.0
"2022-01-01 00:00:00","Saudi_Arabia","Exports",411184.0
"2022-01-01 00:00:00","Saudi_Arabia","Imports",189877.0
"2022-01-01 00:00:00","South_Africa","Exports",122901.0
"2022-01-01 00:00:00","South_Africa","Imports",136207.0
"2022-01-01 00:00:00","Spain","Exports",415462.0
"2022-01-01 00:00:00","Spain","Imports",494259.0
"2022-01-01 00:00:00","Sweden","Exports",197736.0
"2022-01-01 00:00:00","Sweden","Imports",203086.0
"2022-01-01 00:00:00","Switzerland","Exports",400693.0
"2022-01-01 00:00:00","Switzerland","Imports",357115.0
"2022-01-01 00:00:00","Thailand","Exports",287425.0
"2022-01-01 00:00:00","Thailand","Imports",301030.0
"2022-01-01 00:00:00","Tunisia","Exports",18561.0
"2022-01-01 00:00:00","Tunisia","Imports",26656.0
"2022-01-01 00:00:00","Turkiye","Exports",254170.0
"2022-01-01 00:00:00","Turkiye","Imports",363711.0
"2022-01-01 00:00:00","Ukraine","Exports",44134.0
"2022-01-01 00:00:00","Ukraine","Imports",55294.0
"2022-01-01 00:00:00","United_Kingdom","Exports",546151.0
"2022-01-01 00:00:00","United_Kingdom","Imports",823592.0
"2022-01-01 00:00:00","United_States","Exports",2065157.0
"2022-01-01 00:00:00","United_States","Imports",3371752.0
"2022-01-01 00:00:00","Venezuela","Exports",4765.0
"2022-01-01 00:00:00","Venezuela","Imports",10130.0
"2022-01-01 00:00:00","Viet_Nam","Exports",371288.0
"2022-01-01 00:00:00","Viet_Nam","Imports",359148.0
"2023-01-01 00:00:00","Argentina","Exports",66988.0
"2023-01-01 00:00:00","Argentina","Imports",73826.0
"2023-01-01 00:00:00","Australia","Exports",371407.0
"2023-01-01 00:00:00","Australia","Imports",287406.0
"2023-01-01 00:00:00","Belgium","Exports",578515.0
"2023-01-01 00:00:00","Belgium","Imports",564974.0
"2023-01-01 00:00:00","Brazil","Exports",339696.0
"2023-01-01 00:00:00","Brazil","Imports",252710.0
"2023-01-01 00:00:00","Canada","Exports",570079.0
"2023-01-01 00:00:00","Canada","Imports",570873.0
"2023-01-01 00:00:00","Chile","Exports",92972.0
"2023-01-01 00:00:00","Chile","Imports",85250.0
"2023-01-01 00:00:00","China","Exports",3379044.0
"2023-01-01 00:00:00","China","Imports",2556941.0
"2023-01-01 00:00:00","Hong_Kong","Exports",573871.0
"2023-01-01 00:00:00","Hong_Kong","Imports",653696.0
"2023-01-01 00:00:00","Taiwan","Exports",432337.0
"2023-01-01 00:00:00","Taiwan","Imports",358960.0
"2023-01-01 00:00:00","Colombia","Exports",49545.0
"2023-01-01 00:00:00","Colombia","Imports",62797.0
"2023-01-01 00:00:00","Denmark","Exports",129140.0
"2023-01-01 00:00:00","Denmark","Imports",120336.0
"2023-01-01 00:00:00","Egypt","Exports",42081.0
"2023-01-01 00:00:00","Egypt","Imports",83210.0
"2023-01-01 00:00:00","Finland","Exports",82561.0
"2023-01-01 00:00:00","Finland","Imports",83102.0
"2023-01-01 00:00:00","France","Exports",651122.0
"2023-01-01 00:00:00","France","Imports",788177.0
"2023-01-01 00:00:00","Germany","Exports",1702278.0
"2023-01-01 00:00:00","Germany","Imports",1467598.0
"2023-01-01 00:00:00","Hungary","Exports",164359.0
"2023-01-01 00:00:00","Hungary","Imports",155650.0
"2023-01-01 00:00:00","India","Exports",431559.0
"2023-01-01 00:00:00","India","Imports",673929.0
"2023-01-01 00:00:00","Indonesia","Exports",258857.0
"2023-01-01 00:00:00","Indonesia","Imports",221886.0
"2023-01-01 00:00:00","Israel","Exports",63345.0
"2023-01-01 00:00:00","Israel","Imports",91889.0
"2023-01-01 00:00:00","Italy","Exports",676724.0
"2023-01-01 00:00:00","Italy","Imports",639879.0
"2023-01-01 00:00:00","Japan","Exports",717256.0
"2023-01-01 00:00:00","Japan","Imports",787199.0
"2023-01-01 00:00:00","Malaysia","Exports",312965.0
"2023-01-01 00:00:00","Malaysia","Imports",265667.0
"2023-01-01 00:00:00","Mexico","Exports",593001.0
"2023-01-01 00:00:00","Mexico","Imports",628457.0
"2023-01-01 00:00:00","Netherlands","Exports",935047.0
"2023-01-01 00:00:00","Netherlands","Imports",843567.0
"2023-01-01 00:00:00","Norway","Exports",178609.0
"2023-01-01 00:00:00","Norway","Imports",99529.0
"2023-01-01 00:00:00","Peru","Exports",64715.0
"2023-01-01 00:00:00","Peru","Imports",52395.0
"2023-01-01 00:00:00","Philippines","Exports",73527.0
"2023-01-01 00:00:00","Philippines","Imports",133806.0
"2023-01-01 00:00:00","Poland","Exports",381517.0
"2023-01-01 00:00:00","Poland","Imports",370076.0
"2023-01-01 00:00:00","Portugal","Exports",83621.0
"2023-01-01 00:00:00","Portugal","Imports",113683.0
"2023-01-01 00:00:00","South_Korea","Exports",632226.0
"2023-01-01 00:00:00","South_Korea","Imports",642572.0
"2023-01-01 00:00:00","Russia","Exports",424749.0
"2023-01-01 00:00:00","Russia","Imports",303086.0
"2023-01-01 00:00:00","Saudi_Arabia","Exports",320018.0
"2023-01-01 00:00:00","Saudi_Arabia","Imports",206940.0
"2023-01-01 00:00:00","South_Africa","Exports",110855.0
"2023-01-01 00:00:00","South_Africa","Imports",130745.0
"2023-01-01 00:00:00","Spain","Exports",422487.0
"2023-01-01 00:00:00","Spain","Imports",469877.0
"2023-01-01 00:00:00","Sweden","Exports",197469.0
"2023-01-01 00:00:00","Sweden","Imports",193138.0
"2023-01-01 00:00:00","Switzerland","Exports",419982.0
"2023-01-01 00:00:00","Switzerland","Imports",365614.0
"2023-01-01 00:00:00","Thailand","Exports",285074.0
"2023-01-01 00:00:00","Thailand","Imports",288509.0
"2023-01-01 00:00:00","Tunisia","Exports",19985.0
"2023-01-01 00:00:00","Tunisia","Imports",25485.0
"2023-01-01 00:00:00","Turkiye","Exports",255627.0
"2023-01-01 00:00:00","Turkiye","Imports",361967.0
"2023-01-01 00:00:00","Ukraine","Exports",37585.0
"2023-01-01 00:00:00","Ukraine","Imports",63765.0
"2023-01-01 00:00:00","United_Kingdom","Exports",525016.0
"2023-01-01 00:00:00","United_Kingdom","Imports",791544.0
"2023-01-01 00:00:00","United_States","Exports",2018059.0
"2023-01-01 00:00:00","United_States","Imports",3168237.0
"2023-01-01 00:00:00","Venezuela","Exports",7815.0
"2023-01-01 00:00:00","Venezuela","Imports",10940.0
"2023-01-01 00:00:00","Viet_Nam","Exports",353782.0
"2023-01-01 00:00:00","Viet_Nam","Imports",325776.0
"2024-01-01 00:00:00","Argentina","Exports",79703.0
"2024-01-01 00:00:00","Argentina","Imports",60776.0
"2024-01-01 00:00:00","Australia","Exports",340827.0
"2024-01-01 00:00:00","Australia","Imports",296340.0
"2024-01-01 00:00:00","Belgium","Exports",554582.0
"2024-01-01 00:00:00","Belgium","Imports",525986.0
"2024-01-01 00:00:00","Brazil","Exports",337046.0
"2024-01-01 00:00:00","Brazil","Imports",277954.0
"2024-01-01 00:00:00","Canada","Exports",567744.0
"2024-01-01 00:00:00","Canada","Imports",573098.0
"2024-01-01 00:00:00","Chile","Exports",99164.0
"2024-01-01 00:00:00","Chile","Imports",84261.0
"2024-01-01 00:00:00","China","Exports",3575795.0
"2024-01-01 00:00:00","China","Imports",2583218.0
"2024-01-01 00:00:00","Hong_Kong","Exports",645537.0
"2024-01-01 00:00:00","Hong_Kong","Imports",704141.0
"2024-01-01 00:00:00","Taiwan","Exports",474369.0
"2024-01-01 00:00:00","Taiwan","Imports",401113.0
"2024-01-01 00:00:00","Colombia","Exports",49564.0
"2024-01-01 00:00:00","Colombia","Imports",64105.0
"2024-01-01 00:00:00","Denmark","Exports",133335.0
"2024-01-01 00:00:00","Denmark","Imports",122842.0
"2024-01-01 00:00:00","Egypt","Exports",42247.0
"2024-01-01 00:00:00","Egypt","Imports",86083.0
"2024-01-01 00:00:00","Finland","Exports",78037.0
"2024-01-01 00:00:00","Finland","Imports",80985.0
"2024-01-01 00:00:00","France","Exports",640518.0
"2024-01-01 00:00:00","France","Imports",751836.0
"2024-01-01 00:00:00","Germany","Exports",1676408.0
"2024-01-01 00:00:00","Germany","Imports",1414153.0
"2024-01-01 00:00:00","Hungary","Exports",159268.0
"2024-01-01 00:00:00","Hungary","Imports",149805.0
"2024-01-01 00:00:00","India","Exports",442886.0
"2024-01-01 00:00:00","India","Imports",718284.0
"2024-01-01 00:00:00","Indonesia","Exports",264706.0
"2024-01-01 00:00:00","Indonesia","Imports",233659.0
"2024-01-01 00:00:00","Israel","Exports",60255.0
"2024-01-01 00:00:00","Israel","Imports",91865.0
"2024-01-01 00:00:00","Italy","Exports",673478.0
"2024-01-01 00:00:00","Italy","Imports",621388.0
"2024-01-01 00:00:00","Japan","Exports",707009.0
"2024-01-01 00:00:00","Japan","Imports",743498.0
"2024-01-01 00:00:00","Malaysia","Exports",330761.0
"2024-01-01 00:00:00","Malaysia","Imports",300216.0
"2024-01-01 00:00:00","Mexico","Exports",617677.0
"2024-01-01 00:00:00","Mexico","Imports",655300.0
"2024-01-01 00:00:00","Netherlands","Exports",920540.0
"2024-01-01 00:00:00","Netherlands","Imports",816621.0
"2024-01-01 00:00:00","Norway","Exports",167983.0
"2024-01-01 00:00:00","Norway","Imports",101127.0
"2024-01-01 00:00:00","Peru","Exports",74713.0
"2024-01-01 00:00:00","Peru","Imports",55200.0
"2024-01-01 00:00:00","Philippines","Exports",72984.0
"2024-01-01 00:00:00","Philippines","Imports",134882.0
"2024-01-01 00:00:00","Poland","Exports",382845.0
"2024-01-01 00:00:00","Poland","Imports",382259.0
"2024-01-01 00:00:00","Portugal","Exports",85367.0
"2024-01-01 00:00:00","Portugal","Imports",116023.0
"2024-01-01 00:00:00","South_Korea","Exports",683609.0
"2024-01-01 00:00:00","South_Korea","Imports",631767.0
"2024-01-01 00:00:00","Russia","Exports",433634.0
"2024-01-01 00:00:00","Russia","Imports",301550.0
"2024-01-01 00:00:00","Saudi_Arabia","Exports",305499.0
"2024-01-01 00:00:00","Saudi_Arabia","Imports",232806.0
"2024-01-01 00:00:00","South_Africa","Exports",110076.0
"2024-01-01 00:00:00","South_Africa","Imports",123470.0
"2024-01-01 00:00:00","Spain","Exports",428505.0
"2024-01-01 00:00:00","Spain","Imports",479331.0
"2024-01-01 00:00:00","Sweden","Exports",195663.0
"2024-01-01 00:00:00","Sweden","Imports",189669.0
"2024-01-01 00:00:00","Switzerland","Exports",447308.0
"2024-01-01 00:00:00","Switzerland","Imports",371955.0
"2024-01-01 00:00:00","Thailand","Exports",300740.0
"2024-01-01 00:00:00","Thailand","Imports",305523.0
"2024-01-01 00:00:00","Tunisia","Exports",19972.0
"2024-01-01 00:00:00","Tunisia","Imports",26070.0
"2024-01-01 00:00:00","Turkiye","Exports",261778.0
"2024-01-01 00:00:00","Turkiye","Imports",344010.0
"2024-01-01 00:00:00","Ukraine","Exports",41732.0
"2024-01-01 00:00:00","Ukraine","Imports",70772.0
"2024-01-01 00:00:00","United_Kingdom","Exports",524286.0
"2024-01-01 00:00:00","United_Kingdom","Imports",820194.0
"2024-01-01 00:00:00","United_States","Exports",2061691.0
"2024-01-01 00:00:00","United_States","Imports",3358247.0
"2024-01-01 00:00:00","Venezuela","Exports",14365.0
"2024-01-01 00:00:00","Venezuela","Imports",14890.0
"2024-01-01 00:00:00","Viet_Nam","Exports",404824.0
"2024-01-01 00:00:00","Viet_Nam","Imports",380515.0
"2025-01-01 00:00:00","Argentina","Exports",87111.0
"2025-01-01 00:00:00","Argentina","Imports",75791.0
"2025-01-01 00:00:00","Australia","Exports",337582.0
"2025-01-01 00:00:00","Australia","Imports",310631.0
"2025-01-01 00:00:00","Belgium","Exports",568105.0
"2025-01-01 00:00:00","Belgium","Imports",537701.0
"2025-01-01 00:00:00","Brazil","Exports",348278.0
"2025-01-01 00:00:00","Brazil","Imports",293696.0
"2025-01-01 00:00:00","Canada","Exports",554676.0
"2025-01-01 00:00:00","Canada","Imports",577441.0
"2025-01-01 00:00:00","Chile","Exports",107005.0
"2025-01-01 00:00:00","Chile","Imports",92663.0
"2025-01-01 00:00:00","China","Exports",3771842.0
"2025-01-01 00:00:00","China","Imports",2582896.0
"2025-01-01 00:00:00","Hong_Kong","Exports",753582.0
"2025-01-01 00:00:00","Hong_Kong","Imports",831832.0
"2025-01-01 00:00:00","Taiwan","Exports",640975.0
"2025-01-01 00:00:00","Taiwan","Imports",494303.0
"2025-01-01 00:00:00","Colombia","Exports",50086.0
"2025-01-01 00:00:00","Colombia","Imports",70502.0
"2025-01-01 00:00:00","Denmark","Exports",148379.0
"2025-01-01 00:00:00","Denmark","Imports",136227.0
"2025-01-01 00:00:00","Egypt","Exports",51403.0
"2025-01-01 00:00:00","Egypt","Imports",97539.0
"2025-01-01 00:00:00","Finland","Exports",84045.0
"2025-01-01 00:00:00","Finland","Imports",84865.0
"2025-01-01 00:00:00","France","Exports",683095.0
"2025-01-01 00:00:00","France","Imports",786434.0
"2025-01-01 00:00:00","Germany","Exports",1764188.0
"2025-01-01 00:00:00","Germany","Imports",1542796.0
"2025-01-01 00:00:00","Hungary","Exports",168841.0
"2025-01-01 00:00:00","Hungary","Imports",159200.0
"2025-01-01 00:00:00","India","Exports",445278.0
"2025-01-01 00:00:00","India","Imports",753481.0
"2025-01-01 00:00:00","Indonesia","Exports",282909.0
"2025-01-01 00:00:00","Indonesia","Imports",241857.0
"2025-01-01 00:00:00","Israel","Exports",59010.0
"2025-01-01 00:00:00","Israel","Imports",95481.0
"2025-01-01 00:00:00","Italy","Exports",726499.0
"2025-01-01 00:00:00","Italy","Imports",668672.0
"2025-01-01 00:00:00","Japan","Exports",738337.0
"2025-01-01 00:00:00","Japan","Imports",755553.0
"2025-01-01 00:00:00","Malaysia","Exports",376041.0
"2025-01-01 00:00:00","Malaysia","Imports",340436.0
"2025-01-01 00:00:00","Mexico","Exports",664837.0
"2025-01-01 00:00:00","Mexico","Imports",683018.0
"2025-01-01 00:00:00","Netherlands","Exports",989237.0
"2025-01-01 00:00:00","Netherlands","Imports",870442.0
"2025-01-01 00:00:00","Norway","Exports",170567.0
"2025-01-01 00:00:00","Norway","Imports",107319.0
"2025-01-01 00:00:00","Peru","Exports",82692.0
"2025-01-01 00:00:00","Peru","Imports",60631.0
"2025-01-01 00:00:00","Philippines","Exports",83723.0
"2025-01-01 00:00:00","Philippines","Imports",141196.0
"2025-01-01 00:00:00","Poland","Exports",413895.0
"2025-01-01 00:00:00","Poland","Imports",420914.0
"2025-01-01 00:00:00","Portugal","Exports",89417.0
"2025-01-01 00:00:00","Portugal","Imports",125854.0
"2025-01-01 00:00:00","South_Korea","Exports",709330.0
"2025-01-01 00:00:00","South_Korea","Imports",631895.0
"2025-01-01 00:00:00","Russia","Exports",419398.0
"2025-01-01 00:00:00","Russia","Imports",302710.0
"2025-01-01 00:00:00","Saudi_Arabia","Exports",310672.0
"2025-01-01 00:00:00","Saudi_Arabia","Imports",254063.0
"2025-01-01 00:00:00","South_Africa","Exports",116399.0
"2025-01-01 00:00:00","South_Africa","Imports",128080.0
"2025-01-01 00:00:00","Spain","Exports",445106.0
"2025-01-01 00:00:00","Spain","Imports",513316.0
"2025-01-01 00:00:00","Sweden","Exports",208332.0
"2025-01-01 00:00:00","Sweden","Imports",200981.0
"2025-01-01 00:00:00","Switzerland","Exports",554160.0
"2025-01-01 00:00:00","Switzerland","Imports",507429.0
"2025-01-01 00:00:00","Thailand","Exports",339635.0
"2025-01-01 00:00:00","Thailand","Imports",344943.0
"2025-01-01 00:00:00","Tunisia","Exports",21293.0
"2025-01-01 00:00:00","Tunisia","Imports",28591.0
"2025-01-01 00:00:00","Turkiye","Exports",273361.0
"2025-01-01 00:00:00","Turkiye","Imports",365370.0
"2025-01-01 00:00:00","Ukraine","Exports",40368.0
"2025-01-01 00:00:00","Ukraine","Imports",83573.0
"2025-01-01 00:00:00","United_Kingdom","Exports",555829.0
"2025-01-01 00:00:00","United_Kingdom","Imports",948641.0
"2025-01-01 00:00:00","United_States","Exports",2185220.0
"2025-01-01 00:00:00","United_States","Imports",3506554.0
"2025-01-01 00:00:00","Venezuela","Exports",8600.0
"2025-01-01 00:00:00","Venezuela","Imports",13805.0
"2025-01-01 00:00:00","Viet_Nam","Exports",472929.0
"2025-01-01 00:00:00","Viet_Nam","Imports",453778.0
