barangay_id,name,municipality_id
10205,ADAMS (POB.),4919
10206,BANI,4920
10207,BUYON,4920
10208,CABARUAN,4920
10209,CABULALAAN,4920
10210,CABUSLIGAN,4920
10211,CADARATAN,4920
10212,CALIOET-LIBONG,4920
10213,CASILIAN,4920
10214,COROCOR,4920
10215,DURIPES,4920
10216,GANAGAN,4920
10217,LIBTONG,4920
10218,MACUPIT,4920
10219,NAMBARAN,4920
10220,NATBA,4920
10221,PANINAAN,4920
10222,PASIOCAN,4920
10223,PASNGAL,4920
10224,PIPIAS,4920
10225,PULANGI,4920
10226,PUNGTO,4920
10227,SAN AGUSTIN I (POB.),4920
10228,SAN AGUSTIN II (POB.),4920
10229,SAN ANDRES I (POB.),4920
10230,SAN ANDRES II (POB.),4920
10231,SAN GABRIEL I (POB.),4920
10232,SAN GABRIEL II (POB.),4920
10233,SAN PEDRO I (POB.),4920
10234,SAN PEDRO II (POB.),4920
10235,SAN ROQUE I (POB.),4920
10236,SAN ROQUE II (POB.),4920
10237,SAN SIMON I (POB.),4920
10238,SAN SIMON II (POB.),4920
10239,SAN VICENTE (POB.),4920
10240,SANGIL,4920
10241,SANTA FILOMENA I (POB.),4920
10242,SANTA FILOMENA II (POB.),4920
10243,SANTA RITA (POB.),4920
10244,SANTO CRISTO I (POB.),4920
10245,SANTO CRISTO II (POB.),4920
10246,TAMBIDAO,4920
10247,TEPPANG,4920
10248,TUBBURAN,4920
14249,CHANARIAN,5044
14250,IHUBOK I (KAYCHANARIANAN),5044
14251,IHUBOK II (KAYVALUGANAN),5044
14252,KAYHUVOKAN,5044
14253,SAN ANTONIO,5044
14254,SAN JOAQUIN,5044
14255,RAELE,5045
14256,SAN RAFAEL (IDIANG),5045
14257,SANTA LUCIA (KAUHAUHASAN),5045
14258,SANTA MARIA (MARAPUY),5045
14259,SANTA ROSA (KAYNATUAN),5045
14260,RADIWAN,5046
14261,SALAGAO,5046
14262,SAN VICENTE (IGANG),5046
14263,TUHEL (POB.),5046
14264,HANIB,5047
14265,KAUMBAKAN,5047
14266,PANATAYAN,5047
14267,UVOY (POB.),5047
14268,CHAVAYAN,5048
14269,MALAKDANG (POB.),5048
14270,NAKANMUAN,5048
14271,SAVIDUG,5048
14272,SINAKAN (POB.),5048
14273,SUMNANGA,5048
14274,IMNAJBU,5049
14275,ITBUD,5049
14276,KAYUGANAN (POB.),5049
14277,KAYVALUGANAN (POB.),5049
14278,ALINUNU,5050
14279,BAGU,5050
14280,BANGUIAN,5050
14281,CALOG NORTE,5050
14282,CALOG SUR,5050
14283,CANAYUN,5050
14284,CENTRO (POB.),5050
14285,DANA-ILI,5050
14286,GUIDDAM,5050
14287,LIBERTAD,5050
14288,LUCBAN,5050
14289,PINILI,5050
14290,SAN AGUSTIN,5050
14291,SAN JULIAN,5050
14292,SANTA FILOMENA,5050
14293,SANTA ROSA,5050
14294,SANTO TOMAS,5050
14295,SIGUIRAN,5050
14296,SIMAYUNG,5050
14297,SIRIT,5050
14298,ABBEG,4999
14299,AFUSING BATO,4999
14300,AFUSING DAGA,4999
14301,AGANI,4999
14302,BACULOD,4999
14303,BAYBAYOG,4999
14304,CABULUAN,4999
14305,CALANTAC,4999
14306,CARALLANGAN,4999
14307,CENTRO NORTE (POB.),4999
14308,CENTRO SUR (POB.),4999
14309,DALAOIG,4999
14310,DAMUROG,4999
14311,JURISDICTION,4999
14312,MALALATAN,4999
14313,MARABURAB,4999
14314,MASIN,4999
14315,PAGBANGKERUAN,4999
14316,PARED,4999
14317,PIGGATAN,4999
14318,PINOPOC,4999
14319,PUSSIAN,4999
14320,SAN ESTEBAN,4999
14321,TAMBAN,4999
14322,TUPANG,4999
14323,BESSANG,5052
14324,BINOBONGAN,5052
14325,BULO,5052
14326,BUROT,5052
14327,CAPAGARAN (BRIGIDA),5052
14328,CAPALUTAN,5052
14329,CAPANICKIAN NORTE,5052
14330,CAPANICKIAN SUR,5052
14331,CATARATAN,5052
14332,CENTRO EAST (POB.),5052
14333,CENTRO WEST (POB.),5052
14334,DAAN-ILI,5052
14335,DAGUPAN,5052
14336,DALAYAP,5052
14337,GAGADDANGAN,5052
14338,IRINGAN,5052
14339,LABBEN,5052
14340,MALUYO,5052
14341,MAPURAO,5052
14342,MATUCAY,5052
14343,NAGATTATAN,5052
14344,PACAC,5052
14345,SAN JUAN (MAGUININANGO),5052
14346,SILANGAN,5052
14347,TAMBOLI,5052
14348,TUBEL,5052
14349,UTAN,5052
14350,ABOLO,5053
14351,AGGUIRIT,5053
14352,ALITUNGTUNG,5053
14353,ANNABUCULAN,5053
14354,ANNAFATAN,5053
14355,ANQUIRAY,5053
14356,BABAYUAN,5053
14357,BACCUIT,5053
14358,BACRING,5053
14359,BACULUD,5053
14360,BALAUINI,5053
14361,BAUAN,5053
14362,BAYABAT,5053
14363,CALAMAGUI,5053
14364,CALINTAAN,5053
14365,CARATACAT,5053
14366,CASINGSINGAN NORTE,5053
14367,CASINGSINGAN SUR,5053
14368,CATARAUAN,5053
14369,CENTRO,5053
14370,CONCEPCION,5053
14371,CORDOVA,5053
14372,DADDA,5053
14373,DAFUNGANAY,5053
14374,DUGAYUNG,5053
14375,ESTEFANIA,5053
14376,GABUT,5053
14377,GANGAUAN,5053
14378,GORAN,5053
14379,JURISDICCION,5053
14380,LA SUERTE,5053
14381,LOGUNG,5053
14382,MAGOGOD,5053
14383,MANALO,5053
14384,MAROBBOB,5053
14385,MASICAL,5053
14386,MONTE ALEGRE,5053
14387,NABBIALAN,5053
14388,NAGSABARAN,5053
14389,NANGALASAUAN,5053
14390,NANUCCAUAN,5053
14391,PACAC-GRANDE,5053
14392,PACAC-PEQUEÑO,5053
14393,PALACU,5053
14394,PALAYAG,5053
14395,TANA,5053
14396,UNAG,5053
14397,BACKILING,5054
14398,BANGAG,5054
14399,BINALAN,5054
14400,BISAGU,5054
14401,BUKIG,5054
14402,BULALA NORTE,5054
14403,BULALA SUR,5054
14404,CAAGAMAN,5054
14405,CENTRO 1 (POB.),5054
14406,CENTRO 2 (POB.),5054
14407,CENTRO 3 (POB.),5054
14408,CENTRO 4 (POB.),5054
14409,CENTRO 5 (POB.),5054
14410,CENTRO 6 (POB.),5054
14411,CENTRO 7 (POB.),5054
14412,CENTRO 8 (POB.),5054
14413,CENTRO 9 (POB.),5054
14414,CENTRO 10 (POB.),5054
14415,CENTRO 11 (POB.),5054
14416,CENTRO 12 (POB.),5054
14417,CENTRO 13 (POB.),5054
14418,CENTRO 14 (POB.),5054
14419,CENTRO 15 (POB.),5054
14420,DODAN,5054
14421,FUGA ISLAND,5054
14422,GADDANG,5054
14423,LINAO,5054
14424,MABANGUC,5054
14425,MACANAYA (PESCARIA),5054
14426,MAURA,5054
14427,MINANGA,5054
14428,NAVAGAN,5054
14429,PADDAYA,5054
14430,PARUDDUN NORTE,5054
14431,PARUDDUN SUR,5054
14432,PLAZA,5054
14433,PUNTA,5054
14434,SAN ANTONIO,5054
14435,SANJA,5054
14436,TALLUNGAN,5054
14437,TORAN,5054
14438,ZINARAG,5054
14439,ADAOAG,5055
14440,AGAMAN (PROPER),5055
14441,AGAMAN NORTE,5055
14442,AGAMAN SUR,5055
14443,ALBA,5055
14444,ANNAYATAN,5055
14445,ASASSI,5055
14446,ASINGA-VIA,5055
14447,AWALLAN,5055
14448,BACAGAN,5055
14449,BAGUNOT,5055
14450,BARSAT EAST,5055
14451,BARSAT WEST,5055
14452,BITAG GRANDE,5055
14453,BITAG PEQUEÑO,5055
14454,BUNUGAN,5055
14455,C. VERZOSA (VALLEY COVE),5055
14456,CANAGATAN,5055
14457,CARUPIAN,5055
14458,CATUGAY,5055
14459,DABBAC GRANDE,5055
14460,DALIN,5055
14461,DALLA,5055
14462,HACIENDA INTAL,5055
14463,IBULO,5055
14464,IMURONG,5055
14465,J. PALLAGAO,5055
14466,LASILAT,5055
14467,MABINI,5055
14468,MASICAL,5055
14469,MOCAG,5055
14470,NANGALINAN,5055
14471,POBLACION (CENTRO),5055
14472,REMUS,5055
14473,SAN ANTONIO,5055
14474,SAN FRANCISCO,5055
14475,SAN ISIDRO,5055
14476,SAN JOSE,5055
14477,SAN MIGUEL,5055
14478,SAN VICENTE,5055
14479,SANTA MARGARITA,5055
14480,SANTOR,5055
14481,TAGUING,5055
14482,TAGUNTUNGAN,5055
14483,TALLANG,5055
14484,TAYTAY,5055
14485,TEMBLIQUE,5055
14486,TUNGEL,5055
14487,AMMUBUAN,5056
14488,BARAN,5056
14489,CABARITAN EAST,5056
14490,CABARITAN WEST,5056
14491,CABAYU,5056
14492,CABULUAN EAST,5056
14493,CABULUAN WEST,5056
14494,CENTRO EAST (POB.),5056
14495,CENTRO WEST (POB.),5056
14496,FUGU,5056
14497,MABUTTAL EAST,5056
14498,MABUTTAL WEST,5056
14499,NARARAGAN,5056
14500,PALLOC,5056
14501,PAYAGAN EAST,5056
14502,PAYAGAN WEST,5056
14503,SAN JUAN,5056
14504,SANTA CRUZ,5056
14505,ZITANGA,5056
14506,ALUCAO WESTE (SAN LORENZO*),5057
14507,ANTIPORDA,5057
14508,BALLANG,5057
14509,BALZA,5057
14510,CABARITAN,5057
14511,CALAMEGATAN,5057
14512,CENTRO (POB.),5057
14513,CENTRO WEST,5057
14514,DALAYA,5057
14515,FULA,5057
14516,LERON,5057
14517,MADDALERO,5057
14518,MALA ESTE,5057
14519,MALA WESTE,5057
14520,MINANGA ESTE,5057
14521,MINANGA WESTE,5057
14522,PADDAYA ESTE,5057
14523,PADDAYA WESTE,5057
14524,PATTAO,5057
14525,QUINAWEGAN,5057
14526,REMEBELLA,5057
14527,SAN ISIDRO,5057
14528,SAN JUAN,5057
14529,SAN VICENTE,5057
14530,SANTA ISABEL,5057
14531,SANTA MARIA,5057
14532,TABBAC,5057
14533,VILLA CIELO,5057
14534,VILLA GRACIA,5057
14535,VILLA LEONORA,5057
14536,BABUYAN CLARO,5058
14537,BALATUBAT,5058
14538,CABUDADAN,5058
14539,CENTRO II,5058
14540,DADAO,5058
14541,DALUPIRI,5058
14542,DIBAY,5058
14543,DILAM,5058
14544,MAGSIDEL,5058
14545,MINABEL,5058
14546,NAGUILIAN,5058
14547,POBLACION,5058
14548,ABAGAO,5059
14549,AFUNAN CABAYU,5059
14550,AGUSI,5059
14551,ALILINU,5059
14552,BAGGAO,5059
14553,BANTAY,5059
14554,BULALA,5059
14555,CASILI NORTE,5059
14556,CASILI SUR,5059
14557,CATOTORAN NORTE,5059
14558,CATOTORAN SUR,5059
14559,CENTRO NORTE (POB.),5059
14560,CENTRO SUR (POB.),5059
14561,CULLIT,5059
14562,DACAL-LAFUGU,5059
14563,DAMMANG NORTE (JOAQUIN DE LA CRUZ*),5059
14564,DAMMANG SUR (FELIPE TUZON*),5059
14565,DUGO,5059
14566,FUSINA,5059
14567,GANG-NGO,5059
14568,JURISDICTION,5059
14569,LUEC,5059
14570,MINANGA,5059
14571,PARAGAT,5059
14572,SAPPING,5059
14573,TAGUM,5059
14574,TULUTTUGING,5059
14575,ZIMINILA,5059
14576,ALIMOAN,5060
14577,BACSAY CATARAOAN NORTE,5060
14578,BACSAY CATARAOAN SUR,5060
14579,BACSAY MAPULAPULA,5060
14580,BILIBIGAO,5060
14581,BUENAVISTA,5060
14582,CADCADIR EAST,5060
14583,CADCADIR WEST,5060
14584,CAMALAGGOAN/D LEAÑO,5060
14585,CAPANIKIAN,5060
14586,CENTRO I (POB.),5060
14587,CENTRO II (POB.),5060
14588,CENTRO III,5060
14589,CENTRO IV (NANGASANGAN),5060
14590,CENTRO V (MINA),5060
14591,CENTRO VI (MINANGA),5060
14592,CENTRO VII (MALASIN EAST),5060
14593,CENTRO VIII (MALASIN WEST),5060
14594,CULAO,5060
14595,DIBALIO,5060
14596,KILKILING,5060
14597,LABLABIG,5060
14598,LUZON,5060
14599,MABNANG,5060
14600,MAGDALENA,5060
14601,MALILITAO,5060
14602,NAGSABARAN,5060
14603,PATA EAST,5060
14604,PATA WEST,5060
14605,PINAS,5060
14606,SAN ANTONIO (SAYAD*/BIMEKEL*),5060
14607,SAN ISIDRO,5060
14608,SAN VICENTE,5060
14609,SANTA MARIA (SURNGOT),5060
14610,SANTIAGO,5060
14611,SANTO NIÑO (BARBARNIS),5060
14612,SANTO TOMAS,5060
14613,TABBUGAN,5060
14614,TAGGAT NORTE,5060
14615,TAGGAT SUR,5060
14616,UNION,5060
14617,ALIBAGO (VILLA MARIA),5061
14618,BARANGAY I (POB.),5061
14619,BARANGAY II (POB.),5061
14620,BARANGAY III (SAN ROQUE*),5061
14621,BARANGAY III-A,5061
14622,BARANGAY IV (POB.),5061
14623,BATU,5061
14624,DIVISORIA,5061
14625,INGA,5061
14626,LANNA,5061
14627,LEMU NORTE,5061
14628,LEMU SUR,5061
14629,LIWAN NORTE,5061
14630,LIWAN SUR,5061
14631,MADDARULUG NORTE,5061
14632,MADDARULUG SUR,5061
14633,MAGALALAG EAST,5061
14634,MAGALALAG WEST (SAN NICOLAS*),5061
14635,MARACURU,5061
14636,ROMA NORTE,5061
14637,ROMA SUR,5061
14638,SAN ANTONIO,5061
14639,ABRA,5062
14640,AGUIGUICAN,5062
14641,BANGATAN NGAGAN,5062
14642,BARACAOIT,5062
14643,BARAOIDAN,5062
14644,BARBARIT,5062
14645,BASAO,5062
14646,BOLOS POINT,5062
14647,CABAYU,5062
14648,CALAOAGAN BASSIT,5062
14649,CALAOAGAN DACKEL,5062
14650,CAPIDDIGAN,5062
14651,CAPISSAYAN NORTE,5062
14652,CAPISSAYAN SUR,5062
14653,CASICALLAN NORTE,5062
14654,CASICALLAN SUR,5062
14655,CENTRO NORTE (POB.),5062
14656,CENTRO SUR (POB.),5062
14657,CULLIT,5062
14658,CUMAO,5062
14659,CUNIG,5062
14660,DUMMUN,5062
14661,FUGU,5062
14662,GANZANO,5062
14663,GUISING,5062
14664,L. ADVIENTO,5062
14665,LANGGAN,5062
14666,LAPOGAN,5062
14667,MABUNO,5062
14668,NABACCAYAN,5062
14669,NADDUNGAN,5062
14670,NAGATUTUAN,5062
14671,NASSIPING,5062
14672,NEWAGAC,5062
14673,PALAGAO NORTE,5062
14674,PALAGAO SUR,5062
14675,PIÑA ESTE,5062
14676,PIÑA WESTE,5062
14677,SAN CARLOS,5062
14678,SAN VICENTE,5062
14679,SANTA ANA,5062
14680,SANTA MARIA,5062
14681,SIDEM,5062
14682,T. ELIZAGA (MABIRBIRA),5062
14683,TAGUMAY,5062
14684,TAKIKI,5062
14685,TALIGAN,5062
14686,TANGLAGAN,5062
14687,TUBUNGAN ESTE,5062
14688,TUBUNGAN WESTE,5062
14689,AMUNITAN,5063
14690,BATANGAN,5063
14691,BAUA,5063
14692,CABANBANAN NORTE,5063
14693,CABANBANAN SUR,5063
14694,CABIRAOAN,5063
14695,CALAYAN,5063
14696,CALLAO,5063
14697,CAROAN,5063
14698,CASITAN,5063
14699,FLOURISHING (POB.),5063
14700,IPIL,5063
14701,ISCA,5063
14702,MAGRAFIL,5063
14703,MINANGA,5063
14704,PARADISE (POB.),5063
14705,PATENG,5063
14706,PROGRESSIVE (POB.),5063
14707,REBECCA (NAGBABALACAN*),5063
14708,SAN JOSE,5063
14709,SANTA CLARA,5063
14710,SANTA CRUZ,5063
14711,SANTA MARIA,5063
14712,SMART (POB.),5063
14713,TAPEL,5063
14714,AJAT (POB.),5064
14715,ATULU,5064
14716,BACULUD,5064
14717,BAYO,5064
14718,CAMPO,5064
14719,DUMPAO,5064
14720,GAMMAD,5064
14721,GARAB,5064
14722,MALABBAC,5064
14723,MANAOAG (AQUILIQUILAO),5064
14724,MINANGA NORTE,5064
14725,MINANGA SUR,5064
14726,NATTANZAN (POB.),5064
14727,REDONDO,5064
14728,SALAMAGUE,5064
14729,SAN ESTEBAN (CAPITAN),5064
14730,SAN ISIDRO (UGAC WEST),5064
14731,SAN LORENZO,5064
14732,SAN VICENTE (UGAC EAST),5064
14733,SANTA BARBARA,5064
14734,SANTA ROSA,5064
14735,SANTA TERESA (GAMMAD SUR),5064
14736,SANTIAGO,5064
14737,ABAGAO,5065
14738,ALAGUIA,5065
14739,BAGUMBAYAN,5065
14740,BANGAG,5065
14741,BICAL,5065
14742,BICUD,5065
14743,BINAG,5065
14744,CABAYABASAN (CAPACUAN),5065
14745,CAGORAN,5065
14746,CAMBONG,5065
14747,CATAYAUAN,5065
14748,CATUGAN,5065
14749,CENTRO (POB.),5065
14750,CULLIT,5065
14751,DAGUPAN,5065
14752,DALAYA,5065
14753,FABRICA,5065
14754,FUSINA,5065
14755,JURISDICTION,5065
14756,LALAFUGAN,5065
14757,LOGAC,5065
14758,MAGAPIT,5065
14759,MALANAO,5065
14760,MAXINGAL,5065
14761,NAGUILIAN,5065
14762,PARANUM,5065
14763,ROSARIO,5065
14764,SAN ANTONIO (LAFU),5065
14765,SAN JOSE,5065
14766,SAN JUAN,5065
14767,SAN LORENZO,5065
14768,SAN MARIANO,5065
14769,SANTA MARIA,5065
14770,SANTA TERESA (MAGALLUNGON),5065
14771,TUCALANA,5065
14772,AGGUNETAN,5066
14773,ALANNAY,5066
14774,BATTALAN,5066
14775,CABATACAN EAST (DULDUGAN*),5066
14776,CABATACAN WEST,5066
14777,CALAPANGAN NORTE,5066
14778,CALAPANGAN SUR,5066
14779,CALLAO NORTE,5066
14780,CALLAO SUR,5066
14781,CATALIGANAN,5066
14782,CENTRO I (POB.),5066
14783,CENTRO II (POB.),5066
14784,CENTRO III (POB.),5066
14785,FINUGO NORTE,5066
14786,GABUN,5066
14787,IGNACIO JURADO (FINUGU SUR),5066
14788,MAGSAYSAY,5066
14789,MALINTA,5066
14790,MINANGA NORTE,5066
14791,MINANGA SUR,5066
14792,NABANNAGAN EAST,5066
14793,NABANNAGAN WEST,5066
14794,NEW ORLINS,5066
14795,NICOLAS AGATEP,5066
14796,PERU,5066
14797,SAN PEDRO,5066
14798,SICALAO,5066
14799,TAGAO,5066
14800,TUCALAN PASSING,5066
14801,VIGA,5066
14802,ABANQUERUAN,5067
14803,ALLASITAN,5067
14804,BAGU,5067
14805,BALINGIT,5067
14806,BIDDUANG,5067
14807,CABAGGAN,5067
14808,CAPALALIAN,5067
14809,CASITAN,5067
14810,CENTRO (POB.),5067
14811,CURVA,5067
14812,GATTU,5067
14813,MASI,5067
14814,NAGATTATAN,5067
14815,NAGTUPACAN,5067
14816,SAN JUAN,5067
14817,SANTA CRUZ,5067
14818,TABBA,5067
14819,TUPANNA,5067
14820,AGGUGADDAN,5068
14821,ALIMANAO,5068
14822,BALIUAG,5068
14823,BICAL,5068
14824,BUGATAY,5068
14825,BUYUN,5068
14826,CABASAN,5068
14827,CABBO,5068
14828,CALLAO,5068
14829,CAMASI,5068
14830,CENTRO (POB.),5068
14831,DODAN,5068
14832,LAPI,5068
14833,MALIBABAG,5068
14834,MANGA,5068
14835,MINANGA,5068
14836,NABBABALAYAN,5068
14837,NANGUILATTAN,5068
14838,NANNARIAN,5068
14839,PARABBA,5068
14840,PATAGUELEG,5068
14841,QUIBAL,5068
14842,SAN ROQUE (LITTO),5068
14843,SISIM,5068
14844,APAYAO,5069
14845,AQUIB,5069
14846,BAUNG,5069
14847,CALAOAGAN,5069
14848,CATARAUAN,5069
14849,DUGAYUNG,5069
14850,GUMARUENG,5069
14851,MACAPIL,5069
14852,MAGUILLING,5069
14853,MINANGA,5069
14854,POBLACION I,5069
14855,POBLACION II,5069
14856,SANTA BARBARA,5069
14857,SANTO DOMINGO,5069
14858,SICATNA,5069
14859,VILLA REY (SAN GASPAR*),5069
14860,VILLA REYNO,5069
14861,WARAT,5069
14862,ANAGGUAN,5070
14863,ANUNGU,5070
14864,ANURTURU,5070
14865,BALUNGCANAG,5070
14866,BATTUT,5070
14867,BATU,5070
14868,BURAL (ZINUNDUNGAN),5070
14869,CAMBABANGAN,5070
14870,CAPACUAN,5070
14871,DUNGGAN,5070
14872,DUYUN,5070
14873,GADDANGAO,5070
14874,GAGGABUTAN EAST,5070
14875,GAGGABUTAN WEST,5070
14876,ILLURU NORTE,5070
14877,ILLURU SUR,5070
14878,LATTUT,5070
14879,LINNO (VILLA CRUZ*),5070
14880,LIWAN,5070
14881,MABBANG,5070
14882,MASI (ZINUNDUNGAN),5070
14883,MAUANAN,5070
14884,MINANGA,5070
14885,NANAUATAN,5070
14886,NANUNGARAN,5070
14887,PASINGAN,5070
14888,POBLACION,5070
14889,SAN JUAN (ZINUNDUNGAN),5070
14890,SINICKING,5070
14891,BANGAN,5071
14892,CALLUNGAN,5071
14893,CENTRO I (POB.),5071
14894,CENTRO II (POB.),5071
14895,DACAL,5071
14896,DAGUERAY,5071
14897,DAMMANG,5071
14898,KITTAG,5071
14899,LANGAGAN,5071
14900,MAGACAN,5071
14901,MARZAN,5071
14902,MASISIT,5071
14903,NAGRANGTAYAN,5071
14904,NAMUAC,5071
14905,SAN ANDRES,5071
14906,SANTIAGO,5071
14907,SANTOR,5071
14908,TOKITOK,5071
14909,BATU-PARADA,5072
14910,CASAGAN,5072
14911,CASAMBALANGAN (PORT IRENE),5072
14912,CENTRO (POB.),5072
14913,DIORA-ZINUNGAN,5072
14914,DUNGEG,5072
14915,KAPANIKIAN,5072
14916,MAREDE,5072
14917,PALAWIG,5072
14918,PATUNUNGAN,5072
14919,RAPULI (PUNTI),5072
14920,SAN VICENTE (FORT),5072
14921,SANTA CLARA,5072
14922,SANTA CRUZ,5072
14923,TANGATAN,5072
14924,VISITACION (POB.),5072
14925,CADONGDONGAN,5073
14926,CAPACUAN,5073
14927,CENTRO I (POB.),5073
14928,CENTRO II (POB.),5073
14929,MACATEL,5073
14930,PORTABAGA,5073
14931,SALUNGSONG,5073
14932,SAN JUAN,5073
14933,SAN MIGUEL,5073
14934,SICUL,5073
14935,ALUCAO,5074
14936,ARIDAWEN,5074
14937,BUYUN,5074
14938,CANIUGAN,5074
14939,CENTRO EAST (POB.),5074
14940,CENTRO WEST,5074
14941,DUNGEG,5074
14942,LUGA,5074
14943,MASI,5074
14944,MISSION,5074
14945,SIMBALUCA,5074
14946,SIMPATUYO,5074
14947,VILLA,5074
14948,ABARIONGAN RUAR,5075
14949,ABARIONGAN UNEG,5075
14950,BALAGAN,5075
14951,BALANNI,5075
14952,CABAYO,5075
14953,CALAPANGAN,5075
14954,CALASSITAN,5075
14955,CAMPO,5075
14956,CENTRO NORTE (POB.),5075
14957,CENTRO SUR (POB.),5075
14958,DUNGAO,5075
14959,LATTAC,5075
14960,LIPATAN,5075
14961,LUBO,5075
14962,MABITBITNONG,5075
14963,MAPITAC,5075
14964,MASICAL,5075
14965,MATALAO,5075
14966,NAG-UMA,5075
14967,NAMUCCAYAN,5075
14968,NIUG NORTE,5075
14969,NIUG SUR,5075
14970,PALUSAO,5075
14971,SAN MANUEL,5075
14972,SAN ROQUE,5075
14973,SANTA FELICITAS,5075
14974,SANTA MARIA,5075
14975,SIDIRAN,5075
14976,TABANG,5075
14977,TAMUCCO,5075
14978,VIRGINIA,5075
14979,ANDARAYAN NORTH,5076
14980,ANDARAYAN SOUTH,5076
14981,BANGAG,5076
14982,BANTAY,5076
14983,BASI EAST,5076
14984,BASI WEST,5076
14985,BAUAN EAST,5076
14986,BAUAN WEST,5076
14987,CADAANAN,5076
14988,CALAMAGUI,5076
14989,CALILLAUAN,5076
14990,CARILUCUD,5076
14991,CATTARAN,5076
14992,CENTRO NORTHEAST (POB.),5076
14993,CENTRO NORTHWEST (POB.),5076
14994,CENTRO SOUTHEAST (POB.),5076
14995,CENTRO SOUTHWEST (POB.),5076
14996,DASSUN,5076
14997,FURAGUI,5076
14998,GADU,5076
14999,GEN. EULOGIO BALAO,5076
15000,IRAGA,5076
15001,LANNA,5076
15002,LANNIG,5076
15003,LINGU,5076
15004,MADDARULUG (SANTO DOMINGO),5076
15005,MAGUIRIG,5076
15006,MALALAM-MALACABIBI,5076
15007,NABBOTUAN,5076
15008,NANGALISAN,5076
15009,NATAPPIAN EAST,5076
15010,NATAPPIAN WEST,5076
15011,PADUL,5076
15012,PALAO,5076
15013,PARUG-PARUG,5076
15014,PATAYA,5076
15015,SAMPAGUITA,5076
15016,UBONG,5076
15017,ACCUSILIAN,5077
15018,ALABIAO,5077
15019,ALABUG,5077
15020,ANGANG,5077
15021,BAGUMBAYAN,5077
15022,BALAGAO,5077
15023,BARANCUAG,5077
15024,BATTUNG,5077
15025,BICOK,5077
15026,BUGNAY,5077
15027,CAGUMITAN,5077
15028,CATO,5077
15029,CULONG,5077
15030,DAGUPAN,5077
15031,FUGU,5077
15032,LAKAMBINI,5077
15033,LALLAYUG,5077
15034,MALALINTA,5077
15035,MALUMIN,5077
15036,MAMBACAG,5077
15037,MUNGO,5077
15038,NARUANGAN,5077
15039,PALCA,5077
15040,PATA,5077
15041,POBLACION I (WARD I CENTRO),5077
15042,POBLACION II (WARD II CENTRO),5077
15043,SAN JUAN,5077
15044,SAN LUIS (GURENGAD),5077
15045,SAN VICENTE (MALEG),5077
15046,SANTO TOMAS,5077
15047,TARIBUBU,5077
15048,VILLA LAIDA,5077
15049,ANNAFUNAN EAST,5078
15050,ANNAFUNAN WEST,5078
15051,ATULAYAN NORTE,5078
15052,ATULAYAN SUR,5078
15053,BAGAY,5078
15054,BUNTUN,5078
15055,CAGGAY,5078
15056,CAPATAN,5078
15057,CARIG,5078
15058,CARITAN CENTRO,5078
15059,CARITAN NORTE,5078
15060,CARITAN SUR,5078
15061,CATAGGAMAN NUEVO,5078
15062,CATAGGAMAN PARDO,5078
15063,CATAGGAMAN VIEJO,5078
15064,CENTRO 1 (POB.),5078
15065,CENTRO 2 (POB.),5078
15066,CENTRO 3 (POB.),5078
15067,CENTRO 4 (POB.),5078
15068,CENTRO 5 (POB.),5078
15069,CENTRO 6 (POB.),5078
15070,CENTRO 7 (POB.),5078
15071,CENTRO 8 (POB.),5078
15072,CENTRO 9 (POB.),5078
15073,CENTRO 10 (POB.),5078
15074,CENTRO 11 (POB.),5078
15075,CENTRO 12 (POB.),5078
15076,DADDA,5078
15077,GOSI NORTE,5078
15078,GOSI SUR,5078
15079,LARION ALTO,5078
15080,LARION BAJO,5078
15081,LEONARDA,5078
15082,LIBAG NORTE,5078
15083,LIBAG SUR,5078
15084,LINAO EAST,5078
15085,LINAO NORTE,5078
15086,LINAO WEST,5078
15087,NAMBBALAN NORTE,5078
15088,NAMBBALAN SUR,5078
15089,PALLUA NORTE,5078
15090,PALLUA SUR,5078
15091,PENGUE (PENGUE-RUYU),5078
15092,REYES,5078
15093,SAN GABRIEL,5078
15094,TAGGA,5078
15095,TANZA,5078
15096,UGAC NORTE,5078
15097,UGAC SUR,5078
15098,AMISTAD,5079
15099,ANTONINO (POB.),5079
15100,APANAY,5079
15101,AURORA,5079
15102,BAGNOS,5079
15103,BAGONG SIKAT,5079
15104,BANTUG-PETINES,5079
15105,BONIFACIO,5079
15106,BURGOS,5079
15107,CALAOCAN (POB.),5079
15108,CALLAO,5079
15109,DAGUPAN,5079
15110,INANAMA,5079
15111,LINGLINGAY,5079
15112,M.H. DEL PILAR,5079
15113,MABINI,5079
15114,MAGSAYSAY (POB.),5079
15115,MATAAS NA KAHOY,5079
15116,PADDAD,5079
15117,RIZAL,5079
15118,RIZALUNA,5079
15119,SALVACION,5079
15120,SAN ANTONIO (POB.),5079
15121,SAN FERNANDO,5079
15122,SAN FRANCISCO,5079
15123,SAN JUAN,5079
15124,SAN PABLO,5079
15125,SAN PEDRO,5079
15126,SANTA CRUZ,5079
15127,SANTA MARIA,5079
15128,SANTO DOMINGO,5079
15129,SANTO TOMAS,5079
15130,VICTORIA,5079
15131,ZAMORA,5079
15132,ALLANGIGAN,5080
15133,ANIOG,5080
15134,BANIKET,5080
15135,BANNAWAG,5080
15136,BANTUG,5080
15137,BARANGCUAG,5080
15138,BAUI,5080
15139,BONIFACIO,5080
15140,BUENAVISTA,5080
15141,BUNNAY,5080
15142,CALABAYAN-MINANGA,5080
15143,CALACCAB,5080
15144,CALAOCAN,5080
15145,CAMPANARIO,5080
15146,CANANGAN,5080
15147,CENTRO I (POB.),5080
15148,CENTRO II (POB.),5080
15149,CENTRO III (POB.),5080
15150,CONSULAR,5080
15151,CUMU,5080
15152,DALAKIP,5080
15153,DALENAT,5080
15154,DIPALUDA,5080
15155,DUROC,5080
15156,ESPERANZA,5080
15157,FUGARU,5080
15158,INGUD NORTE,5080
15159,INGUD SUR,5080
15160,KALUSUTAN,5080
15161,LA SUERTE,5080
15162,LIWLIWA,5080
15163,LOMBOY,5080
15164,LORIA,5080
15165,LOURDES (EL ESCAÑO),5080
15166,MABUHAY,5080
15167,MACALAUAT,5080
15168,MACANIAO,5080
15169,MALANNAO,5080
15170,MALASIN,5080
15171,MANGANDINGAY,5080
15172,MINANGA PROPER,5080
15173,PAPPAT,5080
15174,PISSAY,5080
15175,RAMONA,5080
15176,RANCHO BASSIT,5080
15177,RANG-AYAN,5080
15178,SALAY,5080
15179,SAN AMBROCIO,5080
15180,SAN GUILLERMO,5080
15181,SAN ISIDRO,5080
15182,SAN MARCELO,5080
15183,SAN ROQUE,5080
15184,SAN VICENTE,5080
15185,SANTO NIÑO,5080
15186,SARANAY,5080
15187,SINABBARAN,5080
15188,VICTORY,5080
15189,VIGA,5080
15190,VILLA DOMINGO,5080
15191,APIAT,5081
15192,BAGNOS,5081
15193,BAGONG TANZA,5081
15194,BALLESTEROS,5081
15195,BANNAGAO,5081
15196,BANNAWAG,5081
15197,BOLINAO,5081
15198,CAIPILAN,5081
15199,CAMARUNGGAYAN,5081
15200,DALIG-KALINGA,5081
15201,DIAMANTINA,5081
15202,DIVISORIA,5081
15203,ESPERANZA EAST,5081
15204,ESPERANZA WEST,5081
15205,KALABAZA,5081
15206,MACATAL,5081
15207,MALASIN,5081
15208,NAMPICUAN,5081
15209,PANECIEN,5081
15210,RIZALUNA (LAPUZ),5081
15211,SAN ANDRES,5081
15212,SAN JOSE (POB.),5081
15213,SAN JUAN (POB.),5081
15214,SAN PEDRO-SAN PABLO (POB.),5081
15215,SAN RAFAEL,5081
15216,SAN RAMON,5081
15217,SANTA RITA,5081
15218,SANTA ROSA,5081
15219,SARANAY,5081
15220,SILI,5081
15221,VICTORIA,5081
15222,VILLA FUGU,5081
15223,VILLA NUESA,5081
15224,ANDABUEN,5082
15225,ARA,5082
15226,BALLIAO,5082
15227,BINOGTUNGAN,5082
15228,CAPUSERAN (CAPUROCAN),5082
15229,DAGUPAN,5082
15230,DANIPA,5082
15231,DISTRICT I (POB.),5082
15232,DISTRICT II (POB.),5082
15233,GOMEZ,5082
15234,GUILINGAN,5082
15235,LA SALETTE,5082
15236,LUCBAN,5082
15237,MAKINDOL,5082
15238,MALUNO NORTE,5082
15239,MALUNO SUR,5082
15240,NACALMA,5082
15241,NEW MAGSAYSAY,5082
15242,PLACER,5082
15243,PUNIT,5082
15244,SAN CARLOS,5082
15245,SAN FRANCISCO,5082
15246,SANTA CRUZ,5082
15247,SANTIAGO,5082
15248,SEVILLANA,5082
15249,SINIPIT,5082
15250,VILLALUZ,5082
15251,YEBAN NORTE,5082
15252,YEBAN SUR,5082
15253,BACNOR EAST,4925
15254,BACNOR WEST,4925
15255,CALIGUIAN (POB.),4925
15256,CATABBAN,4925
15257,CULLALABO DEL NORTE,4925
15258,CULLALABO DEL SUR,4925
15259,CULLALABO SAN ANTONIO,4925
15260,DALIG,4925
15261,MALASIN,4925
15262,MASIGUN,4925
15263,RANIAG,4925
15264,SAN BONIFACIO,4925
15265,SAN MIGUEL,4925
15266,SAN ROQUE,4925
15267,AGGUB,5084
15268,ANAO,5084
15269,ANGANCASILIAN,5084
15270,BALASIG,5084
15271,CANSAN,5084
15272,CASIBARAG NORTE,5084
15273,CASIBARAG SUR,5084
15274,CATABAYUNGAN,5084
15275,CENTRO (POB.),5084
15276,CUBAG,5084
15277,GARITA,5084
15278,LUQUILU,5084
15279,MABANGUG,5084
15280,MAGASSI,5084
15281,MASIPI EAST,5084
15282,MASIPI WEST,5084
15283,NGARAG,5084
15284,PILIG ABAJO,5084
15285,PILIG ALTO,5084
15286,SAN ANTONIO,5084
15287,SAN BERNARDO,5084
15288,SAN JUAN,5084
15289,SAUI,5084
15290,TALLAG,5084
15291,UGAD,5084
15292,UNION,5084
15293,CALAOCAN,5085
15294,CANAN,5085
15295,CENTRO (POB.),5085
15296,CULING CENTRO,5085
15297,CULING EAST,5085
15298,CULING WEST,5085
15299,DEL CORPUZ,5085
15300,DEL PILAR,5085
15301,DIAMANTINA,5085
15302,LA PAZ,5085
15303,LUZON,5085
15304,MACALAOAT,5085
15305,MAGDALENA,5085
15306,MAGSAYSAY,5085
15307,NAMNAMA,5085
15308,NUEVA ERA,5085
15309,PARAISO,5085
15310,RANG-AY (CAGGONG),5085
15311,SAMPALOC,5085
15312,SAN ANDRES (TEODORO ABAD),5085
15313,SARANAY,5085
15314,TANDUL,5085
15315,ALICAOCAO,5086
15316,ALINAM,5086
15317,AMOBOCAN,5086
15318,ANDARAYAN,5086
15319,BACULOD,5086
15320,BARINGIN NORTE,5086
15321,BARINGIN SUR,5086
15322,BUENA SUERTE,5086
15323,BUGALLON,5086
15324,BUYON,5086
15325,CABARUAN,5086
15326,CABUGAO,5086
15327,CARABATAN BACARENO,5086
15328,CARABATAN CHICA,5086
15329,CARABATAN GRANDE,5086
15330,CARABATAN PUNTA,5086
15331,CASALATAN,5086
15332,CASSAP FUERA,5086
15333,CATALINA,5086
15334,CULALABAT,5086
15335,DABBURAB,5086
15336,DE VERA,5086
15337,DIANAO,5086
15338,DISIMURAY,5086
15339,DISTRICT I (POB.),5086
15340,DISTRICT II (POB.),5086
15341,DISTRICT III (POB.),5086
15342,DUMINIT,5086
15343,FAUSTINO (SIPAY),5086
15344,GAGABUTAN,5086
15345,GAPPAL,5086
15346,GUAYABAL,5086
15347,LABINAB,5086
15348,LINGLINGAY,5086
15349,MABANTAD,5086
15350,MALIGAYA,5086
15351,MANAOAG,5086
15352,MARABULIG I,5086
15353,MARABULIG II,5086
15354,MINANTE I,5086
15355,MINANTE II,5086
15356,NAGANACAN,5086
15357,NAGCAMPEGAN,5086
15358,NAGRUMBUAN,5086
15359,NUNGNUNGAN I,5086
15360,NUNGNUNGAN II,5086
15361,PINOMA,5086
15362,RIZAL,5086
15363,ROGUS,5086
15364,SAN ANTONIO,5086
15365,SAN FERMIN,5086
15366,SAN FRANCISCO,5086
15367,SAN ISIDRO,5086
15368,SAN LUIS,5086
15369,SAN PABLO (CASAP HACIENDA),5086
15370,SANTA LUCIANA (DABURAB 2),5086
15371,SANTA MARIA,5086
15372,SILLAWIT,5086
15373,SINIPPIL,5086
15374,TAGARAN,5086
15375,TURAYONG,5086
15376,UNION,5086
15377,VILLA CONCEPCION,5086
15378,VILLA LUNA,5086
15379,VILLAFLOR,5086
15380,ABRA,5087
15381,AMBALATUNGAN,5087
15382,BALINTOCATOC,5087
15383,BALUARTE,5087
15384,BANNAWAG NORTE,5087
15385,BATAL,5087
15386,BUENAVISTA,5087
15387,CABULAY,5087
15388,CALAO EAST (POB.),5087
15389,CALAO WEST (POB.),5087
15390,CALAOCAN,5087
15391,CENTRO EAST (POB.),5087
15392,CENTRO WEST (POB.),5087
15393,DIVISORIA,5087
15394,DUBINAN EAST,5087
15395,DUBINAN WEST,5087
15396,LUNA,5087
15397,MABINI,5087
15398,MALVAR,5087
15399,NABBUAN,5087
15400,NAGGASICAN,5087
15401,PATUL,5087
15402,PLARIDEL,5087
15403,RIZAL,5087
15404,ROSARIO,5087
15405,SAGANA,5087
15406,SALVADOR,5087
15407,SAN ANDRES,5087
15408,SAN ISIDRO,5087
15409,SAN JOSE,5087
15410,SANTA ROSA,5087
15411,SINILI,5087
15412,SINSAYON,5087
15413,VICTORY NORTE,5087
15414,VICTORY SUR,5087
15415,VILLA GONZAGA,5087
15416,VILLASIS,5087
15417,AGUINALDO (RIZALUNA ESTE),5088
15418,ANONANG (BALITOC*),5088
15419,CALIMATUROD,5088
15420,CAMARAO,5088
15421,CAPIRPIRIWAN,5088
15422,CAQUILINGAN (SAN LUIS),5088
15423,DALLAO,5088
15424,GAYONG,5088
15425,LAUREL (CENTRO NORTE),5088
15426,MAGSAYSAY (CENTRO SUR OESTE),5088
15427,MALAPAT,5088
15428,OSMENA (CENTRO SUR ESTE),5088
15429,QUEZON (CENTRO NORTE ESTE),5088
15430,QUIRINO (MANASIN),5088
15431,RIZALUNA (RIZALUNA OESTE),5088
15432,ROXAS POB. (CENTRO SUR),5088
15433,SAGAT,5088
15434,SAN JUAN (SAN JUAN ESTE),5088
15435,TALIKTIK,5088
15436,TANGGAL,5088
15437,TARINSING,5088
15438,TUROD NORTE,5088
15439,TUROD SUR,5088
15440,VILLAMARZO,5088
15441,VILLAMIEMBAN,5088
15442,WIGAN,5088
15443,AGA,5089
15444,ANDARAYAN,5089
15445,ANEG,5089
15446,BAYABO,5089
15447,CALINAOAN SUR,5089
15448,CALOOCAN,5089
15449,CAPITOL,5089
15450,CARMENCITA,5089
15451,CONCEPCION,5089
15452,MAUI,5089
15453,QUIBAL,5089
15454,RAGAN ALMACEN,5089
15455,RAGAN NORTE,5089
15456,RAGAN SUR (POB.),5089
15457,RIZAL (RAGAN ALMACEN ALTO),5089
15458,SAN ANDRES,5089
15459,SAN ANTONIO,5089
15460,SAN ISIDRO,5089
15461,SAN JOSE,5089
15462,SAN JUAN,5089
15463,SAN MACARIO,5089
15464,SAN NICOLAS (FUSI),5089
15465,SAN PATRICIO,5089
15466,SAN ROQUE,5089
15467,SANTO ROSARIO,5089
15468,SANTOR,5089
15469,VILLA LUZ,5089
15470,VILLA PEREDA,5089
15471,VISITACION,5089
15472,AYOD,5090
15473,BUCAL NORTE,5090
15474,BUCAL SUR,5090
15475,DIBULO,5090
15476,DIGUMASED (POB.),5090
15477,DIMALUADE,5090
15478,BICOBIAN,5091
15479,DIBULOS,5091
15480,DICAMBANGAN,5091
15481,DICAROYAN,5091
15482,DICATIAN,5091
15483,DILAKIT,5091
15484,DIMAPNAT,5091
15485,DIMAPULA (POB.),5091
15486,DIMASALANSAN,5091
15487,DIPUDO,5091
15488,DITARUM,5091
15489,SAPINIT,5091
15490,ANGOLUAN,5092
15491,ANNAFUNAN,5092
15492,ARABIAT,5092
15493,AROMIN,5092
15494,BABARAN,5092
15495,BACRADAL,5092
15496,BENGUET,5092
15497,BUNEG,5092
15498,BUSILELAO,5092
15499,CABUGAO (POB.),5092
15500,CANIGUING,5092
15501,CARULAY,5092
15502,CASTILLO,5092
15503,DAMMANG EAST,5092
15504,DAMMANG WEST,5092
15505,DIASAN,5092
15506,DICARAOYAN,5092
15507,DUGAYONG,5092
15508,FUGU,5092
15509,GARIT NORTE,5092
15510,GARIT SUR,5092
15511,GUCAB,5092
15512,GUMBAUAN,5092
15513,IPIL,5092
15514,LIBERTAD,5092
15515,MABBAYAD,5092
15516,MABUHAY,5092
15517,MADADAMIAN,5092
15518,MAGLETICIA,5092
15519,MALIBAGO,5092
15520,MALIGAYA,5092
15521,MALITAO,5092
15522,NARRA,5092
15523,NILUMISU,5092
15524,PAG-ASA,5092
15525,PANGAL NORTE,5092
15526,PANGAL SUR,5092
15527,RUMANG-AY,5092
15528,SALAY,5092
15529,SALVACION,5092
15530,SAN ANTONIO MINIT,5092
15531,SAN ANTONIO UGAD,5092
15532,SAN CARLOS,5092
15533,SAN FABIAN,5092
15534,SAN FELIPE,5092
15535,SAN JUAN,5092
15536,SAN MANUEL,5092
15537,SAN MIGUEL,5092
15538,SAN SALVADOR,5092
15539,SANTA ANA,5092
15540,SANTA CRUZ,5092
15541,SANTA MARIA,5092
15542,SANTA MONICA,5092
15543,SANTO DOMINGO,5092
15544,SILAUAN NORTE (POB.),5092
15545,SILAUAN SUR (POB.),5092
15546,SINABBARAN,5092
15547,SOYUNG,5092
15548,TAGGAPPAN,5092
15549,TUGUEGARAO,5092
15550,VILLA CAMPO,5092
15551,VILLA FERMIN,5092
15552,VILLA REY,5092
15553,VILLA VICTORIA,5092
15554,BARCOLAN,5093
15555,BUENAVISTA,5093
15556,DAMMAO,5093
15557,DISTRICT I (POB.),5093
15558,DISTRICT II (POB.),5093
15559,DISTRICT III (POB.),5093
15560,FURAO,5093
15561,GUIBANG,5093
15562,LENZON,5093
15563,LINGLINGAY,5093
15564,MABINI,5093
15565,PINTOR,5093
15566,RIZAL,5093
15567,SONGSONG,5093
15568,UNION,5093
15569,UPI,5093
15570,AGGASIAN,5094
15571,ALIBAGU,5094
15572,ALLINGUIGAN 1ST,5094
15573,ALLINGUIGAN 2ND,5094
15574,ALLINGUIGAN 3RD,5094
15575,ARUSIP,5094
15576,BACULOD (POB.),5094
15577,BAGONG SILANG,5094
15578,BAGUMBAYAN (POB.),5094
15579,BALIGATAN,5094
15580,BALLACONG,5094
15581,BANGAG,5094
15582,BATONG-LABANG,5094
15583,BIGAO,5094
15584,CABANNUNGAN 1ST,5094
15585,CABANNUNGAN 2ND,5094
15586,CABESERIA 2 (DAPPAT),5094
15587,CABESERIA 3 (SAN FERNANDO),5094
15588,CABESERIA 4 (SAN MANUEL),5094
15589,CABESERIA 5 (BARIBAD),5094
15590,CABESERIA 6 AND 24 (VILLA MARCOS*),5094
15591,CABESERIA 7 (NANGALISAN),5094
15592,CABESERIA 9 AND 11 (CAPOGOTAN),5094
15593,CABESERIA 10 (LAPIGUI),5094
15594,CABESERIA 14 AND 16 (CASILAGAN),5094
15595,CABESERIA 17 AND 21 (SAN RAFAEL),5094
15596,CABESERIA 19 (VILLA SUERTE*),5094
15597,CABESERIA 22 (SABLANG),5094
15598,CABESERIA 23 (SAN FRANCISCO*),5094
15599,CABESERIA 25 (STA. LUCIA*),5094
15600,CABESERIA 27 (ABUAN),5094
15601,CADU,5094
15602,CALAMAGUI 1ST,5094
15603,CALAMAGUI 2ND,5094
15604,CAMUNATAN,5094
15605,CAPELLAN,5094
15606,CAPO,5094
15607,CARIKKIKAN NORTE,5094
15608,CARIKKIKAN SUR,5094
15609,CENTRO - SAN ANTONIO,5094
15610,CENTRO POBLACION,5094
15611,FUGU,5094
15612,FUYO,5094
15613,GAYONG-GAYONG NORTE,5094
15614,GAYONG-GAYONG SUR,5094
15615,GUINATAN,5094
15616,IMELDA BLISS VILLAGE,5094
15617,LULLUTAN,5094
15618,MALALAM,5094
15619,MALASIN (ANGELES),5094
15620,MANARING,5094
15621,MANGCURAM,5094
15622,MARANA I,5094
15623,MARANA II,5094
15624,MARANA III,5094
15625,MINABANG,5094
15626,MORADO,5094
15627,NAGUILIAN NORTE,5094
15628,NAGUILIAN SUR,5094
15629,NAMNAMA,5094
15630,NANAGUAN,5094
15631,OSMEÑA (SINIPPIL),5094
15632,PALIUEG,5094
15633,PASA,5094
15634,PILAR,5094
15635,QUIMALABASA,5094
15636,RANG-AYAN (BINTACAN),5094
15637,RUGAO,5094
15638,SALINDINGAN,5094
15639,SAN ANDRES (ANGARILLA),5094
15640,SAN FELIPE,5094
15641,SAN IGNACIO (CANAPI),5094
15642,SAN ISIDRO,5094
15643,SAN JUAN,5094
15644,SAN LORENZO,5094
15645,SAN PABLO,5094
15646,SAN RODRIGO,5094
15647,SAN VICENTE (POB.),5094
15648,SANTA BARBARA (POB.),5094
15649,SANTA CATALINA,5094
15650,SANTA ISABEL NORTE,5094
15651,SANTA ISABEL SUR,5094
15652,SANTA MARIA (CABESERIA 8),5094
15653,SANTA VICTORIA,5094
15654,SANTO TOMAS,5094
15655,SIFFU,5094
15656,SINDON BAYABO,5094
15657,SINDON MARIDE,5094
15658,SIPAY,5094
15659,TANGCUL,5094
15660,VILLA IMELDA (MAPLAS),5094
15661,ABULAN,5095
15662,ADDALAM,5095
15663,ARUBUB,5095
15664,BANNAWAG,5095
15665,BANTAY,5095
15666,BARANGAY I (POB.),5095
15667,BARANGAY II (POB.),5095
15668,BARANGCUAG,5095
15669,DALIBUBON,5095
15670,DALIGAN,5095
15671,DIARAO,5095
15672,DIBULUAN,5095
15673,DICAMAY I,5095
15674,DICAMAY II,5095
15675,DIPANGIT,5095
15676,DISIMPIT,5095
15677,DIVINAN,5095
15678,DUMAWING,5095
15679,FUGU,5095
15680,LACAB,5095
15681,LINAMANAN,5095
15682,LINOMOT,5095
15683,MALANNIT,5095
15684,MINURI,5095
15685,NAMNAMA,5095
15686,NAPALIONG,5095
15687,PALAGAO,5095
15688,PAPAN ESTE,5095
15689,PAPAN WESTE,5095
15690,PAYAC,5095
15691,PONGPONGAN,5095
15692,SAN ANTONIO,5095
15693,SAN ISIDRO,5095
15694,SAN JOSE,5095
15695,SAN ROQUE,5095
15696,SAN SEBASTIAN,5095
15697,SAN VICENTE,5095
15698,SANTA ISABEL,5095
15699,SANTO DOMINGO,5095
15700,TUPAX,5095
15701,USOL,5095
15702,VILLA BELLO,5095
15703,BUSTAMANTE,4986
15704,CENTRO 1 (POB.),4986
15705,CENTRO 2 (POB.),4986
15706,CENTRO 3 (POB.),4986
15707,CONCEPCION,4986
15708,DADAP,4986
15709,HARANA,4986
15710,LALOG 1,4986
15711,LALOG 2,4986
15712,LUYAO,4986
15713,MACAÑAO,4986
15714,MACUGAY,4986
15715,MAMBABANGA,4986
15716,PULAY,4986
15717,PUROC,4986
15718,SAN ISIDRO,4986
15719,SAN MIGUEL,4986
15720,SANTO DOMINGO,4986
15721,UNION KALINGA,4986
15722,APLAYA,5097
15723,CANADAM,5097
15724,DIANA,5097
15725,ELEONOR (POB.),5097
15726,FELY (POB.),5097
15727,LITA (POB.),5097
15728,MALASIN,5097
15729,MINANGA,5097
15730,REINA MERCEDES,5097
15731,SANTA MARINA (DIANGGO),5097
15732,BINMONTON,5098
15733,CASILI,5098
15734,CENTRO I (POB.),5098
15735,CENTRO II (POB.),5098
15736,HOLY FRIDAY,5098
15737,MALIGAYA,5098
15738,MANANO,5098
15739,OLANGO,5098
15740,RANG-AYAN,5098
15741,SAN JOSE NORTE I,5098
15742,SAN JOSE NORTE II,5098
15743,SAN JOSE SUR,5098
15744,SAN PEDRO (BARUCBUC SUR),5098
15745,SAN RAMON,5098
15746,SIEMPRE VIVA NORTE,5098
15747,SIEMPRE VIVA SUR,5098
15748,TRINIDAD,5098
15749,VICTORIA,5098
15750,AGUINALDO,4987
15751,BAGONG SIKAT,4987
15752,BURGOS,4987
15753,CABARUAN,4987
15754,FLORES,4987
15755,LA UNION,4987
15756,MAGSAYSAY (POB.),4987
15757,MANARING,4987
15758,MANSIBANG,4987
15759,MINALLO,4987
15760,MINANGA,4987
15761,PALATTAO,4987
15762,QUEZON (POB.),4987
15763,QUINALABASA,4987
15764,QUIRINO (POB.),4987
15765,RANGAYAN,4987
15766,RIZAL,4987
15767,ROXAS (POB.),4987
15768,SAN MANUEL,4987
15769,SANTA VICTORIA (VILLA CAPUCHINO),4987
15770,SANTO TOMAS,4987
15771,SUNLIFE,4987
15772,SURCOC,4987
15773,TOMINES,4987
15774,VILLA PAZ,4987
15775,ALOMANAY,5100
15776,BISAG,5100
15777,CULASI,5100
15778,DIALAOYAO,5100
15779,DICABISAGAN EAST (POB.),5100
15780,DICABISAGAN WEST (POB.),5100
15781,DICADYUAN,5100
15782,DIDDADUNGAN,5100
15783,DIDIYAN,5100
15784,DIMALICU-LICU,5100
15785,DIMASARI,5100
15786,DIMATICAN,5100
15787,MALIGAYA,5100
15788,MARIKIT,5100
15789,SAN ISIDRO,5100
15790,SANTA JACINTA,5100
15791,VILLA ROBLES,5100
15792,ABUT,5101
15793,ALUNAN (POB.),5101
15794,ARELLANO (POB.),5101
15795,AURORA,5101
15796,BARUCBOC NORTE,5101
15797,CALANGIGAN (CALAMAGUI),5101
15798,DUNMON,5101
15799,ESTRADA,5101
15800,LEPANTO,5101
15801,MANGGA,5101
15802,MINAGBAG,5101
15803,SAMONTE (POB.),5101
15804,SAN JUAN,5101
15805,SANTOS (POB.),5101
15806,TUROD,5101
15807,BINARZANG,5102
15808,CABARUAN,5102
15809,CAMAAL,5102
15810,DOLORES,5102
15811,LUNA,5102
15812,MANAOAG,5102
15813,RIZAL,5102
15814,SAN ISIDRO,5102
15815,SAN JOSE,5102
15816,SAN JUAN,5102
15817,SAN MATEO,5102
15818,SAN VICENTE,5102
15819,SANTA CATALINA,5102
15820,SANTA LUCIA (POB.),5102
15821,SANTIAGO,5102
15822,SANTO DOMINGO,5102
15823,SINAIT,5102
15824,SUERTE,5102
15825,VILLA BULUSAN,5102
15826,VILLA MIGUEL (UGAK),5102
15827,VINTAR,5102
15828,AMBATALI,5103
15829,BANTUG,5103
15830,BUGALLON NORTE,5103
15831,BUGALLON PROPER (POB.),5103
15832,BURGOS,5103
15833,GENERAL AGUINALDO,5103
15834,NAGBACALAN,5103
15835,OSCARIZ,5103
15836,PABIL,5103
15837,PAGRANG-AYAN,5103
15838,PLANAS,5103
15839,PUROK NI BULAN,5103
15840,RANIAG,5103
15841,SAN ANTONIO,5103
15842,SAN MIGUEL,5103
15843,SAN SEBASTIAN,5103
15844,VILLA BELTRAN,5103
15845,VILLA CARMEN,5103
15846,VILLA MARCOS,5103
15847,BANQUERO,5104
15848,BINARSANG,5104
15849,CUTOG GRANDE,5104
15850,CUTOG PEQUEÑO,5104
15851,DANGAN,5104
15852,DISTRICT I (POB.),5104
15853,DISTRICT II (POB.),5104
15854,LABINAB GRANDE (POB.),5104
15855,LABINAB PEQUEÑO (POB.),5104
15856,MALLALATANG GRANDE,5104
15857,MALLALATANG TUNGGUI,5104
15858,NAPACCU GRANDE,5104
15859,NAPACCU PEQUEÑO,5104
15860,SALUCONG,5104
15861,SANTIAGO,5104
15862,SANTOR,5104
15863,SINIPPIL,5104
15864,TALLUNGAN (POB.),5104
15865,TUROD,5104
15866,VILLADOR,5104
15867,ANAO,5105
15868,BANTUG (POB.),5105
15869,DOÑA CONCHA,5105
15870,IMBIAO,5105
15871,LANTING,5105
15872,LUCBAN,5105
15873,LUNA (POB.),5105
15874,MARCOS,5105
15875,MASIGUN,5105
15876,MATUSALEM,5105
15877,MUÑOZ EAST,5105
15878,MUÑOZ WEST,5105
15879,QUILING,5105
15880,RANG-AYAN,5105
15881,RIZAL (POB.),5105
15882,SAN ANTONIO,5105
15883,SAN JOSE,5105
15884,SAN LUIS,5105
15885,SAN PEDRO,5105
15886,SAN PLACIDO,5105
15887,SAN RAFAEL,5105
15888,SIMIMBAAN,5105
15889,SINAMAR,5105
15890,SOTERO NUESA,5105
15891,VILLA CONCEPCION,5105
15892,VIRA (POB.),5105
15893,BAUTISTA,5106
15894,CALAOCAN,5106
15895,DABUBU GRANDE,5106
15896,DABUBU PEQUEÑO,5106
15897,DAPPIG,5106
15898,LAOAG,5106
15899,MAPALAD,5106
15900,MASAYA CENTRO (POB.),5106
15901,MASAYA NORTE,5106
15902,MASAYA SUR,5106
15903,NEMMATAN,5106
15904,PALACIAN,5106
15905,PANANG,5106
15906,QUIMALABASA NORTE,5106
15907,QUIMALABASA SUR,5106
15908,RANG-AY,5106
15909,SALAY,5106
15910,SAN ANTONIO,5106
15911,SANTO NIÑO,5106
15912,SANTOS,5106
15913,SINAOANGAN NORTE,5106
15914,SINAOANGAN SUR,5106
15915,VIRGONEZA,5106
15916,ANONANG,5107
15917,ARINGAY,5107
15918,BURGOS,5107
15919,CALAOAGAN,5107
15920,CENTRO 1 (POB.),5107
15921,CENTRO 2 (POB.),5107
15922,COLORADO,5107
15923,DIETBAN,5107
15924,DINGADING,5107
15925,DIPACAMO,5107
15926,ESTRELLA,5107
15927,GUAM,5107
15928,NAKAR,5107
15929,PALAWAN,5107
15930,PROGRESO,5107
15931,RIZAL,5107
15932,SAN FRANCISCO NORTE,5107
15933,SAN FRANCISCO SUR,5107
15934,SAN MARIANO NORTE,5107
15935,SAN MARIANO SUR,5107
15936,SAN RAFAEL,5107
15937,SINALUGAN,5107
15938,VILLA REMEDIOS,5107
15939,VILLA ROSE,5107
15940,VILLA SANCHEZ,5107
15941,VILLA TERESITA,5107
15942,CAMARAG,5108
15943,CEBU,5108
15944,GOMEZ,5108
15945,GUD,5108
15946,NAGBUKEL,5108
15947,PATANAD,5108
15948,QUEZON,5108
15949,RAMOS EAST,5108
15950,RAMOS WEST,5108
15951,RIZAL EAST (POB.),5108
15952,RIZAL WEST (POB.),5108
15953,VICTORIA,5108
15954,VILLAFLOR,5108
15955,AGLIAM,5031
15956,BABANUANG,5031
15957,CABARITAN,5031
15958,CARANIOGAN,5031
15959,DISTRICT 1 (POB.),5031
15960,DISTRICT 2 (POB.),5031
15961,DISTRICT 3 (POB.),5031
15962,DISTRICT 4 (POB.),5031
15963,EDEN,5031
15964,MALALINTA,5031
15965,MARARIGUE,5031
15966,NUEVA ERA,5031
15967,PISANG,5031
15968,SAN FRANCISCO,5031
15969,SANDIAT CENTRO,5031
15970,SANDIAT EAST,5031
15971,SANDIAT WEST,5031
15972,SANTA CRUZ,5031
15973,VILLANUEVA,5031
15974,ALIBADABAD,5110
15975,BALAGAN,5110
15976,BINATUG,5110
15977,BITABIAN,5110
15978,BUYASAN,5110
15979,CADSALAN,5110
15980,CASALA,5110
15981,CATAGUING,5110
15982,DARAGUTAN EAST,5110
15983,DARAGUTAN WEST,5110
15984,DEL PILAR,5110
15985,DIBULUAN,5110
15986,DICAMAY,5110
15987,DIPUSU,5110
15988,DISULAP,5110
15989,DISUSUAN,5110
15990,GANGALAN,5110
15991,IBUJAN,5110
15992,LIBERTAD,5110
15993,MACAYUCAYU,5110
15994,MALLABO,5110
15995,MARANNAO,5110
15996,MINANGA,5110
15997,OLD SAN MARIANO,5110
15998,PALUTAN,5110
15999,PANNINAN,5110
16000,SAN JOSE,5110
16001,SAN PABLO,5110
16002,SAN PEDRO,5110
16003,SANTA FILOMINA,5110
16004,TAPPA,5110
16005,UEG,5110
16006,ZAMORA,5110
16007,ZONE I (POB.),5110
16008,ZONE II (POB.),5110
16009,ZONE III (POB.),5110
16010,BACAREÑA,5111
16011,BAGONG SIKAT,5111
16012,BARANGAY I (POB.),5111
16013,BARANGAY II (POB.),5111
16014,BARANGAY III (POB.),5111
16015,BARANGAY IV (POB.),5111
16016,BELLA LUZ,5111
16017,DAGUPAN,5111
16018,DARAMUANGAN NORTE,5111
16019,DARAMUANGAN SUR,5111
16020,ESTRELLA,5111
16021,GADDANAN,5111
16022,MALASIN,5111
16023,MAPUROC,5111
16024,MARASAT GRANDE,5111
16025,MARASAT PEQUEÑO,5111
16026,OLD CENTRO I,5111
16027,OLD CENTRO II,5111
16028,SALINUNGAN EAST,5111
16029,SALINUNGAN WEST,5111
16030,SAN ANDRES,5111
16031,SAN ANTONIO,5111
16032,SAN IGNACIO,5111
16033,SAN MANUEL,5111
16034,SAN MARCOS,5111
16035,SAN ROQUE,5111
16036,SINAMAR NORTE,5111
16037,SINAMAR SUR,5111
16038,VICTORIA,5111
16039,VILLA CRUZ,5111
16040,VILLA GAMIAO (BUYON),5111
16041,VILLA MAGAT,5111
16042,VILLAFUERTE,5111
16043,ANNANUMAN,5112
16044,AUITAN,5112
16045,BALLACAYU,5112
16046,BINGUANG,5112
16047,BUNGAD,5112
16048,CADDANGAN/LIMBAUAN,5112
16049,CALAMAGUI,5112
16050,CARALUCUD,5112
16051,DALENA,5112
16052,GUMINGA,5112
16053,MINANGA NORTE,5112
16054,MINANGA SUR,5112
16055,POBLACION,5112
16056,SAN JOSE,5112
16057,SIMANU NORTE,5112
16058,SIMANU SUR,5112
16059,TUPA (SAN VICENTE),5112
16060,BANGAD,4967
16061,BUENAVISTA,4967
16062,CALAMAGUI EAST,4967
16063,CALAMAGUI NORTH,4967
16064,CALAMAGUI WEST,4967
16065,DIVISORIA,4967
16066,LINGALING,4967
16067,MOZZOZZIN NORTH,4967
16068,MOZZOZZIN SUR,4967
16069,NAGANACAN,4967
16070,POBLACION 1,4967
16071,POBLACION 2,4967
16072,POBLACION 3,4967
16073,QUINAGABIAN,4967
16074,SAN ANTONIO,4967
16075,SAN ISIDRO EAST,4967
16076,SAN ISIDRO WEST,4967
16077,SAN RAFAEL EAST,4967
16078,SAN RAFAEL WEST,4967
16079,VILLABUENA,4967
16080,AMMUGAUAN,4992
16081,ANTAGAN,4992
16082,BAGABAG,4992
16083,BAGUTARI,4992
16084,BALELLENG,4992
16085,BARUMBONG,4992
16086,BIGA OCCIDENTAL,4992
16087,BIGA ORIENTAL,4992
16088,BOLINAO-CULALABO,4992
16089,BUBUG,4992
16090,CALANIGAN NORTE,4992
16091,CALANIGAN SUR,4992
16092,CALINAOAN CENTRO,4992
16093,CALINAOAN MALASIN,4992
16094,CALINAOAN NORTE,4992
16095,CAÑOGAN ABAJO NORTE,4992
16096,CAÑOGAN ABAJO SUR,4992
16097,CAÑOGAN ALTO,4992
16098,CENTRO,4992
16099,COLUNGUAN,4992
16100,MALAPAGAY,4992
16101,SAN RAFAEL ABAJO,4992
16102,SAN RAFAEL ALTO,4992
16103,SAN ROQUE,4992
16104,SAN VICENTE,4992
16105,UAUANG-GALICIA,4992
16106,UAUANG-TULIAO,4992
16107,ANNAFUNAN,5115
16108,ANTAGAN I,5115
16109,ANTAGAN II,5115
16110,ARCON,5115
16111,BALUG,5115
16112,BANIG,5115
16113,BANTUG,5115
16114,BARANGAY DISTRICT 1 (POB.),5115
16115,BARANGAY DISTRICT 2 (POB.),5115
16116,BARANGAY DISTRICT 3 (POB.),5115
16117,BARANGAY DISTRICT 4 (POB.),5115
16118,BAYABO EAST,5115
16119,CALIGAYAN,5115
16120,CAMASI,5115
16121,CARPENTERO,5115
16122,COMPANIA,5115
16123,CUMABAO,5115
16124,FERMELDY (HCDA. SAN FRANCISCO),5115
16125,FUGU ABAJO,5115
16126,FUGU NORTE,5115
16127,FUGU SUR,5115
16128,LALAUANAN,5115
16129,LANNA,5115
16130,LAPOGAN,5115
16131,LINGALING,5115
16132,LIWANAG,5115
16133,MALAMAG EAST,5115
16134,MALAMAG WEST,5115
16135,MALIGAYA,5115
16136,MINANGA,5115
16137,MOLDERO,5115
16138,NAMNAMA,5115
16139,PARAGU,5115
16140,PILITAN,5115
16141,SAN MATEO,5115
16142,SAN PEDRO,5115
16143,SAN VICENTE,5115
16144,SANTA,5115
16145,SANTA CATALINA,5115
16146,SANTA VISITACION (MAGGAYU),5115
16147,SANTO NIÑO,5115
16148,SINIPPIL,5115
16149,SISIM ABAJO,5115
16150,SISIM ALTO,5115
16151,TUNGGUI,5115
16152,UGAD,5115
16153,ABUYO,5116
16154,CAUAYAN,5116
16155,GALINTUJA,5116
16156,LIPUGA,5116
16157,LUBLUB (POB.),5116
16158,PELAWAY,5116
16159,AMMUEG,5117
16160,CAMANDAG,5117
16161,DULLI,5117
16162,LABANG,5117
16163,NAPO,5117
16164,POBLACION,5117
16165,SALINGSINGAN,5117
16166,TIBLAC,5117
16167,ANAYO,5118
16168,BAAN,5118
16169,BALITE,5118
16170,BANGANAN,5118
16171,BETI,5118
16172,BONE NORTH,5118
16173,BONE SOUTH,5118
16174,CALITLITAN,5118
16175,CANABUAN,5118
16176,CANAREM,5118
16177,COMON,5118
16178,CUTAR,5118
16179,DARAPIDAP,5118
16180,KIRANG,5118
16181,LATAR-NOCNOC-SAN FRANCISCO,5118
16182,NAGCUARTELAN,5118
16183,OCAO-CAPINIAAN,5118
16184,POBLACION,5118
16185,SANTA CLARA,5118
16186,TABUENG,5118
16187,TUCANON,5118
16188,YAWAY,5118
16189,BAKIR,5119
16190,BARETBET,5119
16191,CAREB,5119
16192,LANTAP,5119
16193,MURONG,5119
16194,NANGALISAN,5119
16195,PANIKI,5119
16196,POGONSINO,5119
16197,QUIRINO (POB.),5119
16198,SAN GERONIMO (POB.),5119
16199,SAN PEDRO (POB.),5119
16200,SANTA CRUZ,5119
16201,SANTA LUCIA,5119
16202,TUAO NORTH,5119
16203,TUAO SOUTH,5119
16204,VILLA COLOMA (POB.),5119
16205,VILLAROS,5119
16206,ABIAN,5120
16207,ABINGANAN,5120
16208,ALIAGA,5120
16209,ALMAGUER NORTH,5120
16210,ALMAGUER SOUTH,5120
16211,BANGGOT (POB.),5120
16212,BARAT,5120
16213,BUAG (POB.),5120
16214,CALAOCAN (POB.),5120
16215,DULLAO,5120
16216,HOMESTEAD,5120
16217,INDIANA,5120
16218,MABUSLO,5120
16219,MACATE,5120
16220,MAGSAYSAY HILLS,5120
16221,MANAMTAM,5120
16222,MAUAN,5120
16223,PALLAS,5120
16224,SALINAS,5120
16225,SAN ANTONIO NORTH,5120
16226,SAN ANTONIO SOUTH,5120
16227,SAN FERNANDO,5120
16228,SAN LEONARDO,5120
16229,SANTO DOMINGO (TABANGAN),5120
16230,SANTO DOMINGO WEST,5120
16231,BANSING,5121
16232,BONFAL EAST,5121
16233,BONFAL PROPER,5121
16234,BONFAL WEST,5121
16235,BUENAVISTA (VISTA HILLS),5121
16236,BUSILAC,5121
16237,CABUAAN,5121
16238,CASAT,5121
16239,DISTRICT III POB. (DON M. PEREZ),5121
16240,DISTRICT IV (POB.),5121
16241,DON DOMINGO MADDELA POB. (DISTRICT I),5121
16242,DON MARIANO MARCOS,5121
16243,DON TOMAS MADDELA POB. (DISTRICT II),5121
16244,IPIL-CUNEG,5121
16245,LA TORRE NORTH,5121
16246,LA TORRE SOUTH,5121
16247,LUYANG,5121
16248,MAGAPUY,5121
20249,MAGSAYSAY,5121
20250,MASOC,5121
20251,PAITAN,5121
20252,SALVACION,5121
20253,SAN NICOLAS NORTH (LUYANG),5121
20254,SANTA ROSA,5121
20255,VISTA ALEGRE (B. BARINGIN),5121
20256,AMPAKLING,5122
20257,ARWAS,5122
20258,BALETE,5122
20259,BUGNAY,5122
20260,BUTAO,5122
20261,DECABACAN,5122
20262,DURUAROG,5122
20263,ESCOTING,5122
20264,LANGCA,5122
20265,LURAD,5122
20266,NAGSABARAN,5122
20267,NAMAMPARAN,5122
20268,PINYA,5122
20269,POBLACION,5122
20270,ROSARIO,5122
20271,SAN LUIS,5122
20272,SAN PABLO,5122
20273,VILLA AURORA,5122
20274,VILLA FLORENTINO,5122
20275,BELANCE,5123
20276,BINNUANGAN,5123
20277,BITNONG,5123
20278,BULALA,5123
20279,INABAN,5123
20280,INEANGAN,5123
20281,LAMO,5123
20282,MABASA,5123
20283,MACABENGA,5123
20284,MALASIN (POB.),5123
20285,MUNGUIA,5123
20286,NEW GUMIAD,5123
20287,OYAO,5123
20288,PARAI,5123
20289,YABBI,5123
20290,ABACA,5124
20291,BAGUMBAYAN,5124
20292,BALSAIN,5124
20293,BANILA,5124
20294,BIRUK,5124
20295,CANABAY,5124
20296,CAROLOTAN,5124
20297,DOMANG,5124
20298,DOPAJ,5124
20299,GABUT,5124
20300,GANAO (LINGAD),5124
20301,KIMBUTAN,5124
20302,KINABUAN,5124
20303,LUKIDNON,5124
20304,MANGAYANG,5124
20305,PALABOTAN,5124
20306,SANGUIT,5124
20307,SANTA MARIA,5124
20308,TALBEK,5124
20309,ALIMIT,5125
20310,ALLOY,5125
20311,ANTUTOT,5125
20312,BILET,5125
20313,BINOGAWAN,5125
20314,BIYOY,5125
20315,BUA,5125
20316,CAMAMASI,5125
20317,CAPISAAN,5125
20318,CATARAWAN,5125
20319,CORDON,5125
20320,DIDIPIO,5125
20321,DINE,5125
20322,KAKIDUGUEN,5125
20323,KONGKONG,5125
20324,LUPA,5125
20325,MACALONG,5125
20326,MALABING,5125
20327,MUTA,5125
20328,NANTAWACAN,5125
20329,PACQUET (ILONGOT RES.),5125
20330,PAO,5125
20331,PAPAYA,5125
20332,POBLACION (ALLOY),5125
20333,PUDI,5125
20334,SEGUEM,5125
20335,TADJI,5125
20336,TOKOD,5125
20337,WANGAL,5125
20338,WATWAT,5125
20339,ACACIA,5126
20340,ALANG-SALACSAC,5126
20341,AMILONG LABENG,5126
20342,ANSIPSIP,5126
20343,BAAN,5126
20344,BABADI,5126
20345,BALANGABANG,5126
20346,BALETE,5126
20347,BANAO,5126
20348,BESONG,5126
20349,BINALIAN,5126
20350,BUYASYAS,5126
20351,CABALATAN-ALANG,5126
20352,CABANGLASAN,5126
20353,CABAYO,5126
20354,CASTILLO VILLAGE,5126
20355,KAYAPA PROPER EAST,5126
20356,KAYAPA PROPER WEST,5126
20357,LATBANG,5126
20358,LAWIGAN,5126
20359,MAPAYAO,5126
20360,NANSIAKAN,5126
20361,PAMPANG (POB.),5126
20362,PANGAWAN,5126
20363,PINAYAG,5126
20364,PINGKIAN,5126
20365,SAN FABIAN,5126
20366,TALECABCAB,5126
20367,TIDANG VILLAGE,5126
20368,TUBONGAN,5126
20369,AURORA,5101
20370,BARESBES,5101
20371,BONIFACIO,5101
20372,BULIWAO,5101
20373,CALAOCAN,5101
20374,CALIAT (POB.),5101
20375,DAGUPAN,5101
20376,DARUBBA,5101
20377,MAASIN,5101
20378,MADDIANGAT,5101
20379,NALUBBUNAN,5101
20380,RUNRUNO,5101
20381,ATBU,5128
20382,BACNENG,5128
20383,BALETE,5128
20384,BALILING,5128
20385,BANTINAN,5128
20386,BARACBAC,5128
20387,BUYASYAS,5128
20388,CANABUAN,5128
20389,IMUGAN,5128
20390,MALICO,5128
20391,POBLACION,5128
20392,SANTA ROSA,5128
20393,SINAPAOAN,5128
20394,TACTAC,5128
20395,UNIB,5128
20396,VILLA FLORES,5128
20397,AGGUB,5129
20398,BAGAHABAG,5129
20399,BANGAAN,5129
20400,BANGAR,5129
20401,BASCARAN,5129
20402,COMMUNAL,5129
20403,CONCEPCION (CALALABANGAN),5129
20404,CURIFANG,5129
20405,DADAP,5129
20406,LACTAWAN,5129
20407,OSMEÑA,5129
20408,PILAR D. GALIMA,5129
20409,POBLACION NORTH,5129
20410,POBLACION SOUTH,5129
20411,QUEZON,5129
20412,QUIRINO,5129
20413,ROXAS,5129
20414,SAN JUAN,5129
20415,SAN LUIS,5129
20416,TUCAL,5129
20417,UDDIAWAN,5129
20418,WACAL,5129
20419,BINTAWAN NORTE,5130
20420,BINTAWAN SUR,5130
20421,CABULUAN,5130
20422,IBUNG,5130
20423,NAGBITIN,5130
20424,OCAPON,5130
20425,PIEZA,5130
20426,POBLACION (TUROD),5130
20427,SAWMILL,5130
20428,ALICIA,5131
20429,CABUGAO,5131
20430,DAGUPAN,5131
20431,DIODOL,5131
20432,DUMABEL,5131
20433,DUNGO (OSMEÑA),5131
20434,GUINALBIN,5131
20435,LIGAYA,5131
20436,NAGABGABAN,5131
20437,PALACIAN,5131
20438,PINARIPAD NORTE,5131
20439,PINARIPAD SUR,5131
20440,PROGRESO (POB.),5131
20441,RAMOS,5131
20442,RANG-AYAN,5131
20443,SAN ANTONIO,5131
20444,SAN BENIGNO,5131
20445,SAN FRANCISCO,5131
20446,SAN LEONARDO (CABARROGUIS),5131
20447,SAN MANUEL,5131
20448,SAN RAMON,5131
20449,VICTORIA,5131
20450,VILLA PAGADUAN,5131
20451,VILLA SANTIAGO,5131
20452,VILLA VENTURA,5131
20453,BANUAR,5132
20454,BURGOS,5132
20455,CALAOCAN,5132
20456,DEL PILAR,5132
20457,DIBIBI,5132
20458,DINGASAN,5132
20459,EDEN,5132
20460,GOMEZ,5132
20461,GUNDAWAY (POB.),5132
20462,MANGANDINGAY (POB.),5132
20463,SAN MARCOS,5132
20464,SANTO DOMINGO,5132
20465,TUCOD,5132
20466,VILLA PEÑA (CAPELLANGAN),5132
20467,VILLAMOR,5132
20468,VILLAROSE,5132
20469,ZAMORA,5132
20470,AKLAN VILLAGE,5133
20471,ANDRES BONIFACIO (POB.),5133
20472,AURORA EAST (POB.),5133
20473,AURORA WEST (POB.),5133
20474,BAGUIO VILLAGE,5133
20475,BALAGBAG,5133
20476,BANNAWAG,5133
20477,CAJEL,5133
20478,CAMPAMENTO,5133
20479,DIEGO SILANG,5133
20480,DON FAUSTINO PAGADUAN,5133
20481,"DON MARIANO PEREZ, SR.",5133
20482,DOÑA IMELDA,5133
20483,DUMANISI,5133
20484,GABRIELA SILANG,5133
20485,GREGORIO PIMENTEL,5133
20486,GULAC,5133
20487,GURIBANG,5133
20488,IFUGAO VILLAGE,5133
20489,ISIDRO PAREDES,5133
20490,LIWAYWAY,5133
20491,LUTTUAD,5133
20492,MAGSAYSAY,5133
20493,MAKATE,5133
20494,MARIA CLARA,5133
20495,RAFAEL PALMA (DON SERGIO OSMEÑA),5133
20496,RICARTE NORTE,5133
20497,RICARTE SUR,5133
20498,RIZAL (POB.),5133
20499,SAN ANTONIO,5133
20500,SAN ISIDRO,5133
20501,SAN PASCUAL,5133
20502,VILLA PASCUA,5133
20503,ABBAG,5134
20504,BALLIGUI,5134
20505,BUENAVISTA,5134
20506,CABARUAN,5134
20507,CABUA-AN,5134
20508,COFCAVILLE,5134
20509,DIDUYON,5134
20510,DIPINTIN,5134
20511,DIVISORIA NORTE,5134
20512,DIVISORIA SUR (BISANGAL),5134
20513,DUMABATO NORTE,5134
20514,DUMABATO SUR,5134
20515,JOSE ANCHETA,5134
20516,LUSOD,5134
20517,MANGLAD,5134
20518,PEDLISAN,5134
20519,POBLACION NORTE,5134
20520,POBLACION SUR,5134
20521,SAN BERNABE,5134
20522,SAN DIONISIO I,5134
20523,SAN MARTIN,5134
20524,SAN PEDRO,5134
20525,SAN SALVADOR,5134
20526,SANTA MARIA,5134
20527,SANTO NIÑO,5134
20528,SANTO TOMAS,5134
20529,VILLA AGULLANA,5134
20530,VILLA GRACIA,5134
20531,VILLA HERMOSA NORTE,5134
20532,VILLA HERMOSA SUR,5134
20533,VILLA JOSE V YLANAN,5134
20534,YSMAEL,5134
20535,ANAK,5135
20536,ASAKLAT,5135
20537,DIPANTAN,5135
20538,DISSIMUNGAL,5135
20539,GUINO (GIAYAN),5135
20540,LA CONWAP (GUINGIN),5135
20541,LANDINGAN,5135
20542,MATADDI,5135
20543,MATMAD,5135
20544,OLD GUMIAD,5135
20545,PONGGO,5135
20546,SAN DIONISIO II,5135
20547,SAN PUGO,5135
20548,SAN RAMOS,5135
20549,SANGBAY,5135
20550,WASID,5135
20551,CARDENAS,5136
20552,DIBUL,5136
20553,GAMIS,5136
20554,LA PAZ,5136
20555,MAGSAYSAY (POB.),5136
20556,RIZAL (POB.),5136
20557,SALVACION,5136
20558,SANTO TOMAS,5136
20559,TRES REYES,5136
20560,BARANGAY I (POB.),5137
20561,BARANGAY II (POB.),5137
20562,BARANGAY III (POB.),5137
20563,BARANGAY IV (POB.),5137
20564,BARANGAY V (POB.),5137
20565,BUHANGIN,5137
20566,CALABUANAN,5137
20567,OBLIGACION,5137
20568,PINGIT,5137
20569,RESERVA,5137
20570,SABANG,5137
20571,SUCLAYIN,5137
20572,ZABALI,5137
20573,BARANGAY 1 (POB.),5138
20574,BARANGAY 2 (POB.),5138
20575,BARANGAY 3 (POB.),5138
20576,BARANGAY 4 (POB.),5138
20577,BARANGAY 5 (POB.),5138
20578,BARANGAY 6 (POB.),5138
20579,BARANGAY 7 (POB.),5138
20580,BARANGAY 8 (POB.),5138
20581,BIANUAN,5138
20582,CALABGAN,5138
20583,CALANGCUASAN (AURORA),5138
20584,CALANTAS,5138
20585,COZO,5138
20586,CULAT,5138
20587,DIBACONG,5138
20588,DIBET,5138
20589,DITINAGYAN,5138
20590,ESPERANZA,5138
20591,ESTEVES,5138
20592,LUAL,5138
20593,MARIKIT,5138
20594,SAN ILDEFONSO,5138
20595,TABAS,5138
20596,TINIB,5138
20597,DIAGYAN,5139
20598,DICABASAN,5139
20599,DILAGUIDI,5139
20600,DIMASESET,5139
20601,DINIOG,5139
20602,ESPERANZA,5139
20603,LAWANG,5139
20604,MALIGAYA (POB.),5139
20605,MANGGITAHAN,5139
20606,MASAGANA (POB.),5139
20607,URA,5139
20608,ABULEG,5140
20609,DIBARAYBAY,5140
20610,DITAWINI,5140
20611,MAPALAD,5140
20612,NIPOO (BULO),5140
20613,PALEG,5140
20614,SIMBAHAN,5140
20615,ZONE I (POB.),5140
20616,ZONE II (POB.),5140
20617,APLAYA,5141
20618,BUTAS NA BATO,5141
20619,CABOG (MATAWE),5141
20620,CARAGSACAN,5141
20621,DAVILDAVILAN,5141
20622,DIKAPANIKIAN,5141
20623,IBONA,5141
20624,PALTIC,5141
20625,POBLACION,5141
20626,TANAWAN,5141
20627,UMIRAY (MALAMIG),5141
20628,BAYABAS,5142
20629,BORLONGAN,5142
20630,BUENAVISTA,5142
20631,CALAOCAN,5142
20632,DIAMANEN,5142
20633,DIANED,5142
20634,DIARABASIN,5142
20635,DIBUTUNAN,5142
20636,DIMABUNO,5142
20637,DINADIAWAN,5142
20638,DITALE,5142
20639,GUPA,5142
20640,IPIL,5142
20641,LABOY,5142
20642,LIPIT,5142
20643,LOBBOT,5142
20644,MALIGAYA,5142
20645,MIJARES,5142
20646,MUCDOL,5142
20647,NORTH POBLACION,5142
20648,PUANGI,5142
20649,SALAY,5142
20650,SAPANGKAWAYAN,5142
20651,SOUTH POBLACION,5142
20652,TOYTOYAN,5142
20653,ALCALA,5143
20654,BAGTU,5143
20655,BANGCO,5143
20656,BANNAWAG,5143
20657,BARANGAY I (POB.),5143
20658,BARANGAY II (POB.),5143
20659,BARANGAY III (POB.),5143
20660,BARANGAY IV (POB.),5143
20661,BAUBO,5143
20662,BAYANIHAN,5143
20663,BAZAL,5143
20664,CABITUCULAN EAST,5143
20665,CABITUCULAN WEST,5143
20666,CADAYACAN,5143
20667,DEBUCAO,5143
20668,DECOLIAT,5143
20669,DETAILEN,5143
20670,DIAAT,5143
20671,DIALATMAN,5143
20672,DIAMAN,5143
20673,DIANAWAN,5143
20674,DIKILDIT,5143
20675,DIMANPUDSO,5143
20676,DIOME,5143
20677,ESTONILO,5143
20678,FLORIDA,5143
20679,GALINTUJA,5143
20680,MALASIN,5143
20681,PONGLO,5143
20682,QUIRINO,5143
20683,RAMADA,5143
20684,SAN JOAQUIN,5143
20685,SAN JOSE,5143
20686,SAN JUAN,5143
20687,SAN LEONARDO,5143
20688,SANTA LUCIA,5143
20689,SANTO TOMAS,5143
20690,SUGUIT,5143
20691,VILLA AURORA,5143
20692,WENCESLAO,5143
20693,BACONG,5144
20694,BARANGAY I (POB.),5144
20695,BARANGAY II (POB.),5144
20696,BARANGAY III (POB.),5144
20697,BARANGAY IV (POB.),5144
20698,DIBALO,5144
20699,DIBAYABAY,5144
20700,DIBUT,5144
20701,DIKAPINISAN,5144
20702,DIMANAYAT,5144
20703,DITEKI,5144
20704,DITUMABO,5144
20705,L. PIMENTEL,5144
20706,NONONG SENIOR,5144
20707,REAL,5144
20708,SAN ISIDRO,5144
20709,SAN JOSE,5144
20710,ZARAH,5144
20711,BANGKAL,5145
20712,CALAYLAYAN (POB.),5145
20713,CAPITANGAN,5145
20714,GABON,5145
20715,LAON (POB.),5145
20716,MABATANG,5145
20717,OMBOY,5145
20718,SALIAN,5145
20719,WAWA (POB.),5145
20720,ATILANO L. RICARDO,5146
20721,BAGUMBAYAN (POB.),5146
20722,BANAWANG,5146
20723,BINUANGAN,5146
20724,BINUKAWAN,5146
20725,IBABA,5146
20726,IBIS,5146
20727,PAG-ASA (WAWA-SIBACAN),5146
20728,PARANG,5146
20729,PAYSAWAN,5146
20730,QUINAWAN,5146
20731,SAN ANTONIO,5146
20732,SAYSAIN,5146
20733,TABING-ILOG (POB.),5146
20734,BAGONG SILANG,5147
20735,BAGUMBAYAN,5147
20736,CABOG-CABOG,5147
20737,CAMACHO,5147
20738,CATANING,5147
20739,CENTRAL,5147
20740,CUPANG NORTH,5147
20741,CUPANG PROPER,5147
20742,CUPANG WEST,5147
20743,DANGCOL (BERNABE),5147
20744,DOÑA FRANCISCA,5147
20745,IBAYO,5147
20746,LOTE,5147
20747,MALABIA,5147
20748,MUNTING BATANGAS (CADRE),5147
20749,POBLACION,5147
20750,PTO. RIVAS IBABA,5147
20751,PTO. RIVAS ITAAS,5147
20752,SAN JOSE,5147
20753,SIBACAN,5147
20754,TALISAY,5147
20755,TANATO,5147
20756,TENEJERO,5147
20757,TORTUGAS,5147
20758,TUYO,5147
20759,AQUINO,5148
20760,BANGAL,5148
20761,BAYAN-BAYANAN,5148
20762,BONIFACIO (POB.),5148
20763,BURGOS (POB.),5148
20764,COLO,5148
20765,DAANG BAGO,5148
20766,DALAO,5148
20767,DEL PILAR (POB.),5148
20768,GEN. LUNA (POB.),5148
20769,GOMEZ (POB.),5148
20770,HAPPY VALLEY,5148
20771,"JOSE C. PAYUMO, JR.",5148
20772,KATAASAN,5148
20773,LAYAC,5148
20774,LUACAN,5148
20775,MABINI EXT. (POB.),5148
20776,MABINI PROPER (POB.),5148
20777,MAGSAYSAY,5148
20778,MALIGAYA,5148
20779,NAPARING,5148
20780,NEW SAN JOSE,5148
20781,OLD SAN JOSE,5148
20782,PADRE DANDAN (POB.),5148
20783,PAG-ASA,5148
20784,PAGALANGGANG,5148
20785,PAYANGAN,5148
20786,PENTOR,5148
20787,PINULOT,5148
20788,PITA,5148
20789,RIZAL (POB.),5148
20790,ROOSEVELT,5148
20791,ROXAS (POB.),5148
20792,SAGUING,5148
20793,SAN BENITO,5148
20794,SAN ISIDRO (POB.),5148
20795,SAN PABLO (BULATE),5148
20796,SAN RAMON,5148
20797,SAN SIMON,5148
20798,SANTA ISABEL (TABACAN),5148
20799,SANTO NIÑO,5148
20800,SAPANG BALAS,5148
20801,TORRES BUGAUEN (POB.),5148
20802,TUBO-TUBO,5148
20803,TUCOP,5148
20804,ZAMORA (POB.),5148
20805,A. RIVERA (POB.),5149
20806,ALMACEN,5149
20807,BACONG,5149
20808,BALSIC,5149
20809,BAMBAN,5149
20810,BURGOS-SOLIMAN (POB.),5149
20811,CATANING (POB.),5149
20812,CULIS,5149
20813,DAUNGAN (POB.),5149
20814,JUDGE ROMAN CRUZ SR. (MANDAMA),5149
20815,MABIGA,5149
20816,MABUCO,5149
20817,MAITE,5149
20818,MAMBOG - MANDAMA,5149
20819,PALIHAN,5149
20820,PANDATUNG,5149
20821,PULO,5149
20822,SABA,5149
20823,SACRIFICE VALLEY,5149
20824,SAN PEDRO (POB.),5149
20825,SANTO CRISTO (POB.),5149
20826,SUMALO,5149
20827,TIPO,5149
20828,ALANGAN,5150
20829,DUALE,5150
20830,KITANG 2 AND LUZ,5150
20831,KITANG I,5150
20832,LAMAO,5150
20833,LANDING,5150
20834,POBLACION,5150
20835,REFORMISTA,5150
20836,SAN FRANCISCO DE ASIS,5150
20837,ST. FRANCIS II,5150
20838,TOWNSITE,5150
20839,WAWA,5150
20840,ALAS-ASIN,5151
20841,ALION,5151
20842,BALON-ANITO,5151
20843,BASECO COUNTRY (NASSCO),5151
20844,BATANGAS II,5151
20845,BIAAN,5151
20846,CABCABEN,5151
20847,CAMAYA,5151
20848,IPAG,5151
20849,LUCANIN,5151
20850,MALAYA,5151
20851,MALIGAYA,5151
20852,MT. VIEW,5151
20853,POBLACION,5151
20854,SAN CARLOS,5151
20855,SAN ISIDRO,5151
20856,SISIMAN,5151
20857,TOWNSITE,5151
20858,BINARITAN,5152
20859,MABAYO,5152
20860,NAGBALAYONG,5152
20861,POBLACION,5152
20862,SABANG,5152
20863,APOLLO,5153
20864,BAGONG PARAISO (POB.),5153
20865,BALUT (POB.),5153
20866,BAYAN (POB.),5153
20867,CALERO (POB.),5153
20868,CENTRO I (POB.),5153
20869,CENTRO II (POB.),5153
20870,DONA,5153
20871,KABALUTAN,5153
20872,KAPARANGAN,5153
20873,MARIA FE,5153
20874,MASANTOL,5153
20875,MULAWIN,5153
20876,PAG-ASA,5153
20877,PAKING-CARBONERO (POB.),5153
20878,PALIHAN (POB.),5153
20879,PANTALAN BAGO (POB.),5153
20880,PANTALAN LUMA (POB.),5153
20881,PARANG PARANG (POB.),5153
20882,PUKSUAN,5153
20883,SIBUL,5153
20884,SILAHIS,5153
20885,TAGUMPAY,5153
20886,TALA,5153
20887,TALIMUNDOC,5153
20888,TAPULAO,5153
20889,TENEJERO (POB.),5153
20890,TUGATOG,5153
20891,WAWA (POB.),5153
20892,ARELLANO (POB.),5154
20893,BAGUMBAYAN (POB.),5154
20894,BALAGTAS (POB.),5154
20895,BALUT (POB.),5154
20896,BANTAN,5154
20897,BILOLO,5154
20898,CALUNGUSAN,5154
20899,CAMACHILE,5154
20900,DAANG BAGO (POB.),5154
20901,DAANG BILOLO (POB.),5154
20902,DAANG PARE,5154
20903,GENERAL LIM (KAPUT),5154
20904,KAPUNITAN,5154
20905,LATI (POB.),5154
20906,LUSUNGAN (POB.),5154
20907,PUTING BUHANGIN,5154
20908,SABATAN,5154
20909,SAN VICENTE (POB.),5154
20910,SANTA ELENA,5154
20911,SANTO DOMINGO,5154
20912,VILLA ANGELES (POB.),5154
20913,WAKAS (POB.),5154
20914,WAWA (POB.),5154
20915,ALA-ULI,5155
20916,BAGUMBAYAN,5155
20917,BALUT I,5155
20918,BALUT II,5155
20919,BANTAN MUNTI,5155
20920,BURGOS,5155
20921,DEL ROSARIO (POB.),5155
20922,DIWA,5155
20923,LANDING,5155
20924,LIYANG,5155
20925,NAGWALING,5155
20926,PANILAO,5155
20927,PANTINGAN,5155
20928,POBLACION,5155
20929,RIZAL (POB.),5155
20930,SANTA ROSA,5155
20931,WAKAS NORTH,5155
20932,WAKAS SOUTH,5155
20933,WAWA,5155
20934,EAST CALAGUIMAN (POB.),5156
20935,EAST DAANG BAGO (POB.),5156
20936,GUGO,5156
20937,IBABA (POB.),5156
20938,IMELDA,5156
20939,LALAWIGAN,5156
20940,PALILI,5156
20941,SAN JUAN (POB.),5156
20942,SAN ROQUE (POB.),5156
20943,SANTA LUCIA,5156
20944,SAPA,5156
20945,TABING ILOG,5156
20946,WEST CALAGUIMAN (POB.),5156
20947,WEST DAANG BAGO (POB.),5156
20948,BANABAN,5157
20949,BAYBAY,5157
20950,BINAGBAG,5157
20951,DONACION,5157
20952,ENCANTO,5157
20953,LAOG,5157
20954,MARUNGKO,5157
20955,NIUGAN,5157
20956,PALTOK,5157
20957,PULONG YANTOK,5157
20958,SAN ROQUE (POB.),5157
20959,SANTA CRUZ (POB.),5157
20960,SANTA LUCIA,5157
20961,SANTO CRISTO (POB.),5157
20962,SULUCAN,5157
20963,TABOC,5157
20964,BOROL 1ST,5158
20965,BOROL 2ND,5158
20966,DALIG,5158
20967,LONGOS,5158
20968,PANGINAY,5158
20969,PULONG GUBAT,5158
20970,SAN JUAN,5158
20971,SANTOL,5158
20972,WAWA (POB.),5158
20973,BAGONG NAYON,5159
20974,BARANGCA,5159
20975,CALANTIPAY,5159
20976,CATULINAN,5159
20977,CONCEPCION,5159
20978,HINUKAY,5159
20979,MAKINABANG,5159
20980,MATANGTUBIG,5159
20981,PAGALA,5159
20982,PAITAN,5159
20983,PIEL,5159
20984,PINAGBARILAN,5159
20985,POBLACION,5159
20986,SABANG,5159
20987,SAN JOSE,5159
20988,SAN ROQUE,5159
20989,SANTA BARBARA,5159
20990,SANTO CRISTO,5159
20991,SANTO NIÑO,5159
20992,SUBIC,5159
20993,SULIVAN,5159
20994,TANGOS,5159
20995,TARCAN,5159
20996,TIAONG,5159
20997,TIBAG,5159
20998,TILAPAYONG,5159
20999,VIRGEN DELAS FLORES,5159
21000,ANTIPONA,5160
21001,BAGUMBAYAN,5160
21002,BAMBANG,5160
21003,BATIA,5160
21004,BIÑANG 1ST,5160
21005,BIÑANG 2ND,5160
21006,BOLACAN,5160
21007,BUNDUKAN,5160
21008,BUNLO,5160
21009,CAINGIN,5160
21010,DUHAT,5160
21011,IGULOT,5160
21012,LOLOMBOY,5160
21013,POBLACION,5160
21014,SULUCAN,5160
21015,TAAL,5160
21016,TAMBOBONG,5160
21017,TURO,5160
21018,WAKAS,5160
21019,BAGUMBAYAN,5161
21020,BALUBAD,5161
21021,BAMBANG,5161
21022,MATUNGAO,5161
21023,MAYSANTOL,5161
21024,PEREZ,5161
21025,PITPITAN,5161
21026,SAN FRANCISCO,5161
21027,SAN JOSE (POB.),5161
21028,SAN NICOLAS,5161
21029,SANTA ANA,5161
21030,SANTA INES,5161
21031,TALIPTIP,5161
21032,TIBIG,5161
21033,BONGA MAYOR,5162
21034,BONGA MENOR,5162
21035,BUISAN,5162
21036,CAMACHILIHAN,5162
21037,CAMBAOG,5162
21038,CATACTE,5162
21039,LICIADA,5162
21040,MALAMIG,5162
21041,MALAWAK,5162
21042,POBLACION,5162
21043,SAN PEDRO,5162
21044,TALAMPAS,5162
21045,TANAWAN,5162
21046,TIBAGAN,5162
21047,BALITE,5163
21048,BALUNGAO,5163
21049,BUGUION,5163
21050,BULUSAN,5163
21051,CALIZON,5163
21052,CALUMPANG,5163
21053,CANIOGAN,5163
21054,CORAZON,5163
21055,FRANCES,5163
21056,GATBUCA,5163
21057,GUGO,5163
21058,IBA ESTE,5163
21059,IBA O'ESTE,5163
21060,LONGOS,5163
21061,MEYSULAO,5163
21062,MEYTO,5163
21063,PALIMBANG,5163
21064,PANDUCOT,5163
21065,PIO CRUZCOSA,5163
21066,POBLACION,5163
21067,PUNGO,5163
21068,SAN JOSE,5163
21069,SAN MARCOS,5163
21070,SAN MIGUEL,5163
21071,SANTA LUCIA,5163
21072,SANTO NIÑO,5163
21073,SAPANG BAYAN,5163
21074,SERGIO BAYAN,5163
21075,SUCOL,5163
21076,BAYABAS,5164
21077,CAMACHILE,5164
21078,CAMACHIN,5164
21079,KABAYUNAN,5164
21080,KALAWAKAN,5164
21081,PULONG SAMPALOK,5164
21082,SAPANG BULAK,5164
21083,TALBAK,5164
21084,CUTCUT,5165
21085,DAUNGAN,5165
21086,ILANG-ILANG,5165
21087,MALIS,5165
21088,PANGINAY,5165
21089,POBLACION,5165
21090,PRITIL,5165
21091,PULONG GUBAT,5165
21092,SANTA CRUZ,5165
21093,SANTA RITA,5165
21094,TABANG,5165
21095,TABE,5165
21096,TIAONG,5165
21097,TUKTUKAN,5165
21098,ABULALAS,5166
21099,CARILLO,5166
21100,IBA,5166
21101,IBA-IBAYO,5166
21102,MERCADO,5166
21103,PALAPAT,5166
21104,PUGAD,5166
21105,SAGRADA FAMILIA,5166
21106,SAN AGUSTIN,5166
21107,SAN ISIDRO,5166
21108,SAN JOSE,5166
21109,SAN JUAN,5166
21110,SAN MIGUEL,5166
21111,SAN NICOLAS,5166
21112,SAN PABLO,5166
21113,SAN PASCUAL,5166
21114,SAN PEDRO,5166
21115,SAN ROQUE,5166
21116,SAN SEBASTIAN,5166
21117,SANTA CRUZ,5166
21118,SANTA ELENA,5166
21119,SANTA MONICA,5166
21120,SANTO NIÑO (POB.),5166
21121,SANTO ROSARIO,5166
21122,TAMPOK,5166
21123,TIBAGUIN,5166
21124,ANILAO,5167
21125,ATLAG,5167
21126,BABATNIN,5167
21127,BAGNA,5167
21128,BAGONG BAYAN,5167
21129,BALAYONG,5167
21130,BALITE,5167
21131,BANGKAL,5167
21132,BARIHAN,5167
21133,BULIHAN,5167
21134,BUNGAHAN,5167
21135,CAINGIN,5167
21136,CALERO,5167
21137,CALILIGAWAN,5167
21138,CANALATE,5167
21139,CANIOGAN,5167
21140,CATMON,5167
21141,COFRADIA,5167
21142,DAKILA,5167
21143,GUINHAWA,5167
21144,LIGAS,5167
21145,LIYANG,5167
21146,LONGOS,5167
21147,LOOK 1ST,5167
21148,LOOK 2ND,5167
21149,LUGAM,5167
21150,MABOLO,5167
21151,MAMBOG,5167
21152,MASILE,5167
21153,MATIMBO,5167
21154,MOJON,5167
21155,NAMAYAN,5167
21156,NIUGAN,5167
21157,PAMARAWAN,5167
21158,PANASAHAN,5167
21159,PINAGBAKAHAN,5167
21160,SAN AGUSTIN,5167
21161,SAN GABRIEL,5167
21162,SAN JUAN,5167
21163,SAN PABLO,5167
21164,SAN VICENTE (POB.),5167
21165,SANTIAGO,5167
21166,SANTISIMA TRINIDAD,5167
21167,SANTO CRISTO,5167
21168,SANTO NIÑO (POB.),5167
21169,SANTO ROSARIO (POB.),5167
21170,SANTOL,5167
21171,SUMAPANG BATA,5167
21172,SUMAPANG MATANDA,5167
21173,TAAL,5167
21174,TIKAY,5167
21175,ABANGAN NORTE,5168
21176,ABANGAN SUR,5168
21177,IBAYO,5168
21178,LAMBAKIN,5168
21179,LIAS,5168
21180,LOMA DE GATO,5168
21181,NAGBALON,5168
21182,PATUBIG,5168
21183,POBLACION I,5168
21184,POBLACION II,5168
21185,PRENZA I,5168
21186,PRENZA II,5168
21187,SANTA ROSA I,5168
21188,SANTA ROSA II,5168
21189,SAOG,5168
21190,TABING ILOG,5168
21191,BAGBAGUIN,5169
21192,BAHAY PARE,5169
21193,BANCAL,5169
21194,BANGA,5169
21195,BAYUGO,5169
21196,CAINGIN,5169
21197,CALVARIO,5169
21198,CAMALIG,5169
21199,GASAK (SAINT FRANCIS),5169
21200,HULO,5169
21201,IBA,5169
21202,LANGKA,5169
21203,LAWA,5169
21204,LIBTONG,5169
21205,LIPUTAN,5169
21206,LONGOS,5169
21207,MALHACAN,5169
21208,PAJO,5169
21209,PANDAYAN,5169
21210,PANTOC,5169
21211,PEREZ,5169
21212,POBLACION,5169
21213,SALUYSOY,5169
21214,TUGATOG,5169
21215,UBIHAN,5169
21216,ZAMORA,5169
21217,BANGKAL,5170
21218,BARAKA,5170
21219,BIGTE,5170
21220,BITUNGOL,5170
21221,FRIENDSHIP VILLAGE RESOURCES,5170
21222,MATICTIC,5170
21223,MINUYAN,5170
21224,PARTIDA,5170
21225,PINAGTULAYAN,5170
21226,POBLACION,5170
21227,SAN LORENZO,5170
21228,SAN MATEO,5170
21229,TIGBE,5170
21230,BINUANGAN,5171
21231,CATANGHALAN,5171
21232,HULO,5171
21233,LAWA,5171
21234,PACO,5171
21235,PAG-ASA (POB.),5171
21236,PALIWAS,5171
21237,PANGHULO,5171
21238,SALAMBAO,5171
21239,SAN PASCUAL,5171
21240,TAWIRAN,5171
21241,BAGBAGUIN,5172
21242,BAGONG BARRIO,5172
21243,BAKA-BAKAHAN,5172
21244,BUNSURAN I,5172
21245,BUNSURAN II,5172
21246,BUNSURAN III,5172
21247,CACARONG BATA,5172
21248,CACARONG MATANDA,5172
21249,CUPANG,5172
21250,MALIBONG BATA,5172
21251,MALIBONG MATANDA,5172
21252,MANATAL,5172
21253,MAPULANG LUPA,5172
21254,MASAGANA,5172
21255,MASUSO,5172
21256,PINAGKUARTELAN,5172
21257,POBLACION,5172
21258,REAL DE CACARONG,5172
21259,SAN ROQUE,5172
21260,SANTO NIÑO,5172
21261,SILING BATA,5172
21262,SILING MATANDA,5172
21263,BINAKOD,5173
21264,KAPITANGAN,5173
21265,MALUMOT,5173
21266,MASUKOL,5173
21267,PINALAGDAN,5173
21268,POBLACION,5173
21269,SAN ISIDRO I,5173
21270,SAN ISIDRO II,5173
21271,SAN JOSE,5173
21272,SAN ROQUE,5173
21273,SAN VICENTE,5173
21274,SANTA CRUZ,5173
21275,SANTO NIÑO,5173
21276,SANTO ROSARIO,5173
21277,AGNAYA,5174
21278,BAGONG SILANG,5174
21279,BANGA I,5174
21280,BANGA II,5174
21281,BINTOG,5174
21282,BULIHAN,5174
21283,CULIANIN,5174
21284,DAMPOL,5174
21285,LAGUNDI,5174
21286,LALANGAN,5174
21287,LUMANG BAYAN,5174
21288,PARULAN,5174
21289,POBLACION,5174
21290,RUEDA,5174
21291,SAN JOSE,5174
21292,SANTA INES,5174
21293,SANTO NIÑO,5174
21294,SIPAT,5174
21295,TABANG,5174
21296,BALATONG A,5175
21297,BALATONG B,5175
21298,CUTCOT,5175
21299,DAMPOL I,5175
21300,DAMPOL II-A,5175
21301,DAMPOL II-B,5175
21302,DULONG MALABON,5175
21303,INAON,5175
21304,LONGOS,5175
21305,LUMBAC,5175
21306,PALTAO,5175
21307,PENABATAN,5175
21308,POBLACION,5175
21309,SANTA PEREGRINA,5175
21310,SANTO CRISTO,5175
21311,TAAL,5175
21312,TABON,5175
21313,TIBAG,5175
21314,TINEJERO,5175
21315,AKLE,4960
21316,ALAGAO,4960
21317,ANYATAM,4960
21318,BAGONG BARRIO,4960
21319,BASUIT,4960
21320,BUBULONG MALAKI,4960
21321,BUBULONG MUNTI,4960
21322,BUHOL NA MANGGA,4960
21323,BULUSUKAN,4960
21324,CALASAG,4960
21325,CALAWITAN,4960
21326,CASALAT,4960
21327,GABIHAN,4960
21328,GARLANG,4960
21329,LAPNIT,4960
21330,MAASIM,4960
21331,MAKAPILAPIL,4960
21332,MALIPAMPANG,4960
21333,MATAAS NA PARANG,4960
21334,MATIMBUBONG,4960
21335,NABAONG GARLANG,4960
21336,PALAPALA,4960
21337,PASONG BANGKAL,4960
21338,PINAOD,4960
21339,POBLACION,4960
21340,PULONG TAMO,4960
21341,SAN JUAN,4960
21342,SANTA CATALINA BATA,4960
21343,SANTA CATALINA MATANDA,4960
21344,SAPANG DAYAP,4960
21345,SAPANG PUTIK,4960
21346,SAPANG PUTOL,4960
21347,SUMANDIG,4960
21348,TELEPATIO,4960
21349,UMPUCAN,4960
21350,UPIG,4960
21351,ASSUMPTION,5177
21352,BAGONG BUHAY,5177
21353,BAGONG BUHAY II,5177
21354,BAGONG BUHAY III,5177
21355,CITRUS,5177
21356,CIUDAD REAL,5177
21357,DULONG BAYAN,5177
21358,FATIMA,5177
21359,FATIMA II,5177
21360,FATIMA III,5177
21361,FATIMA IV,5177
21362,FATIMA V,5177
21363,FRANCISCO HOMES-GUIJO,5177
21364,FRANCISCO HOMES-MULAWIN,5177
21365,FRANCISCO HOMES-NARRA,5177
21366,FRANCISCO HOMES-YAKAL,5177
21367,GAYA-GAYA,5177
21368,GRACEVILLE,5177
21369,GUMAOC CENTRAL,5177
21370,GUMAOC EAST,5177
21371,GUMAOC WEST,5177
21372,KAYBANBAN,5177
21373,KAYPIAN,5177
21374,LAWANG PARI,5177
21375,MAHARLIKA,5177
21376,MINUYAN,5177
21377,MINUYAN II,5177
21378,MINUYAN III,5177
21379,MINUYAN IV,5177
21380,MINUYAN PROPER,5177
21381,MINUYAN V,5177
21382,MUZON,5177
21383,PARADISE III,5177
21384,POBLACION,5177
21385,POBLACION I,5177
21386,SAN ISIDRO,5177
21387,SAN MANUEL,5177
21388,SAN MARTIN,5177
21389,SAN MARTIN II,5177
21390,SAN MARTIN III,5177
21391,SAN MARTIN IV,5177
21392,SAN PEDRO,5177
21393,SAN RAFAEL,5177
21394,SAN RAFAEL I,5177
21395,SAN RAFAEL III,5177
21396,SAN RAFAEL IV,5177
21397,SAN RAFAEL V,5177
21398,SAN ROQUE,5177
21399,SANTA CRUZ,5177
21400,SANTA CRUZ II,5177
21401,SANTA CRUZ III,5177
21402,SANTA CRUZ IV,5177
21403,SANTA CRUZ V,5177
21404,SANTO CRISTO,5177
21405,SANTO NIÑO,5177
21406,SANTO NIÑO II,5177
21407,SAPANG PALAY,5177
21408,ST. MARTIN DE PORRES,5177
21409,TUNGKONG MANGGA,5177
21410,BAGONG PAG-ASA,5178
21411,BAGONG SILANG,5178
21412,BALAONG,5178
21413,BALITE,5178
21414,BANTOG,5178
21415,BARDIAS,5178
21416,BARITAN,5178
21417,BATASAN BATA,5178
21418,BATASAN MATANDA,5178
21419,BIAK-NA-BATO,5178
21420,BICLAT,5178
21421,BUGA,5178
21422,BULIRAN,5178
21423,BULUALTO,5178
21424,CALUMPANG,5178
21425,CAMBIO,5178
21426,CAMIAS,5178
21427,ILOG-BULO,5178
21428,KING KABAYO,5178
21429,LABNE,5178
21430,LAMBAKIN,5178
21431,MAGMARALE,5178
21432,MALIBAY,5178
21433,MALIGAYA,5178
21434,MANDILE,5178
21435,MASALIPIT,5178
21436,PACALAG,5178
21437,PALIWASAN,5178
21438,PARTIDA,5178
21439,PINAMBARAN,5178
21440,POBLACION,5178
21441,PULONG BAYABAS,5178
21442,PULONG DUHAT,5178
21443,SACDALAN,5178
21444,SALACOT,5178
21445,SALANGAN,5178
21446,SAN AGUSTIN,5178
21447,SAN JOSE,5178
21448,SAN JUAN,5178
21449,SAN VICENTE,5178
21450,SANTA INES,5178
21451,SANTA LUCIA,5178
21452,SANTA RITA BATA,5178
21453,SANTA RITA MATANDA,5178
21454,SAPANG,5178
21455,SIBUL,5178
21456,TARTARO,5178
21457,TIBAGAN,5178
21458,TIGPALAS,5178
21459,BANCA-BANCA,5179
21460,BMA-BALAGTAS,5179
21461,CAINGIN,5179
21462,CAPIHAN,5179
21463,CORAL NA BATO,5179
21464,CRUZ NA DAAN,5179
21465,DAGAT-DAGATAN,5179
21466,DILIMAN I,5179
21467,DILIMAN II,5179
21468,LIBIS,5179
21469,LICO,5179
21470,MAASIM,5179
21471,MABALAS-BALAS,5179
21472,MAGUINAO,5179
21473,MARONGUILLO,5179
21474,PACO,5179
21475,PANSUMALOC,5179
21476,PANTUBIG,5179
21477,PASONG BANGKAL,5179
21478,PASONG CALLOS,5179
21479,PASONG INTSIK,5179
21480,PINACPINACAN,5179
21481,POBLACION,5179
21482,PULO,5179
21483,PULONG BAYABAS,5179
21484,SALAPUNGAN,5179
21485,SAMPALOC,5179
21486,SAN AGUSTIN,5179
21487,SAN ROQUE,5179
21488,SAPANG PAHALANG,5179
21489,TALACSAN,5179
21490,TAMBUBONG,5179
21491,TUKOD,5179
21492,ULINGAO,5179
21493,BAGBAGUIN,5180
21494,BALASING,5180
21495,BUENAVISTA,5180
21496,BULAC,5180
21497,CAMANGYANAN,5180
21498,CATMON,5180
21499,CAY POMBO,5180
21500,CAYSIO,5180
21501,GUYONG,5180
21502,LALAKHAN,5180
21503,MAG-ASAWANG SAPA,5180
21504,MAHABANG PARANG,5180
21505,MANGGAHAN,5180
21506,PARADA,5180
21507,POBLACION,5180
21508,PULONG BUHANGIN,5180
21509,SAN GABRIEL,5180
21510,SAN JOSE PATAG,5180
21511,SAN VICENTE,5180
21512,SANTA CLARA,5180
21513,SANTA CRUZ,5180
21514,SILANGAN,5180
21515,TABING BAKOD,5180
21516,TUMANA,5180
21517,BETES,5181
21518,BIBICLAT,5181
21519,BUCOT,5181
21520,LA PURISIMA,5181
21521,MACABUCOD,5181
21522,MAGSAYSAY,5181
21523,PANTOC,5181
21524,POBLACION CENTRO,5181
21525,POBLACION EAST I,5181
21526,POBLACION EAST II,5181
21527,POBLACION WEST III,5181
21528,POBLACION WEST IV,5181
21529,SAN CARLOS,5181
21530,SAN EMILIANO,5181
21531,SAN EUSTACIO,5181
21532,SAN FELIPE BATA,5181
21533,SAN FELIPE MATANDA,5181
21534,SAN JUAN,5181
21535,SAN PABLO BATA,5181
21536,SAN PABLO MATANDA,5181
21537,SANTA MONICA,5181
21538,SANTIAGO,5181
21539,SANTO ROSARIO,5181
21540,SANTO TOMAS,5181
21541,SUNSON,5181
21542,UMANGAN,5181
21543,ANTIPOLO,5182
21544,ARIENDO,5182
21545,BANTUG,5182
21546,CALAANAN,5182
21547,COMMERCIAL (POB.),5182
21548,CRUZ,5182
21549,CURVA (J. TOMACRUZ),5182
21550,DIGMALA,5182
21551,KAINGIN (POB.),5182
21552,LABI,5182
21553,LARCON,5182
21554,LUSOK,5182
21555,MACABACLAY,5182
21556,MAGTANGGOL (POB.),5182
21557,MANTILE (POB.),5182
21558,OLIVETE,5182
21559,PALO MARIA (POB.),5182
21560,PESA,5182
21561,RIZAL (POB.),5182
21562,SAMPALUCAN (POB.),5182
21563,SAN ROQUE (POB.),5182
21564,SANTOR,5182
21565,SINIPIT (POB.),5182
21566,SISILANG NA LIGAYA (POB.),5182
21567,SOCIAL (POB.),5182
21568,TUGATUG,5182
21569,TULAY NA BATO (POB.),5182
21570,VEGA,5182
21571,ADUAS CENTRO (ADUAS),5183
21572,ADUAS NORTE,5183
21573,ADUAS SUR,5183
21574,BAGONG BUHAY,5183
21575,BAGONG SIKAT,5183
21576,BAKERO,5183
21577,BAKOD BAYAN,5183
21578,BALITE,5183
21579,BANGAD,5183
21580,BANTUG BULALO,5183
21581,BANTUG NORTE,5183
21582,BARLIS,5183
21583,BARRERA DISTRICT (POB.),5183
21584,BERNARDO DISTRICT (POB.),5183
21585,BITAS,5183
21586,BONIFACIO DISTRICT (POB.),5183
21587,BULIRAN,5183
21588,CAALIBANGBANGAN,5183
21589,CABU,5183
21590,CALAWAGAN (KALAWAGAN),5183
21591,CAMPO TINIO,5183
21592,CARIDAD,5183
21593,CAUDILLO,5183
21594,CINCO-CINCO,5183
21595,CITY SUPERMARKET (POB.),5183
21596,COMMUNAL,5183
21597,CRUZ ROJA,5183
21598,DAANG SARILE,5183
21599,DALAMPANG,5183
21600,DICARMA (POB.),5183
21601,DIMASALANG (POB.),5183
21602,DIONISIO S. GARCIA,5183
21603,FATIMA (POB.),5183
21604,GENERAL LUNA (POB.),5183
21605,"HERMOGENES C. CONCEPCION, SR.",5183
21606,IBABAO BANA,5183
21607,IMELDA DISTRICT,5183
21608,ISLA (POB.),5183
21609,KALIKID NORTE,5183
21610,KALIKID SUR,5183
21611,KAPITAN PEPE (POB.),5183
21612,LAGARE,5183
21613,LOURDES (MATUNGAL-TUNGAL),5183
21614,M. S. GARCIA,5183
21615,MABINI EXTENSION,5183
21616,MABINI HOMESITE,5183
21617,MACATBONG,5183
21618,MAGSAYSAY DISTRICT,5183
21619,MAGSAYSAY SOUTH,5183
21620,MARIA THERESA,5183
21621,MATADERO (POB.),5183
21622,MAYAPYAP NORTE,5183
21623,MAYAPYAP SUR,5183
21624,MELOJAVILLA (POB.),5183
21625,NABAO (POB.),5183
21626,OBRERO,5183
21627,PADRE BURGOS (POB.),5183
21628,PADRE CRISOSTOMO,5183
21629,PAGAS,5183
21630,PALAGAY,5183
21631,PAMALDAN,5183
21632,PANGATIAN,5183
21633,PATALAC,5183
21634,POLILIO,5183
21635,PULA,5183
21636,QUEZON DISTRICT (POB.),5183
21637,RIZDELIS (POB.),5183
21638,SAMON,5183
21639,SAN ISIDRO,5183
21640,SAN JOSEF NORTE,5183
21641,SAN JOSEF SUR,5183
21642,SAN JUAN POB. (ACOFA),5183
21643,SAN ROQUE NORTE,5183
21644,SAN ROQUE SUR,5183
21645,SANBERMICRISTI (POB.),5183
21646,SANGITAN,5183
21647,SANGITAN EAST,5183
21648,SANTA ARCADIA,5183
21649,SANTO NIÑO,5183
21650,SAPANG,5183
21651,SUMACAB ESTE,5183
21652,SUMACAB NORTE,5183
21653,SUMACAB SOUTH,5183
21654,TALIPAPA,5183
21655,VALDEFUENTE,5183
21656,VALLE CRUZ,5183
21657,VIJANDRE DISTRICT (POB.),5183
21658,VILLA OFELIA-CARIDAD,5183
21659,ZULUETA DISTRICT (POB.),5183
21660,BAGONG BUHAY,5184
21661,BAGONG SIKAT,5184
21662,BAGONG SILANG,5184
21663,CONCEPCION,5184
21664,ENTABLADO,5184
21665,MALIGAYA,5184
21666,NATIVIDAD NORTH (POB.),5184
21667,NATIVIDAD SOUTH (POB.),5184
21668,PALASINAN,5184
21669,POLILIO,5184
21670,SAN ANTONIO,5184
21671,SAN CARLOS,5184
21672,SAN FERNANDO NORTE,5184
21673,SAN FERNANDO SUR,5184
21674,SAN GREGORIO,5184
21675,SAN JUAN NORTH (POB.),5184
21676,SAN JUAN SOUTH (POB.),5184
21677,SAN ROQUE,5184
21678,SAN VICENTE,5184
21679,SANTA INES,5184
21680,SANTA ISABEL,5184
21681,SANTA RITA,5184
21682,SINIPIT,5184
21683,BANTUG,5185
21684,BUNGA,5185
21685,BURGOS,5185
21686,CAPINTALAN,5185
21687,D. L. MAGLANOC POB. (BGY.III),5185
21688,F. C. OTIC POB. (BGY. II),5185
21689,G. S. ROSARIO POB. (BGY. IV),5185
21690,GENERAL LUNA,5185
21691,JOSON (DIGIDIG),5185
21692,MINULI,5185
21693,PIUT,5185
21694,PUNCAN,5185
21695,PUTLAN,5185
21696,R.A.PADILLA (BALUARTE),5185
21697,SALAZAR,5185
21698,SAN AGUSTIN,5185
21699,T. L. PADILLA POB. (BGY. I),5185
21700,BALOY,5186
21701,BAMBANABA,5186
21702,BANTUG,5186
21703,BENTIGAN,5186
21704,BIBICLAT,5186
21705,BONIFACIO,5186
21706,BUED,5186
21707,BULALA,5186
21708,BURGOS,5186
21709,CABATUAN,5186
21710,CABILEO,5186
21711,CACAPASAN,5186
21712,CALANCUASAN NORTE,5186
21713,CALANCUASAN SUR,5186
21714,COLOSBOA,5186
21715,COLUMBITIN,5186
21716,CURVA,5186
21717,DISTRICT I (POB. I),5186
21718,DISTRICT II (POB. II),5186
21719,DISTRICT IV (POB. IV),5186
21720,DISTRICT V (POB. V),5186
21721,DISTRICT VI (POB. VI),5186
21722,DISTRICT VII (POB. VII),5186
21723,DISTRICT VIII (POB. VIII),5186
21724,LANDIG,5186
21725,LATAP,5186
21726,LOOB,5186
21727,LUNA,5186
21728,MALBEG-PATALAN,5186
21729,MALINENG,5186
21730,MATINDEG,5186
21731,MAYCABAN,5186
21732,NACURALAN,5186
21733,NAGMISAHAN,5186
21734,PAITAN NORTE,5186
21735,PAITAN SUR,5186
21736,PIGLISAN,5186
21737,PUGO,5186
21738,RIZAL,5186
21739,SABIT,5186
21740,SALAGUSOG,5186
21741,SAN ANTONIO,5186
21742,SAN JOSE,5186
21743,SAN JUAN,5186
21744,SANTA CLARA,5186
21745,SANTA CRUZ,5186
21746,SINIMBAAN,5186
21747,TAGTAGUMBAO,5186
21748,TUTULOY,5186
21749,UNGAB,5186
21750,VILLAFLORES,5186
21751,BAGONG SIKAT,5187
21752,BAGTING,5187
21753,BANTUG,5187
21754,BITULOK (NORTH POB.),5187
21755,BUGNAN,5187
21756,CALABASA,5187
21757,CAMACHILE,5187
21758,CUYAPA,5187
21759,LIGAYA,5187
21760,MACASANDAL,5187
21761,MALINAO,5187
21762,PANTOC,5187
21763,PINAMALISAN,5187
21764,SAWMILL,5187
21765,SOUTH POBLACION,5187
21766,TAGUMPAY,5187
21767,BALANTE,5188
21768,BAYANIHAN,5188
21769,BULAK,5188
21770,BUNGO,5188
21771,KAPALANGAN,5188
21772,MABUNGA,5188
21773,MABURAK,5188
21774,MAHIPON,5188
21775,MAKABACLAY,5188
21776,MALIMBA,5188
21777,MANGINO,5188
21778,MARELO,5188
21779,PAMBUAN,5188
21780,PARCUTELA,5188
21781,PUTING TUBIG,5188
21782,SAN LORENZO (POB.),5188
21783,SAN NICOLAS,5188
21784,SAN ROQUE,5188
21785,SAN VICENTE (POB.),5188
21786,SANTA CRUZ,5188
21787,SANTO CRISTO NORTE,5188
21788,SANTO CRISTO SUR,5188
21789,SANTO NIÑO,5188
21790,BALANGKARE NORTE,5189
21791,BALANGKARE SUR,5189
21792,BALARING,5189
21793,BELEN,5189
21794,BRAVO,5189
21795,BUROL,5189
21796,KABULIHAN,5189
21797,MAG-ASAWANG SAMPALOC,5189
21798,MANAROG,5189
21799,MATAAS NA KAHOY,5189
21800,PANACSAC,5189
21801,PICALEON,5189
21802,PINAHAN,5189
21803,PLATERO,5189
21804,POBLACION,5189
21805,PULA,5189
21806,PULONG SINGKAMAS,5189
21807,SAPANG BATO,5189
21808,TALABUTAB NORTE,5189
21809,TALABUTAB SUR,5189
21810,BAGO,5190
21811,CONCEPCION,5190
21812,NAZARETH,5190
21813,PADOLINA,5190
21814,PALALE,5190
21815,PIAS,5190
21816,POBLACION CENTRAL,5190
21817,POBLACION EAST,5190
21818,POBLACION WEST,5190
21819,PULONG MATONG,5190
21820,RIO CHICO,5190
21821,SAMPAGUITA,5190
21822,SAN PEDRO (POB.),5190
21823,AGCANO,5191
21824,AYOS LOMBOY,5191
21825,BACAYAO,5191
21826,BAGONG BARRIO,5191
21827,BALBALINO,5191
21828,BALINGOG EAST,5191
21829,BALINGOG WEST,5191
21830,BANITAN,5191
21831,BANTUG,5191
21832,BULAKID,5191
21833,BUNOL,5191
21834,CABALLERO,5191
21835,CABARUAN,5191
21836,CAINGIN TABING ILOG,5191
21837,CALEM,5191
21838,CAMILING,5191
21839,CARDINAL,5191
21840,CASONGSONG,5191
21841,CATIMON,5191
21842,CAVITE,5191
21843,CAWAYAN BUGTONG,5191
21844,CONSUELO,5191
21845,CULONG,5191
21846,ESCANO,5191
21847,FAIGAL,5191
21848,GALVAN,5191
21849,GUISET,5191
21850,LAMORITO,5191
21851,LENNEC,5191
21852,MACAMIAS,5191
21853,MACAPABELLAG,5191
21854,MACATCATUIT,5191
21855,MANACSAC,5191
21856,MANGGANG MARIKIT,5191
21857,MATURANOC,5191
21858,MAYBUBON,5191
21859,NAGLABRAHAN,5191
21860,NAGPANDAYAN,5191
21861,NARVACAN I,5191
21862,NARVACAN II,5191
21863,PACAC,5191
21864,PARTIDA I,5191
21865,PARTIDA II,5191
21866,PASONG INCHIC,5191
21867,SAINT JOHN DISTRICT (POB.),5191
21868,SAN AGUSTIN,5191
21869,SAN ANDRES,5191
21870,SAN BERNARDINO,5191
21871,SAN MARCELINO,5191
21872,SAN MIGUEL,5191
21873,SAN RAFAEL,5191
21874,SAN ROQUE,5191
21875,SANTA ANA,5191
21876,SANTA CRUZ,5191
21877,SANTA LUCIA,5191
21878,SANTA VERONICA DISTRICT (POB.),5191
21879,SANTO CRISTO DISTRICT (POB.),5191
21880,SARANAY DISTRICT (POB.),5191
21881,SINULATAN,5191
21882,SUBOL,5191
21883,TAMPAC I,5191
21884,TAMPAC II AND III,5191
21885,TRIALA,5191
21886,YUSON,5191
21887,CALABASA,5192
21888,DAMPULAN (POB.),5192
21889,DON MARIANO MARCOS (POB.),5192
21890,HILERA,5192
21891,IMBUNIA,5192
21892,IMELDA POB. (DOÑA AURORA),5192
21893,LAMBAKIN,5192
21894,LANGLA,5192
21895,MAGSALISI,5192
21896,MALABON-KAINGIN,5192
21897,MARAWA,5192
21898,NIYUGAN,5192
21899,OCAMPO-RIVERA DISTRICT (POB.),5192
21900,PAKOL,5192
21901,PAMACPACAN,5192
21902,PINANGGAAN,5192
21903,PUTLOD,5192
21904,SAN JOSE,5192
21905,SAN JOSEF (NABAO),5192
21906,SAN PABLO,5192
21907,SAN ROQUE,5192
21908,SAN VICENTE,5192
21909,SANTA RITA,5192
21910,SANTO TOMAS NORTH,5192
21911,SANTO TOMAS SOUTH,5192
21912,SAPANG,5192
21913,ULANIN-PITAK,5192
21914,BARANGAY I (POB.),5193
21915,BARANGAY II (POB.),5193
21916,BARANGAY III (POB.),5193
21917,BARANGAY IV (POB.),5193
21918,BETANIA,5193
21919,CANANTONG,5193
21920,NAUZON,5193
21921,PANGARULONG,5193
21922,PINAGBAYANAN,5193
21923,SAGANA,5193
21924,SAN FELIPE,5193
21925,SAN FERNANDO,5193
21926,SAN ISIDRO,5193
21927,SAN JOSEF,5193
21928,SAN JUAN,5193
21929,SAN VICENTE,5193
21930,SICLONG,5193
21931,AQUINO,5194
21932,LINAO,5194
21933,POBLACION NORTE,5194
21934,POBLACION SUR,5194
21935,SAN CASIMIRO,5194
21936,SAN CRISTOBAL,5194
21937,SAN JOSE,5194
21938,SAN JUAN,5194
21939,SANTA MARIA,5194
21940,TABING ILOG,5194
21941,VILLAROSA,5194
21942,A. BONIFACIO,5195
21943,BAGUMBAYAN (POB.),5195
21944,BOSQUE,5195
21945,CARIDAD NORTE,5195
21946,CARIDAD SUR,5195
21947,CASILE,5195
21948,FLORIDA BLANCA,5195
21949,GENERAL LUNA,5195
21950,GENERAL RICARTE,5195
21951,GOMEZ,5195
21952,INANAMA,5195
21953,LIGAYA,5195
21954,MABINI,5195
21955,MURCON,5195
21956,PLARIDEL,5195
21957,SAN FELIPE,5195
21958,SAN FRANCISCO,5195
21959,SAN NICOLAS,5195
21960,SAN VICENTE,5195
21961,SANTA BARBARA,5195
21962,VICTORIA,5195
21963,VILLA VINIEGAS,5195
21964,AGUPALO ESTE,5196
21965,AGUPALO WESTE,5196
21966,ALALAY CHICA,5196
21967,ALALAY GRANDE,5196
21968,BAGONG FLORES,5196
21969,BALBALUNGAO,5196
21970,BURGOS,5196
21971,CORDERO,5196
21972,J. U. TIENZO (ARIMAL),5196
21973,MAPANGPANG,5196
21974,NAMULANDAYAN,5196
21975,PARISTA,5196
21976,POBLACION EAST,5196
21977,POBLACION NORTH,5196
21978,POBLACION SOUTH,5196
21979,POBLACION WEST,5196
21980,SALVACION I,5196
21981,SALVACION II,5196
21982,SAN ANTONIO ESTE,5196
21983,SAN ANTONIO WESTE,5196
21984,SAN ISIDRO,5196
21985,SAN PEDRO,5196
21986,SAN ROQUE,5196
21987,SANTO DOMINGO,5196
21988,ALEMANIA,5197
21989,AMBASADOR ALZATE VILLAGE,5197
21990,CABADUCAN EAST (POB.),5197
21991,CABADUCAN WEST (POB.),5197
21992,CABAWANGAN,5197
21993,EAST CENTRAL POBLACION,5197
21994,EDY,5197
21995,ESTACION (POB.),5197
21996,MAELING,5197
21997,MAYANTOC,5197
21998,MEDICO,5197
21999,MONIC,5197
22000,NORTH POBLACION,5197
22001,NORTHWEST POBLACION,5197
22002,RECUERDO,5197
22003,SOUTH CENTRAL POBLACION,5197
22004,SOUTHEAST POBLACION,5197
22005,SOUTHWEST POBLACION,5197
22006,TONY,5197
22007,WEST CENTRAL POBLACION,5197
22008,WEST POBLACION,5197
22009,ATATE,5198
22010,AULO,5198
22011,BAGONG BUHAY,5198
22012,BO. MILITAR (FORT MAGSAYSAY),5198
22013,CABALLERO,5198
22014,CAIMITO,5198
22015,DOÑA JOSEFA,5198
22016,GANADERIA,5198
22017,IMELDA VALLEY,5198
22018,LANGKA,5198
22019,MALATE (POB.),5198
22020,MALIGAYA,5198
22021,MANACNAC,5198
22022,MAPAIT,5198
22023,MARCOS VILLAGE,5198
22024,POPOLON PAGAS,5198
22025,SANTOLAN,5198
22026,SAPANG BUHO,5198
22027,SINGALAT,5198
22028,CADACLAN,5199
22029,CAMBITALA,5199
22030,CONVERSION,5199
22031,FATIMA,5199
22032,GANDUZ,5199
22033,LIBERTY,5199
22034,MALBANG,5199
22035,MARIKIT,5199
22036,NAPON-NAPON,5199
22037,POBLACION EAST,5199
22038,POBLACION WEST,5199
22039,SAMPALOC,5199
22040,SAN JUAN,5199
22041,VILLARICA,5199
22042,CALLOS,5200
22043,LAS PIÑAS,5200
22044,POBLACION I,5200
22045,POBLACION II,5200
22046,POBLACION III,5200
22047,POBLACION IV,5200
22048,SAN JOSEF,5200
22049,SAN MARIANO (MAUGAT),5200
22050,SANTO TOMAS,5200
22051,SINASAJAN,5200
22052,BARANGAY I (POB.),5101
22053,BARANGAY II (POB.),5101
22054,BERTESE,5101
22055,DOÑA LUCIA,5101
22056,DULONG BAYAN,5101
22057,ILOG BALIWAG,5101
22058,PULONG BAHAY,5101
22059,SAN ALEJANDRO,5101
22060,SAN ANDRES I,5101
22061,SAN ANDRES II,5101
22062,SAN MANUEL,5101
22063,SAN MIGUEL,5101
22064,SANTA CLARA,5101
22065,SANTA RITA,5101
22066,SANTO CRISTO,5101
22067,SANTO TOMAS FERIA,5101
22068,AGBANNAWAG,5070
22069,AGLIPAY (CURVA),5070
22070,BICOS,5070
22071,CABUCBUCAN,5070
22072,CALAOCAN DISTRICT,5070
22073,CANAAN EAST,5070
22074,CANAAN WEST,5070
22075,CASILAGAN,5070
22076,DEL PILAR,5070
22077,ESTRELLA,5070
22078,GENERAL LUNA,5070
22079,MACAPSING,5070
22080,MALIGAYA,5070
22081,PACO ROMAN,5070
22082,PAG-ASA,5070
22083,POBLACION CENTRAL,5070
22084,POBLACION EAST,5070
22085,POBLACION NORTE,5070
22086,POBLACION SUR,5070
22087,POBLACION WEST,5070
22088,PORTAL,5070
22089,SAN ESTEBAN,5070
22090,SAN GREGORIO,5070
22091,SANTA MONICA,5070
22092,VILLA LABRADOR,5070
22093,VILLA PARAISO,5070
22094,BULIRAN,5203
22095,CAMA JUAN,5203
22096,JULO,5203
22097,LAWANG KUPANG,5203
22098,LUYOS,5203
22099,MAUGAT,5203
22100,PANABINGAN,5203
22101,PAPAYA,5203
22102,POBLACION,5203
22103,SAN FRANCISCO,5203
22104,SAN JOSE,5203
22105,SAN MARIANO,5203
22106,SANTA BARBARA,5203
22107,SANTA CRUZ,5203
22108,SANTO CRISTO,5203
22109,TIKIW,5203
22110,ALUA,5108
22111,CALABA,5108
22112,MALAPIT,5108
22113,MANGGA,5108
22114,POBLACION,5108
22115,PULO,5108
22116,SAN ROQUE,5108
22117,SANTO CRISTO,5108
22118,TABON,5108
22119,A. PASCUAL,5205
22120,ABAR 2ND,5205
22121,ABAR IST,5205
22122,BAGONG SIKAT,5205
22123,CAANAWAN,5205
22124,CALAOCAN,5205
22125,CAMANACSACAN,5205
22126,CANUTO RAMOS POB. (DISTRICT III),5205
22127,CRISANTO SANCHEZ POB. (DISTRICT V),5205
22128,CULAYLAY,5205
22129,DIZOL,5205
22130,FERDINAND E. MARCOS POB. (DISTRICT II),5205
22131,KALIWANAGAN,5205
22132,KITA-KITA,5205
22133,MALASIN,5205
22134,MANICLA,5205
22135,PALESTINA,5205
22136,PARANG MANGGA,5205
22137,PINILI,5205
22138,PORAIS,5205
22139,"RAFAEL RUEDA, SR. POB. (DISTRICT I)",5205
22140,RAYMUNDO EUGENIO POB. (DISTRICT IV),5205
22141,SAN AGUSTIN,5205
22142,SAN JUAN,5205
22143,SAN MAURICIO,5205
22144,SANTO NIÑO 1ST,5205
22145,SANTO NIÑO 2ND,5205
22146,SANTO NIÑO 3RD,5205
22147,SANTO TOMAS,5205
22148,SIBUT,5205
22149,SINIPIT BUBON,5205
22150,TABULAC,5205
22151,TAYABO,5205
22152,TONDOD,5205
22153,TULAT,5205
22154,VILLA FLORESCA,5205
22155,VILLA JOSON (PARILLA),5205
22156,VILLA MARINA,5205
22157,BONIFACIO DISTRICT (POB.),5206
22158,BURGOS DISTRICT (POB.),5206
22159,CASTELLANO,5206
22160,DIVERSION,5206
22161,MAGPAPALAYOC,5206
22162,MALLORCA,5206
22163,MAMBANGNAN,5206
22164,NIEVES,5206
22165,RIZAL DISTRICT (POB.),5206
22166,SAN ANTON,5206
22167,SAN BARTOLOME (POB.),5206
22168,SAN ROQUE,5206
22169,TABUATING,5206
22170,TAGUMPAY,5206
22171,TAMBO ADORABLE,5206
22172,AGUINALDO,5207
22173,BERANG,5207
22174,BURGOS,5207
22175,COJUANGCO (POB.),5207
22176,DEL PILAR,5207
22177,GOMEZ,5207
22178,INSPECTOR,5207
22179,ISLA,5207
22180,LA FUENTE,5207
22181,LIWAYWAY,5207
22182,LOURDES,5207
22183,LUNA,5207
22184,MABINI,5207
22185,MALACAÑANG,5207
22186,MALIOLIO,5207
22187,MAPALAD,5207
22188,RAJAL CENTRO,5207
22189,RAJAL NORTE,5207
22190,RAJAL SUR,5207
22191,RIZAL (POB.),5207
22192,SAN GREGORIO,5207
22193,SAN ISIDRO,5207
22194,SAN JOSEP,5207
22195,SAN MARIANO,5207
22196,SAN PEDRO,5207
22197,SANTA TERESITA,5207
22198,SANTO ROSARIO,5207
22199,SAPSAP,5207
22200,SOLEDAD,5207
22201,TAGPOS,5207
22202,TRAMO,5207
22203,VALENZUELA (POB.),5207
22204,ZAMORA (POB.),5207
22205,BALOC,4969
22206,BUASAO,4969
22207,BURGOS,4969
22208,CABUGAO,4969
22209,CASULUCAN,4969
22210,COMITANG,4969
22211,CONCEPCION,4969
22212,DOLORES,4969
22213,GENERAL LUNA,4969
22214,HULO,4969
22215,MABINI,4969
22216,MALASIN,4969
22217,MALAYA (POOK MALAYA),4969
22218,MALAYANTOC,4969
22219,MAMBARAO,4969
22220,POBLACION,4969
22221,PULONG BULI,4969
22222,SAGABA,4969
22223,SAN AGUSTIN,4969
22224,SAN FABIAN,4969
22225,SAN FRANCISCO,4969
22226,SAN PASCUAL,4969
22227,SANTA RITA,4969
22228,SANTO ROSARIO,4969
22229,BAGONG SIKAT,5209
22230,BALANTE,5209
22231,BANTUG,5209
22232,BICAL,5209
22233,CABISUCULAN,5209
22234,CALABALABAAN,5209
22235,CALISITAN,5209
22236,CATALANACAN,5209
22237,CURVA,5209
22238,FRANZA,5209
22239,GABALDON,5209
22240,LABNEY,5209
22241,LICAONG,5209
22242,LINGLINGAY,5209
22243,MAGTANGGOL,5209
22244,MALIGAYA,5209
22245,MANGANDINGAY,5209
22246,MAPANGPANG,5209
22247,MARAGOL,5209
22248,MATINGKIS,5209
27075,NAGLABRAHAN,5209
27076,PALUSAPIS,5209
27077,PANDALLA,5209
27078,POBLACION EAST,5209
27079,POBLACION NORTH,5209
27080,POBLACION SOUTH,5209
27081,POBLACION WEST,5209
27082,RANG-AYAN,5209
27083,RIZAL,5209
27084,SAN ANDRES,5209
27085,SAN ANTONIO,5209
27086,SAN FELIPE,5209
27087,SAPANG CAWAYAN,5209
27088,VILLA CUIZON,5209
27089,VILLA ISLA,5209
27090,VILLA NATI,5209
27091,VILLA SANTOS,5209
27092,ANDAL ALINO (POB.),5210
27093,BAGONG SIKAT,5210
27094,BAGONG SILANG,5210
27095,BAKAL I,5210
27096,BAKAL II,5210
27097,BAKAL III,5210
27098,BALUGA,5210
27099,BANTUG,5210
27100,BANTUG HACIENDA,5210
27101,BANTUG HAMOG (BASANG HAMOG),5210
27102,BUGTONG NA BULI,5210
27103,BULAC,5210
27104,BURNAY,5210
27105,CAANIPLAHAN,5210
27106,CABUBULAONAN,5210
27107,CALIPAHAN,5210
27108,CAMPOS,5210
27109,CAPUTICAN,5210
27110,CASULUCAN ESTE,5210
27111,COLLADO,5210
27112,DIMASALANG NORTE,5210
27113,DIMASALANG SUR,5210
27114,DINARAYAT,5210
27115,ESGUERRA DISTRICT (POB.),5210
27116,GULOD,5210
27117,HOMESTEAD I,5210
27118,HOMESTEAD II,5210
27119,KINALANGUYAN,5210
27120,LA TORRE,5210
27121,LOMBOY,5210
27122,MABUHAY,5210
27123,MAESTRANG KIKAY (POB.),5210
27124,MAMANDIL,5210
27125,MARCOS DISTRICT (POB.),5210
27126,MATINGKIS,5210
27127,MINABUYOC,5210
27128,PAG-ASA (POB.),5210
27129,PALUDPOD,5210
27130,PANTOC BULAC,5210
27131,PINAGPANAAN,5210
27132,POBLACION SUR,5210
27133,PULA,5210
27134,PULONG SAN MIGUEL (POB.),5210
27135,PUROK MATIAS (POB.),5210
27136,SAMPALOC,5210
27137,SAN MIGUEL NA MUNTI,5210
27138,SAN PASCUAL,5210
27139,SAN RICARDO,5210
27140,SIBUL,5210
27141,SICSICAN MATANDA,5210
27142,TABACAO,5210
27143,TAGAYTAY,5210
27144,VALLE,5210
27145,ALULA,5211
27146,BAYBAYABAS,5211
27147,BUTED,5211
27148,CABIANGAN,5211
27149,CALISITAN,5211
27150,CINENSE,5211
27151,CULIAT,5211
27152,MAASIN,5211
27153,MAGSAYSAY (POB.),5211
27154,MAYAMOT I,5211
27155,MAYAMOT II,5211
27156,NANGABULAN,5211
27157,OSMEÑA (POB.),5211
27158,PANGIT,5211
27159,PATOLA,5211
27160,QUEZON (POB.),5211
27161,QUIRINO (POB.),5211
27162,ROXAS (POB.),5211
27163,SAGUING,5211
27164,SAMPALOC,5211
27165,SANTA CATALINA,5211
27166,SANTO DOMINGO,5211
27167,SARINGAYA,5211
27168,SAVERONA,5211
27169,TANDOC,5211
27170,TIBAG,5211
27171,VILLA BOADO,5211
27172,VILLA ROSARIO,5211
27173,BATITANG,5212
27174,CARMEN,5212
27175,CONCEPCION,5212
27176,DEL PILAR,5212
27177,GENERAL LUNA,5212
27178,H. ROMERO,5212
27179,MACARSE,5212
27180,MANAUL,5212
27181,MAYAMOT,5212
27182,PANTOC,5212
27183,SAN ISIDRO,5212
27184,SAN RAFAEL,5212
27185,SAN VICENTE (POB.),5212
27186,SANTA CRUZ,5212
27187,SANTA LUCIA OLD,5212
27188,SANTA LUCIA YOUNG,5212
27189,SANTO ROSARIO OLD,5212
27190,SANTO ROSARIO YOUNG,5212
27191,VALERIANA,5212
27192,AGAPITO DEL ROSARIO,5213
27193,AMSIC,5213
27194,ANUNAS,5213
27195,BALIBAGO,5213
27196,CAPAYA,5213
27197,CLARO M. RECTO,5213
27198,CUAYAN,5213
27199,CUTCUT,5213
27200,CUTUD,5213
27201,LOURDES NORTH WEST,5213
27202,LOURDES SUR,5213
27203,LOURDES SUR EAST,5213
27204,MALABANIAS,5213
27205,MARGOT,5213
27206,MINING,5213
27207,NINOY AQUINO (MARISOL),5213
27208,PAMPANG,5213
27209,PANDAN,5213
27210,PULUNG CACUTUD,5213
27211,PULUNG MARAGUL,5213
27212,PULUNGBULU,5213
27213,SALAPUNGAN,5213
27214,SAN JOSE,5213
27215,SAN NICOLAS,5213
27216,SANTA TERESITA,5213
27217,SANTA TRINIDAD,5213
27218,SANTO CRISTO,5213
27219,SANTO DOMINGO,5213
27220,SANTO ROSARIO (POB.),5213
27221,SAPALIBUTAD,5213
27222,SAPANGBATO,5213
27223,TABUN,5213
27224,VIRGEN DELOS REMEDIOS,5213
27225,BALUCUC,5214
27226,CALANTIPE,5214
27227,CANSINALA,5214
27228,CAPALANGAN,5214
27229,COLGANTE,5214
27230,PALIGUI,5214
27231,SAMPALOC,5214
27232,SAN JUAN (POB.),5214
27233,SAN VICENTE,5214
27234,SUCAD,5214
27235,SULIPAN,5214
27236,TABUYUC (SANTO ROSARIO),5214
27237,ARENAS,5215
27238,BALITI,5215
27239,BATASAN,5215
27240,BUENSUCESO,5215
27241,CANDATING,5215
27242,CUPANG (SANTA LUCIA),5215
27243,GATIAWIN,5215
27244,GUEMASAN,5215
27245,KALEDIAN (CAMBA),5215
27246,LA PAZ (TURU),5215
27247,LACMIT,5215
27248,LACQUIOS,5215
27249,MANGGA-CACUTUD,5215
27250,MAPALAD,5215
27251,MATAMO (SANTA LUCIA),5215
27252,PANLINLANG,5215
27253,PARALAYA,5215
27254,PLAZANG LUMA,5215
27255,POBLACION,5215
27256,SAN AGUSTIN NORTE,5215
27257,SAN AGUSTIN SUR,5215
27258,SAN ANTONIO,5215
27259,SAN JOSE MESULO,5215
27260,SAN JUAN BANO,5215
27261,SAN MATEO,5215
27262,SAN NICOLAS,5215
27263,SAN ROQUE BITAS,5215
27264,SANTO NIÑO TABUAN,5215
27265,SUCLAYIN,5215
27266,TELAPAYONG,5215
27267,BALAS,5216
27268,CABALANTIAN,5216
27269,CABAMBANGAN (POB.),5216
27270,CABETICAN,5216
27271,CALIBUTBUT,5216
27272,CONCEPCION,5216
27273,DOLORES,5216
27274,DUAT,5216
27275,MACABACLE,5216
27276,MAGLIMAN,5216
27277,MALIWALU,5216
27278,MESALIPIT,5216
27279,PARULOG,5216
27280,POTRERO,5216
27281,SAN ANTONIO,5216
27282,SAN ISIDRO,5216
27283,SAN VICENTE,5216
27284,SANTA BARBARA,5216
27285,SANTA INES,5216
27286,TALBA,5216
27287,TINAJERO,5216
27288,BAHAY PARE,5217
27289,BAMBANG,5217
27290,BARANGCA,5217
27291,BARIT,5217
27292,BUAS (POB.),5217
27293,CUAYANG BUGTONG,5217
27294,DALAYAP,5217
27295,DULONG ILOG,5217
27296,GULAP,5217
27297,LANANG,5217
27298,LOURDES,5217
27299,MAGUMBALI,5217
27300,MANDASIG,5217
27301,MANDILI,5217
27302,MANGGA,5217
27303,MAPANIQUI,5217
27304,PALIGUI,5217
27305,PANGCLARA,5217
27306,PANSINAO,5217
27307,PARALAYA (POB.),5217
27308,PASIG,5217
27309,PESCADORES (POB.),5217
27310,PULONG GUBAT,5217
27311,PULONG PALAZAN,5217
27312,SALAPUNGAN,5217
27313,SAN AGUSTIN (POB.),5217
27314,SANTO ROSARIO,5217
27315,TAGULOD,5217
27316,TALANG,5217
27317,TENEJERO,5217
27318,VIZAL SAN PABLO,5217
27319,VIZAL SANTO CRISTO,5217
27320,VIZAL SANTO NIÑO,5217
27321,ANON,5218
27322,APALIT,5218
27323,BASA AIR BASE,5218
27324,BENEDICTO,5218
27325,BODEGA,5218
27326,CABANGCALAN,5218
27327,CALANTAS,5218
27328,CARMENCITA,5218
27329,CONSUELO,5218
27330,DAMPE,5218
27331,DEL CARMEN,5218
27332,FORTUNA,5218
27333,GUTAD,5218
27334,MABICAL,5218
27335,MALIGAYA,5218
27336,MAWACAT,5218
27337,NABUCLOD,5218
27338,PABANLAG,5218
27339,PAGUIRUAN,5218
27340,PALMAYO,5218
27341,PANDAGUIRIG,5218
27342,POBLACION,5218
27343,SAN ANTONIO,5218
27344,SAN ISIDRO,5218
27345,SAN JOSE,5218
27346,SAN NICOLAS,5218
27347,SAN PEDRO,5218
27348,SAN RAMON,5218
27349,SAN ROQUE,5218
27350,SANTA MONICA,5218
27351,SANTO ROSARIO (MALABO),5218
27352,SOLIB,5218
27353,VALDEZ,5218
27354,ASCOMO,5219
27355,BANCAL,5219
27356,JOSE ABAD SANTOS (SIRAN),5219
27357,LAMBAC,5219
27358,MAGSAYSAY,5219
27359,MAQUIAPO,5219
27360,NATIVIDAD,5219
27361,PLAZA BURGOS (POB.),5219
27362,PULUNGMASLE,5219
27363,RIZAL,5219
27364,SAN AGUSTIN,5219
27365,SAN ANTONIO,5219
27366,SAN ISIDRO,5219
27367,SAN JOSE,5219
27368,SAN JUAN,5219
27369,SAN JUAN BAUTISTA,5219
27370,SAN JUAN NEPOMUCENO,5219
27371,SAN MATIAS,5219
27372,SAN MIGUEL (BETIS),5219
27373,SAN NICOLAS 1ST,5219
27374,SAN NICOLAS 2ND,5219
27375,SAN PABLO,5219
27376,SAN PEDRO,5219
27377,SAN RAFAEL (DUCK ISLAND),5219
27378,SAN ROQUE,5219
27379,SAN VICENTE (IBUS),5219
27380,SANTA FILOMENA (POB.),5219
27381,SANTA INES,5219
27382,SANTA URSULA,5219
27383,SANTO CRISTO,5219
27384,SANTO NIÑO (POB.),5219
27385,BALANTACAN,5220
27386,BANCAL PUGAD,5220
27387,BANCAL SINUBLI,5220
27388,BARUYA (SAN RAFAEL),5220
27389,CALANGAIN,5220
27390,CONCEPCION,5220
27391,DE LA PAZ,5220
27392,DEL CARMEN,5220
27393,DON IGNACIO DIMSON,5220
27394,LOURDES (LAUC PAU),5220
27395,PRADO SIONGCO,5220
27396,REMEDIOS,5220
27397,SAN AGUSTIN,5220
27398,SAN ANTONIO,5220
27399,SAN FRANCISCO,5220
27400,SAN ISIDRO,5220
27401,SAN JOSE APUNAN,5220
27402,SAN JOSE GUMI,5220
27403,SAN JUAN (POB.),5220
27404,SAN MATIAS,5220
27405,SAN MIGUEL,5220
27406,SAN NICOLAS 1ST (POB.),5220
27407,SAN NICOLAS 2ND,5220
27408,SAN PABLO 1ST,5220
27409,SAN PABLO 2ND,5220
27410,SAN PEDRO PALCARANGAN,5220
27411,SAN PEDRO SAUG,5220
27412,SAN ROQUE ARBOL,5220
27413,SAN ROQUE DAU,5220
27414,SAN VICENTE,5220
27415,SANTA BARBARA,5220
27416,SANTA CATALINA,5220
27417,SANTA CRUZ,5220
27418,SANTA LUCIA (POB.),5220
27419,SANTA MARIA,5220
27420,SANTA MONICA,5220
27421,SANTA RITA,5220
27422,SANTA TERESA 1ST,5220
27423,SANTA TERESA 2ND,5220
27424,SANTIAGO,5220
27425,SANTO CRISTO,5220
27426,SANTO DOMINGO,5220
27427,SANTO NIÑO (PRADO ARUBA),5220
27428,SANTO TOMAS (POB.),5220
27429,ATLU-BOLA,5221
27430,BICAL,5221
27431,BUNDAGUL,5221
27432,CACUTUD,5221
27433,CALUMPANG,5221
27434,CAMACHILES,5221
27435,DAPDAP,5221
27436,DAU,5221
27437,DOLORES,5221
27438,DUQUIT,5221
27439,LAKANDULA,5221
27440,MABIGA,5221
27441,MACAPAGAL VILLAGE,5221
27442,MAMATITANG,5221
27443,MANGALIT,5221
27444,MARCOS VILLAGE,5221
27445,MAWAQUE,5221
27446,PARALAYUNAN,5221
27447,POBLACION,5221
27448,SAN FRANCISCO,5221
27449,SAN JOAQUIN,5221
27450,SANTA INES,5221
27451,SANTA MARIA,5221
27452,SANTO ROSARIO,5221
27453,SAPANG BALEN,5221
27454,SAPANG BIABAS,5221
27455,TABUN,5221
27456,BATASAN,5222
27457,CADUANG TETE,5222
27458,CANDELARIA,5222
27459,CASTULI,5222
27460,CONSUELO,5222
27461,DALAYAP,5222
27462,MATAGUITI,5222
27463,SAN ESTEBAN,5222
27464,SAN FRANCISCO,5222
27465,SAN GABRIEL (POB.),5222
27466,SAN ISIDRO,5222
27467,SAN JOSE,5222
27468,SAN JUAN,5222
27469,SAN RAFAEL,5222
27470,SAN ROQUE,5222
27471,SAN VICENTE,5222
27472,SANTA CRUZ (POB.),5222
27473,SANTA LUTGARDA,5222
27474,SANTA MARIA,5222
27475,SANTA RITA (POB.),5222
27476,SANTO NIÑO,5222
27477,SANTO ROSARIO (POB.),5222
27478,SAPLAD DAVID,5222
27479,TACASAN,5222
27480,TELACSAN,5222
27481,AYALA,5223
27482,BUCANAN,5223
27483,CAMIAS,5223
27484,DOLORES,5223
27485,ESCALER,5223
27486,LA PAZ,5223
27487,NAVALING,5223
27488,SAN AGUSTIN,5223
27489,SAN ANTONIO,5223
27490,SAN FRANCISO,5223
27491,SAN ILDEFONSO,5223
27492,SAN ISIDRO,5223
27493,SAN JOSE,5223
27494,SAN MIGUEL,5223
27495,SAN NICOLAS 1ST (POB.),5223
27496,SAN NICOLAS 2ND,5223
27497,SAN PABLO (POB.),5223
27498,SAN PEDRO I,5223
27499,SAN PEDRO II,5223
27500,SAN ROQUE,5223
27501,SAN VICENTE,5223
27502,SANTA CRUZ (POB.),5223
27503,SANTA LUCIA,5223
27504,SANTA MARIA,5223
27505,SANTO NIÑO,5223
27506,SANTO ROSARIO,5223
27507,TURU,5223
27508,ALAULI,5224
27509,BAGANG,5224
27510,BALIBAGO,5224
27511,BEBE ANAC,5224
27512,BEBE MATUA,5224
27513,BULACUS,5224
27514,CAMBASI,5224
27515,MALAULI,5224
27516,NIGUI,5224
27517,PALIMPE,5224
27518,PUTI,5224
27519,SAGRADA (TIBAGIN),5224
27520,SAN AGUSTIN (CAINGIN),5224
27521,SAN ISIDRO ANAC,5224
27522,SAN ISIDRO MATUA (POB.),5224
27523,SAN NICOLAS (POB.),5224
27524,SAN PEDRO,5224
27525,SANTA CRUZ,5224
27526,SANTA LUCIA ANAC (POB.),5224
27527,SANTA LUCIA MATUA,5224
27528,SANTA LUCIA PAGUIBA,5224
27529,SANTA LUCIA WAKAS,5224
27530,SANTA MONICA (CAINGIN),5224
27531,SANTO NIÑO,5224
27532,SAPANG KAWAYAN,5224
27533,SUA,5224
27534,ACLI,5225
27535,ANAO,5225
27536,BALAS,5225
27537,BUENAVISTA,5225
27538,CAMUNING,5225
27539,CAWAYAN,5225
27540,CONCEPCION,5225
27541,CULUBASA,5225
27542,DIVISORIA,5225
27543,DOLORES (PIRING),5225
27544,EDEN,5225
27545,GANDUS,5225
27546,LAGUNDI,5225
27547,LAPUT,5225
27548,LAUG,5225
27549,MASAMAT,5225
27550,MASANGSANG,5225
27551,NUEVA VICTORIA,5225
27552,PANDACAQUI,5225
27553,PANGATLAN,5225
27554,PANIPUAN,5225
27555,PARIAN (POB.),5225
27556,SABANILLA,5225
27557,SAN ANTONIO,5225
27558,SAN CARLOS,5225
27559,SAN JOSE MALINO,5225
27560,SAN JOSE MATULID,5225
27561,SAN JUAN,5225
27562,SAN LORENZO,5225
27563,SAN MIGUEL,5225
27564,SAN NICOLAS,5225
27565,SAN PABLO,5225
27566,SAN PATRICIO,5225
27567,SAN RAFAEL,5225
27568,SAN ROQUE,5225
27569,SAN VICENTE,5225
27570,SANTA CRUZ,5225
27571,SANTA MARIA,5225
27572,SANTO DOMINGO,5225
27573,SANTO ROSARIO,5225
27574,SAPANG MAISAC,5225
27575,SUCLABAN,5225
27576,TANGLE (TANGLAY),5225
27577,BULAC,5226
27578,DAWE,5226
27579,LOURDES,5226
27580,MANIANGO,5226
27581,SAN FRANCISCO 1ST,5226
27582,SAN FRANCISCO 2ND,5226
27583,SAN ISIDRO,5226
27584,SAN NICOLAS (POB.),5226
27585,SAN PEDRO,5226
27586,SANTA CATALINA,5226
27587,SANTA MARIA,5226
27588,SANTA RITA,5226
27589,SANTO DOMINGO,5226
27590,SANTO ROSARIO (POB.),5226
27591,SAPLAD,5226
27592,BABO PANGULO,5227
27593,BABO SACAN,5227
27594,BALUBAD,5227
27595,CALZADANG BAYU,5227
27596,CAMIAS,5227
27597,CANGATBA,5227
27598,DIAZ,5227
27599,DOLORES (HACIENDA DOLORES),5227
27600,INARARO (AETAS),5227
27601,JALUNG,5227
27602,MANCATIAN,5227
27603,MANIBAUG LIBUTAD,5227
27604,MANIBAUG PARALAYA,5227
27605,MANIBAUG PASIG,5227
27606,MANUALI,5227
27607,MITLA PROPER,5227
27608,PALAT,5227
27609,PIAS,5227
27610,PIO,5227
27611,PLANAS,5227
27612,POBLACION,5227
27613,PULONG SANTOL,5227
27614,SALU,5227
27615,SAN JOSE MITLA,5227
27616,SANTA CRUZ,5227
27617,SAPANG UWAK (AETAS),5227
27618,SEPUNG BULAUN,5227
27619,SINURA,5227
27620,VILLA MARIA (AETAS),5227
27621,ALASAS,5228
27622,BALITI,5228
27623,BULAON,5228
27624,CALULUT,5228
27625,DEL CARMEN,5228
27626,DEL PILAR,5228
27627,DEL ROSARIO,5228
27628,DELA PAZ NORTE,5228
27629,DELA PAZ SUR,5228
27630,DOLORES,5228
27631,JULIANA,5228
27632,LARA,5228
27633,LOURDES,5228
27634,MAGLIMAN,5228
27635,MAIMPIS,5228
27636,MALINO,5228
27637,MALPITIC,5228
27638,PANDARAS,5228
27639,PANIPUAN,5228
27640,PULUNG BULU,5228
27641,QUEBIAUAN,5228
27642,SAGUIN,5228
27643,SAN AGUSTIN,5228
27644,SAN FELIPE,5228
27645,SAN ISIDRO,5228
27646,SAN JOSE,5228
27647,SAN JUAN,5228
27648,SAN NICOLAS,5228
27649,SAN PEDRO,5228
27650,SANTA LUCIA,5228
27651,SANTA TERESITA,5228
27652,SANTO NIÑO,5228
27653,SANTO ROSARIO (POB.),5228
27654,SINDALAN,5228
27655,TELABASTAGAN,5228
27656,SAN AGUSTIN,5144
27657,SAN CARLOS,5144
27658,SAN ISIDRO,5144
27659,SAN JOSE,5144
27660,SAN JUAN,5144
27661,SAN NICOLAS,5144
27662,SAN ROQUE,5144
27663,SAN SEBASTIAN,5144
27664,SANTA CATALINA,5144
27665,SANTA CRUZ PAMBILOG,5144
27666,SANTA CRUZ POBLACION,5144
27667,SANTA LUCIA,5144
27668,SANTA MONICA,5144
27669,SANTA RITA,5144
27670,SANTO NIÑO,5144
27671,SANTO ROSARIO,5144
27672,SANTO TOMAS,5144
27673,CONCEPCION,5230
27674,DE LA PAZ,5230
27675,SAN AGUSTIN,5230
27676,SAN ISIDRO,5230
27677,SAN JOSE,5230
27678,SAN JUAN (POB.),5230
27679,SAN MIGUEL,5230
27680,SAN NICOLAS,5230
27681,SAN PABLO LIBUTAD,5230
27682,SAN PABLO PROPER,5230
27683,SAN PEDRO,5230
27684,SANTA CRUZ,5230
27685,SANTA MONICA,5230
27686,SANTO NIÑO,5230
27687,SAN AGUSTIN,5072
27688,SAN BARTOLOME,5072
27689,SAN ISIDRO,5072
27690,SAN JOAQUIN (POB.),5072
27691,SAN JOSE,5072
27692,SAN JUAN,5072
27693,SAN NICOLAS,5072
27694,SAN PABLO,5072
27695,SAN PEDRO,5072
27696,SAN ROQUE,5072
27697,SANTA LUCIA,5072
27698,SANTA MARIA,5072
27699,SANTIAGO,5072
27700,SANTO ROSARIO,5072
27701,BECURAN,5232
27702,DILA-DILA,5232
27703,SAN AGUSTIN,5232
27704,SAN BASILIO,5232
27705,SAN ISIDRO,5232
27706,SAN JOSE (POB.),5232
27707,SAN JUAN,5232
27708,SAN MATIAS,5232
27709,SAN VICENTE,5232
27710,SANTA MONICA,5232
27711,MORAS DE LA PAZ,4992
27712,POBLACION,4992
27713,SAN BARTOLOME,4992
27714,SAN MATIAS,4992
27715,SAN VICENTE,4992
27716,SANTO ROSARIO (PAU),4992
27717,SAPA (SANTO NIÑO),4992
27718,BATANG 1ST,5234
27719,BATANG 2ND,5234
27720,MABUANBUAN,5234
27721,MALUSAC,5234
27722,SABITANAN,5234
27723,SAN ANTONIO,5234
27724,SAN NICOLAS 1ST,5234
27725,SAN NICOLAS 2ND,5234
27726,SAN PEDRO,5234
27727,SANTA LUCIA (POB.),5234
27728,SANTA MONICA,5234
27729,SANTO TOMAS,5234
27730,BAGUINDOC (BAGUINLOC),5235
27731,BANTOG,5235
27732,CAMPOS,5235
27733,CARMEN,5235
27734,CASILI,5235
27735,DON RAMON,5235
27736,HERNANDO,5235
27737,POBLACION,5235
27738,RIZAL,5235
27739,SAN FRANCISCO EAST,5235
27740,SAN FRANCISCO WEST,5235
27741,SAN JOSE NORTH,5235
27742,SAN JOSE SOUTH,5235
27743,SAN JUAN,5235
27744,SAN ROQUE,5235
27745,SANTO DOMINGO,5235
27746,SINENSE,5235
27747,SUAVERDEZ,5235
27748,ANUPUL,5236
27749,BANABA,5236
27750,BANGCU,5236
27751,CULUBASA,5236
27752,DELA CRUZ,5236
27753,LA PAZ,5236
27754,LOURDES,5236
27755,MALONZO,5236
27756,SAN NICOLAS (POB.),5236
27757,SAN PEDRO,5236
27758,SAN RAFAEL,5236
27759,SAN ROQUE,5236
27760,SAN VICENTE,5236
27761,SANTO NIÑO,5236
27762,VIRGEN DE LOS REMEDIOS (PACALCAL),5236
27763,ANOLING 1ST,5237
27764,ANOLING 2ND,5237
27765,ANOLING 3RD,5237
27766,BACABAC,5237
27767,BACSAY,5237
27768,BANCAY 1ST,5237
27769,BANCAY 2ND,5237
27770,BILAD,5237
27771,BIRBIRA,5237
27772,BOBON 1ST,5237
27773,BOBON 2ND,5237
27774,BOBON CAAROSIPAN,5237
27775,CABANABAAN,5237
27776,CACAMILINGAN NORTE,5237
27777,CACAMILINGAN SUR,5237
27778,CANIAG,5237
27779,CARAEL,5237
27780,CAYAOAN,5237
27781,CAYASAN,5237
27782,FLORIDA,5237
27783,LASONG,5237
27784,LIBUEG,5237
27785,MALACAMPA,5237
27786,MANAKEM,5237
27787,MANUPEG,5237
27788,MARAWI,5237
27789,MATUBOG,5237
27790,NAGRAMBACAN,5237
27791,NAGSERIALAN,5237
27792,PALIMBO PROPER,5237
27793,PALIMBO-CAAROSIPAN,5237
27794,PAO 1ST,5237
27795,PAO 2ND,5237
27796,PAO 3RD,5237
27797,PAPAAC,5237
27798,PINDANGAN 1ST,5237
27799,PINDANGAN 2ND,5237
27800,POBLACION A,5237
27801,POBLACION B,5237
27802,POBLACION C,5237
27803,POBLACION D,5237
27804,POBLACION E,5237
27805,POBLACION F,5237
27806,POBLACION G,5237
27807,POBLACION H,5237
27808,POBLACION I,5237
27809,POBLACION J,5237
27810,SANTA MARIA,5237
27811,SAWAT,5237
27812,SINILIAN 1ST,5237
27813,SINILIAN 2ND,5237
27814,SINILIAN 3RD,5237
27815,SINILIAN CACALIBOSOAN,5237
27816,SINULATAN 1ST,5237
27817,SINULATAN 2ND,5237
27818,SURGUI 1ST,5237
27819,SURGUI 2ND,5237
27820,SURGUI 3RD,5237
27821,TAMBUGAN,5237
27822,TELBANG,5237
27823,TUEC,5237
27824,ARANGUREN,5238
27825,BUENO,5238
27826,CRISTO REY,5238
27827,CUBCUB (POB.),5238
27828,CUTCUT 1ST,5238
27829,CUTCUT 2ND,5238
27830,DOLORES,5238
27831,ESTRADA (CALINGCUAN),5238
27832,LAWY,5238
27833,MANGA,5238
27834,MANLAPIG,5238
27835,MARUGLU,5238
27836,O'DONNELL,5238
27837,SANTA JULIANA,5238
27838,SANTA LUCIA,5238
27839,SANTA RITA,5238
27840,SANTO DOMINGO 1ST,5238
27841,SANTO DOMINGO 2ND,5238
27842,SANTO ROSARIO,5238
27843,TALAGA,5238
27844,AGUSO,5239
27845,ALVINDIA SEGUNDO,5239
27846,AMUCAO,5239
27847,ARMENIA,5239
27848,ASTURIAS,5239
27849,ATIOC,5239
27850,BALANTI,5239
27851,BALETE,5239
27852,BALIBAGO I,5239
27853,BALIBAGO II,5239
27854,BALINGCANAWAY,5239
27855,BANABA,5239
27856,BANTOG,5239
27857,BARAS-BARAS,5239
27858,BATANG-BATANG,5239
27859,BINAUGANAN,5239
27860,BORA,5239
27861,BUENAVISTA,5239
27862,BUHILIT (BUBULIT),5239
27863,BUROT,5239
27864,CALINGCUAN,5239
27865,CAPEHAN,5239
27866,CARANGIAN,5239
27867,CARE,5239
27868,CENTRAL,5239
27869,CULIPAT,5239
27870,CUT-CUT I,5239
27871,CUT-CUT II,5239
27872,DALAYAP,5239
27873,DELA PAZ,5239
27874,DOLORES,5239
27875,LAOANG,5239
27876,LIGTASAN,5239
27877,LOURDES,5239
27878,MABINI,5239
27879,MALIGAYA,5239
27880,MALIWALO,5239
27881,MAPALACSIAO,5239
27882,MAPALAD,5239
27883,MATADERO,5239
27884,MATATALAIB,5239
27885,PARAISO,5239
27886,POBLACION,5239
27887,SALAPUNGAN,5239
27888,SAN CARLOS,5239
27889,SAN FRANCISCO,5239
27890,SAN ISIDRO,5239
27891,SAN JOSE,5239
27892,SAN JOSE DE URQUICO,5239
27893,SAN JUAN DE MATA,5239
27894,SAN LUIS,5239
27895,SAN MANUEL,5239
27896,SAN MIGUEL,5239
27897,SAN NICOLAS,5239
27898,SAN PABLO,5239
27899,SAN PASCUAL,5239
27900,SAN RAFAEL,5239
27901,SAN ROQUE,5239
27902,SAN SEBASTIAN,5239
27903,SAN VICENTE,5239
27904,SANTA CRUZ (ALVINDIA PRIMERO),5239
27905,SANTA MARIA,5239
27906,SANTO CRISTO,5239
27907,SANTO DOMINGO,5239
27908,SANTO NIÑO,5239
27909,SAPANG MARAGUL,5239
27910,SAPANG TAGALOG,5239
27911,SEPUNG CALZADA,5239
27912,SINAIT,5239
27913,SUIZO,5239
27914,TARIJI,5239
27915,TIBAG,5239
27916,TIBAGAN,5239
27917,TRINIDAD (TRINIDAD PRIMERO),5239
27918,UNGOT,5239
27919,VILLA BACOLOR,5239
27920,ALFONSO,5240
27921,BALUTU,5240
27922,CAFE,5240
27923,CALIUS GUECO,5240
27924,CALULUAN,5240
27925,CASTILLO,5240
27926,CORAZON DE JESUS,5240
27927,CULATINGAN,5240
27928,DUNGAN,5240
27929,DUTUNG-A-MATAS,5240
27930,GREEN VILLAGE,5240
27931,LILIBANGAN,5240
27932,MABILOG,5240
27933,MAGAO,5240
27934,MALUPA,5240
27935,MINANE,5240
27936,PANALICSIAN (PANALICSICAN),5240
27937,PANDO,5240
27938,PARANG,5240
27939,PARULUNG,5240
27940,PITABUNAN,5240
27941,SAN AGUSTIN (MURCIA),5240
27942,SAN ANTONIO,5240
27943,SAN BARTOLOME,5240
27944,SAN FRANCISCO,5240
27945,SAN ISIDRO (ALMENDRAS),5240
27946,SAN JOSE (POB.),5240
27947,SAN JUAN (CASTRO),5240
27948,SAN MARTIN,5240
27949,SAN NICOLAS (POB.),5240
27950,SAN NICOLAS BALAS,5240
27951,SAN VICENTE (CALUIS/COBRA),5240
27952,SANTA CRUZ,5240
27953,SANTA MARIA,5240
27954,SANTA MONICA,5240
27955,SANTA RITA,5240
27956,SANTA ROSA,5240
27957,SANTIAGO,5240
27958,SANTO CRISTO,5240
27959,SANTO NIÑO,5240
27960,SANTO ROSARIO (MAGUNTING),5240
27961,TALIMUNDUC MARIMLA,5240
27962,TALIMUNDUC SAN MIGUEL,5240
27963,TELABANCA,5240
27964,TINANG,5240
27965,ABAGON,5241
27966,AMACALAN,5241
27967,APSAYAN,5241
27968,AYSON,5241
27969,BAWA,5241
27970,BUENLAG,5241
27971,BULARIT,5241
27972,CALAYAAN,5241
27973,CARBONEL,5241
27974,CARDONA,5241
27975,CATURAY,5241
27976,DANZO,5241
27977,DICOLOR,5241
27978,DON BASILIO,5241
27979,LUNA,5241
27980,MABINI,5241
27981,MAGASPAC,5241
27982,MALAYEP,5241
27983,MATAPITAP,5241
27984,MATAYUMCAB,5241
27985,NEW SALEM,5241
27986,OLOYBUAYA,5241
27987,PADAPADA,5241
27988,PARSOLINGAN,5241
27989,PINASLING (PINASUNG),5241
27990,PLASTADO,5241
27991,POBLACION 1,5241
27992,POBLACION 2,5241
27993,POBLACION 3,5241
27994,QUEZON,5241
27995,RIZAL,5241
27996,SALAPUNGAN,5241
27997,SAN AGUSTIN,5241
27998,SAN ANTONIO,5241
27999,SAN BARTOLOME,5241
28000,SAN JOSE,5241
28001,SANTA LUCIA,5241
28002,SANTIAGO,5241
28003,SEMBRANO,5241
28004,SINGAT,5241
28005,SULIPA,5241
28006,TAGUMBAO,5241
28007,TANGCARAN,5241
28008,VILLA PAZ,5241
28009,BALANOY,5242
28010,BANTOG-CARICUTAN,5242
28011,CARAMUTAN,5242
28012,CAUT,5242
28013,COMILLAS,5242
28014,DUMARAIS,5242
28015,GUEVARRA,5242
28016,KAPANIKIAN,5242
28017,LA PURISIMA,5242
28018,LARA,5242
28019,LAUNGCUPANG,5242
28020,LOMBOY,5242
28021,MACALONG,5242
28022,MATAYUMTAYUM,5242
28023,MAYANG,5242
28024,MOTRICO,5242
28025,PALUDPUD,5242
28026,RIZAL,5242
28027,SAN ISIDRO (POB.),5242
28028,SAN ROQUE (POB.),5242
28029,SIERRA,5242
28030,AMBALINGIT,5243
28031,BAYBAYAOAS,5243
28032,BIGBIGA,5243
28033,BINBINACA,5243
28034,CALABTANGAN,5243
28035,CAOCAOAYAN,5243
28036,CARABAOAN,5243
28037,CUBCUB,5243
28038,GAYONGGAYONG,5243
28039,GOSSOOD,5243
28040,LABNEY,5243
28041,MAMONIT,5243
28042,MANINIOG,5243
28043,MAPANDAN,5243
28044,NAMBALAN,5243
28045,PEDRO L. QUINES,5243
28046,PITOMBAYOG,5243
28047,POBLACION NORTE,5243
28048,POBLACION SUR,5243
28049,ROTROTTOOC,5243
28050,SAN BARTOLOME,5243
28051,SAN JOSE,5243
28052,TALDIAPAN,5243
28053,TANGCARANG,5243
28054,ABLANG-SAPANG,5244
28055,ARINGIN,5244
28056,ATENCIO,5244
28057,BANAOANG EAST,5244
28058,BANAOANG WEST,5244
28059,BAQUERO NORTE,5244
28060,BAQUERO SUR,5244
28061,BURGOS,5244
28062,CALAMAY,5244
28063,CALAPAN,5244
28064,CAMANGAAN EAST,5244
28065,CAMANGAAN WEST,5244
28066,CAMPOSANTO 1 - NORTE,5244
28067,CAMPOSANTO 1 - SUR,5244
28068,CAMPOSANTO 2,5244
28069,CAPAOAYAN,5244
28070,LAPSING,5244
28071,MABINI,5244
28072,MALUAC,5244
28073,POBLACION 1,5244
28074,POBLACION 2,5244
28075,POBLACION 3,5244
28076,POBLACION 4,5244
28077,RIZAL,5244
28078,SAN JUAN,5244
28079,SAN JULIAN,5244
28080,SAN LEON,5244
28081,SAN PEDRO,5244
28082,SAN ROQUE,5244
28083,SANTA LUCIA EAST,5244
28084,SANTA LUCIA WEST,5244
28085,SANTA MARIA,5244
28086,SANTA MONICA,5244
28087,TOLEGA NORTE,5244
28088,TOLEGA SUR,5244
28089,TUBECTUBANG,5244
28090,VILLA,5244
28091,ABOGADO,5245
28092,ACOCOLAO,5245
28093,ADUAS,5245
28094,APULID,5245
28095,BALAOANG,5245
28096,BARANG (BORANG),5245
28097,BRILLANTE,5245
28098,BURGOS,5245
28099,CABAYAOASAN,5245
28100,CANAN,5245
28101,CARINO,5245
28102,CAYANGA,5245
28103,COLIBANGBANG,5245
28104,CORAL,5245
28105,DAPDAP,5245
28106,ESTACION,5245
28107,MABILANG,5245
28108,MANAOIS,5245
28109,MATALAPITAP,5245
28110,NAGMISAAN,5245
28111,NANCAMARINAN,5245
28112,NIPACO,5245
28113,PATALAN,5245
28114,POBLACION NORTE,5245
28115,POBLACION SUR,5245
28116,RANG-AYAN,5245
28117,SALUMAGUE,5245
28118,SAMPUT,5245
28119,SAN CARLOS,5245
28120,SAN ISIDRO,5245
28121,SAN JUAN DE MILLA,5245
28122,SANTA INES,5245
28123,SINIGPIT,5245
28124,TABLANG,5245
28125,VENTENILLA,5245
28126,BALITE,5246
28127,BUENAVISTA,5246
28128,CADANGLAAN,5246
28129,ESTIPONA,5246
28130,LINAO,5246
28131,MAASIN,5246
28132,MATINDEG,5246
28133,MAUNGIB,5246
28134,NAYA,5246
28135,NILASIN 1ST,5246
28136,NILASIN 2ND,5246
28137,POBLACION 1,5246
28138,POBLACION 2,5246
28139,POBLACION 3,5246
28140,POROC,5246
28141,SINGAT,5246
28142,CORAL-ILOCO,5247
28143,GUITEB,5247
28144,PANCE,5247
28145,POBLACION CENTER,5247
28146,POBLACION NORTH,5247
28147,POBLACION SOUTH,5247
28148,SAN JUAN,5247
28149,SAN RAYMUNDO,5247
28150,TOLEDO,5247
28151,BALLOC,5248
28152,BAMBAN,5248
28153,CASIPO,5248
28154,CATAGUDINGAN,5248
28155,DALDALAYAP,5248
28156,DOCLONG 1,5248
28157,DOCLONG 2,5248
28158,MAASIN,5248
28159,NAGSABARAN,5248
28160,PIT-AO,5248
28161,POBLACION NORTE,5248
28162,POBLACION SUR,5248
28163,BURGOS,5249
28164,DAVID,5249
28165,IBA,5249
28166,LABNEY,5249
28167,LAWACAMULAG,5249
28168,LUBIGAN,5249
28169,MAAMOT,5249
28170,MABABANABA,5249
28171,MORIONES,5249
28172,PAO,5249
28173,SAN JUAN DE VALDEZ,5249
28174,SULA,5249
28175,VILLA AGLIPAY,5249
28176,COLUBOT,5031
28177,LANAT,5031
28178,LEGASPI,5031
28179,MANGANDINGAY,5031
28180,MATARANNOC,5031
28181,PACPACO,5031
28182,POBLACION,5031
28183,SALCEDO,5031
28184,SAN AGUSTIN,5031
28185,SAN FELIPE,5031
28186,SAN JACINTO,5031
28187,SAN MIGUEL,5031
28188,SAN NARCISO,5031
28189,SAN VICENTE,5031
28190,SANTA MARIA,5031
28191,BALDIOS,5251
28192,BOTBOTONES,5251
28193,CAANAMONGAN,5251
28194,CABARUAN,5251
28195,CABUGBUGAN,5251
28196,CADULDULAOAN,5251
28197,CALIPAYAN,5251
28198,MACAGUING,5251
28199,NAMBALAN,5251
28200,PADAPADA,5251
28201,PILPILA,5251
28202,PINPINAS,5251
28203,POBLACION EAST,5251
28204,POBLACION WEST,5251
28205,PUGO-CECILIO,5251
28206,SAN FRANCISCO,5251
28207,SAN SOTERO,5251
28208,SAN VICENTE,5251
28209,SANTA INES CENTRO,5251
28210,SANTA INES EAST,5251
28211,SANTA INES WEST,5251
28212,TAGUIPORO,5251
28213,TIMMAGUAB,5251
28214,VARGAS,5251
28215,BACULONG,5252
28216,BALAYANG,5252
28217,BALBALOTO,5252
28218,BANGAR,5252
28219,BANTOG,5252
28220,BATANGBATANG,5252
28221,BULO,5252
28222,CABULUAN,5252
28223,CALIBUNGAN,5252
28224,CANAREM,5252
28225,CRUZ,5252
28226,LALAPAC,5252
28227,MALUID,5252
28228,MANGOLAGO,5252
28229,MASALASA,5252
28230,PALACPALAC,5252
28231,SAN AGUSTIN,5252
28232,SAN ANDRES,5252
28233,SAN FERNANDO (POB.),5252
28234,SAN FRANCISCO,5252
28235,SAN GAVINO (POB.),5252
28236,SAN JACINTO,5252
28237,SAN NICOLAS (POB.),5252
28238,SAN VICENTE,5252
28239,SANTA BARBARA,5252
28240,SANTA LUCIA (POB.),5252
28241,BANCAL,5253
28242,BANGAN,5253
28243,BATONLAPOC,5253
28244,BELBEL,5253
28245,BENEG,5253
28246,BINUCLUTAN,5253
28247,BURGOS,5253
28248,CABATUAN,5253
28249,CAPAYAWAN,5253
28250,CARAEL,5253
28251,DANACBUNGA,5253
28252,MAGUISGUIS,5253
28253,MALOMBOY,5253
28254,MAMBOG,5253
28255,MORAZA,5253
28256,NACOLCOL,5253
28257,OWAOG-NIBLOC,5253
28258,PACO (POB.),5253
28259,PALIS,5253
28260,PANAN,5253
28261,PAREL,5253
28262,PAUDPOD,5253
28263,POONBATO,5253
28264,PORAC,5253
28265,SAN ISIDRO,5253
28266,SAN JUAN,5253
28267,SAN MIGUEL,5253
28268,SANTIAGO,5253
28269,TAMPO (POB.),5253
28270,TAUGTOG,5253
28271,VILLAR,5253
28272,ANONANG,5254
28273,APO-APO,5254
28274,AREW,5254
28275,BANUAMBAYO (POB.),5254
28276,CADMANG-RESERVA,5254
28277,CAMILING (CAMIING),5254
28278,CASABAAN,5254
28279,DEL CARMEN (POB.),5254
28280,DOLORES (POB.),5254
28281,FELMIDA-DIAZ,5254
28282,LAOAG,5254
28283,LOMBOY,5254
28284,LONGOS,5254
28285,MABANGLIT,5254
28286,NEW SAN JUAN,5254
28287,SAN ANTONIO,5254
28288,SAN ISIDRO,5254
28289,SAN JUAN (POB.),5254
28290,SAN RAFAEL,5254
28291,SANTA RITA,5254
28292,SANTO NIÑO,5254
28293,TONDO,5254
28294,BABANCAL,5255
28295,BINABALIAN,5255
28296,CATOL,5255
28297,DAMPAY,5255
28298,LAUIS,5255
28299,LIBERTADOR,5255
28300,MALABON (SAN ROQUE),5255
28301,MALIMANGA,5255
28302,PAMIBIAN,5255
28303,PANAYONAN,5255
28304,PINAGREALAN,5255
28305,POBLACION,5255
28306,SINABACAN,5255
28307,TAPOSO,5255
28308,UACON,5255
28309,YAMOT,5255
28310,BALAYBAY,5256
28311,BUENAVISTA,5256
28312,DEL PILAR,5256
28313,LOOC,5256
28314,MAGSAYSAY,5256
28315,NAGBAYAN,5256
28316,NAGBUNGA,5256
28317,SAN AGUSTIN,5256
28318,SAN JOSE (POB.),5256
28319,SAN JUAN (POB.),5256
28320,SAN NICOLAS,5256
28321,SAN PABLO (POB.),5256
28322,SAN ROQUE,5256
28323,SANTA MARIA,5256
28324,AMUNGAN,5257
28325,BANGANTALINGA,5257
28326,DIRITA-BALOGUEN,5257
28327,LIPAY-DINGIN-PANIBUATAN,5257
28328,PALANGINAN (PALANGUINAN-TAMBAK),5257
28329,SAN AGUSTIN,5257
28330,SANTA BARBARA,5257
28331,SANTO ROSARIO,5257
28332,ZONE 1 POB. (LIBABA),5257
28333,ZONE 2 POB. (AYPA),5257
28334,ZONE 3 POB. (BOTLAY),5257
28335,ZONE 4 POB. (SAGAPAN),5257
28336,ZONE 5 POB. (BANO),5257
28337,ZONE 6 POB. (BAYTAN),5257
28338,BALOGANON,5258
28339,BAMBAN,5258
28340,BANI,5258
28341,COLLAT,5258
28342,INHOBOL,5258
28343,NORTH POBLACION,5258
28344,SAN LORENZO,5258
28345,SAN SALVADOR,5258
28346,SANTA RITA,5258
28347,SANTO ROSARIO,5258
28348,SOUTH POBLACION,5258
28349,TALTAL,5258
28350,TAPUAC,5258
28351,ASINAN,5259
28352,BANICAIN,5259
28353,BARRETO,5259
28354,EAST BAJAC-BAJAC,5259
28355,EAST TAPINAC,5259
28356,GORDON HEIGHTS,5259
28357,KALAKLAN,5259
28358,MABAYUAN,5259
28359,NEW CABALAN,5259
28360,NEW ILALIM,5259
28361,NEW KABABAE,5259
28362,NEW KALALAKE,5259
28363,OLD CABALAN,5259
28364,PAG-ASA,5259
28365,SANTA RITA,5259
28366,WEST BAJAC-BAJAC,5259
28367,WEST TAPINAC,5259
28368,ALWA,5260
28369,BATO,5260
28370,BULAWEN,5260
28371,CAUYAN,5260
28372,EAST POBLACION,5260
28373,GARRETA,5260
28374,LIBABA,5260
28375,LIOZON,5260
28376,LIPAY,5260
28377,LOCLOC,5260
28378,MACARANG,5260
28379,MAGALAWA,5260
28380,PANGOLINGAN,5260
28381,SALAZA,5260
28382,SAN JUAN,5260
28383,SANTO NIÑO,5260
28384,SANTO TOMAS,5260
28385,TITION (SAN VICENTE),5260
28386,WEST POBLACION,5260
28387,ANGELES,5203
28388,ANTIPOLO (POB.),5203
28389,BURGOS (POB.),5203
28390,EAST DIRITA,5203
28391,LUNA (POB.),5203
28392,PUNDAQUIT,5203
28393,RIZAL,5203
28394,SAN ESTEBAN,5203
28395,SAN GREGORIO (POB.),5203
28396,SAN JUAN (POB.),5203
28397,SAN MIGUEL,5203
28398,SAN NICOLAS (POB.),5203
28399,SANTIAGO,5203
28400,WEST DIRITA,5203
28401,AMAGNA (POB.),5262
28402,APOSTOL (POB.),5262
28403,BALINCAGUING,5262
28404,FARAÑAL (POB.),5262
28405,FERIA (POB.),5262
28406,MALOMA,5262
28407,MANGLICMOT (POB.),5262
28408,ROSETE (POB.),5262
28409,SAN RAFAEL,5262
28410,SANTO NIÑO,5262
28411,SINDOL,5262
28412,AGLAO,5263
28413,BUHAWEN,5263
28414,BURGOS (POB.),5263
28415,CENTRAL (POB.),5263
28416,CONSUELO NORTE,5263
28417,CONSUELO SUR (POB.),5263
28418,LA PAZ (POB.),5263
28419,LAOAG,5263
28420,LINASIN,5263
28421,LINUSUNGAN,5263
28422,LUCERO (POB.),5263
28423,NAGBUNGA,5263
28424,RABANES,5263
28425,RIZAL (POB.),5263
28426,SAN GUILLERMO (POB.),5263
28427,SAN ISIDRO (POB.),5263
28428,SAN RAFAEL,5263
28429,SANTA FE,5263
28430,ALUSIIS,5264
28431,BEDDENG,5264
28432,CANDELARIA (POB.),5264
28433,DALLIPAWEN,5264
28434,GRULLO,5264
28435,LA PAZ,5264
28436,LIBERTAD (POB.),5264
28437,NAMATACAN,5264
28438,NATIVIDAD (POB.),5264
28439,OMAYA,5264
28440,PAITE,5264
28441,PATROCINIO (POB.),5264
28442,SAN JOSE (POB.),5264
28443,SAN JUAN (POB.),5264
28444,SAN PASCUAL (POB.),5264
28445,SAN RAFAEL (POB.),5264
28446,SIMINUBLAN,5264
28447,BABUYAN,4965
28448,BANGCOL,4965
28449,BAYTO,4965
28450,BIAY,4965
28451,BOLITOC,4965
28452,BULAWON,4965
28453,CANAYNAYAN,4965
28454,GAMA,4965
28455,GUINABON,4965
28456,GUISGUIS,4965
28457,LIPAY,4965
28458,LOMBOY,4965
28459,LUCAPON NORTH,4965
28460,LUCAPON SOUTH,4965
28461,MALABAGO,4965
28462,NAULO,4965
28463,PAGATPAT,4965
28464,PAMONORAN,4965
28465,POBLACION NORTH,4965
28466,POBLACION SOUTH,4965
28467,SABANG,4965
28468,SAN FERNANDO,4965
28469,TABALONG,4965
28470,TUBOTUBO NORTH,4965
28471,TUBOTUBO SOUTH,4965
28472,ANINGWAY SACATIHAN,5266
28473,ASINAN POBLACION,5266
28474,ASINAN PROPER,5266
28475,BARACA-CAMACHILE (POB.),5266
28476,BATIAWAN,5266
28477,CALAPACUAN,5266
28478,CALAPANDAYAN (POB.),5266
28479,CAWAG,5266
28480,ILWAS (POB.),5266
28481,MANGAN-VACA,5266
28482,MATAIN,5266
28483,NAUGSOL,5266
28484,PAMATAWAN,5266
28485,SAN ISIDRO,5266
28486,SANTO TOMAS,5266
28487,WAWANDUE (POB.),5266
38507,ADIA,5267
38508,BAGONG SIKAT,5267
38509,BALANGON,5267
38510,BANGIN,5267
38511,BANYAGA,5267
38512,BARIGON,5267
38513,BILIBINWANG,5267
38514,CORAL NA MUNTI,5267
38515,GUITNA,5267
38516,MABINI,5267
38517,PAMIGA,5267
38518,PANHULAN,5267
38519,PANSIPIT,5267
38520,POBLACION,5267
38521,POOK,5267
38522,SAN JACINTO,5267
38523,SAN TEODORO,5267
38524,SANTA CRUZ,5267
38525,SANTO TOMAS,5267
38526,SUBIC IBABA,5267
38527,SUBIC ILAYA,5267
38528,BALAGBAG,5268
38529,CONCEPCION,5268
38530,CONCORDIA,5268
38531,DALIPIT EAST,5268
38532,DALIPIT WEST,5268
38533,DOMINADOR EAST,5268
38534,DOMINADOR WEST,5268
38535,MUNLAWIN NORTE,5268
38536,MUNLAWIN SUR,5268
38537,MUZON PRIMERO,5268
38538,MUZON SEGUNDO,5268
38539,PINAGKURUSAN,5268
38540,PING-AS,5268
38541,POBLACION EAST,5268
38542,POBLACION WEST,5268
38543,SAN JOSE,5268
38544,SAN JUAN,5268
38545,SANTA CRUZ,5268
38546,TADLAC,5268
38547,BACLARAN,5269
38548,BARANGAY 1 (POB.),5269
38549,BARANGAY 2 (POB.),5269
38550,BARANGAY 3 (POB.),5269
38551,BARANGAY 4 (POB.),5269
38552,BARANGAY 5 (POB.),5269
38553,BARANGAY 6 (POB.),5269
38554,BARANGAY 7 (POB.),5269
38555,BARANGAY 8 (POB.),5269
38556,BARANGAY 9 (POB.),5269
38557,BARANGAY 10 (POB.),5269
38558,BARANGAY 11 (POB.),5269
38559,BARANGAY 12 (POB.),5269
38560,CALAN,5269
38561,CALOOCAN,5269
38562,CALZADA,5269
38563,CANDA,5269
38564,CARENAHAN,5269
38565,CAYBUNGA,5269
38566,CAYPONCE,5269
38567,DALIG,5269
38568,DAO,5269
38569,DILAO,5269
38570,DUHATAN,5269
38571,DURUNGAO,5269
38572,GIMALAS,5269
38573,GUMAMELA,5269
38574,LAGNAS,5269
38575,LANATAN,5269
38576,LANGGANGAN,5269
38577,LUCBAN POOK,5269
38578,LUCBAN PUTOL,5269
38579,MAGABE,5269
38580,MALALAY,5269
38581,MUNTING TUBIG,5269
38582,NAVOTAS,5269
38583,PALIKPIKAN,5269
38584,PATUGO,5269
38585,POOC,5269
38586,SAMBAT,5269
38587,SAMPAGA,5269
38588,SAN JUAN,5269
38589,SAN PIRO,5269
38590,SANTOL,5269
38591,SUKOL,5269
38592,TACTAC,5269
38593,TALUDTUD,5269
38594,TANGGOY,5269
38595,ALANGILAN,5270
38596,CALAWIT,5270
38597,LOOC,5270
38598,MAGAPI,5270
38599,MAKINA,5270
38600,MALABANAN,5270
38601,PALIGAWAN,5270
38602,PALSARA,5270
38603,POBLACION,5270
38604,SALA,5270
38605,SAMPALOCAN,5270
38606,SAN SEBASTIAN,5270
38607,SOLIS,5270
38608,ALANGILAN,5271
38609,BALAGTAS,5271
38610,BALETE,5271
38611,BANABA CENTER,5271
38612,BANABA IBABA,5271
38613,BANABA KANLURAN,5271
38614,BANABA SILANGAN,5271
38615,BARANGAY 1 (POB.),5271
38616,BARANGAY 2 (POB.),5271
38617,BARANGAY 3 (POB.),5271
38618,BARANGAY 4 (POB.),5271
38619,BARANGAY 5 (POB.),5271
38620,BARANGAY 6 (POB.),5271
38621,BARANGAY 7 (POB.),5271
38622,BARANGAY 8 (POB.),5271
38623,BARANGAY 9 (POB.),5271
38624,BARANGAY 10 (POB.),5271
38625,BARANGAY 11 (POB.),5271
38626,BARANGAY 12 (POB.),5271
38627,BARANGAY 13 (POB.),5271
38628,BARANGAY 14 (POB.),5271
38629,BARANGAY 15 (POB.),5271
38630,BARANGAY 16 (POB.),5271
38631,BARANGAY 17 (POB.),5271
38632,BARANGAY 18 (POB.),5271
38633,BARANGAY 19 (POB.),5271
38634,BARANGAY 20 (POB.),5271
38635,BARANGAY 21 (POB.),5271
38636,BARANGAY 22 (POB.),5271
38637,BARANGAY 23 (POB.),5271
38638,BARANGAY 24 (POB.),5271
38639,BILOGO,5271
38640,BOLBOK,5271
38641,BUKAL,5271
38642,CALICANTO,5271
38643,CATANDALA,5271
38644,CONCEPCION,5271
38645,CONDE ITAAS,5271
38646,CONDE LABAK,5271
38647,CUTA,5271
38648,DALIG,5271
38649,DELA PAZ,5271
38650,DELA PAZ PULOT APLAYA,5271
38651,DELA PAZ PULOT ITAAS,5271
38652,DOMOCLAY,5271
38653,DUMANTAY,5271
38654,GULOD ITAAS,5271
38655,GULOD LABAK,5271
38656,HALIGUE KANLURAN,5271
38657,HALIGUE SILANGAN,5271
38658,ILIHAN,5271
38659,KUMBA,5271
38660,KUMINTANG IBABA,5271
38661,KUMINTANG ILAYA,5271
38662,LIBJO,5271
38663,"LIPONPON, ISLA VERDE",5271
38664,MAAPAS,5271
38665,MABACONG (MATOCO),5271
38666,MAHABANG DAHILIG,5271
38667,MAHABANG PARANG,5271
38668,MAHACOT KANLURAN,5271
38669,MAHACOT SILANGAN,5271
38670,MALALIM,5271
38671,MALIBAYO,5271
38672,MALITAM,5271
38673,MARUCLAP,5271
38674,PAGKILATAN,5271
38675,PAHARANG KANLURAN,5271
38676,PAHARANG SILANGAN,5271
38677,PALLOCAN KANLURAN,5271
38678,PALLOCAN SILANGAN,5271
38679,PINAMUCAN,5271
38680,PINAMUCAN IBABA,5271
38681,PINAMUCAN SILANGAN,5271
38682,SAMPAGA,5271
38683,"SAN AGAPITO, ISLA VERDE",5271
38684,"SAN AGUSTIN KANLURAN, ISLA VERDE",5271
38685,"SAN AGUSTIN SILANGAN, ISLA VERDE",5271
38686,"SAN ANDRES, ISLA VERDE",5271
38687,"SAN ANTONIO, ISLA VERDE",5271
38688,SAN ISIDRO,5271
38689,SAN JOSE SICO,5271
38690,SAN MIGUEL,5271
38691,SAN PEDRO,5271
38692,SANTA CLARA,5271
38693,SANTA RITA APLAYA,5271
38694,SANTA RITA KARSADA,5271
38695,SANTO DOMINGO,5271
38696,SANTO NIÑO,5271
38697,SIMLONG,5271
38698,SIRANG LUPA,5271
38699,SOROSORO IBABA,5271
38700,SOROSORO ILAYA,5271
38701,SOROSORO KARSADA,5271
38702,TABANGAO AMBULONG,5271
38703,TABANGAO APLAYA (TABANGAO PROPER),5271
38704,TABANGAO DAO,5271
38705,TALAHIB PANDAYAN,5271
38706,TALAHIB PAYAPA,5271
38707,TALUMPOK KANLURAN,5271
38708,TALUMPOK SILANGAN,5271
38709,TINGA ITAAS,5271
38710,TINGA LABAK,5271
38711,TULO,5271
38712,WAWA,5271
38713,ALAGAO,5272
38714,APLAYA,5272
38715,AS-IS,5272
38716,BAGONG SILANG,5272
38717,BAGUILAWA,5272
38718,BALAYONG,5272
38719,BARANGAY I (POB.),5272
38720,BARANGAY II (POB.),5272
38721,BARANGAY III (POB.),5272
38722,BARANGAY IV (POB.),5272
38723,BOLO,5272
38724,COLVO,5272
38725,CUPANG,5272
38726,DURUNGAO,5272
38727,GULIBAY,5272
38728,INICBULAN,5272
38729,LOCLOC,5272
38730,MAGALANG-GALANG,5272
38731,MALINDIG,5272
38732,MANALUPONG,5272
38733,MANGHINAO PROPER,5272
38734,MANGHINAO UNO,5272
38735,NEW DANGLAYAN,5272
38736,ORENSE,5272
38737,PITUGO,5272
38738,RIZAL,5272
38739,SAMPAGUITA,5272
38740,SAN AGUSTIN,5272
38741,SAN ANDRES PROPER,5272
38742,SAN ANDRES UNO,5272
38743,SAN DIEGO,5272
38744,SAN MIGUEL,5272
38745,SAN PABLO,5272
38746,SAN PEDRO,5272
38747,SAN ROQUE,5272
38748,SAN TEODORO,5272
38749,SAN VICENTE,5272
38750,SANTA MARIA,5272
38751,SANTO DOMINGO,5272
38752,SINALA,5272
38753,BACLAS,5273
38754,BAGONG TUBIG,5273
38755,BALIMBING,5273
38756,BAMBANG,5273
38757,BARANGAY 1 (POB.),5273
38758,BARANGAY 2 (POB.),5273
38759,BARANGAY 3 (POB.),5273
38760,BARANGAY 4 (POB.),5273
38761,BARANGAY 5 (POB.),5273
38762,BARANGAY 6 (POB.),5273
38763,BISAYA,5273
38764,CAHIL,5273
38765,CALANTAS,5273
38766,CALUANGAN,5273
38767,CAMASTILISAN,5273
38768,CORAL NI BACAL,5273
38769,CORAL NI LOPEZ (SUGOD),5273
38770,DACANLAO,5273
38771,DILA,5273
38772,LOMA,5273
38773,LUMBANG CALZADA,5273
38774,LUMBANG NA BATA,5273
38775,LUMBANG NA MATANDA,5273
38776,MADALUNOT,5273
38777,MAKINA,5273
38778,MATIPOK,5273
38779,MUNTING CORAL,5273
38780,NIYUGAN,5273
38781,PANTAY,5273
38782,PUTING BATO EAST,5273
38783,PUTING BATO WEST,5273
38784,PUTING KAHOY,5273
38785,QUISUMBING,5273
38786,SALONG,5273
38787,SAN RAFAEL,5273
38788,SINISIAN,5273
38789,TAKLANG ANAK,5273
38790,TALISAY,5273
38791,TAMAYO,5273
38792,TIMBAIN,5273
38793,BAGONG SILANG,5274
38794,BAHA,5274
38795,BALIBAGO,5274
38796,BALITOC,5274
38797,BARANGAY 1 (POB.),5274
38798,BARANGAY 2 (POB.),5274
38799,BARANGAY 3 (POB.),5274
38800,BARANGAY 4 (POB.),5274
38801,BIGA,5274
38802,BUCAL,5274
38803,CARLOSA,5274
38804,CARRETUNAN,5274
38805,ENCARNACION,5274
38806,GULOD,5274
38807,HUKAY,5274
38808,LUCSUHIN,5274
38809,LUYA,5274
38810,PARAISO,5274
38811,QUILITISAN,5274
38812,REAL,5274
38813,SAMBUNGAN,5274
38814,SANTA ANA,5274
38815,TALIBAYOG,5274
38816,TALISAY,5274
38817,TANAGAN,5274
38818,BALAGBAG,5275
38819,BARANGAY 1 (POB.),5275
38820,BARANGAY 2 (POB.),5275
38821,BARANGAY 3 (POB.),5275
38822,BARANGAY 4 (POB.),5275
38823,BARANGAY 5 (POB.),5275
38824,BARANGAY 6 (POB.),5275
38825,BARANGAY 7 (POB.),5275
38826,BARANGAY 8 (POB.),5275
38827,BUNGAHAN,5275
38828,CALUMAYIN,5275
38829,DALIPIT EAST,5275
38830,DALIPIT WEST,5275
38831,DITA,5275
38832,DON JUAN,5275
38833,EMMANUEL,5275
38834,IBABAO,5275
38835,LABAC,5275
38836,PINAGKAISAHAN,5275
38837,SAN FELIPE,5275
38838,SAN ISIDRO,5275
38839,BAGO,5276
38840,BALANGA,5276
38841,BUNGAHAN,5276
38842,CALAMIAS,5276
38843,CATANDALA,5276
38844,COLIAT,5276
38845,DAYAPAN,5276
38846,LAPU-LAPU,5276
38847,LUCSUHIN,5276
38848,MABALOR,5276
38849,MALAININ,5276
38850,MATALA,5276
38851,MUNTING-TUBIG,5276
38852,PALINDAN,5276
38853,PANGAO,5276
38854,PANGHAYAAN,5276
38855,POBLACION,5276
38856,QUILO,5276
38857,SABANG,5276
38858,SALABAN I,5276
38859,SALABAN II,5276
38860,SAN AGUSTIN,5276
38861,SANDALAN,5276
38862,SANTO NIÑO,5276
38863,TALAIBON,5276
38864,TULAY NA PATPAT,5276
38865,AS-IS,5277
38866,BALAKILONG,5277
38867,BARANGAY 1 (POB.),5277
38868,BARANGAY 2 (POB.),5277
38869,BARANGAY 3 (POB.),5277
38870,BARANGAY 4 (POB.),5277
38871,BARANGAY 5 (POB.),5277
38872,BERINAYAN,5277
38873,BUGAAN EAST,5277
38874,BUGAAN WEST,5277
38875,BUSO-BUSO,5277
38876,DAYAP ITAAS,5277
38877,GULOD,5277
38878,J. LEVISTE,5277
38879,MOLINETE,5277
38880,NIYUGAN,5277
38881,PALIPARAN,5277
38882,SAN GABRIEL,5277
38883,SAN GREGORIO,5277
38884,SANTA MARIA,5277
38885,TICUB,5277
38886,ANAK-DAGAT,5278
38887,ARUMAHAN,5278
38888,AYAO-IYAO,5278
38889,BAGONG POOK,5278
38890,BAGONG SIKAT,5278
38891,BALANGA,5278
38892,BUKAL,5278
38893,CAHILAN I,5278
38894,CAHILAN II,5278
38895,DAYAPAN,5278
38896,DISTRICT I (POB.),5278
38897,DISTRICT II (POB.),5278
38898,DISTRICT III (POB.),5278
38899,DISTRICT IV (POB.),5278
38900,DITA,5278
38901,GULOD,5278
38902,LUCKY,5278
38903,MAGUIHAN,5278
38904,MAHABANG DAHILIG,5278
38905,MAHAYAHAY,5278
38906,MAIGSING DAHILIG,5278
38907,MALIGAYA,5278
38908,MALINIS,5278
38909,MASALISI,5278
38910,MATAAS NA BAYAN,5278
38911,MATINGAIN I,5278
38912,MATINGAIN II,5278
38913,MAYASANG,5278
38914,NIUGAN,5278
38915,NONONG CASTO,5278
38916,PALANAS,5278
38917,PAYAPA IBABA,5278
38918,PAYAPA ILAYA,5278
38919,RIZAL,5278
38920,SAMBAL IBABA,5278
38921,SAMBAL ILAYA,5278
38922,SAN ISIDRO IBABA,5278
38923,SAN ISIDRO ITAAS,5278
38924,SANGALANG,5278
38925,SINISIAN EAST,5278
38926,SINISIAN WEST,5278
38927,TALAGA,5278
38928,TUBIGAN,5278
38929,TUBUAN,5278
38930,WAWA IBABA,5278
38931,WAWA ILAYA,5278
38932,BAGONG POOK,5279
38933,BALIBAGO,5279
38934,BARANGAY 1 (POB.),5279
38935,BARANGAY 2 (POB.),5279
38936,BARANGAY 3 (POB.),5279
38937,BARANGAY 4 (POB.),5279
38938,BARANGAY 5 (POB.),5279
38939,BINUBUSAN,5279
38940,BUNGAHAN,5279
38941,CUMBA,5279
38942,HUMAYINGAN,5279
38943,KAPITO,5279
38944,LUMANIAG,5279
38945,LUYAHAN,5279
38946,MALARUHATAN,5279
38947,MATABUNGKAY,5279
38948,PRENZA,5279
38949,PUTING-KAHOY,5279
38950,SAN DIEGO,5279
38951,ADYA,5280
38952,ANILAO,5280
38953,ANILAO-LABAC,5280
38954,ANTIPOLO DEL NORTE,5280
38955,ANTIPOLO DEL SUR,5280
38956,BAGONG POOK,5280
38957,BALINTAWAK,5280
38958,BANAYBANAY,5280
38959,BARANGAY 12 (POB.),5280
38960,BOLBOK,5280
38961,BUGTONG NA PULO,5280
38962,BULACNIN,5280
38963,BULAKLAKAN,5280
38964,CALAMIAS,5280
38965,CUMBA,5280
38966,DAGATAN,5280
38967,DUHATAN,5280
38968,HALANG,5280
38969,INOSLOBAN,5280
38970,KAYUMANGGI,5280
38971,LATAG,5280
38972,LODLOD,5280
38973,LUMBANG,5280
38974,MABINI,5280
38975,MALAGONLONG,5280
38976,MALITLIT,5280
38977,MARAUOY,5280
38978,MATAAS NA LUPA,5280
38979,MUNTING PULO,5280
38980,PAGOLINGIN BATA,5280
38981,PAGOLINGIN EAST,5280
38982,PAGOLINGIN WEST,5280
38983,PANGAO,5280
38984,PINAGKAWITAN,5280
38985,PINAGTONGULAN,5280
38986,PLARIDEL,5280
38987,POBLACION BARANGAY 1,5280
38988,POBLACION BARANGAY 2,5280
38989,POBLACION BARANGAY 3,5280
38990,POBLACION BARANGAY 4,5280
38991,POBLACION BARANGAY 5,5280
38992,POBLACION BARANGAY 6,5280
38993,POBLACION BARANGAY 7,5280
38994,POBLACION BARANGAY 8,5280
38995,POBLACION BARANGAY 9,5280
38996,POBLACION BARANGAY 9-A,5280
38997,POBLACION BARANGAY 10,5280
38998,POBLACION BARANGAY 11,5280
38999,PUSIL,5280
39000,QUEZON,5280
39001,RIZAL,5280
39002,SABANG,5280
39003,SAMPAGUITA,5280
39004,SAN BENITO,5280
39005,SAN CARLOS,5280
39006,SAN CELESTINO,5280
39007,SAN FRANCISCO,5280
39008,SAN GUILLERMO,5280
39009,SAN JOSE,5280
39010,SAN LUCAS,5280
39011,SAN SALVADOR,5280
39012,SAN SEBASTIAN (BALAGBAG),5280
39013,SANTO NIÑO,5280
39014,SANTO TORIBIO,5280
39015,SAPAC,5280
39016,SICO,5280
39017,TALISAY,5280
39018,TAMBO,5280
39019,TANGOB,5280
39020,TANGUAY,5280
39021,TIBIG,5280
39022,TIPACAN,5280
39023,APAR,5281
39024,BALATBAT,5281
39025,BALIBAGO,5281
39026,BANALO,5281
39027,BIGA,5281
39028,BIGNAY,5281
39029,CALO,5281
39030,CALUMPIT,5281
39031,FABRICA,5281
39032,JAYBANGA,5281
39033,LAGADLARIN,5281
39034,MABILOG NA BUNDOK,5281
39035,MALABRIGO,5281
39036,MALALIM NA SANOG,5281
39037,MALAPAD NA PARANG,5281
39038,MASAGUITSIT,5281
39039,NAGTALONGTONG,5281
39040,NAGTOCTOC,5281
39041,OLO-OLO,5281
39042,PINAGHAWANAN,5281
39043,POBLACION,5281
39044,SAN MIGUEL,5281
39045,SAN NICOLAS,5281
39046,SAWANG,5281
39047,SOLOC,5281
39048,TAYUMAN,5281
39049,ANILAO EAST,5019
39050,ANILAO PROPER,5019
39051,BAGALANGIT,5019
39052,BULACAN,5019
39053,CALAMIAS,5019
39054,ESTRELLA,5019
39055,GASANG,5019
39056,LAUREL,5019
39057,LIGAYA,5019
39058,MAINAGA,5019
39059,MAINIT,5019
39060,MAJUBEN,5019
39061,MALIMATOC I,5019
39062,MALIMATOC II,5019
39063,NAG-IBA,5019
39064,PILAHAN,5019
39065,POBLACION,5019
39066,PULANG LUPA,5019
39067,PULONG ANAHAO,5019
39068,PULONG BALIBAGUHAN,5019
39069,PULONG NIOGAN,5019
39070,SAGUING,5019
39071,SAMPAGUITA,5019
39072,SAN FRANCISCO,5019
39073,SAN JOSE,5019
39074,SAN JUAN,5019
39075,SAN TEODORO,5019
39076,SANTA ANA,5019
39077,SANTA MESA,5019
39078,SANTO NIÑO,5019
39079,SANTO TOMAS,5019
39080,SOLO,5019
39081,TALAGA EAST,5019
39082,TALAGA PROPER,5019
39083,BAGONG POOK,5283
39084,BILUCAO (SAN ISIDRO WESTERN),5283
39085,BULIHAN,5283
39086,LUTA DEL NORTE,5283
39087,LUTA DEL SUR,5283
39088,POBLACION,5283
39089,SAN ANDRES,5283
39090,SAN FERNANDO,5283
39091,SAN GREGORIO,5283
39092,SAN ISIDRO EAST,5283
39093,SAN JUAN,5283
39094,SAN PEDRO I (EASTERN),5283
39095,SAN PEDRO II (WESTERN),5283
39096,SAN PIOQUINTO,5283
39097,SANTIAGO,5283
39098,BARANGAY II-A (POB.),5284
39099,BAYORBOR,5284
39100,BUBUYAN,5284
39101,CALINGATAN,5284
39102,DISTRICT I (POB.),5284
39103,DISTRICT II (POB.),5284
39104,DISTRICT III (POB.),5284
39105,DISTRICT IV (POB.),5284
39106,KINALAGLAGAN,5284
39107,LOOB,5284
39108,LUMANG LIPA,5284
39109,MANGGAHAN,5284
39110,NANGKAAN,5284
39111,SAN SEBASTIAN,5284
39112,SANTOL,5284
39113,UPA,5284
39114,AGA,5285
39115,BALAYTIGUI,5285
39116,BANILAD,5285
39117,BARANGAY 1 (POB.),5285
39118,BARANGAY 2 (POB.),5285
39119,BARANGAY 3 (POB.),5285
39120,BARANGAY 4 (POB.),5285
39121,BARANGAY 5 (POB.),5285
39122,BARANGAY 6 (POB.),5285
39123,BARANGAY 7 (POB.),5285
39124,BARANGAY 8 (POB.),5285
39125,BARANGAY 9 (POB.),5285
39126,BARANGAY 10 (POB.),5285
39127,BARANGAY 11 (POB.),5285
39128,BARANGAY 12 (POB.),5285
39129,BILARAN,5285
39130,BUCANA,5285
39131,BULIHAN,5285
39132,BUNDUCAN,5285
39133,BUTUCAN,5285
39134,CALAYO,5285
39135,CATANDAAN,5285
39136,COGUNAN,5285
39137,DAYAP,5285
39138,KAYLAWAY,5285
39139,KAYRILAW,5285
39140,LATAG,5285
39141,LOOC,5285
39142,LUMBANGAN,5285
39143,MALAPAD NA BATO,5285
39144,MATAAS NA PULO,5285
39145,MAUGAT,5285
39146,MUNTING INDAN,5285
39147,NATIPUAN,5285
39148,PANTALAN,5285
39149,PAPAYA,5285
39150,PUTAT,5285
39151,REPARO,5285
39152,TALANGAN,5285
39153,TUMALIM,5285
39154,UTOD,5285
39155,WAWA,5285
39156,BANABA,5286
39157,BANAYBANAY,5286
39158,BAWI,5286
39159,BUKAL,5286
39160,CASTILLO,5286
39161,CAWONGAN,5286
39162,MANGGAS,5286
39163,MAUGAT EAST,5286
39164,MAUGAT WEST,5286
39165,PANSOL,5286
39166,PAYAPA,5286
39167,POBLACION,5286
39168,QUILO-QUILO NORTH,5286
39169,QUILO-QUILO SOUTH,5286
39170,SAN FELIPE,5286
39171,SAN MIGUEL,5286
39172,TAMAK,5286
39173,TANGOB,5286
39174,ALUPAY,4989
39175,ANTIPOLO,4989
39176,BAGONG POOK,4989
39177,BALIBAGO,4989
39178,BARANGAY A (POB.),4989
39179,BARANGAY B (POB.),4989
39180,BARANGAY C (POB.),4989
39181,BARANGAY D (POB.),4989
39182,BARANGAY E (POB.),4989
39183,BAYAWANG,4989
39184,BAYBAYIN,4989
39185,BULIHAN,4989
39186,CAHIGAM,4989
39187,CALANTAS,4989
39188,COLONGAN,4989
39189,ITLUGAN,4989
39190,LEVISTE (TUBAHAN),4989
39191,LUMBANGAN,4989
39192,MAALAS-AS,4989
39193,MABATO,4989
39194,MABUNGA,4989
39195,MACALAMCAM A,4989
39196,MACALAMCAM B,4989
39197,MALAYA,4989
39198,MALIGAYA,4989
39199,MARILAG,4989
39200,MASAYA,4989
39201,MATAMIS,4989
39202,MAVALOR,4989
39203,MAYURO,4989
39204,NAMUCO,4989
39205,NAMUNGA,4989
39206,NASI,4989
39207,NATU,4989
39208,PALAKPAK,4989
39209,PINAGSIBAAN,4989
39210,PUTINGKAHOY,4989
39211,QUILIB,4989
39212,SALAO,4989
39213,SAN CARLOS,4989
39214,SAN IGNACIO,4989
39215,SAN ISIDRO,4989
39216,SAN JOSE,4989
39217,SAN ROQUE,4989
39218,SANTA CRUZ,4989
39219,TIMBUGAN,4989
39220,TIQUIWAN,4989
39221,TULOS,4989
39222,AGUILA,5249
39223,ANUS,5249
39224,AYA,5249
39225,BAGONG POOK,5249
39226,BALAGTASIN,5249
39227,BALAGTASIN I,5249
39228,BANAYBANAY I,5249
39229,BANAYBANAY II,5249
39230,BIGAIN I,5249
39231,BIGAIN II,5249
39232,BIGAIN SOUTH,5249
39233,CALANSAYAN,5249
39234,DAGATAN,5249
39235,DON LUIS,5249
39236,GALAMAY-AMO,5249
39237,LALAYAT,5249
39238,LAPOLAPO I,5249
39239,LAPOLAPO II,5249
39240,LEPUTE,5249
39241,LUMIL,5249
39242,MOJON-TAMPOY,5249
39243,NATUNUAN,5249
39244,PALANCA,5249
39245,PINAGTUNG-ULAN,5249
39246,POBLACION BARANGAY I,5249
39247,POBLACION BARANGAY II,5249
39248,POBLACION BARANGAY III,5249
39249,POBLACION BARANGAY IV,5249
39250,SABANG,5249
39251,SALABAN,5249
39252,SANTO CRISTO,5249
39253,TAYSAN,5249
39254,TUGTUG,5249
39255,ABUNG,4991
39256,BALAGBAG,4991
39257,BARUALTE,4991
39258,BATAAN,4991
39259,BUHAY NA SAPA,4991
39260,BULSA,4991
39261,CALICANTO,4991
39262,CALITCALIT,4991
39263,CALUBCUB I,4991
39264,CALUBCUB II,4991
39265,CATMON,4991
39266,COLOCONTO,4991
39267,ESCRIBANO,4991
39268,HUGOM,4991
39269,IMELDA (TUBOG),4991
39270,JANAOJANAO,4991
39271,LAIYA-APLAYA,4991
39272,LAIYA-IBABAO,4991
39273,LIBATO,4991
39274,LIPAHAN,4991
39275,MABALANOY,4991
39276,MARAYKIT,4991
39277,MUZON,4991
39278,NAGSAULAY,4991
39279,PALAHANAN I,4991
39280,PALAHANAN II,4991
39281,PALINGOWAK,4991
39282,PINAGBAYANAN,4991
39283,POBLACION,4991
39284,POCTOL,4991
39285,PULANGBATO,4991
39286,PUTINGBUHANGIN,4991
39287,QUIPOT,4991
39288,SAMPIRO,4991
39289,SAPANGAN,4991
39290,SICO I,4991
39291,SICO II,4991
39292,SUBUKIN,4991
39293,TALAHIBAN I,4991
39294,TALAHIBAN II,4991
39295,TICALAN,4991
39296,TIPAZ,4991
39297,ABIACAO,5144
39298,BAGONG TUBIG,5144
39299,BALAGTASIN,5144
39300,BALITE,5144
39301,BANOYO,5144
39302,BOBOY,5144
39303,BONLIW,5144
39304,CALUMPANG EAST,5144
39305,CALUMPANG WEST,5144
39306,DULANGAN,5144
39307,DURUNGAO,5144
39308,LOCLOC,5144
39309,LUYA,5144
39310,MAHABANG PARANG,5144
39311,MANGGAHAN,5144
39312,MUZON,5144
39313,POBLACION,5144
39314,SAN ANTONIO,5144
39315,SAN ISIDRO,5144
39316,SAN JOSE,5144
39317,SAN MARTIN,5144
39318,SANTA MONICA,5144
39319,TALIBA,5144
39320,TALON,5144
39321,TEJERO,5144
39322,TUNGAL,5144
39323,ABELO,4938
39324,ALAS-AS,4938
39325,BALETE,4938
39326,BALUK-BALUK,4938
39327,BANCORO,4938
39328,BANGIN,4938
39329,CALANGAY,4938
39330,HIPIT,4938
39331,MAABUD NORTH,4938
39332,MAABUD SOUTH,4938
39333,MUNLAWIN,4938
39334,PANSIPIT,4938
39335,POBLACION,4938
39336,PULANG-BATO,4938
39337,SANTO NIÑO,4938
39338,SINTURISAN,4938
39339,TAGUDTOD,4938
39340,TALANG,4938
39341,ALALUM,5292
39342,ANTIPOLO,5292
39343,BALIMBING,5292
39344,BANABA,5292
39345,BAYANAN,5292
39346,DANGLAYAN,5292
39347,DEL PILAR,5292
39348,GELERANG KAWAYAN,5292
39349,ILAT NORTH,5292
39350,ILAT SOUTH,5292
39351,KAINGIN,5292
39352,LAUREL,5292
39353,MALAKING POOK,5292
39354,MATAAS NA LUPA,5292
39355,NATUNUAN NORTH,5292
39356,NATUNUAN SOUTH,5292
39357,PADRE CASTILLO,5292
39358,PALSAHINGIN,5292
39359,PILA,5292
39360,POBLACION,5292
39361,POOK NI BANAL,5292
39362,POOK NI KAPITAN,5292
39363,RESPLANDOR,5292
39364,SAMBAT,5292
39365,SAN ANTONIO,5292
39366,SAN MARIANO,5292
39367,SAN MATEO,5292
39368,SANTA ELENA,5292
39369,SANTO NIÑO,5292
39370,ANTIPOLO,5074
39371,BIHIS,5074
39372,BUROL,5074
39373,CALAYAAN,5074
39374,CALUMALA,5074
39375,CUTA EAST,5074
39376,CUTANG CAWAYAN,5074
39377,IRUKAN,5074
39378,PACIFICO,5074
39379,POBLACION I,5074
39380,POBLACION II,5074
39381,POBLACION III,5074
39382,SAIMSIM,5074
39383,SAMPA,5074
39384,SINIPIAN,5074
39385,TAMBO IBABA,5074
39386,TAMBO ILAYA,5074
39387,BARANGAY I (POB.),4992
39388,BARANGAY II (POB.),4992
39389,BARANGAY III (POB.),4992
39390,BARANGAY IV (POB.),4992
39391,SAN AGUSTIN,4992
39392,SAN ANTONIO,4992
39393,SAN BARTOLOME,4992
39394,SAN FELIX,4992
39395,SAN FERNANDO,4992
39396,SAN FRANCISCO,4992
39397,SAN ISIDRO NORTE,4992
39398,SAN ISIDRO SUR,4992
39399,SAN JOAQUIN,4992
39400,SAN JOSE,4992
39401,SAN JUAN,4992
39402,SAN LUIS,4992
39403,SAN MIGUEL,4992
39404,SAN PABLO,4992
39405,SAN PEDRO,4992
39406,SAN RAFAEL,4992
39407,SAN ROQUE,4992
39408,SAN VICENTE,4992
39409,SANTA ANA,4992
39410,SANTA ANASTACIA,4992
39411,SANTA CLARA,4992
39412,SANTA CRUZ,4992
39413,SANTA ELENA,4992
39414,SANTA MARIA,4992
39415,SANTA TERESITA,4992
39416,SANTIAGO,4992
39417,APACAY,5295
39418,BALISONG,5295
39419,BIHIS,5295
39420,BOLBOK,5295
39421,BULI,5295
39422,BUTONG,5295
39423,CARASUCHE,5295
39424,CAWIT,5295
39425,CAYSASAY,5295
39426,CUBAMBA,5295
39427,CULTIHAN,5295
39428,GAHOL,5295
39429,HALANG,5295
39430,IBA,5295
39431,ILOG,5295
39432,IMAMAWO,5295
39433,IPIL,5295
39434,LAGUILE,5295
39435,LATAG,5295
39436,LUNTAL,5295
39437,MAHABANG LODLOD,5295
39438,NIOGAN,5295
39439,PANSOL,5295
39440,POBLACION 1,5295
39441,POBLACION 2,5295
39442,POBLACION 3,5295
39443,POBLACION 4,5295
39444,POBLACION 5,5295
39445,POBLACION 6,5295
39446,POBLACION 7,5295
39447,POBLACION 8,5295
39448,POBLACION 9,5295
39449,POBLACION 10,5295
39450,POBLACION 11,5295
39451,POBLACION 12,5295
39452,POBLACION 13,5295
39453,POBLACION 14,5295
39454,POOK,5295
39455,SEIRAN,5295
39456,TATLONG MARIA,5295
39457,TIERRA ALTA,5295
39458,TULO,5295
39459,AYA,5296
39460,BALAS,5296
39461,BANGA,5296
39462,BUCO,5296
39463,CALOOCAN,5296
39464,LEYNES,5296
39465,MIRANDA,5296
39466,POBLACION BARANGAY 1,5296
39467,POBLACION BARANGAY 2,5296
39468,POBLACION BARANGAY 3,5296
39469,POBLACION BARANGAY 4,5296
39470,POBLACION BARANGAY 5,5296
39471,POBLACION BARANGAY 6,5296
39472,POBLACION BARANGAY 7,5296
39473,POBLACION BARANGAY 8,5296
39474,QUILING,5296
39475,SAMPALOC,5296
39476,SAN GUILLERMO,5296
39477,SANTA MARIA,5296
39478,TRANCA,5296
39479,TUMAWAY,5296
39480,ALTURA BATA,5297
39481,ALTURA MATANDA,5297
39482,ALTURA-SOUTH,5297
39483,AMBULONG,5297
39484,BAGBAG,5297
39485,BAGUMBAYAN,5297
39486,BALELE,5297
39487,BANADERO,5297
39488,BANJO EAST,5297
39489,BANJO LAUREL (BANJO WEST),5297
39490,BILOG-BILOG,5297
39491,BOOT,5297
39492,CALE,5297
39493,DARASA,5297
39494,GONZALES,5297
39495,HIDALGO,5297
39496,JANOPOL,5297
39497,JANOPOL ORIENTAL,5297
39498,LAUREL,5297
39499,LUYOS,5297
39500,MABINI,5297
39501,MALAKING PULO,5297
39502,MARIA PAZ,5297
39503,MAUGAT,5297
39504,MONTAÑA (IK-IK),5297
39505,NATATAS,5297
39506,PAGASPAS,5297
39507,PANTAY BATA,5297
39508,PANTAY MATANDA,5297
39509,POBLACION BARANGAY 1,5297
39510,POBLACION BARANGAY 2,5297
39511,POBLACION BARANGAY 3,5297
39512,POBLACION BARANGAY 4,5297
39513,POBLACION BARANGAY 5,5297
39514,POBLACION BARANGAY 6,5297
39515,POBLACION BARANGAY 7,5297
39516,SALA,5297
39517,SAMBAT,5297
39518,SAN JOSE,5297
39519,SANTOL (DOÑA JACOBA GARCIA),5297
39520,SANTOR,5297
39521,SULPOC,5297
39522,SUPLANG,5297
39523,TALAGA,5297
39524,TINURIK,5297
39525,TRAPICHE,5297
39526,ULANGO,5297
39527,WAWA,5297
39528,BACAO,5298
39529,BILOGO,5298
39530,BUKAL,5298
39531,DAGATAN,5298
39532,GUINHAWA,5298
39533,LAUREL,5298
39534,MABAYABAS,5298
39535,MAHANADIONG,5298
39536,MAPULO,5298
39537,MATAAS NA LUPA,5298
39538,PAG-ASA,5298
39539,PANGHAYAAN,5298
39540,PINAGBAYANAN,5298
39541,PIÑA,5298
39542,POBLACION EAST,5298
39543,POBLACION WEST,5298
39544,SAN ISIDRO,5298
39545,SAN MARCELINO,5298
39546,SANTO NIÑO,5298
39547,TILAMBO,5298
39548,BARANGAY 13 (POBLACION 1),5299
39549,BARANGAY 14 (POBLACION 2),5299
39550,BARANGAY 15 (POBLACION 3),5299
39551,CORONA,5299
39552,GAMAO,5299
39553,MAKAWAYAN,5299
39554,MARIKABAN,5299
39555,PAPAYA,5299
39556,PISA,5299
39557,SAN ISIDRO,5299
39558,SAN JOSE,5299
39559,SAN JUAN,5299
39560,SAN PEDRO,5299
39561,SANTO TOMAS,5299
39562,TALAHIB,5299
39563,ACLE,5300
39564,BAYUDBUD,5300
39565,BOLBOC,5300
39566,BURGOS (POB.),5300
39567,DALIMA,5300
39568,DAO,5300
39569,GUINHAWA,5300
39570,LUMBANGAN,5300
39571,LUNA (POB.),5300
39572,LUNTAL,5300
39573,MAGAHIS,5300
39574,MALIBU,5300
39575,MATAYWANAC,5300
39576,PALINCARO,5300
39577,PUTOL,5300
39578,RILLO (POB.),5300
39579,RIZAL (POB.),5300
39580,SABANG,5300
39581,SAN JOSE,5300
39582,TALON,5300
39583,TOONG,5300
39584,TUYON-TUYON,5300
39585,AMUYONG,5301
39586,BARANGAY I (POB.),5301
39587,BARANGAY II (POB.),5301
39588,BARANGAY III (POB.),5301
39589,BARANGAY IV (POB.),5301
39590,BARANGAY V (POB.),5301
39591,BILOG,5301
39592,BUCK ESTATE,5301
39593,ESPERANZA IBABA,5301
39594,ESPERANZA ILAYA,5301
39595,KAYSUYO,5301
39596,KAYTITINGA I,5301
39597,KAYTITINGA II,5301
39598,KAYTITINGA III,5301
39599,LUKSUHIN,5301
39600,LUKSUHIN ILAYA,5301
39601,MANGAS I,5301
39602,MANGAS II,5301
39603,MARAHAN I,5301
39604,MARAHAN II,5301
39605,MATAGBAK I,5301
39606,MATAGBAK II,5301
39607,PAJO,5301
39608,PALUMLUM,5301
39609,SANTA TERESA,5301
39610,SIKAT,5301
39611,SINALIW MALAKI,5301
39612,SINALIW NA MUNTI,5301
39613,SULSUGIN,5301
39614,TAYWANAK IBABA,5301
39615,TAYWANAK ILAYA,5301
39616,UPLI,5301
39617,BANAYBANAY,5302
39618,BARANGAY I (POB.),5302
39619,BARANGAY II (POB.),5302
39620,BARANGAY III (POB.),5302
39621,BARANGAY IV (POB.),5302
39622,BARANGAY IX (POB.),5302
39623,BARANGAY V (POB.),5302
39624,BARANGAY VI (POB.),5302
39625,BARANGAY VII (POB.),5302
39626,BARANGAY VIII (POB.),5302
39627,BARANGAY X (POB.),5302
39628,BARANGAY XI (POB.),5302
39629,BARANGAY XII (POB.),5302
39630,BUCAL,5302
39631,BUHO,5302
39632,DAGATAN,5302
39633,HALANG,5302
39634,LOMA,5302
39635,MAITIM I,5302
39636,MAYMANGGA,5302
39637,MINANTOK KANLURAN,5302
39638,MINANTOK SILANGAN,5302
39639,PANGIL,5302
39640,SALABAN,5302
39641,TALON,5302
39642,TAMACAN,5302
39643,ALIMA,5303
39644,ANIBAN I,5303
39645,ANIBAN II,5303
39646,ANIBAN III,5303
39647,ANIBAN IV,5303
39648,ANIBAN V,5303
39649,BANALO,5303
39650,BAYANAN,5303
39651,CAMPO SANTO,5303
39652,DAANG BUKID,5303
39653,DIGMAN,5303
39654,DULONG BAYAN,5303
39655,HABAY I,5303
39656,HABAY II,5303
39657,KAINGIN (POB.),5303
39658,LIGAS I,5303
39659,LIGAS II,5303
39660,LIGAS III,5303
39661,MABOLO I,5303
39662,MABOLO II,5303
39663,MABOLO III,5303
39664,MALIKSI I,5303
39665,MALIKSI II,5303
39666,MALIKSI III,5303
39667,MAMBOG I,5303
39668,MAMBOG II,5303
39669,MAMBOG III,5303
39670,MAMBOG IV,5303
39671,MAMBOG V,5303
39672,MOLINO I,5303
39673,MOLINO II,5303
39674,MOLINO III,5303
39675,MOLINO IV,5303
39676,MOLINO V,5303
39677,MOLINO VI,5303
39678,MOLINO VII,5303
39679,NIOG I,5303
39680,NIOG II,5303
39681,NIOG III,5303
39682,P.F. ESPIRITU I (PANAPAAN),5303
39683,P.F. ESPIRITU II,5303
39684,P.F. ESPIRITU III,5303
39685,P.F. ESPIRITU IV,5303
39686,P.F. ESPIRITU V,5303
39687,P.F. ESPIRITU VI,5303
39688,P.F. ESPIRITU VII,5303
39689,P.F. ESPIRITU VIII,5303
39690,QUEENS ROW CENTRAL,5303
39691,QUEENS ROW EAST,5303
39692,QUEENS ROW WEST,5303
39693,REAL I,5303
39694,REAL II,5303
39695,SALINAS I,5303
39696,SALINAS II,5303
39697,SALINAS III,5303
39698,SALINAS IV,5303
39699,SAN NICOLAS I,5303
39700,SAN NICOLAS II,5303
39701,SAN NICOLAS III,5303
39702,SINEGUELASAN,5303
39703,TABING DAGAT,5303
39704,TALABA I,5303
39705,TALABA II,5303
39706,TALABA III,5303
39707,TALABA IV,5303
39708,TALABA V,5303
39709,TALABA VI,5303
39710,TALABA VII,5303
39711,ZAPOTE I,5303
39712,ZAPOTE II,5303
39713,ZAPOTE III,5303
39714,ZAPOTE IV,5303
39715,ZAPOTE V,5303
39716,BANCAL,5304
39717,BARANGAY 1 (POB.),5304
39718,BARANGAY 2 (POB.),5304
39719,BARANGAY 3 (POB.),5304
39720,BARANGAY 4 (POB.),5304
39721,BARANGAY 5 (POB.),5304
39722,BARANGAY 6 (POB.),5304
39723,BARANGAY 7 (POB.),5304
39724,BARANGAY 8 (POB.),5304
39725,CABILANG BAYBAY,5304
39726,LANTIC,5304
39727,MABUHAY,5304
39728,MADUYA,5304
39729,MILAGROSA,5304
39730,BARANGAY 1 (HEN. M. ALVAREZ),5305
39731,BARANGAY 2 (C. TIRONA),5305
39732,BARANGAY 3 (HEN. E. AGUINALDO),5305
39733,BARANGAY 4 (HEN. M. TRIAS),5305
39734,BARANGAY 5 (HEN. E. EVANGELISTA),5305
39735,BARANGAY 6 (DIEGO SILANG),5305
39736,BARANGAY 7 (KAPITAN KONG),5305
39737,BARANGAY 8 (MANUEL S. ROJAS),5305
39738,BARANGAY 9 (KANAWAY),5305
39739,BARANGAY 10 (KINGFISHER),5305
39740,BARANGAY 10-A (KINGFISHER-A),5305
39741,BARANGAY 10-B (KINGFISHER-B),5305
39742,BARANGAY 11 (LAWIN),5305
39743,BARANGAY 12 (LOVE BIRD),5305
39744,BARANGAY 13 (AGUILA),5305
39745,BARANGAY 14 (LORO),5305
39746,BARANGAY 15 (KILYAWAN),5305
39747,BARANGAY 16 (MARTINES),5305
39748,BARANGAY 17 (KALAPATI),5305
39749,BARANGAY 18 (MAYA),5305
39750,BARANGAY 19 (GEMINI),5305
39751,BARANGAY 20 (VIRGO),5305
39752,BARANGAY 21 (SCORPIO),5305
39753,BARANGAY 22 (LEO),5305
39754,BARANGAY 22-A (LEO A),5305
39755,BARANGAY 23 (AQUARIUS),5305
39756,BARANGAY 24 (LIBRA),5305
39757,BARANGAY 25 (CAPRICORN),5305
39758,BARANGAY 26 (CANCER),5305
39759,BARANGAY 27 (SAGITARIUS),5305
39760,BARANGAY 28 (TAURUS),5305
39761,BARANGAY 29 (LAO-LAO),5305
39762,BARANGAY 29-A (LAO-LAO A),5305
39763,BARANGAY 30 (BID-BID),5305
39764,BARANGAY 31 (MAYA-MAYA),5305
39765,BARANGAY 32 (SALAY-SALAY),5305
39766,BARANGAY 33 (BUWAN-BUWAN),5305
39767,BARANGAY 34 (LAPU-LAPU),5305
39768,BARANGAY 35 (HASA-HASA),5305
39769,BARANGAY 36 (SAP-SAP),5305
39770,BARANGAY 36-A (SAP-SAP A),5305
39771,BARANGAY 37 (CADENA DE AMOR),5305
39772,BARANGAY 37-A (CADENA DE AMOR A),5305
39773,BARANGAY 38 (SAMPAGUITA),5305
39774,BARANGAY 38-A (SAMPAGUITA A),5305
39775,BARANGAY 39 (JASMIN),5305
39776,BARANGAY 40 (GUMAMELA),5305
39777,BARANGAY 41 (ROSAL),5305
39778,BARANGAY 42 (PINAGBUKLOD),5305
39779,BARANGAY 42-A (PINAGBUKLOD A),5305
39780,BARANGAY 42-B (PINAGBUKLOD B),5305
39781,BARANGAY 42-C (PINAGBUKLOD C),5305
39782,BARANGAY 43 (PINAGPALA),5305
39783,BARANGAY 44 (MALIGAYA),5305
39784,BARANGAY 45 (KAUNLARAN),5305
39785,BARANGAY 45-A (KAUNLARAN A),5305
39786,BARANGAY 46 (SINAGTALA),5305
39787,BARANGAY 47 (PAGKAKAISA),5305
39788,BARANGAY 47-A (PAGKAKAISA A),5305
39789,BARANGAY 47-B (PAGKAKAISA B),5305
39790,BARANGAY 48 (NARRA),5305
39791,BARANGAY 48-A (NARRA A),5305
39792,BARANGAY 49 (AKASYA),5305
39793,BARANGAY 49-A (AKASYA A),5305
39794,BARANGAY 50 (KABALYERO),5305
39795,BARANGAY 51 (KAMAGONG),5305
39796,BARANGAY 52 (IPIL),5305
39797,BARANGAY 53 (YAKAL),5305
39798,BARANGAY 53-A (YAKAL A),5305
39799,BARANGAY 53-B (YAKAL B),5305
39800,BARANGAY 54 (PECHAY),5305
39801,BARANGAY 54-A (PECHAY A),5305
39802,BARANGAY 55 (AMPALAYA),5305
39803,BARANGAY 56 (LABANOS),5305
39804,BARANGAY 57 (REPOLYO),5305
39805,BARANGAY 58 (PATOLA),5305
39806,BARANGAY 58-A (PATOLA A),5305
39807,BARANGAY 59 (SITAW),5305
39808,BARANGAY 60 (LETSUGAS),5305
39809,BARANGAY 61 (TALONG),5305
39810,BARANGAY 61-A (TALONG A),5305
39811,BARANGAY 62 (KANGKONG),5305
39812,BARANGAY 62-A (KANGKONG A),5305
39813,BARANGAY 62-B (KANGKONG B),5305
39814,BUROL,5306
39815,BUROL I,5306
39816,BUROL II,5306
39817,BUROL III,5306
39818,DATU ESMAEL (BAGO-A-INGUD),5306
39819,EMMANUEL BERGADO I,5306
39820,EMMANUEL BERGADO II,5306
39821,FATIMA I,5306
39822,FATIMA II,5306
39823,FATIMA III,5306
39824,H-2,5306
39825,LANGKAAN I,5306
39826,LANGKAAN II,5306
39827,LUZVIMINDA I,5306
39828,LUZVIMINDA II,5306
39829,PALIPARAN I,5306
39830,PALIPARAN II,5306
39831,PALIPARAN III,5306
39832,SABANG,5306
39833,SAINT PETER I,5306
39834,SAINT PETER II,5306
39835,SALAWAG,5306
39836,SALITRAN I,5306
39837,SALITRAN II,5306
39838,SALITRAN III,5306
39839,SALITRAN IV,5306
39840,SAMPALOC I,5306
39841,SAMPALOC II,5306
39842,SAMPALOC III,5306
39843,SAMPALOC IV,5306
39844,SAMPALOC V,5306
39845,SAN AGUSTIN I,5306
39846,SAN AGUSTIN II,5306
39847,SAN AGUSTIN III,5306
39848,SAN ANDRES I,5306
39849,SAN ANDRES II,5306
39850,SAN ANTONIO DE PADUA I,5306
39851,SAN ANTONIO DE PADUA II,5306
39852,SAN DIONISIO (BARANGAY 1),5306
39853,SAN ESTEBAN (BARANGAY 4),5306
39854,SAN FRANCISCO I,5306
39855,SAN FRANCISCO II,5306
39856,SAN ISIDRO LABRADOR I,5306
39857,SAN ISIDRO LABRADOR II,5306
39858,SAN JOSE,5306
39859,SAN JUAN (SAN JUAN I),5306
39860,SAN LORENZO RUIZ I,5306
39861,SAN LORENZO RUIZ II,5306
39862,SAN LUIS I,5306
39863,SAN LUIS II,5306
39864,SAN MANUEL I,5306
39865,SAN MANUEL II,5306
39866,SAN MATEO,5306
39867,SAN MIGUEL,5306
39868,SAN MIGUEL II,5306
39869,SAN NICOLAS I,5306
39870,SAN NICOLAS II,5306
39871,SAN ROQUE (STA. CRISTINA II),5306
39872,SAN SIMON (BARANGAY 7),5306
39873,SANTA CRISTINA I,5306
39874,SANTA CRISTINA II,5306
39875,SANTA CRUZ I,5306
39876,SANTA CRUZ II,5306
39877,SANTA FE,5306
39878,SANTA LUCIA (SAN JUAN II),5306
39879,SANTA MARIA (BARANGAY 20),5306
39880,SANTO CRISTO (BARANGAY 3),5306
39881,SANTO NIÑO I,5306
39882,SANTO NIÑO II,5306
39883,VICTORIA REYES,5306
39884,ZONE I (POB.),5306
39885,ZONE I-B,5306
39886,ZONE II (POB.),5306
39887,ZONE III (POB.),5306
39888,ZONE IV (POB.),5306
39889,ALDIANO OLAES,5307
39890,BARANGAY 1 POBLACION (AREA I),5307
39891,BARANGAY 2 POBLACION,5307
39892,BARANGAY 3 POBLACION,5307
39893,BARANGAY 4 POBLACION,5307
39894,BARANGAY 5 POBLACION,5307
39895,BENJAMIN TIRONA (AREA D),5307
39896,BERNARDO PULIDO (AREA H),5307
39897,EPIFANIO MALIA,5307
39898,FIORELLO CARIMAG (AREA C),5307
39899,FRANCISCO DE CASTRO (SUNSHINE VILL.),5307
39900,FRANCISCO REYES,5307
39901,GAVINO MADERAN,5307
39902,GREGORIA DE JESUS,5307
39903,INOCENCIO SALUD,5307
39904,JACINTO LUMBRERAS,5307
39905,KAPITAN KUA (AREA F),5307
39906,KORONEL JOSE P. ELISES (AREA E),5307
39907,MACARIO DACON,5307
39908,MARCELINO MEMIJE,5307
39909,NICOLASA VIRATA (SAN JOSE),5307
39910,PANTALEON GRANADOS (AREA G),5307
39911,RAMON CRUZ (AREA J),5307
39912,SAN GABRIEL (AREA K),5307
39913,SAN JOSE,5307
39914,SEVERINO DE LAS ALAS,5307
39915,TINIENTE TIAGO,5307
39916,A. DALUSAG,5308
39917,BATAS DAO,5308
39918,CASTAÑOS CERCA,5308
39919,CASTAÑOS LEJOS,5308
39920,KABULUSAN,5308
39921,KAYMISAS,5308
39922,KAYPAABA,5308
39923,LUMIPA,5308
39924,NARVAEZ,5308
39925,POBLACION I,5308
39926,POBLACION II,5308
39927,POBLACION III,5308
39928,POBLACION IV,5308
39929,TABORA,5308
39930,ALINGARO,5309
39931,ARNALDO POB. (BGY. 7),5309
39932,BACAO I,5309
39933,BACAO II,5309
39934,BAGUMBAYAN POB. (BGY. 5),5309
39935,BICLATAN,5309
39936,BUENAVISTA I,5309
39937,BUENAVISTA II,5309
39938,BUENAVISTA III,5309
39939,CORREGIDOR POB. (BGY. 10),5309
39940,DULONG BAYAN POB. (BGY. 3),5309
39941,GOV. FERRER POB. (BGY. 1),5309
39942,JAVALERA,5309
39943,MANGGAHAN,5309
39944,NAVARRO,5309
39945,NINETY SIXTH POB. (BGY. 8),5309
39946,PANUNGYANAN,5309
39947,PASONG CAMACHILE I,5309
39948,PASONG CAMACHILE II,5309
39949,PASONG KAWAYAN I,5309
39950,PASONG KAWAYAN II,5309
39951,PINAGTIPUNAN,5309
39952,PRINZA POB. (BGY. 9),5309
39953,SAMPALUCAN POB. (BGY. 2),5309
39954,SAN FRANCISCO,5309
39955,SAN GABRIEL POB. (BGY. 4),5309
39956,SAN JUAN I,5309
39957,SAN JUAN II,5309
39958,SANTA CLARA,5309
39959,SANTIAGO,5309
39960,TAPIA,5309
39961,TEJERO,5309
39962,VIBORA POB. (BGY. 6),5309
39963,ALAPAN I-A,5310
39964,ALAPAN I-B,5310
39965,ALAPAN I-C,5310
39966,ALAPAN II-A,5310
39967,ALAPAN II-B,5310
39968,ANABU I-A,5310
39969,ANABU I-B,5310
39970,ANABU I-C,5310
39971,ANABU I-D,5310
39972,ANABU I-E,5310
39973,ANABU I-F,5310
39974,ANABU I-G,5310
39975,ANABU II-A,5310
39976,ANABU II-B,5310
39977,ANABU II-C,5310
39978,ANABU II-D,5310
39979,ANABU II-E,5310
39980,ANABU II-F,5310
39981,BAGONG SILANG (BAHAYANG PAG-ASA),5310
39982,BAYAN LUMA I,5310
39983,BAYAN LUMA II,5310
39984,BAYAN LUMA III,5310
39985,BAYAN LUMA IV,5310
39986,BAYAN LUMA IX,5310
39987,BAYAN LUMA V,5310
39988,BAYAN LUMA VI,5310
39989,BAYAN LUMA VII,5310
39990,BAYAN LUMA VIII,5310
39991,BUCANDALA I,5310
39992,BUCANDALA II,5310
39993,BUCANDALA III,5310
39994,BUCANDALA IV,5310
39995,BUCANDALA V,5310
39996,BUHAY NA TUBIG,5310
39997,CARSADANG BAGO I,5310
39998,CARSADANG BAGO II,5310
39999,MAGDALO,5310
40000,MAHARLIKA,5310
40001,MALAGASANG I-A,5310
40002,MALAGASANG I-B,5310
40003,MALAGASANG I-C,5310
40004,MALAGASANG I-D,5310
40005,MALAGASANG I-E,5310
40006,MALAGASANG I-F,5310
40007,MALAGASANG I-G,5310
40008,MALAGASANG II-A,5310
40009,MALAGASANG II-B,5310
40010,MALAGASANG II-C,5310
40011,MALAGASANG II-D,5310
40012,MALAGASANG II-E,5310
40013,MALAGASANG II-F,5310
40014,MALAGASANG II-G,5310
40015,MARIANO ESPELETA I,5310
40016,MARIANO ESPELETA II,5310
40017,MARIANO ESPELETA III,5310
40018,MEDICION I-A,5310
40019,MEDICION I-B,5310
40020,MEDICION I-C,5310
40021,MEDICION I-D,5310
40022,MEDICION II-A,5310
40023,MEDICION II-B,5310
40024,MEDICION II-C,5310
40025,MEDICION II-D,5310
40026,MEDICION II-E,5310
40027,MEDICION II-F,5310
40028,PAG-ASA I,5310
40029,PAG-ASA II,5310
40030,PAG-ASA III,5310
40031,PALICO I,5310
40032,PALICO II,5310
40033,PALICO III,5310
40034,PALICO IV,5310
40035,PASONG BUAYA I,5310
40036,PASONG BUAYA II,5310
40037,PINAGBUKLOD,5310
40038,POBLACION I-A (POB.),5310
40039,POBLACION I-B,5310
40040,POBLACION I-C,5310
40041,POBLACION II-A (POB.),5310
40042,POBLACION II-B,5310
40043,POBLACION III-A (POB.),5310
40044,POBLACION III-B,5310
40045,POBLACION IV-A (POB.),5310
40046,POBLACION IV-B,5310
40047,POBLACION IV-C,5310
40048,POBLACION IV-D,5310
40049,TANZANG LUMA I,5310
40050,TANZANG LUMA II,5310
40051,TANZANG LUMA III,5310
40052,TANZANG LUMA IV (SOUTHERN CITY),5310
40053,TANZANG LUMA V,5310
40054,TANZANG LUMA VI,5310
40055,TOCLONG I-A,5310
40056,TOCLONG I-B,5310
40057,TOCLONG I-C,5310
40058,TOCLONG II-A,5310
40059,TOCLONG II-B,5310
40060,AGUS-US,5311
40061,ALULOD,5311
40062,BANABA CERCA,5311
40063,BANABA LEJOS,5311
40064,BANCOD,5311
40065,BARANGAY 1 (POB.),5311
40066,BARANGAY 2 (POB.),5311
40067,BARANGAY 3 (POB.),5311
40068,BARANGAY 4 (POB.),5311
40069,BUNA CERCA,5311
40070,BUNA LEJOS I,5311
40071,BUNA LEJOS II,5311
40072,CALUMPANG CERCA,5311
40073,CALUMPANG LEJOS I,5311
40074,CARASUCHI,5311
40075,DAINE I,5311
40076,DAINE II,5311
40077,GUYAM MALAKI,5311
40078,GUYAM MUNTI,5311
40079,HARASAN,5311
40080,KAYQUIT I,5311
40081,KAYQUIT II,5311
40082,KAYQUIT III,5311
40083,KAYTAMBOG,5311
40084,KAYTAPOS,5311
40085,LIMBON,5311
40086,LUMAMPONG BALAGBAG,5311
40087,LUMAMPONG HALAYHAY,5311
40088,MAHABANGKAHOY CERCA,5311
40089,MAHABANGKAHOY LEJOS,5311
40090,MATAAS NA LUPA (CHECKPOINT),5311
40091,PULO,5311
40092,TAMBO BALAGBAG,5311
40093,TAMBO ILAYA,5311
40094,TAMBO KULIT,5311
40095,TAMBO MALAKI,5311
40096,BALSAHAN-BISITA,5312
40097,BATONG DALIG,5312
40098,BINAKAYAN-APLAYA,5312
40099,BINAKAYAN-KANLURAN,5312
40100,CONGBALAY-LEGASPI,5312
40101,GAHAK,5312
40102,KAINGEN,5312
40103,MAGDALO (PUTOL),5312
40104,MANGGAHAN-LAWIN,5312
40105,MARULAS,5312
40106,PANAMITAN,5312
40107,POBLACION,5312
40108,PULVORISTA,5312
40109,SAMALA-MARQUEZ,5312
40110,SAN SEBASTIAN,5312
40111,SANTA ISABEL,5312
40112,TABON I,5312
40113,TABON II,5312
40114,TABON III,5312
40115,TOCLONG,5312
40116,TRAMO-BANTAYAN,5312
40117,WAKAS I,5312
40118,WAKAS II,5312
40119,BALIWAG,5313
40120,BARANGAY 1 (POB.),5313
40121,BARANGAY 2 (POB.),5313
40122,BARANGAY 3 (POB.),5313
40123,BARANGAY 4 (POB.),5313
40124,BARANGAY 5 (POB.),5313
40125,BENDITA I,5313
40126,BENDITA II,5313
40127,CALUANGAN,5313
40128,KABULUSAN,5313
40129,MEDINA,5313
40130,PACHECO,5313
40131,RAMIREZ,5313
40132,SAN AGUSTIN,5313
40133,TUA,5313
40134,URDANETA,5313
40135,BUCAL I,5314
40136,BUCAL II,5314
40137,BUCAL III A,5314
40138,BUCAL III B,5314
40139,BUCAL IV A,5314
40140,BUCAL IV B,5314
40141,CAINGIN POB. (BARANGAY 3),5314
40142,GARITA I A,5314
40143,GARITA I B,5314
40144,LAYONG MABILOG,5314
40145,MABATO,5314
40146,PANTIHAN I (BALAYUNGAN),5314
40147,PANTIHAN II (SAGBAT),5314
40148,PANTIHAN III (POOK NA MUNTI),5314
40149,PANTIHAN IV (POOK NI SARA),5314
40150,PATUNGAN,5314
40151,PINAGSANHAN I A,5314
40152,PINAGSANHAN I B,5314
40153,POBLACION I A,5314
40154,POBLACION I B,5314
40155,POBLACION II A,5314
40156,POBLACION II B,5314
40157,SAN MIGUEL I A (CAPUTATAN),5314
40158,SAN MIGUEL I B,5314
40159,TALIPUSNGO,5314
40160,TULAY KANLURAN,5314
40161,TULAY SILANGAN,5314
40162,ANULING CERCA I,5315
40163,ANULING CERCA II,5315
40164,ANULING LEJOS I (ANULING),5315
40165,ANULING LEJOS II,5315
40166,ASIS I,5315
40167,ASIS II,5315
40168,ASIS III,5315
40169,BANAYAD,5315
40170,BUKAL,5315
40171,GALICIA I,5315
40172,GALICIA II,5315
40173,GALICIA III,5315
40174,MIGUEL MOJICA,5315
40175,PALOCPOC I,5315
40176,PALOCPOC II,5315
40177,PANUNGYAN I,5315
40178,PANUNGYAN II,5315
40179,POBLACION I (BARANGAY I),5315
40180,POBLACION II (BARANGAY II),5315
40181,POBLACION III (BARANGAY III),5315
40182,POBLACION IV (BARANGAY IV),5315
40183,POBLACION V (BARANGAY V),5315
40184,POBLACION VI (BARANGAY VI),5315
40185,POBLACION VII (BARANGAY VII),5315
40186,BAGONG KARSADA,5316
40187,BALSAHAN,5316
40188,BANCAAN,5316
40189,BUCANA MALAKI,5316
40190,BUCANA SASAHAN,5316
40191,CALUBCOB,5316
40192,CAPT. C. NAZARENO (POB.),5316
40193,GOMEZ-ZAMORA (POB.),5316
40194,HALANG,5316
40195,HUMBAC,5316
40196,IBAYO ESTACION,5316
40197,IBAYO SILANGAN,5316
40198,KANLURAN,5316
40199,LABAC,5316
40200,LATORIA,5316
40201,MABOLO,5316
40202,MAKINA,5316
40203,MALAINEN BAGO,5316
40204,MALAINEN LUMA,5316
40205,MOLINO,5316
40206,MUNTING MAPINO,5316
40207,MUZON,5316
40208,PALANGUE 1,5316
40209,PALANGUE 2 AND 3,5316
40210,SABANG,5316
40211,SAN ROQUE,5316
40212,SANTULAN,5316
40213,SAPA,5316
40214,TIMALAN BALSAHAN,5316
40215,TIMALAN CONCEPCION,5316
40216,MAGDIWANG,5317
40217,POBLACION,5317
40218,SALCEDO I,5317
40219,SALCEDO II,5317
40220,SAN ANTONIO I,5317
40221,SAN ANTONIO II,5317
40222,SAN JOSE I,5317
40223,SAN JOSE II,5317
40224,SAN JUAN I,5317
40225,SAN JUAN II,5317
40226,SAN RAFAEL I,5317
40227,SAN RAFAEL II,5317
40228,SAN RAFAEL III,5317
40229,SAN RAFAEL IV,5317
40230,SANTA ROSA I,5317
40231,SANTA ROSA II,5317
40232,BAGBAG I,4989
40233,BAGBAG II,4989
40234,KANLURAN,4989
40235,LIGTONG I,4989
40236,LIGTONG II,4989
40237,LIGTONG III,4989
40238,LIGTONG IV,4989
40239,MUZON I,4989
40240,MUZON II,4989
40241,POBLACION,4989
40242,SAPA I,4989
40243,SAPA II,4989
40244,SAPA III,4989
40245,SAPA IV,4989
40246,SILANGAN I,4989
40247,SILANGAN II,4989
40248,TEJEROS CONVENTION,4989
40249,WAWA I,4989
40250,WAWA II,4989
40251,WAWA III,4989
40252,ACACIA,5319
40253,ADLAS,5319
40254,ANAHAW I,5319
40255,ANAHAW II,5319
40256,BALITE I,5319
40257,BALITE II,5319
40258,BALUBAD,5319
40259,BANABA,5319
40260,BARANGAY I (POB.),5319
40261,BARANGAY II (POB.),5319
40262,BARANGAY III (POB.),5319
40263,BARANGAY IV (POB.),5319
40264,BARANGAY V (POB.),5319
40265,BATAS,5319
40266,BIGA I,5319
40267,BIGA II,5319
40268,BILUSO,5319
40269,BUCAL,5319
40270,BUHO,5319
40271,BULIHAN,5319
40272,CABANGAAN,5319
40273,CARMEN,5319
40274,HOYO,5319
40275,HUKAY,5319
40276,IBA,5319
40277,INCHICAN,5319
40278,IPIL I,5319
40279,IPIL II,5319
40280,KALUBKOB,5319
40281,KAONG,5319
40282,LALAAN I,5319
40283,LALAAN II,5319
40284,LITLIT,5319
40285,LUCSUHIN,5319
40286,LUMIL,5319
40287,MAGUYAM,5319
40288,MALABAG,5319
40289,MALAKING TATYAO,5319
40290,MATAAS NA BUROL,5319
40291,MUNTING ILOG,5319
40292,NARRA I,5319
40293,NARRA II,5319
40294,NARRA III,5319
40295,PALIGAWAN,5319
40296,PASONG LANGKA,5319
40297,POOC I,5319
40298,POOC II,5319
40299,PULONG BUNGA,5319
40300,PULONG SAGING,5319
40301,PUTING KAHOY,5319
40302,SABUTAN,5319
40303,SAN MIGUEL I,5319
40304,SAN MIGUEL II,5319
40305,SAN VICENTE I,5319
40306,SAN VICENTE II,5319
40307,SANTOL,5319
40308,TARTARIA,5319
40309,TIBIG,5319
40310,TOLEDO,5319
40311,TUBUAN I,5319
40312,TUBUAN II,5319
40313,TUBUAN III,5319
40314,ULAT,5319
40315,YAKAL,5319
40316,ASISAN,5320
40317,BAGONG TUBIG,5320
40318,CALABUSO,5320
40319,DAPDAP EAST,5320
40320,DAPDAP WEST,5320
40321,FRANCISCO (SAN FRANCISCO),5320
40322,GUINHAWA NORTH,5320
40323,GUINHAWA SOUTH,5320
40324,IRUHIN EAST,5320
40325,IRUHIN SOUTH,5320
40326,IRUHIN WEST,5320
40327,KAYBAGAL EAST,5320
40328,KAYBAGAL NORTH,5320
40329,KAYBAGAL SOUTH (POB.),5320
40330,MAG-ASAWANG ILAT,5320
40331,MAHARLIKA EAST,5320
40332,MAHARLIKA WEST,5320
40333,MAITIM 2ND CENTRAL,5320
40334,MAITIM 2ND EAST,5320
40335,MAITIM 2ND WEST,5320
40336,MENDEZ CROSSING EAST,5320
40337,MENDEZ CROSSING WEST,5320
40338,NEOGAN,5320
40339,PATUTONG MALAKI NORTH,5320
40340,PATUTONG MALAKI SOUTH,5320
40341,SAMBONG,5320
40342,SAN JOSE,5320
40343,SILANG JUNCTION NORTH,5320
40344,SILANG JUNCTION SOUTH,5320
40345,SUNGAY NORTH,5320
40346,SUNGAY SOUTH,5320
40347,TOLENTINO EAST,5320
40348,TOLENTINO WEST,5320
40349,ZAMBAL,5320
40350,AMAYA I,5321
40351,AMAYA II,5321
40352,AMAYA III,5321
40353,AMAYA IV,5321
40354,AMAYA V,5321
40355,AMAYA VI,5321
40356,AMAYA VII,5321
40357,BAGTAS,5321
40358,BARANGAY I (POB.),5321
40359,BARANGAY II (POB.),5321
40360,BARANGAY III (POB.),5321
40361,BARANGAY IV (POB.),5321
40362,BIGA,5321
40363,BIWAS,5321
40364,BUCAL,5321
40365,BUNGA,5321
40366,CALIBUYO,5321
40367,CAPIPISA,5321
40368,DAANG AMAYA I,5321
40369,DAANG AMAYA II,5321
40370,DAANG AMAYA III,5321
40371,HALAYHAY,5321
40372,JULUGAN I,5321
40373,JULUGAN II,5321
40374,JULUGAN III,5321
40375,JULUGAN IV,5321
40376,JULUGAN V,5321
40377,JULUGAN VI,5321
40378,JULUGAN VII,5321
40379,JULUGAN VIII,5321
40380,LAMBINGAN,5321
40381,MULAWIN,5321
40382,PARADAHAN I,5321
40383,PARADAHAN II,5321
40384,PUNTA I,5321
40385,PUNTA II,5321
40386,SAHUD ULAN,5321
40387,SANJA MAYOR,5321
40388,SANTOL,5321
40389,TANAUAN,5321
40390,TRES CRUSES,5321
40391,BUCANA,5322
40392,POBLACION I (BARANGAY I),5322
40393,POBLACION I A,5322
40394,POBLACION II (BARANGAY II),5322
40395,POBLACION III (BARANGAY III),5322
40396,SAN JOSE,5322
40397,SAN JUAN I,5322
40398,SAN JUAN II,5322
40399,SAPANG I,5322
40400,SAPANG II,5322
40401,AGUADO (PISCAL MUNDO),5323
40402,CABEZAS,5323
40403,CABUCO,5323
40404,CONCHU (LAGUNDIAN),5323
40405,DE OCAMPO,5323
40406,GREGORIO (ALIANG),5323
40407,INOCENCIO (B. POOK),5323
40408,LALLANA,5323
40409,LAPIDARIO (BAYOG),5323
40410,LUCIANO (BITANGAN),5323
40411,OSORIO,5323
40412,PEREZ (LUCBANAN),5323
40413,SAN AGUSTIN (POB.),5323
40414,BARANGAY I (POB.),5324
40415,BARANGAY II (POB.),5324
40416,BARANGAY III (POB.),5324
40417,BARANGAY IV (POB.),5324
40418,DEL CARMEN,5324
40419,PALMA,5324
40420,SAN AGUSTIN,5324
40421,SAN ANDRES,5324
40422,SAN BENITO,5324
40423,SAN GREGORIO,5324
40424,SAN ILDEFONSO,5324
40425,SAN JUAN,5324
40426,SAN MIGUEL,5324
40427,SAN ROQUE,5324
40428,SANTA ROSA,5324
40429,BITIN,5325
40430,CALO,5325
40431,DILA,5325
40432,MAITIM,5325
40433,MASAYA,5325
40434,PACIANO RIZAL,5325
40435,PUYPUY,5325
40436,SAN AGUSTIN (POB.),5325
40437,SAN ANTONIO,5325
40438,SAN ISIDRO,5325
40439,SAN NICOLAS (POB.),5325
40440,SANTA CRUZ,5325
40441,SANTO DOMINGO,5325
40442,TAGUMPAY,5325
40443,TRANCA,5325
40444,BACLARAN,5326
40445,BANAYBANAY,5326
40446,BANLIC,5326
40447,BARANGAY DOS (POB.),5326
40448,BARANGAY TRES (POB.),5326
40449,BARANGAY UNO (POB.),5326
40450,BIGAA,5326
40451,BUTONG,5326
40452,CASILE,5326
40453,DIEZMO,5326
40454,GULOD,5326
40455,MAMATID,5326
40456,MARINIG,5326
40457,NIUGAN,5326
40458,PITTLAND,5326
40459,PULO,5326
40460,SALA,5326
40461,SAN ISIDRO,5326
40462,BAGONG KALSADA,5327
40463,BANADERO,5327
40464,BANLIC,5327
40465,BARANDAL,5327
40466,BARANGAY 1 (POB.),5327
40467,BARANGAY 2 (POB.),5327
40468,BARANGAY 3 (POB.),5327
40469,BARANGAY 4 (POB.),5327
40470,BARANGAY 5 (POB.),5327
40471,BARANGAY 6 (POB.),5327
40472,BARANGAY 7 (POB.),5327
40473,BATINO,5327
40474,BUBUYAN,5327
40475,BUCAL,5327
40476,BUNGGO,5327
40477,BUROL,5327
40478,CAMALIGAN,5327
40479,CANLUBANG,5327
40480,HALANG,5327
40481,HORNALAN,5327
40482,KAY-ANLOG,5327
40483,LA MESA,5327
40484,LAGUERTA,5327
40485,LAWA,5327
40486,LECHERIA,5327
40487,LINGGA,5327
40488,LOOC,5327
40489,MABATO,5327
40490,MAJADA LABAS,5327
40491,MAKILING,5327
40492,MAPAGONG,5327
40493,MASILI,5327
40494,MAUNONG,5327
40495,MAYAPA,5327
40496,MILAGROSA (TULO),5327
40497,PACIANO RIZAL,5327
40498,PALINGON,5327
40499,PALO-ALTO,5327
40500,PANSOL,5327
40501,PARIAN,5327
40502,PRINZA,5327
40503,PUNTA,5327
40504,PUTING LUPA,5327
40505,REAL,5327
40506,SAIMSIM,5327
40507,SAMPIRUHAN,5327
40508,SAN CRISTOBAL,5327
40509,SAN JOSE,5327
40510,SAN JUAN,5327
40511,SIRANG LUPA,5327
40512,SUCOL,5327
40513,TURBINA,5327
40514,ULANGO,5327
40515,UWISAN,5327
40516,BALAYHANGIN,5328
40517,BANGYAS,5328
40518,DAYAP,5328
40519,HANGGAN,5328
40520,IMOK,5328
40521,KANLURAN (POB.),5328
40522,LAMOT 1,5328
40523,LAMOT 2,5328
40524,LIMAO,5328
40525,MABACAN,5328
40526,MASIIT,5328
40527,PALIPARAN,5328
40528,PEREZ,5328
40529,PRINZA,5328
40530,SAN ISIDRO,5328
40531,SANTO TOMAS,5328
40532,SILANGAN (POB.),5328
40533,ANGLAS,5329
40534,BANGCO,5329
40535,BUKAL,5329
40536,BULAJO,5329
40537,CANSUSO,5329
40538,DUHAT,5329
40539,INAO-AWAN,5329
40540,KANLURAN TALAONGAN,5329
40541,LABAYO,5329
40542,LAYASIN,5329
40543,LAYUG,5329
40544,MAHIPON,5329
40545,PAOWIN,5329
40546,POBLACION,5329
40547,SILANGAN TALAONGAN,5329
40548,SISILMIN,5329
40549,SUMUCAB,5329
40550,TIBATIB,5329
40551,UDIA,5329
40552,BIÑAN (POBLACION),5330
40553,BUNGAHAN,5330
40554,CANLALAY,5330
40555,CASILE,5330
40556,DE LA PAZ,5330
40557,GANADO,5330
40558,LANGKIWA,5330
40559,LOMA,5330
40560,MALABAN,5330
40561,MALAMIG,5330
40562,MAMPALASAN,5330
40563,PLATERO,5330
40564,POBLACION,5330
40565,SAN ANTONIO,5330
40566,SAN FRANCISCO (HALANG),5330
40567,SAN JOSE,5330
40568,SAN VICENTE,5330
40569,SANTO DOMINGO,5330
40570,SANTO NIÑO,5330
40571,SANTO TOMAS (CALABUSO),5330
40572,SORO-SORO,5330
40573,TIMBAO,5330
40574,TUBIGAN,5330
40575,ZAPOTE,5330
40576,ASANA (POB.),5331
40577,BACONG-SIGSIGAN,5331
40578,BAGONG PAG-ASA (POB.),5331
40579,BALITOC,5331
40580,BANABA (POB.),5331
40581,BATUHAN,5331
40582,BULIHAN,5331
40583,CABALLERO (POB.),5331
40584,CALUMPANG (POB.),5331
40585,CUEBANG BATO,5331
40586,DAMAYAN (POB.),5331
40587,KAPATALAN,5331
40588,KATAYPUANAN,5331
40589,LIYANG,5331
40590,MAATE,5331
40591,MAGDALO (POB.),5331
40592,MAYATBA,5331
40593,MINAYUTAN,5331
40594,SALANGBATO,5331
40595,TUNHAC,5331
40596,LONGOS,5332
40597,SAN ANTONIO,5332
40598,SAN JUAN (POB.),5332
40599,BAGONG ANYO (POB.),5333
40600,BAYATE,5333
40601,BONGKOL,5333
40602,BUBUKAL,5333
40603,CABUYAO,5333
40604,CALUMPANG,5333
40605,CULOY,5333
40606,DAGATAN,5333
40607,DANIW (DANLIW),5333
40608,DITA,5333
40609,IBABANG PALINA,5333
40610,IBABANG SAN ROQUE,5333
40611,IBABANG SUNGI,5333
40612,IBABANG TAYKIN,5333
40613,ILAYANG PALINA,5333
40614,ILAYANG SAN ROQUE,5333
40615,ILAYANG SUNGI,5333
40616,ILAYANG TAYKIN,5333
40617,KANLURANG BUKAL,5333
40618,LAGUAN,5333
40619,LUQUIN,5333
40620,MALABO-KALANTUKAN,5333
40621,MASIKAP (POB.),5333
40622,MASLUN (POB.),5333
40623,MOJON,5333
40624,NOVALICHES,5333
40625,OPLES,5333
40626,PAG-ASA (POB.),5333
40627,PALAYAN,5333
40628,RIZAL (POB.),5333
40629,SAN ISIDRO,5333
40630,SILANGANG BUKAL,5333
40631,TUY-BAANAN,5333
40632,ANOS,5334
40633,BAGONG SILANG,5334
40634,BAMBANG,5334
40635,BATONG MALAKE,5334
40636,BAYBAYIN (POB.),5334
40637,BAYOG,5334
40638,LALAKAY,5334
40639,MAAHAS,5334
40640,MALINTA,5334
40641,MAYONDON,5334
40642,PUTHO TUNTUNGIN,5334
40643,SAN ANTONIO,5334
40644,TADLAK,5334
40645,TIMUGAN (POB.),5334
40646,BARANGAY ZONE I (POB.),5335
40647,BARANGAY ZONE II (POB.),5335
40648,BARANGAY ZONE III (POB.),5335
40649,BARANGAY ZONE IV (POB.),5335
40650,BARANGAY ZONE V (POB.),5335
40651,BARANGAY ZONE VI (POB.),5335
40652,BARANGAY ZONE VII (POB.),5335
40653,BARANGAY ZONE VIII (POB.),5335
40654,DE LA PAZ,5335
40655,SAN ANTONIO,5335
40656,SAN BUENAVENTURA,5335
40657,SAN DIEGO,5335
40658,SAN ISIDRO,5335
40659,SAN JOSE,5335
40660,SAN JUAN,5335
40661,SAN LUIS,5335
40662,SAN PABLO,5335
40663,SAN PEDRO,5335
40664,SAN RAFAEL,5335
40665,SAN ROQUE,5335
40666,SAN SALVADOR,5335
40667,SANTO DOMINGO,5335
40668,SANTO TOMAS,5335
40669,BAGONG SILANG,5336
40670,BALIMBINGAN (POB.),5336
40671,BALUBAD,5336
40672,CALIRAYA,5336
40673,CONCEPCION,5336
40674,LEWIN,5336
40675,MARACTA (POB.),5336
40676,MAYTALANG I,5336
40677,MAYTALANG II,5336
40678,PRIMERA PARANG (POB.),5336
40679,PRIMERA PULO (POB.),5336
40680,SALAC (POB.),5336
40681,SANTO NIÑO (POB.),5336
40682,SEGUNDA PARANG (POB.),5336
40683,SEGUNDA PULO (POB.),5336
40684,WAWA,5336
40685,AMUYONG,5337
40686,BAYANIHAN (POB.),5337
40687,LAMBAC (POB.),5337
40688,LIBIS NG NAYON (POB.),5337
40689,LUCONG,5337
40690,MALIGAYA (POB.),5337
40691,MASIKAP (POB.),5337
40692,MATALATALA,5337
40693,NANGUMA,5337
40694,NUMERO,5337
40695,PAAGAHAN,5337
40696,PAG-ASA (POB.),5337
40697,SAN ANTONIO,5337
40698,SAN MIGUEL,5337
40699,SINAGTALA (POB.),5337
40700,ALIPIT,5338
40701,BAANAN,5338
40702,BALANAC,5338
40703,BUCAL,5338
40704,BUENAVISTA,5338
40705,BUNGKOL,5338
40706,BUO,5338
40707,BURLUNGAN,5338
40708,CIGARAS,5338
40709,HALAYHAYIN,5338
40710,IBABANG ATINGAY,5338
40711,IBABANG BUTNONG,5338
40712,ILAYANG ATINGAY,5338
40713,ILAYANG BUTNONG,5338
40714,ILOG,5338
40715,MALAKING AMBLING,5338
40716,MALINAO,5338
40717,MARAVILLA,5338
40718,MUNTING AMBLING,5338
40719,POBLACION,5338
40720,SABANG,5338
40721,SALASAD,5338
40722,TANAWAN,5338
40723,TIPUNAN,5338
40724,AMONOY,5339
40725,BAKIA,5339
40726,BALANAC,5339
40727,BALAYONG,5339
40728,BANILAD,5339
40729,BANTI,5339
40730,BITAOY,5339
40731,BOTOCAN,5339
40732,BUKAL,5339
40733,BURGOS,5339
40734,BUROL,5339
40735,CORALAO,5339
40736,GAGALOT,5339
40737,IBABANG BANGA,5339
40738,IBABANG BAYUCAIN,5339
40739,ILAYANG BANGA,5339
40740,ILAYANG BAYUCAIN,5339
40741,ISABANG,5339
40742,MALINAO,5339
40743,MAY-IT,5339
40744,MUNTING KAWAYAN,5339
40745,OLLA,5339
40746,OOBI,5339
40747,ORIGUEL (POB.),5339
40748,PANALABAN,5339
40749,PANGIL,5339
40750,PANGLAN,5339
40751,PIIT,5339
40752,POOK,5339
40753,RIZAL,5339
40754,SAN FRANCISCO (POB.),5339
40755,SAN ISIDRO,5339
40756,SAN MIGUEL (POB.),5339
40757,SAN ROQUE,5339
40758,SANTA CATALINA (POB.),5339
40759,SUBA,5339
40760,TALORTOR,5339
40761,TANAWAN,5339
40762,TAYTAY,5339
40763,VILLA NOGALES,5339
40764,ABO,5340
40765,ALIBUNGBUNGAN,5340
40766,ALUMBRADO,5340
40767,BALAYONG,5340
40768,BALIMBING,5340
40769,BALINACON,5340
40770,BAMBANG,5340
40771,BANAGO,5340
40772,BANCA-BANCA,5340
40773,BANGCURO,5340
40774,BANILAD,5340
40775,BAYAQUITOS,5340
40776,BUBOY,5340
40777,BUENAVISTA,5340
40778,BUHANGINAN,5340
40779,BUKAL,5340
40780,BUNGA,5340
40781,CABUYEW,5340
40782,CALUMPANG,5340
40783,KANLURAN KABUBUHAYAN,5340
40784,KANLURAN LAZAAN,5340
40785,LABANGAN,5340
40786,LAGULO,5340
40787,LAWAGUIN,5340
40788,MAIIT,5340
40789,MALAYA,5340
40790,MALINAO,5340
40791,MANAOL,5340
40792,MARAVILLA,5340
40793,NAGCALBANG,5340
40794,OPLES,5340
40795,PALAYAN,5340
40796,PALINA,5340
40797,POBLACION I (POB.),5340
40798,POBLACION II (POB.),5340
40799,POBLACION III (POB.),5340
40800,SABANG,5340
40801,SAN FRANCISCO,5340
40802,SANTA LUCIA,5340
40803,SIBULAN,5340
40804,SILANGAN ILAYA,5340
40805,SILANGAN KABUBUHAYAN,5340
40806,SILANGAN LAZAAN,5340
40807,SILANGAN NAPAPATID,5340
40808,SINIPIAN,5340
40809,SULSUGUIN,5340
40810,TALAHIB,5340
40811,TALANGAN,5340
40812,TAYTAY,5340
40813,TIPACAN,5340
40814,WAKAT,5340
40815,YUKOS,5340
40816,BAGUMBAYAN (POB.),5341
40817,BANGKUSAY (POB.),5341
40818,ERMITA (POB.),5341
40819,IBABA DEL NORTE (POB.),5341
40820,IBABA DEL SUR (POB.),5341
40821,ILAYA DEL NORTE (POB.),5341
40822,ILAYA DEL SUR (POB.),5341
40823,MAYTOONG (POB.),5341
40824,QUINALE (POB.),5341
40825,ANIBONG,5342
40826,BARANGAY I (POB.),5342
40827,BARANGAY II (POB.),5342
40828,BIÑAN,5342
40829,BUBOY,5342
40830,CABANBANAN,5342
40831,CALUSICHE,5342
40832,DINGIN,5342
40833,LAMBAC,5342
40834,LAYUGAN,5342
40835,MAGDAPIO,5342
40836,MAULAWIN,5342
40837,PINAGSANJAN,5342
40838,SABANG,5342
40839,SAMPALOC,5342
40840,SAN ISIDRO,5342
40841,BANILAN,5343
40842,BAÑO (POB.),5343
40843,BURGOS (POB.),5343
40844,CASA REAL,5343
40845,CASINSIN,5343
40846,DORADO,5343
40847,GONZALES (POB.),5343
40848,KABULUSAN,5343
40849,MATIKIW,5343
40850,RIZAL (POB.),5343
40851,SARAY,5343
40852,TAFT (POB.),5343
40853,TAVERA (POB.),5343
40854,BALIAN,5344
40855,DAMBO,5344
40856,GALALAN,5344
40857,ISLA (POB.),5344
40858,MABATO-AZUFRE,5344
40859,NATIVIDAD (POB.),5344
40860,SAN JOSE (POB.),5344
40861,SULIB,5344
40862,APLAYA,5345
40863,BAGONG POOK,5345
40864,BUKAL,5345
40865,BULILAN NORTE (POB.),5345
40866,BULILAN SUR (POB.),5345
40867,CONCEPCION,5345
40868,LABUIN,5345
40869,LINGA,5345
40870,MASICO,5345
40871,MOJON,5345
40872,PANSOL,5345
40873,PINAGBAYANAN,5345
40874,SAN ANTONIO,5345
40875,SAN MIGUEL,5345
40876,SANTA CLARA NORTE (POB.),5345
40877,SANTA CLARA SUR (POB.),5345
40878,TUBUAN,5345
40879,ANTIPOLO,5070
40880,EAST POBLACION,5070
40881,ENTABLADO,5070
40882,LAGUAN,5070
40883,PAULE 1,5070
40884,PAULI 2,5070
40885,POOK,5070
40886,TALA,5070
40887,TALAGA,5070
40888,TUY,5070
40889,WEST POBLACION,5070
40890,ATISAN,5347
40891,BAGONG BAYAN II-A (POB.),5347
40892,BAGONG POOK VI-C (POB.),5347
40893,BARANGAY I-A (POB.),5347
40894,BARANGAY I-B (POB.),5347
40895,BARANGAY II-A (POB.),5347
40896,BARANGAY II-B (POB.),5347
40897,BARANGAY II-C (POB.),5347
40898,BARANGAY II-D (POB.),5347
40899,BARANGAY II-E (POB.),5347
40900,BARANGAY II-F (POB.),5347
40901,BARANGAY III-A (POB.),5347
40902,BARANGAY III-B (POB.),5347
40903,BARANGAY III-C (POB.),5347
40904,BARANGAY III-D (POB.),5347
40905,BARANGAY III-E (POB.),5347
40906,BARANGAY III-F (POB.),5347
40907,BARANGAY IV-A (POB.),5347
40908,BARANGAY IV-B (POB.),5347
40909,BARANGAY IV-C (POB.),5347
40910,BARANGAY V-A (POB.),5347
40911,BARANGAY V-B (POB.),5347
40912,BARANGAY V-C (POB.),5347
40913,BARANGAY V-D (POB.),5347
40914,BARANGAY VI-A (POB.),5347
40915,BARANGAY VI-B (POB.),5347
40916,BARANGAY VI-D (POB.),5347
40917,BARANGAY VI-E (POB.),5347
40918,BARANGAY VII-A (POB.),5347
40919,BARANGAY VII-B (POB.),5347
40920,BARANGAY VII-C (POB.),5347
40921,BARANGAY VII-D (POB.),5347
40922,BARANGAY VII-E (POB.),5347
40923,BAUTISTA,5347
40924,CONCEPCION,5347
40925,DEL REMEDIO,5347
40926,DOLORES,5347
40927,SAN ANTONIO 1,5347
40928,SAN ANTONIO 2,5347
40929,SAN BARTOLOME,5347
40930,SAN BUENAVENTURA,5347
40931,SAN CRISPIN,5347
40932,SAN CRISTOBAL,5347
40933,SAN DIEGO,5347
40934,SAN FRANCISCO,5347
40935,SAN GABRIEL,5347
40936,SAN GREGORIO,5347
40937,SAN IGNACIO,5347
40938,SAN ISIDRO,5347
40939,SAN JOAQUIN,5347
40940,SAN JOSE,5347
40941,SAN JUAN,5347
40942,SAN LORENZO,5347
40943,SAN LUCAS 1,5347
40944,SAN LUCAS 2,5347
40945,SAN MARCOS,5347
40946,SAN MATEO,5347
40947,SAN MIGUEL,5347
40948,SAN NICOLAS,5347
40949,SAN PEDRO,5347
40950,SAN RAFAEL,5347
40951,SAN ROQUE,5347
40952,SAN VICENTE,5347
40953,SANTA ANA,5347
40954,SANTA CATALINA,5347
40955,SANTA CRUZ,5347
40956,SANTA ELENA,5347
40957,SANTA FELOMINA,5347
40958,SANTA ISABEL,5347
40959,SANTA MARIA,5347
40960,SANTA MARIA MAGDALENA,5347
40961,SANTA MONICA,5347
40962,SANTA VERONICA,5347
40963,SANTIAGO I,5347
40964,SANTIAGO II,5347
40965,SANTISIMO ROSARIO,5347
40966,SANTO ANGEL,5347
40967,SANTO CRISTO,5347
40968,SANTO NIÑO,5347
40969,SOLEDAD,5347
40970,BAGONG SILANG,5348
40971,CALENDOLA,5348
40972,CHRYSANTHEMUM,5348
40973,CUYAB,5348
40974,ESTRELLA,5348
40975,FATIMA,5348
40976,G.S.I.S.,5348
40977,LANDAYAN,5348
40978,LANGGAM,5348
40979,LARAM,5348
40980,MAGSAYSAY,5348
40981,MAHARLIKA,5348
40982,NARRA,5348
40983,NUEVA,5348
40984,PACITA 1,5348
40985,PACITA 2,5348
40986,POBLACION,5348
40987,RIVERSIDE,5348
40988,ROSARIO,5348
40989,SAMPAGUITA VILLAGE,5348
40990,SAN ANTONIO,5348
40991,SAN LORENZO RUIZ,5348
40992,SAN ROQUE,5348
40993,SAN VICENTE,5348
40994,SANTO NIÑO,5348
40995,UNITED BAYANIHAN,5348
40996,UNITED BETTER LIVING,5348
40997,ALIPIT,4965
40998,BAGUMBAYAN,4965
40999,BARANGAY I (POB.),4965
41000,BARANGAY II (POB.),4965
41001,BARANGAY III (POB.),4965
41002,BARANGAY IV (POB.),4965
41003,BARANGAY V (POB.),4965
41004,BUBUKAL,4965
41005,CALIOS,4965
41006,DUHAT,4965
41007,GATID,4965
41008,JASAAN,4965
41009,LABUIN,4965
41010,MALINAO,4965
41011,OOGONG,4965
41012,PAGSAWITAN,4965
41013,PALASAN,4965
41014,PATIMBAO,4965
41015,SAN JOSE,4965
41016,SAN JUAN,4965
41017,SAN PABLO NORTE,4965
41018,SAN PABLO SUR,4965
41019,SANTISIMA CRUZ,4965
41020,SANTO ANGEL CENTRAL,4965
41021,SANTO ANGEL NORTE,4965
41022,SANTO ANGEL SUR,4965
41023,ADIA,4967
41024,BAGONG POOK,4967
41025,BAGUMBAYAN,4967
41026,BARANGAY I (POB.),4967
41027,BARANGAY II (POB.),4967
41028,BARANGAY III (POB.),4967
41029,BARANGAY IV (POB.),4967
41030,BUBUKAL,4967
41031,CABOOAN,4967
41032,CALANGAY,4967
41033,CAMBUJA,4967
41034,CORALAN,4967
41035,CUEVA,4967
41036,INAYAPAN,4967
41037,"JOSE LAUREL, SR.",4967
41038,JOSE RIZAL,4967
41039,KAYHAKAT,4967
41040,MACASIPAC,4967
41041,MASINAO,4967
41042,MATALING-TING,4967
41043,PAO-O,4967
41044,PARANG NG BUHO,4967
41045,SANTIAGO,4967
41046,TALANGKA,4967
41047,TUNGKOD,4967
41048,APLAYA,5351
41049,BALIBAGO,5351
41050,CAINGIN,5351
41051,DILA,5351
41052,DITA,5351
41053,DON JOSE,5351
41054,IBABA,5351
41055,KANLURAN (POB.),5351
41056,LABAS,5351
41057,MACABLING,5351
41058,MALITLIT,5351
41059,MALUSAK (POB.),5351
41060,MARKET AREA (POB.),5351
41061,POOK,5351
41062,PULONG SANTA CRUZ,5351
41063,SANTO DOMINGO,5351
41064,SINALHAN,5351
41065,TAGAPO,5351
41066,ACEVIDA,5352
41067,BAGONG PAG-ASA (POB.),5352
41068,BAGUMBARANGAY (POB.),5352
41069,BUHAY,5352
41070,G. REDOR (POB.),5352
41071,GEN. LUNA,5352
41072,HALAYHAYIN,5352
41073,J. RIZAL (POB.),5352
41074,KAPATALAN,5352
41075,LAGUIO,5352
41076,LIYANG,5352
41077,LLAVAC,5352
41078,MACATAD,5352
41079,MAGSAYSAY,5352
41080,MAYATBA,5352
41081,MENDIOLA,5352
41082,P. BURGOS,5352
41083,PANDENO,5352
41084,SALUBUNGAN,5352
41085,WAWA,5352
41086,BANCA-BANCA,5252
41087,DANIW,5252
41088,MASAPANG,5252
41089,NANHAYA (POB.),5252
41090,PAGALANGAN,5252
41091,SAN BENITO,5252
41092,SAN FELIX,5252
41093,SAN FRANCISCO,5252
41094,SAN ROQUE (POB.),5252
41095,BINAGBAG,5354
41096,DAYAP,5354
41097,IBABANG KINAGUNAN,5354
41098,ILAYANG KINAGUNAN,5354
41099,KANLURANG CALUTAN,5354
41100,KANLURANG MALIGAYA,5354
41101,POBLACION I,5354
41102,POBLACION II,5354
41103,SALVACION,5354
41104,SILANGANG CALUTAN,5354
41105,SILANGANG MALIGAYA,5354
41106,SILDORA,5354
41107,ANGELES,5355
41108,BACONG,5355
41109,BALUNGAY,5355
41110,BARANGAY 1 (POB.),5355
41111,BARANGAY 2 (POB.),5355
41112,BARANGAY 3 (POB.),5355
41113,BARANGAY 4 (POB.),5355
41114,BARANGAY 5 (POB.),5355
41115,BUENAVISTA,5355
41116,CAGLATE,5355
41117,CAMAGONG,5355
41118,GORDON,5355
41119,PAMBILAN NORTE,5355
41120,PAMBILAN SUR,5355
41121,VILLA ESPERANZA,5355
41122,VILLA JESUS ESTE,5355
41123,VILLA JESUS WESTE,5355
41124,VILLA NORTE,5355
41125,VILLA VICTORIA,5355
41126,ANGELES,5356
41127,BALUBAD,5356
41128,BALUGOHIN,5356
41129,BARANGAY ZONE 1 (POB.),5356
41130,BARANGAY ZONE 2 (POB.),5356
41131,BARANGAY ZONE 3 (POB.),5356
41132,BARANGAY ZONE 4 (POB.),5356
41133,BUHANGIN,5356
41134,CARIDAD IBABA,5356
41135,CARIDAD ILAYA,5356
41136,HABINGAN,5356
41137,INACLAGAN,5356
41138,INALIG,5356
41139,KILAIT,5356
41140,KULAWIT,5356
41141,LAKIP,5356
41142,LUBI,5356
41143,LUMUTAN,5356
41144,MAGSAYSAY,5356
41145,MALINAO IBABA,5356
41146,MALINAO ILAYA,5356
41147,MALUSAK,5356
41148,MANGGALAYAN BUNDOK,5356
41149,MANGGALAYAN LABAK,5356
41150,MATANAG,5356
41151,MONTES BALAON,5356
41152,MONTES KALLAGAN,5356
41153,PONON,5356
41154,RIZAL,5356
41155,SAN ANDRES BUNDOK,5356
41156,SAN ANDRES LABAK,5356
41157,SAN ISIDRO,5356
41158,SAN JOSE BALATOK,5356
41159,SAN RAFAEL,5356
41160,SANTA CATALINA,5356
41161,SAPAAN,5356
41162,SOKOL,5356
41163,TAGBAKIN,5356
41164,TALABA,5356
41165,TINANDOG,5356
41166,VILLA IBABA,5356
41167,VILLA ILAYA,5356
41168,BAGONG SILANG,5357
41169,BATABAT NORTE,5357
41170,BATABAT SUR,5357
41171,BUENAVISTA,5357
41172,BUKAL,5357
41173,BULO,5357
41174,CABONG,5357
41175,CADLIT,5357
41176,CATULIN,5357
41177,CAWA,5357
41178,DE LA PAZ,5357
41179,DEL ROSARIO,5357
41180,HAGONGHONG,5357
41181,IBABANG WASAY,5357
41182,ILAYANG WASAY,5357
41183,LILUKIN,5357
41184,MABINI,5357
41185,MABUTAG,5357
41186,MAGALLANES,5357
41187,MALIGAYA (ESPERANZA),5357
41188,MANLANA,5357
41189,MASAYA,5357
41190,POBLACION,5357
41191,RIZAL,5357
41192,SABANG PINAMASAGAN,5357
41193,SABANG PIRIS,5357
41194,SAN DIEGO,5357
41195,SAN ISIDRO IBABA,5357
41196,SAN ISIDRO ILAYA,5357
41197,SAN PABLO,5357
41198,SAN PEDRO (VILLA RODRIGO),5357
41199,SAN VICENTE,5357
41200,SIAIN,5357
41201,VILLA AURORA,5357
41202,VILLA BATABAT,5357
41203,VILLA MAGSAYSAY,5357
41204,VILLA VERONICA,5357
41205,ALUYON,5358
41206,AMOT,5358
41207,ANIBAWAN,5358
41208,BONIFACIO,5358
41209,CABUGAO,5358
41210,CABUNGALUNAN,5358
41211,CALUTCOT,5358
41212,CANIWAN,5358
41213,CARLAGAN,5358
41214,MABINI,5358
41215,PALASAN,5358
41216,POBLACION,5358
41217,SAN RAFAEL,5358
41218,AGOHO,5359
41219,ANAHAWAN,5359
41220,ANAS,5359
41221,APAD LUTAO,5359
41222,APAD QUEZON,5359
41223,APAD TAISAN,5359
41224,ATULAYAN,5359
41225,BACLARAN,5359
41226,BAGONG SILANG,5359
41227,BALIBAGO,5359
41228,BANGKURUHAN,5359
41229,BANTOLINAO,5359
41230,BARANGAY I (POB.),5359
41231,BARANGAY II (POB.),5359
41232,BARANGAY III (POB.),5359
41233,BARANGAY IV (POB.),5359
41234,BARANGAY V (POB.),5359
41235,BIGAAN,5359
41236,BINUTAS,5359
41237,BIYAN,5359
41238,BUKAL,5359
41239,BULI,5359
41240,DAPDAP,5359
41241,DOMINLOG,5359
41242,DOÑA AURORA,5359
41243,GUINOSAYAN,5359
41244,IPIL,5359
41245,KALIBO (SANTA CRUZ),5359
41246,KAPALUHAN,5359
41247,KATANGTANG,5359
41248,KIGTAN,5359
41249,KINALIN IBABA,5359
41250,KINALIN ILAYA,5359
41251,KINAMALIGAN,5359
41252,KUMALUDKUD,5359
41253,KUNALUM,5359
41254,KUYAOYAO,5359
41255,LAGAY,5359
41256,LAINGLAINGAN,5359
41257,LUNGIB,5359
41258,MABINI,5359
41259,MADLANGDUNGAN,5359
41260,MAGLIPAD (ROSARIO),5359
41261,MALIGAYA,5359
41262,MAMBALING,5359
41263,MANHULUGIN,5359
41264,MARILAG (PUNAYA),5359
41265,MULAY,5359
41266,PANDANAN,5359
41267,PANSOL,5359
41268,PATIHAN,5359
41269,PINAGBAYANAN,5359
41270,PINAGKAMALIGAN,5359
41271,PINAGSAKAHAN,5359
41272,PINAGTALLERAN,5359
41273,RIZAL IBABA,5359
41274,RIZAL ILAYA,5359
41275,SABANG I,5359
41276,SABANG II,5359
41277,SALVACION,5359
41278,SAN QUINTIN,5359
41279,SAN ROQUE IBABA,5359
41280,SAN ROQUE ILAYA,5359
41281,SANTA CECILIA,5359
41282,SANTA MARIA,5359
41283,SANTA MILAGROSA,5359
41284,SANTA ROSA,5359
41285,SANTO ANGEL (PANGAHOY),5359
41286,SANTO DOMINGO,5359
41287,SINAG,5359
41288,SUMILANG,5359
41289,SUMULONG,5359
41290,TABANSAK,5359
41291,TALINGTING,5359
41292,TAMIS,5359
41293,TIKIWAN,5359
41294,TINIGUIBAN,5359
41295,VILLA MAGSINO,5359
41296,VILLA SAN ISIDRO,5359
41297,VIÑAS,5359
41298,YAGANAK,5359
41299,BUENAVISTA EAST,5255
41300,BUENAVISTA WEST,5255
41301,BUKAL NORTE,5255
41302,BUKAL SUR,5255
41303,KINATIHAN I,5255
41304,KINATIHAN II,5255
41305,MALABANBAN NORTE,5255
41306,MALABANBAN SUR,5255
41307,MANGILAG NORTE,5255
41308,MANGILAG SUR,5255
41309,MASALUKOT I,5255
41310,MASALUKOT II,5255
41311,MASALUKOT III,5255
41312,MASALUKOT IV,5255
41313,MASALUKOT V,5255
41314,MASIN NORTE,5255
41315,MASIN SUR,5255
41316,MAYABOBO,5255
41317,PAHINGA NORTE,5255
41318,PAHINGA SUR,5255
41319,POBLACION,5255
41320,SAN ANDRES,5255
41321,SAN ISIDRO,5255
41322,SANTA CATALINA NORTE,5255
41323,SANTA CATALINA SUR,5255
41324,AJOS,5361
41325,ANUSAN,5361
41326,BARANGAY 1 (POB.),5361
41327,BARANGAY 2 (POB.),5361
41328,BARANGAY 3 (POB.),5361
41329,BARANGAY 4 (POB.),5361
41330,BARANGAY 5 (POB.),5361
41331,BARANGAY 6 (POB.),5361
41332,BARANGAY 7 (POB.),5361
41333,BARANGAY 8 (POB.),5361
41334,BARANGAY 9 (POB.),5361
41335,BARANGAY 10 (POB.),5361
41336,BOLO,5361
41337,BULAGSONG,5361
41338,CAMANDIISON,5361
41339,CANCULAJAO,5361
41340,CATUMBO,5361
41341,CAWAYANIN IBABA,5361
41342,CAWAYANIN ILAYA,5361
41343,CUTCUTAN,5361
41344,DAHICAN,5361
41345,DOONGAN IBABA,5361
41346,DOONGAN ILAYA,5361
41347,GATASAN,5361
41348,MACPAC,5361
41349,MADULAO,5361
41350,MATANDANG SABANG KANLURAN,5361
41351,MATANDANG SABANG SILANGAN,5361
41352,MILAGROSA,5361
41353,NAVITAS,5361
41354,PACABIT,5361
41355,SAN ANTONIO MAGKUPA,5361
41356,SAN ANTONIO PALA,5361
41357,SAN ISIDRO,5361
41358,SAN JOSE (ANYAO),5361
41359,SAN PABLO (SUHA),5361
41360,SAN ROQUE (DOYON),5361
41361,SAN VICENTE KANLURAN,5361
41362,SAN VICENTE SILANGAN,5361
41363,SANTA MARIA (DAO),5361
41364,TAGABAS IBABA,5361
41365,TAGABAS ILAYA,5361
41366,TAGBACAN IBABA,5361
41367,TAGBACAN ILAYA,5361
41368,TAGBACAN SILANGAN,5361
41369,TUHIAN,5361
41370,ANTONINO (AYUSAN),5362
41371,BAGONG ANYO (POB.),5362
41372,BAYANIHAN (POB.),5362
41373,BULAKIN I,5362
41374,BULAKIN II,5362
41375,BUNGOY,5362
41376,CABATANG,5362
41377,DAGATAN,5362
41378,KINABUHAYAN,5362
41379,MALIGAYA (POB.),5362
41380,MANGGAHAN,5362
41381,PINAGDANLAYAN,5362
41382,PUTOL,5362
41383,SAN MATEO,5362
41384,SANTA LUCIA,5362
41385,SILANGANAN (POB.),5362
41386,BACONG IBABA,5363
41387,BACONG ILAYA,5363
41388,BARANGAY 1 (POB.),5363
41389,BARANGAY 2 (POB.),5363
41390,BARANGAY 3 (POB.),5363
41391,BARANGAY 4 (POB.),5363
41392,BARANGAY 5 (POB.),5363
41393,BARANGAY 6 (POB.),5363
41394,BARANGAY 7 (POB.),5363
41395,BARANGAY 8 (POB.),5363
41396,BARANGAY 9 (POB.),5363
41397,LAVIDES,5363
41398,MAGSAYSAY,5363
41399,MALAYA,5363
41400,NIEVA,5363
41401,RECTO,5363
41402,SAN IGNACIO IBABA,5363
41403,SAN IGNACIO ILAYA,5363
41404,SAN ISIDRO IBABA,5363
41405,SAN ISIDRO ILAYA,5363
41406,SAN JOSE,5363
41407,SAN NICOLAS,5363
41408,SAN VICENTE,5363
41409,SANTA MARIA IBABA,5363
41410,SANTA MARIA ILAYA,5363
41411,SUMILANG,5363
41412,VILLARICA,5363
41413,ANOLING,5364
41414,BANGLOS,5364
41415,BATANGAN,5364
41416,CANAWAY,5364
41417,CATABLINGAN,5364
41418,LUMUTAN,5364
41419,MAGSIKAP,5364
41420,MAHABANG LALIM,5364
41421,MAIGANG,5364
41422,MALIGAYA,5364
41423,MINAHAN NORTE,5364
41424,MINAHAN SUR,5364
41425,PAGSANGAHAN,5364
41426,PAMPLONA,5364
41427,PISA,5364
41428,POBLACION,5364
41429,SABLANG,5364
41430,SAN MARCELINO,5364
41431,UMIRAY,5364
41432,A. MABINI,5365
41433,ALONEROS,5365
41434,ARBISMEN,5365
41435,BAGONG SILANG,5365
41436,BALINARIN,5365
41437,BUKAL MALIGAYA,5365
41438,CABIBIHAN,5365
41439,CABONG NORTE,5365
41440,CABONG SUR,5365
41441,CALIMPAK,5365
41442,CAPULUAN CENTRAL,5365
41443,CAPULUAN TULON,5365
41444,DANCALAN CAIMAWAN,5365
41445,DANCALAN CENTRAL,5365
41446,DANLAGAN BATIS,5365
41447,DANLAGAN CABAYAO,5365
41448,DANLAGAN CENTRAL,5365
41449,DANLAGAN RESERVA,5365
41450,DEL ROSARIO,5365
41451,DUNGAWAN CENTRAL,5365
41452,DUNGAWAN PAALYUNAN,5365
41453,DUNGAWAN PANTAY,5365
41454,ERMITA,5365
41455,GAPAS,5365
41456,HIMBUBULO ESTE,5365
41457,HIMBUBULO WESTE,5365
41458,HINABAAN,5365
41459,LIGPIT BANTAYAN,5365
41460,LUBIGAN,5365
41461,MAGALLANES,5365
41462,MAGSAYSAY,5365
41463,MANGGAGAWA,5365
41464,MANGGALANG,5365
41465,MANLAYO,5365
41466,POBLACION,5365
41467,SALAKAN,5365
41468,SAN ANTONIO,5365
41469,SAN ISIDRO,5365
41470,SAN JOSE,5365
41471,SAN LORENZO,5365
41472,SAN LUIS I,5365
41473,SAN LUIS II,5365
41474,SAN MIGUEL,5365
41475,SAN PEDRO I,5365
41476,SAN PEDRO II,5365
41477,SAN ROQUE,5365
41478,SANTA CRUZ,5365
41479,SANTA MARIA,5365
41480,SANTA TERESITA,5365
41481,SINTONES,5365
41482,SISI,5365
41483,TIKAY,5365
41484,TRIUMPO,5365
41485,VILLA HIWASAYAN,5365
41486,ADIA BITAOG,5366
41487,ANONANGIN,5366
41488,BAGONG BUHAY (POB.),5366
41489,BAMBAN,5366
41490,BANTAD,5366
41491,BATONG DALIG,5366
41492,BIGA,5366
41493,BINAMBANG,5366
41494,BUENSUCESO,5366
41495,BUNGAHAN,5366
41496,BUTAGUIN,5366
41497,CALUMANGIN,5366
41498,CAMOHAGUIN,5366
41499,CASASAHAN IBABA,5366
41500,CASASAHAN ILAYA,5366
41501,CAWAYAN,5366
41502,GAYAGAYAAN,5366
41503,GITNANG BARRIO,5366
41504,HAGAKHAKIN,5366
41505,HARDINAN,5366
41506,INACLAGAN,5366
41507,INAGBUHAN ILAYA,5366
41508,LABNIG,5366
41509,LAGUNA,5366
41510,LAGYO,5366
41511,MABINI (POB.),5366
41512,MABUNGA,5366
41513,MALABTOG,5366
41514,MANLAYAAN,5366
41515,MARCELO H. DEL PILAR,5366
41516,MATAAS NA BUNDOK,5366
41517,MAUNLAD (POB.),5366
41518,PAGSABANGAN,5366
41519,PANIKIHAN,5366
41520,PEÑAFRANCIA (POB.),5366
41521,PIPISIK (POB.),5366
41522,PROGRESO,5366
41523,RIZAL (POB.),5366
41524,ROSARIO,5366
41525,SAN AGUSTIN,5366
41526,SAN DIEGO,5366
41527,SAN DIEGO POBLACION,5366
41528,SAN ISIDRO KANLURAN,5366
41529,SAN ISIDRO SILANGAN,5366
41530,SAN JUAN DE JESUS,5366
41531,SAN VICENTE,5366
41532,SASTRE,5366
41533,TABING DAGAT (POB.),5366
41534,TUMAYAN,5366
41535,VILLA ARCAYA,5366
41536,VILLA BOTA,5366
41537,VILLA FUERTE,5366
41538,VILLA M. PRINCIPE,5366
41539,VILLA MENDOZA,5366
41540,VILLA NAVA,5366
41541,VILLA PADUA,5366
41542,VILLA PEREZ,5366
41543,VILLA TAÑADA,5366
41544,VILLA VICTORIA,5366
41545,ABIAWIN,5015
41546,AGOS-AGOS,5015
41547,ALITAS,5015
41548,AMOLONGIN,5015
41549,ANIBONG,5015
41550,ANTIKIN,5015
41551,BACONG,5015
41552,BALOBO,5015
41553,BANTILAN,5015
41554,BANUGAO,5015
41555,BATICAN,5015
41556,BINONOAN,5015
41557,BINULASAN,5015
41558,BOBOIN,5015
41559,CATAMBUNGAN,5015
41560,CAWAYNIN,5015
41561,COMON,5015
41562,DINAHICAN,5015
41563,GUMIAN,5015
41564,ILOG,5015
41565,INGAS,5015
41566,LANGGAS,5015
41567,LIBJO,5015
41568,LUAL,5015
41569,MAGSAYSAY,5015
41570,MAYPULOT,5015
41571,MISWA,5015
41572,PILAWAY,5015
41573,PINAGLAPATAN,5015
41574,POBLACION 1 (BARANGAY 1),5015
41575,POBLACION 38 (POBLACION BARANGAY 2),5015
41576,POBLACION 39 (POBLACION BARANGAY 3),5015
41577,PULO,5015
41578,SILANGAN,5015
41579,TONGOHIN,5015
41580,TUDTURAN,5015
41581,APAD,5368
41582,BUKAL,5368
41583,CASUGURAN,5368
41584,GANGO,5368
41585,TALISOY (POB.),5368
41586,BACUNGAN,5369
41587,BAGACAY,5369
41588,BANABAHIN IBABA,5369
41589,BANABAHIN ILAYA,5369
41590,BAYABAS,5369
41591,BEBITO,5369
41592,BIGAJO,5369
41593,BINAHIAN A,5369
41594,BINAHIAN B,5369
41595,BINAHIAN C,5369
41596,BOCBOC,5369
41597,BUENAVISTA,5369
41598,BURGOS (POB.),5369
41599,BUYACANIN,5369
41600,CAGACAG,5369
41601,CALANTIPAYAN,5369
41602,CANDA IBABA,5369
41603,CANDA ILAYA,5369
41604,CAWAYAN,5369
41605,CAWAYANIN,5369
41606,COGORIN IBABA,5369
41607,COGORIN ILAYA,5369
41608,CONCEPCION,5369
41609,DANLAGAN,5369
41610,DE LA PAZ,5369
41611,DEL PILAR,5369
41612,DEL ROSARIO,5369
41613,ESPERANZA IBABA,5369
41614,ESPERANZA ILAYA,5369
41615,GOMEZ (POB.),5369
41616,GUIHAY,5369
41617,GUINUANGAN,5369
41618,GUITES,5369
41619,HONDAGUA,5369
41620,ILAYANG ILOG A,5369
41621,ILAYANG ILOG B,5369
41622,INALUSAN,5369
41623,JONGO,5369
41624,LALAGUNA,5369
41625,LOURDES,5369
41626,MABANBAN,5369
41627,MABINI,5369
41628,MAGALLANES,5369
41629,MAGSAYSAY (POB.),5369
41630,MAGUILAYAN,5369
41631,MAHAYOD-HAYOD,5369
41632,MAL-AY,5369
41633,MANDOOG,5369
41634,MANGUISIAN,5369
41635,MATINIK,5369
41636,MONTECLARO,5369
41637,PAMAMPANGIN,5369
41638,PANSOL,5369
41639,PEÑAFRANCIA,5369
41640,PISIPIS,5369
41641,RIZAL (POBLACION),5369
41642,RIZAL (RURAL),5369
41643,ROMA,5369
41644,ROSARIO,5369
41645,SAMAT,5369
41646,SAN ANDRES,5369
41647,SAN ANTONIO,5369
41648,SAN FRANCISCO A,5369
41649,SAN FRANCISCO B,5369
41650,SAN ISIDRO,5369
41651,SAN JOSE,5369
41652,SAN MIGUEL (DAO),5369
41653,SAN PEDRO,5369
41654,SAN RAFAEL,5369
41655,SAN ROQUE,5369
41656,SANTA CATALINA,5369
41657,SANTA ELENA,5369
41658,SANTA JACOBE,5369
41659,SANTA LUCIA,5369
41660,SANTA MARIA,5369
41661,SANTA ROSA,5369
41662,SANTA TERESA (MAYUPAG),5369
41663,SANTO NIÑO IBABA,5369
41664,SANTO NIÑO ILAYA,5369
41665,SILANG,5369
41666,SUGOD,5369
41667,SUMALANG,5369
41668,TALOLONG (POB.),5369
41669,TAN-AG IBABA,5369
41670,TAN-AG ILAYA,5369
41671,TOCALIN,5369
41672,VEGAFLOR,5369
41673,VERGAÑA,5369
41674,VERONICA,5369
41675,VILLA AURORA,5369
41676,VILLA ESPINA,5369
41677,VILLA GEDA,5369
41678,VILLA HERMOSA,5369
41679,VILLAMONTE,5369
41680,VILLANACAOB,5369
41681,ABANG,5370
41682,ALILIW,5370
41683,ATULINAO,5370
41684,AYUTI,5370
41685,BARANGAY 1 (POB.),5370
41686,BARANGAY 2 (POB.),5370
41687,BARANGAY 3 (POB.),5370
41688,BARANGAY 4 (POB.),5370
41689,BARANGAY 5 (POB.),5370
41690,BARANGAY 6 (POB.),5370
41691,BARANGAY 7 (POB.),5370
41692,BARANGAY 8 (POB.),5370
41693,BARANGAY 9 (POB.),5370
41694,BARANGAY 10 (POB.),5370
41695,IGANG,5370
41696,KABATETE,5370
41697,KAKAWIT,5370
41698,KALANGAY,5370
41699,KALYAAT,5370
41700,KILIB,5370
41701,KULAPI,5370
41702,MAHABANG PARANG,5370
41703,MALUPAK,5370
41704,MANASA,5370
41705,MAY-IT,5370
41706,NAGSINAMO,5370
41707,NALUNAO,5370
41708,PALOLA,5370
41709,PIIS,5370
41710,SAMIL,5370
41711,TIAWE,5370
41712,TINAMNAN,5370
41713,BARANGAY 1 (POB.),5371
41714,BARANGAY 2 (POB.),5371
41715,BARANGAY 3 (POB.),5371
41716,BARANGAY 4 (POB.),5371
41717,BARANGAY 5 (POB.),5371
41718,BARANGAY 6 (POB.),5371
41719,BARANGAY 7 (POB.),5371
41720,BARANGAY 8 (POB.),5371
41721,BARANGAY 9 (POB.),5371
41722,BARANGAY 10 (POB.),5371
41723,BARANGAY 11 (POB.),5371
41724,BARRA,5371
41725,BOCOHAN,5371
41726,COTTA,5371
41727,DALAHICAN,5371
41728,DOMOIT,5371
41729,GULANG-GULANG,5371
41730,IBABANG DUPAY,5371
41731,IBABANG IYAM,5371
41732,IBABANG TALIM,5371
41733,ILAYANG DUPAY,5371
41734,ILAYANG IYAM,5371
41735,ILAYANG TALIM,5371
41736,ISABANG,5371
41737,MARKET VIEW,5371
41738,MAYAO CASTILLO,5371
41739,MAYAO CROSSING,5371
41740,MAYAO KANLURAN,5371
41741,MAYAO PARADA,5371
41742,MAYAO SILANGAN,5371
41743,RANSOHAN,5371
41744,SALINAS,5371
41745,TALAO-TALAO,5371
41746,AMONTAY,5372
41747,ANOS,5372
41748,BUYAO,5372
41749,CALANTAS,5372
41750,CANDANGAL,5372
41751,CASTILLO (POB.),5372
41752,DAMAYAN (POB.),5372
41753,LAHING,5372
41754,LUCTOB,5372
41755,MABINI IBABA,5372
41756,MABINI ILAYA,5372
41757,MALABAHAY,5372
41758,MAMBOG,5372
41759,MASIPAG (POB.),5372
41760,OLONGTAO IBABA,5372
41761,OLONGTAO ILAYA,5372
41762,PADRE HERRERA,5372
41763,PAG-ASA (POB.),5372
41764,PAJARILLO,5372
41765,PINAGBAYANAN,5372
41766,RIZAL (POB.),5372
41767,RODRIQUEZ (POB.),5372
41768,SAN ISIDRO,5372
41769,SAN JOSE,5372
41770,SAN NICOLAS,5372
41771,SAN VICENTE,5372
41772,TAGUIN,5372
41773,TUBIGAN IBABA,5372
41774,TUBIGAN ILAYA,5372
41775,VISTA HERMOSA,5372
41776,ABO-ABO,5373
41777,ALITAP,5373
41778,BAAO,5373
41779,BAGONG BAYAN (POB.),5373
41780,BALAYBALAY,5373
41781,BATO,5373
41782,CAGBALETE I,5373
41783,CAGBALETE II,5373
41784,CAGSIAY I,5373
41785,CAGSIAY II,5373
41786,CAGSIAY III,5373
41787,CONCEPCION,5373
41788,DAUNGAN (POB.),5373
41789,LIWAYWAY,5373
41790,LUAL (POB.),5373
41791,LUAL RURAL,5373
41792,LUCUTAN,5373
41793,LUYA-LUYA,5373
41794,MABATO (POB.),5373
41795,MACASIN,5373
41796,POLO,5373
41797,REMEDIOS I,5373
41798,REMEDIOS II,5373
41799,RIZALIANA (POB.),5373
41800,ROSARIO,5373
41801,SADSARAN (POB.),5373
41802,SAN GABRIEL,5373
41803,SAN ISIDRO,5373
41804,SAN JOSE,5373
41805,SAN LORENZO,5373
41806,SAN MIGUEL,5373
41807,SAN RAFAEL,5373
41808,SAN ROQUE,5373
41809,SAN VICENTE,5373
41810,SANTA LUCIA,5373
41811,SANTO ANGEL,5373
41812,SANTO NIÑO,5373
41813,SANTOL,5373
41814,SOLEDAD,5373
41815,TAPUCAN,5373
41816,AJOS,5374
41817,AMUGUIS,5374
41818,ANONANG,5374
41819,BAGONG SILANG,5374
41820,BAGUPAYE,5374
41821,BARANGAY 1 (POB.),5374
41822,BARANGAY 2 (POB.),5374
41823,BARANGAY 3 (POB.),5374
41824,BARANGAY 4 (POB.),5374
41825,BOLO,5374
41826,BUENAVISTA,5374
41827,BURGOS,5374
41828,BUTANYOG,5374
41829,CANUYEP,5374
41830,F. NANADIEGO,5374
41831,IBABANG CAMBUGA,5374
41832,IBABANG YUNI,5374
41833,ILAYANG CAMBUGA (MABINI),5374
41834,ILAYANG YUNI,5374
41835,LATANGAN,5374
41836,MAGSAYSAY,5374
41837,MATATAJA,5374
41838,PAKIING,5374
41839,PATABOG,5374
41840,SAGONGON,5374
41841,SAN ISIDRO,5374
41842,SAN PEDRO,5374
41843,SANTA ROSA,5374
41844,BASIAO (POB.),5375
41845,BURGOS (POB.),5375
41846,CABUYAO NORTE,5375
41847,CABUYAO SUR,5375
41848,CAMPO (POB.),5375
41849,DANLAGAN,5375
41850,DUHAT,5375
41851,HINGUIWIN,5375
41852,KINAGUNAN IBABA,5375
41853,KINAGUNAN ILAYA,5375
41854,LIPATA,5375
41855,MARAO,5375
41856,MARQUEZ,5375
41857,PUNTA (POB.),5375
41858,RIZAL,5375
41859,SAN ISIDRO,5375
41860,SAN VICENTE,5375
41861,SIPA,5375
41862,TULAY BUHANGIN,5375
41863,VILLAPAZ,5375
41864,WALAY,5375
41865,YAWE,5375
41866,ALUPAYE,5376
41867,ANTIPOLO,5376
41868,AÑATO,5376
41869,BANTIGUE,5376
41870,BARANGAY 1 CASTILLO (POB.),5376
41871,BARANGAY 2 DAUNGAN (POB.),5376
41872,BARANGAY 3 DEL CARMEN (POB.),5376
41873,BARANGAY 4 PARANG (POB.),5376
41874,BARANGAY 5 SANTA CATALINA (POB.),5376
41875,BARANGAY 6 TAMBAK (POB.),5376
41876,BIGO,5376
41877,BINAHAAN,5376
41878,BUKAL,5376
41879,IBABANG BAGUMBUNGAN,5376
41880,IBABANG PALSABANGON,5376
41881,IBABANG POLO,5376
41882,IKIRIN,5376
41883,ILAYANG BAGUMBUNGAN,5376
41884,ILAYANG PALSABANGON,5376
41885,ILAYANG POLO,5376
41886,KANLURAN MALICBOY,5376
41887,MAPAGONG,5376
41888,MAYHAY,5376
41889,PINAGBAYANAN,5376
41890,SILANGAN MALICBOY,5376
41891,TALIPAN,5376
41892,TUKALAN,5376
41893,BALUNGAY,5377
41894,BATO,5377
41895,BONBON,5377
41896,CALASUMANGA,5377
41897,KINALAGTI,5377
41898,LIBO,5377
41899,LIPATA,5377
41900,MATANGKAP,5377
41901,MILAWID,5377
41902,PAGITAN,5377
41903,PANDAN,5377
41904,RIZAL,5377
41905,SAN JUAN (POB.),5377
41906,AMAGA,5378
41907,BUSDAK,5378
41908,KILOGAN,5378
41909,LUOD,5378
41910,PATNANUNGAN NORTE,5378
41911,PATNANUNGAN SUR (POB.),5378
41912,BAGONG PAG-ASA POB. (BARANGAY 3),5379
41913,BAGONG SILANG POB. (BARANGAY 4),5379
41914,MAABOT,5379
41915,MAINIT NORTE,5379
41916,MAINIT SUR,5379
41917,MAPAGMAHAL POB. (BARANGAY 2),5379
41918,PAGKAKAISA POB. (BARANGAY 1),5379
41919,PAMBUHAN,5379
41920,PINAGTUBIGAN ESTE,5379
41921,PINAGTUBIGAN WESTE,5379
41922,RIZAL,5379
41923,SANGIRIN,5379
41924,VILLAMANZANO NORTE,5379
41925,VILLAMANZANO SUR,5379
41926,AMONTAY,5380
41927,BIGA,5380
41928,BILUCAO,5380
41929,CABULIHAN,5380
41930,CASTILLO (POB.),5380
41931,CAWAYANIN,5380
41932,COMETA,5380
41933,DALAMPASIGAN (POB.),5380
41934,DULONG BAYAN (POB.),5380
41935,GANGAHIN,5380
41936,IBABANG BURGOS,5380
41937,IBABANG PACATIN,5380
41938,IBABANG PIÑA,5380
41939,IBABANG SOLIYAO,5380
41940,ILAYANG BURGOS,5380
41941,ILAYANG PACATIN,5380
41942,ILAYANG PIÑA,5380
41943,ILAYANG SOLIYAO,5380
41944,MAALIW (POB.),5380
41945,MANGGAHAN (POB.),5380
41946,MASAYA (POB.),5380
41947,MAYUBOK (POB.),5380
41948,NAG-CRUZ,5380
41949,OSMEÑA,5380
41950,PAG-ASA (POB.),5380
41951,PAMILIHAN (POB.),5380
41952,PAYTE,5380
41953,PINAGBAYANAN,5380
41954,POCTOL,5380
41955,QUEZON,5380
41956,QUINAGASAN,5380
41957,RIZALINO,5380
41958,SAGUINSINAN,5380
41959,SAMPALOC,5380
41960,SAN ROQUE,5380
41961,SISIRIN,5380
41962,SUMAG ESTE,5380
41963,SUMAG NORTE,5380
41964,SUMAG WESTE,5380
41965,CENTRAL (POB.),5174
41966,CONCEPCION,5174
41967,DUHAT,5174
41968,ILAYA,5174
41969,ILOSONG,5174
41970,M. L. TUMAGAY POB. (REMAS MABUTON),5174
41971,PAANG BUNDOK (POB.),5174
41972,PAMPAARALAN (POB.),5174
41973,TANAUAN,5174
41974,ANAWAN,5382
41975,ATULAYAN,5382
41976,BALESIN,5382
41977,BAÑADERO,5382
41978,BINIBITINAN,5382
41979,BISLIAN,5382
41980,BUCAO,5382
41981,CANICANIAN,5382
41982,KALUBAKIS,5382
41983,LANGUYIN,5382
41984,LIBJO,5382
41985,PAMATDAN,5382
41986,PILION,5382
41987,PINAGLUBAYAN,5382
41988,POBLACION,5382
41989,SABANG,5382
41990,SALIPSIP,5382
41991,SIBULAN,5382
41992,TALUONG,5382
41993,TAMULAYA-ANITONG,5382
41994,APAD,5101
41995,ARGOSINO,5101
41996,BARANGAY I (POB.),5101
41997,BARANGAY II (POB.),5101
41998,BARANGAY III (POB.),5101
41999,BARANGAY IV (POB.),5101
42000,BARANGAY V (POB.),5101
42001,BARANGAY VI (POB.),5101
42002,CAGBALOGO,5101
42003,CARIDAD,5101
42004,COMETA,5101
42005,DEL PILAR,5101
42006,GUINHAWA,5101
42007,GUMUBAT,5101
42008,MAGSINO,5101
42009,MASCARIÑA,5101
42010,MONTAÑA,5101
42011,SABANG,5101
42012,SILANGAN,5101
42013,TAGKAWA,5101
42014,VILLA BELEN,5101
42015,VILLA FRANCIA,5101
42016,VILLA GOMEZ,5101
42017,VILLA MERCEDES,5101
42018,BAGONG SILANG,5384
42019,CAPALONG,5384
42020,CAWAYAN,5384
42021,KILOLORAN,5384
42022,LLAVAC,5384
42023,LUBAYAT,5384
42024,MALAPAD,5384
42025,MARAGONDON,5384
42026,MASIKAP,5384
42027,MAUNLAD,5384
42028,PANDAN,5384
42029,POBLACION 61 (BARANGAY 2),5384
42030,POBLACION I (BARANGAY 1),5384
42031,TAGUMPAY,5384
42032,TANAUAN,5384
42033,TIGNOAN,5384
42034,UNGOS,5384
42035,ALUPAY,5385
42036,APASAN,5385
42037,BANOT,5385
42038,BATAAN,5385
42039,BAYONGON,5385
42040,BILUCAO,5385
42041,CALDONG,5385
42042,IBABANG OWAIN,5385
42043,ILAYANG OWAIN,5385
42044,MAMALA,5385
42045,SAN BUENO,5385
42046,SAN ISIDRO (POB.),5385
42047,SAN ROQUE (POB.),5385
42048,TAQUICO,5385
42049,ALIBIHABAN,5386
42050,CAMFLORA,5386
42051,MANGERO,5386
42052,PANSOY,5386
42053,POBLACION,5386
42054,TALA,5386
42055,TALISAY,5386
42056,ARAWAN,5203
42057,BAGONG NIING,5203
42058,BALAT ATIS,5203
42059,BRIONES,5203
42060,BULIHAN,5203
42061,BULIRAN,5203
42062,CALLEJON,5203
42063,CORAZON,5203
42064,LOOB,5203
42065,MAGSAYSAY,5203
42066,"MANUEL DEL VALLE, SR.",5203
42067,MATIPUNSO,5203
42068,NIING,5203
42069,POBLACION,5203
42070,PULO,5203
42071,PURY,5203
42072,SAMPAGA,5203
42073,SAMPAGUITA,5203
42074,SAN JOSE,5203
42075,SINTURISAN,5203
42076,BUTANGUIAD,5388
42077,CASAY,5388
42078,CAWAYAN I,5388
42079,CAWAYAN II,5388
42080,DON JUAN VERCELOS,5388
42081,HUYON-UYON,5388
42082,IBABANG TAYUMAN,5388
42083,ILAYANG TAYUMAN,5388
42084,INABUAN,5388
42085,MABUÑGA,5388
42086,NASALAAN,5388
42087,PAGSANGAHAN,5388
42088,POBLACION,5388
42089,PUGON,5388
42090,SANTO NIÑO,5388
42091,SILONGIN,5388
42092,ABUYON,5264
42093,ANDRES BONIFACIO,5264
42094,BANI,5264
42095,BAYANIHAN (POB.),5264
42096,BINAY,5264
42097,BUENAVISTA,5264
42098,BUSOKBUSOKAN,5264
42099,CALWIT,5264
42100,GUINHALINAN,5264
42101,LACDAYAN,5264
42102,MAGUITING,5264
42103,MALIGAYA (POB.),5264
42104,MANLAMPONG,5264
42105,PAGDADAMAYAN (POB.),5264
42106,PAGKAKAISA (POB.),5264
42107,PUNTA,5264
42108,RIZAL,5264
42109,SAN ISIDRO,5264
42110,SAN JUAN,5264
42111,SAN VICENTE,5264
42112,VIGO CENTRAL,5264
42113,VILLA AURIN (PINAGSAMA),5264
42114,VILLA REYES,5264
42115,WHITE CLIFF,5264
42116,ANTIPOLO,5390
42117,BALUBAL,5390
42118,BARANGAY 1 (POB.),5390
42119,BARANGAY 2 (POB.),5390
42120,BARANGAY 3 (POB.),5390
42121,BARANGAY 4 (POB.),5390
42122,BARANGAY 5 (POB.),5390
42123,BARANGAY 6 (POB.),5390
42124,BIGNAY 1,5390
42125,BIGNAY 2,5390
42126,BUCAL,5390
42127,CANDA,5390
42128,CASTAÑAS,5390
42129,CONCEPCION BANAHAW,5390
42130,CONCEPCION NO. 1,5390
42131,CONCEPCION PALASAN,5390
42132,CONCEPCION PINAGBAKURAN,5390
42133,GIBANGA,5390
42134,GUISGUIS-SAN ROQUE,5390
42135,GUISGUIS-TALON,5390
42136,JANAGDONG 1,5390
42137,JANAGDONG 2,5390
42138,LIMBON,5390
42139,LUTUCAN 1,5390
42140,LUTUCAN BATA,5390
42141,LUTUCAN MALABAG,5390
42142,MAMALA I,5390
42143,MAMALA II,5390
42144,MANGGALANG 1,5390
42145,MANGGALANG TULO-TULO,5390
42146,MANGGALANG-BANTILAN,5390
42147,MANGGALANG-KILING,5390
42148,MONTECILLO,5390
42149,MORONG,5390
42150,PILI,5390
42151,SAMPALOC 1,5390
42152,SAMPALOC 2,5390
42153,SAMPALOC BOGON,5390
42154,SAMPALOC SANTO CRISTO,5390
42155,TALAAN APLAYA,5390
42156,TALAANPANTOC,5390
42157,TUMBAGA 1,5390
42158,TUMBAGA 2,5390
42159,ALDAVOC,5391
42160,ALIJI,5391
42161,BAGONG SILANG,5391
42162,BAMBAN,5391
42163,BOSIGON,5391
42164,BUKAL,5391
42165,CABIBIHAN,5391
42166,CABUGWANG,5391
42167,CAGASCAS,5391
42168,CANDALAPDAP,5391
42169,CASISPALAN,5391
42170,COLONG-COLONG,5391
42171,DEL ROSARIO,5391
42172,KATIMO,5391
42173,KINATAKUTAN,5391
42174,LANDING,5391
42175,LAUREL,5391
42176,MAGSAYSAY,5391
42177,MAGUIBUAY,5391
42178,MAHINTA,5391
42179,MALBOG,5391
42180,MANATO CENTRAL,5391
42181,MANATO STATION,5391
42182,MANGAYAO,5391
42183,MANSILAY,5391
42184,MAPULOT,5391
42185,MUNTING PARANG,5391
42186,PAYAPA,5391
42187,POBLACION,5391
42188,RIZAL,5391
42189,SABANG,5391
42190,SAN DIEGO,5391
42191,SAN FRANCISCO,5391
42192,SAN ISIDRO,5391
42193,SAN ROQUE,5391
42194,SAN VICENTE,5391
42195,SANTA CECILIA,5391
42196,SANTA MONICA,5391
42197,SANTO NIÑO I,5391
42198,SANTO NIÑO II,5391
42199,SANTO TOMAS,5391
42200,SEGUIWAN,5391
42201,TABASON,5391
42202,TUNTON,5391
42203,VICTORIA,5391
42204,ALITAO,5392
42205,ALSAM IBABA,5392
42206,ALSAM ILAYA,5392
42207,ALUPAY,5392
42208,ANGELES ZONE I (POB.),5392
42209,ANGELES ZONE II,5392
42210,ANGELES ZONE III,5392
42211,ANGELES ZONE IV,5392
42212,ANGUSTIAS ZONE I (POB.),5392
42213,ANGUSTIAS ZONE II,5392
42214,ANGUSTIAS ZONE III,5392
42215,ANGUSTIAS ZONE IV,5392
42216,ANOS,5392
42217,AYAAS,5392
42218,BAGUIO,5392
42219,BANILAD,5392
42220,BUKAL IBABA,5392
42221,BUKAL ILAYA,5392
42222,CALANTAS,5392
42223,CALUMPANG,5392
42224,CAMAYSA,5392
42225,DAPDAP,5392
42226,DOMOIT KANLURAN,5392
42227,DOMOIT SILANGAN,5392
42228,GIBANGA,5392
42229,IBAS,5392
42230,ILASAN IBABA,5392
42231,ILASAN ILAYA,5392
42232,IPILAN,5392
42233,ISABANG,5392
42234,KATIGAN KANLURAN,5392
42235,KATIGAN SILANGAN,5392
42236,LAKAWAN,5392
42237,LALO,5392
42238,LAWIGUE,5392
42239,LITA (POB.),5392
42240,MALAOA,5392
42241,MASIN,5392
42242,MATE,5392
42243,MATEUNA,5392
42244,MAYOWE,5392
42245,NANGKA IBABA,5392
42246,NANGKA ILAYA,5392
42247,OPIAS,5392
42248,PALALE IBABA,5392
42249,PALALE ILAYA,5392
42250,PALALE KANLURAN,5392
42251,PALALE SILANGAN,5392
42252,PANDAKAKI,5392
42253,POOK,5392
42254,POTOL,5392
42255,SAN DIEGO ZONE I (POB.),5392
42256,SAN DIEGO ZONE II,5392
42257,SAN DIEGO ZONE III,5392
42258,SAN DIEGO ZONE IV,5392
42259,SAN ISIDRO ZONE I (POB.),5392
42260,SAN ISIDRO ZONE II,5392
42261,SAN ISIDRO ZONE III,5392
42262,SAN ISIDRO ZONE IV,5392
42263,SAN ROQUE ZONE I (POB.),5392
42264,SAN ROQUE ZONE II,5392
42265,TALOLONG,5392
42266,TAMLONG,5392
42267,TONGKO,5392
42268,VALENCIA,5392
42269,WAKAS,5392
42270,ANASTACIA (TAGBAK),5393
42271,AQUINO,5393
42272,AYUSAN I,5393
42273,AYUSAN II,5393
42274,BARANGAY I (POB.),5393
42275,BARANGAY II (POB.),5393
42276,BARANGAY III (POB.),5393
42277,BARANGAY IV (POB.),5393
42278,BEHIA,5393
42279,BUKAL,5393
42280,BULA,5393
42281,BULAKIN,5393
42282,CABATANG,5393
42283,CABAY,5393
42284,DEL ROSARIO,5393
42285,LAGALAG,5393
42286,LALIG,5393
42287,LUMINGON,5393
42288,LUSACAN,5393
42289,PAIISA,5393
42290,PALAGARAN,5393
42291,QUIPOT,5393
42292,SAN AGUSTIN,5393
42293,SAN FRANCISCO,5393
42294,SAN ISIDRO,5393
42295,SAN JOSE,5393
42296,SAN JUAN,5393
42297,SAN PEDRO,5393
42298,TAGBAKIN,5393
42299,TALISAY,5393
42300,TAMISIAN,5393
42301,ALMACEN,5394
42302,BALAGTAS,5394
42303,BALANACAN,5394
42304,BONIFACIO,5394
42305,BULO IBABA,5394
42306,BULO ILAYA,5394
42307,BURGOS,5394
42308,CABULIHAN IBABA,5394
42309,CABULIHAN ILAYA,5394
42310,CAIGDAL,5394
42311,F. DE JESUS (POB.),5394
42312,GENERAL LUNA,5394
42313,KALILAYAN IBABA,5394
42314,KALILAYAN ILAYA,5394
42315,MABINI,5394
42316,MAIROK IBABA,5394
42317,MAIROK ILAYA,5394
42318,MALVAR,5394
42319,MAPUTAT,5394
42320,MULIGUIN,5394
42321,PAGAGUASAN,5394
42322,PANAON IBABA,5394
42323,PANAON ILAYA,5394
42324,PLARIDEL,5394
42325,POCTOL,5394
42326,PUNTA,5394
42327,R. LAPU-LAPU (POB.),5394
42328,R. MAGSAYSAY (POB.),5394
42329,RAJA SOLIMAN (POB.),5394
42330,RIZAL IBABA,5394
42331,RIZAL ILAYA,5394
42332,SAN ROQUE,5394
42333,SOCORRO,5394
42334,TAGUMPAY,5394
42335,TUBAS,5394
42336,TUBIGAN,5394
42337,BAGUMBAYAN,5395
42338,KALAYAAN,5395
42339,MAHABANG PARANG,5395
42340,POBLACION IBABA,5395
42341,POBLACION ITAAS,5395
42342,SAN ISIDRO,5395
42343,SAN PEDRO,5395
42344,SAN ROQUE,5395
42345,SAN VICENTE,5395
42346,SANTO NIÑO,5395
42347,CONCEPCION,5396
42348,EVANGELISTA,5396
42349,MABINI,5396
42350,PINUGAY,5396
42351,RIZAL (POB.),5396
42352,SAN JOSE,5396
42353,SAN JUAN,5396
42354,SAN MIGUEL,5396
42355,SAN SALVADOR,5396
42356,SANTIAGO,5396
42357,BANGAD,5397
42358,BATINGAN,5397
42359,BILIBIRAN,5397
42360,BINITAGAN,5397
42361,BOMBONG,5397
42362,BUHANGIN,5397
42363,CALUMPANG,5397
42364,GINOONG SANAY,5397
42365,GULOD,5397
42366,HABAGATAN,5397
42367,ITHAN,5397
42368,JANOSA,5397
42369,KALAWAAN,5397
42370,KALINAWAN,5397
42371,KASILE,5397
42372,KAYTOME,5397
42373,KINABOOGAN,5397
42374,KINAGATAN,5397
42375,LAYUNAN (POB.),5397
42376,LIBID (POB.),5397
42377,LIBIS (POB.),5397
42378,LIMBON-LIMBON,5397
42379,LUNSAD,5397
42380,MACAMOT,5397
42381,MAHABANG PARANG,5397
42382,MALAKABAN,5397
42383,MAMBOG,5397
42384,PAG-ASA,5397
42385,PALANGOY,5397
42386,PANTOK,5397
42387,PILA PILA,5397
42388,PINAGDILAWAN,5397
42389,PIPINDAN,5397
42390,RAYAP,5397
42391,SAN CARLOS,5397
42392,SAPANG,5397
42393,TABON,5397
42394,TAGPOS,5397
42395,TATALA,5397
42396,TAYUMAN,5397
42397,SAN ANDRES (POB.),5398
42398,SAN ISIDRO,5398
42399,SAN JUAN,5398
42400,SAN ROQUE,5398
42401,SANTA ROSA,5398
42402,SANTO DOMINGO,5398
42403,SANTO NIÑO,5398
42404,BALIBAGO,5399
42405,BOOR,5399
42406,CALAHAN,5399
42407,DALIG,5399
42408,DEL REMEDIO (POB.),5399
42409,IGLESIA (POB.),5399
42410,LAMBAC,5399
42411,LOOC,5399
42412,MALANGGAM-CALUBACAN,5399
42413,NAGSULO,5399
42414,NAVOTAS,5399
42415,PATUNHAY,5399
42416,REAL (POB.),5399
42417,SAMPAD,5399
42418,SAN ROQUE (POB.),5399
42419,SUBAY,5399
42420,TICULIO,5399
42421,TUNA,5399
42422,BAGONG NAYON,5400
42423,BEVERLY HILLS,5400
42424,CALAWIS,5400
42425,CUPANG,5400
42426,DALIG,5400
42427,DELA PAZ (POB.),5400
42428,INARAWAN,5400
42429,MAMBUGAN,5400
42430,MAYAMOT,5400
42431,MUNTINGDILAW,5400
42432,SAN ISIDRO (POB.),5400
42433,SAN JOSE (POB.),5400
42434,SAN JUAN,5400
42435,SAN LUIS,5400
42436,SAN ROQUE (POB.),5400
42437,SANTA CRUZ,5400
42438,BAGUMBONG,5401
42439,BAYUGO,5401
42440,LUBO,5401
42441,PAALAMAN,5401
42442,PAGKALINAWAN,5401
42443,PALAYPALAY,5401
42444,PUNTA,5401
42445,SECOND DISTRICT (POB.),5401
42446,SIPSIPIN,5401
42447,SPECIAL DISTRICT (POB.),5401
42448,THIRD DISTRICT (POB.),5401
42449,BOMBONGAN,5152
42450,CAN-CAL-LAN (CANIOGAN-CALERO-LANANG),5152
42451,LAGUNDI,5152
42452,MAYBANCAL,5152
42453,SAN GUILLERMO,5152
42454,SAN JOSE (POB.),5152
42455,SAN JUAN (POB.),5152
42456,SAN PEDRO (POB.),5152
42457,BAGUMBAYAN (POB.),5403
42458,HALAYHAYIN,5403
42459,HULO (POB.),5403
42460,IMATONG (POB.),5403
42461,MALAYA,5403
42462,NIOGAN,5403
42463,QUISAO,5403
42464,TAKUNGAN (POB.),5403
42465,WAWA (POB.),5403
42466,BALITE (POB.),5404
42467,BURGOS,5404
42468,GERONIMO,5404
42469,MACABUD,5404
42470,MANGGAHAN,5404
42471,MASCAP,5404
42472,PURAY,5404
42473,ROSARIO,5404
42474,SAN ISIDRO,5404
42475,SAN JOSE,5404
42476,SAN RAFAEL,5404
42477,AMPID I,5111
42478,AMPID II,5111
42479,BANABA,5111
42480,DULONG BAYAN 1,5111
42481,DULONG BAYAN 2,5111
42482,GUINAYANG,5111
42483,GUITNANG BAYAN I (POB.),5111
42484,GUITNANG BAYAN II (POB.),5111
42485,GULOD MALAYA,5111
42486,MALANDAY,5111
42487,MALY,5111
42488,PINTONG BOCAWE,5111
42489,SANTA ANA,5111
42490,SANTO NIÑO,5111
42491,SILANGAN,5111
42492,CAYABU,5406
42493,CUYAMBAY,5406
42494,DARAITAN,5406
42495,KATIPUNAN-BAYAN (POB.),5406
42496,KAYBUTO (POB.),5406
42497,LAIBAN,5406
42498,MADILAY-DILAY,5406
42499,MAG-AMPON (POB.),5406
42500,MAMUYAO,5406
42501,PINAGKAMALIGAN (POB.),5406
42502,PLAZA ALDEA (POB.),5406
42503,SAMPALOC,5406
42504,SAN ANDRES,5406
42505,SAN ISIDRO (POB.),5406
42506,SANTA INEZ,5406
42507,SANTO NIÑO,5406
42508,TABING ILOG (POB.),5406
42509,TANDANG KUTYO (POB.),5406
42510,TINUCAN,5406
42511,WAWA (POB.),5406
42512,DOLORES (POB.),5407
42513,MUZON,5407
42514,SAN ISIDRO,5407
42515,SAN JUAN,5407
42516,SANTA ANA,5407
42517,BAGUMBAYAN,5408
42518,CALUMPANG SANTO CRISTO,5408
42519,DALIG,5408
42520,DULUMBAYAN,5408
42521,MAY-IBA,5408
42522,POBLACION,5408
42523,PRINZA,5408
42524,SAN GABRIEL,5408
42525,SAN ROQUE,5408
43986,AGOT,5409
43987,AGUMAYMAYAN,5409
43988,AMOINGON,5409
43989,APITONG,5409
43990,BALAGASAN,5409
43991,BALARING,5409
43992,BALIMBING,5409
43993,BALOGO,5409
43994,BAMBAN,5409
43995,BANGBANGALON,5409
43996,BANTAD,5409
43997,BANTAY,5409
43998,BAYUTI,5409
43999,BINUNGA,5409
44000,BOI,5409
44001,BOTON,5409
44002,BULIASNIN,5409
44003,BUNGANAY,5409
44004,CAGANHAO,5409
44005,CANAT,5409
44006,CATUBUGAN,5409
44007,CAWIT,5409
44008,DAIG,5409
44009,DAYPAY,5409
44010,DUYAY,5409
44011,HINAPULAN,5409
44012,IHATUB,5409
44013,ISOK I (POB.),5409
44014,ISOK II POB. (KALAMIAS),5409
44015,LAYLAY,5409
44016,LUPAC,5409
44017,MAHINHIN,5409
44018,MAINIT,5409
44019,MALBOG,5409
44020,MALIGAYA,5409
44021,MALUSAK (POB.),5409
44022,MANSIWAT,5409
44023,MATAAS NA BAYAN (POB.),5409
44024,MAYBO,5409
44025,MERCADO (POB.),5409
44026,MURALLON (POB.),5409
44027,OGBAC,5409
44028,PAWA,5409
44029,PILI,5409
44030,POCTOY,5409
44031,PORAS,5409
44032,PUTING BUHANGIN,5409
44033,PUYOG,5409
44034,SABONG,5409
44035,SAN MIGUEL (POB.),5409
44036,SANTOL,5409
44037,SAWI,5409
44038,TABI,5409
44039,TABIGUE,5409
44040,TAGWAK,5409
44041,TAMBUNAN,5409
44042,TAMPUS (POB.),5409
44043,TANZA,5409
44044,TUGOS,5409
44045,TUMAGABOK,5409
44046,TUMAPON,5409
44047,BAGACAY,5357
44048,BAGTINGON,5357
44049,BARANGAY I (POB.),5357
44050,BARANGAY II (POB.),5357
44051,BARANGAY III (POB.),5357
44052,BARANGAY IV (POB.),5357
44053,BICAS-BICAS,5357
44054,CAIGANGAN,5357
44055,DAYKITIN,5357
44056,LIBAS,5357
44057,MALBOG,5357
44058,SIHI,5357
44059,TIMBO (SANGGULONG),5357
44060,TUNGIB-LIPATA,5357
44061,YOOK,5357
44062,ANTIPOLO,5411
44063,BACHAO IBABA,5411
44064,BACHAO ILAYA,5411
44065,BACONGBACONG,5411
44066,BAHI,5411
44067,BANGBANG,5411
44068,BANOT,5411
44069,BANUYO,5411
44070,BARANGAY I (POB.),5411
44071,BARANGAY II (POB.),5411
44072,BARANGAY III (POB.),5411
44073,BOGNUYAN,5411
44074,CABUGAO,5411
44075,DAWIS,5411
44076,DILI,5411
44077,LIBTANGIN,5411
44078,MAHUNIG,5411
44079,MANGILIOL,5411
44080,MASIGA,5411
44081,MATANDANG GASAN,5411
44082,PANGI,5411
44083,PINGAN,5411
44084,TABIONAN,5411
44085,TAPUYAN,5411
44086,TIGUION,5411
44087,ANAPOG-SIBUCAO,5412
44088,ARGAO,5412
44089,BALANACAN,5412
44090,BANTO,5412
44091,BINTAKAY,5412
44092,BOCBOC,5412
44093,BUTANSAPA,5412
44094,CANDAHON,5412
44095,CAPAYANG,5412
44096,DANAO,5412
44097,DULONG BAYAN (POB.),5412
44098,GITNANG BAYAN (POB.),5412
44099,GUISIAN,5412
44100,HINADHARAN,5412
44101,HINANGGAYON,5412
44102,INO,5412
44103,JANAGDONG,5412
44104,LAMESA,5412
44105,LAON,5412
44106,MAGAPUA,5412
44107,MALAYAK,5412
44108,MALUSAK,5412
44109,MAMPAITAN,5412
44110,MANGYAN-MABABAD,5412
44111,MARKET SITE (POB.),5412
44112,MATAAS NA BAYAN,5412
44113,MENDEZ,5412
44114,NANGKA I,5412
44115,NANGKA II,5412
44116,PAYE,5412
44117,PILI,5412
44118,PUTING BUHANGIN,5412
44119,SAYAO,5412
44120,SILANGAN,5412
44121,SUMANGGA,5412
44122,TARUG,5412
44123,VILLA MENDEZ (POB.),5412
44124,ALOBO,4965
44125,ANGAS,4965
44126,ATURAN,4965
44127,BAGONG SILANG POB. (2ND ZONE),4965
44128,BAGUIDBIRIN,4965
44129,BALIIS,4965
44130,BALOGO,4965
44131,BANAHAW POB. (3RD ZONE),4965
44132,BANGCUANGAN,4965
44133,BANOGBOG,4965
44134,BIGA,4965
44135,BOTILAO,4965
44136,BUYABOD,4965
44137,DATING BAYAN,4965
44138,DEVILLA,4965
44139,DOLORES,4965
44140,HAGUIMIT,4965
44141,HUPI,4965
44142,IPIL,4965
44143,JOLO,4965
44144,KAGANHAO,4965
44145,KALANGKANG,4965
44146,KAMANDUGAN,4965
44147,KASILY,4965
44148,KILO-KILO,4965
44149,KIÑAMAN,4965
44150,LABO,4965
44151,LAMESA,4965
44152,LANDY,4965
44153,LAPU-LAPU POB. (5TH ZONE),4965
44154,LIBJO,4965
44155,LIPA,4965
44156,LUSOK,4965
44157,MAHARLIKA POB. (1ST ZONE),4965
44158,MAKULAPNIT,4965
44159,MANIWAYA,4965
44160,MANLIBUNAN,4965
44161,MASAGUISI,4965
44162,MASALUKOT,4965
44163,MATALABA,4965
44164,MONGPONG,4965
44165,MORALES,4965
44166,NAPO,4965
44167,PAG-ASA POB. (4TH ZONE),4965
44168,PANTAYIN,4965
44169,POLO,4965
44170,PULONG-PARANG,4965
44171,PUNONG,4965
44172,SAN ANTONIO,4965
44173,SAN ISIDRO,4965
44174,TAGUM,4965
44175,TAMAYO,4965
44176,TAMBANGAN,4965
44177,TAWIRAN,4965
44178,TAYTAY,4965
44179,BANGWAYIN,5414
44180,BAYAKBAKIN,5414
44181,BOLO,5414
44182,BONLIW,5414
44183,BUANGAN,5414
44184,CABUYO,5414
44185,CAGPO,5414
44186,DAMPULAN,5414
44187,KAY DUKE,5414
44188,MABUHAY,5414
44189,MAKAWAYAN,5414
44190,MALIBAGO,5414
44191,MALINAO,5414
44192,MARANLIG,5414
44193,MARLANGGA,5414
44194,MATUYATUYA,5414
44195,NANGKA,5414
44196,PAKASKASAN,5414
44197,PAYANAS,5414
44198,POBLACION,5414
44199,POCTOY,5414
44200,SIBUYAO,5414
44201,SUHA,5414
44202,TALAWAN,5414
44203,TIGWI,5414
44204,ARMADO,5415
44205,BALAO,5415
44206,CABACAO,5415
44207,LUMANGBAYAN,5415
44208,POBLACION,5415
44209,SAN VICENTE,5415
44210,STA. MARIA,5415
44211,TIBAG,5415
44212,UDALO (CAMURONG),5415
44213,WAWA,5415
44214,CONCEPCION,5416
44215,IRIRON,5416
44216,MALPALON,5416
44217,NEW DAGUPAN,5416
44218,POBLACION,5416
44219,POYPOY,5416
44220,TANYAG,5416
44221,AGKAWAYAN,5417
44222,AMBIL,5417
44223,BALIKYAS,5417
44224,BONBON (POB.),5417
44225,BULACAN,5417
44226,BUROL,5417
44227,GUITNA (POB.),5417
44228,KANLURAN (POB.),5417
44229,TALAOTAO,5417
44230,ARAW AT BITUIN (POB.),5418
44231,BAGONG SIKAT (POB.),5418
44232,BANAAG AT PAG-ASA (POB.),5418
44233,BINAKAS,5418
44234,CABRA,5418
44235,LIKAS NG SILANGAN (POB.),5418
44236,MAGINHAWA (POB.),5418
44237,MALIGAYA,5418
44238,MALIIG,5418
44239,NINIKAT NG PAG-ASA (POB.),5418
44240,PARAISO (POB.),5418
44241,SURVILLE (POB.),5418
44242,TAGBAC,5418
44243,TANGAL,5418
44244,TILIK,5418
44245,VIGO,5418
44246,ALIBOG,5419
44247,CAGURAY,5419
44248,CALAWAG,5419
44249,GAPASAN,5419
44250,LASTE,5419
44251,LOURDES,5419
44252,NICOLAS (BULO),5419
44253,PACLOLO,5419
44254,POBLACION,5419
44255,PURNAGA,5419
44256,SANTA TERESA,5419
44257,SIBALAT,5419
44258,BALANSAY,5420
44259,FATIMA (TII),5420
44260,PAYOMPON,5420
44261,POBLACION 1 (BARANGAY 1),5420
44262,POBLACION 2 (BARANGAY 2),5420
44263,POBLACION 3 (BARANGAY 3),5420
44264,POBLACION 4 (BARANGAY 4),5420
44265,POBLACION 5 (BARANGAY 5),5420
44266,POBLACION 6 (BARANGAY 6),5420
44267,POBLACION 7 (BARANGAY 7),5420
44268,POBLACION 8 (BARANGAY 8),5420
44269,SAN LUIS (LIGANG),5420
44270,TALABAAN,5420
44271,TANGKALAN,5420
44272,TAYAMAAN,5420
44273,ALIPAOY,5421
44274,BAGONG SILANG POB. (BGY 5),5421
44275,HANDANG TUMULONG POB. (BGY 2),5421
44276,HARRISON,5421
44277,LUMANGBAYAN,5421
44278,MANANAO,5421
44279,MAPALAD POB. (BGY 1),5421
44280,MARIKIT,5421
44281,PAG-ASA NG BAYAN POB. (BGY 4),5421
44282,SAN JOSE POB. (BGY 6),5421
44283,SILAHIS NG PAG-ASA POB. (BGY 3),5421
44284,TUBILI,5421
44285,ADELA,5070
44286,AGUAS,5070
44287,MAGSIKAP,5070
44288,MALAWAAN,5070
44289,MANOOT,5070
44290,PITOGO,5070
44291,RIZAL,5070
44292,RUMBANG,5070
44293,SALVACION,5070
44294,SAN PEDRO,5070
44295,SANTO NIÑO,5070
44296,BATONG BUHAY,5423
44297,BUENAVISTA,5423
44298,BURGOS,5423
44299,CLAUDIO SALGADO,5423
44300,GENERAL EMILIO AGUINALDO,5423
44301,IBUD,5423
44302,ILVITA,5423
44303,LAGNAS,5423
44304,LIGAYA,5423
44305,MALISBONG,5423
44306,PAETAN,5423
44307,PAG-ASA,5423
44308,POBLACION (LUMANGBAYAN),5423
44309,SAN AGUSTIN,5423
44310,SAN FRANCISCO,5423
44311,SAN NICOLAS,5423
44312,SAN VICENTE,5423
44313,SANTA LUCIA,5423
44314,SANTO NIÑO,5423
44315,TAGUMPAY,5423
44316,TUBAN,5423
44317,VICTORIA,5423
44318,AMBULONG,5249
44319,ANSIRAY,5249
44320,BAGONG SIKAT,5249
44321,BANGKAL,5249
44322,BARANGAY 1 (POB.),5249
44323,BARANGAY 2 (POB.),5249
44324,BARANGAY 3 (POB.),5249
44325,BARANGAY 4 (POB.),5249
44326,BARANGAY 5 (POB.),5249
44327,BARANGAY 6 (POB.),5249
44328,BARANGAY 7 (POB.),5249
44329,BARANGAY 8 (POB.),5249
44330,BATASAN,5249
44331,BAYOTBOT,5249
44332,BUBOG,5249
44333,BURI,5249
44334,CAMBURAY,5249
44335,CAMINAWIT,5249
44336,CATAYUNGAN,5249
44337,CENTRAL,5249
44338,ILING PROPER,5249
44339,INASAKAN,5249
44340,IPIL,5249
44341,LA CURVA,5249
44342,LABANGAN ILING,5249
44343,LABANGAN POBLACION,5249
44344,MABINI,5249
44345,MAGBAY,5249
44346,MANGARIN,5249
44347,MAPAYA,5249
44348,MONTE CLARO,5249
44349,MURTHA,5249
44350,NAIBUAN,5249
44351,NATANDOL,5249
44352,PAG-ASA,5249
44353,PAWICAN,5249
44354,SAN AGUSTIN,5249
44355,SAN ISIDRO,5249
44356,SAN ROQUE,5249
44357,ALACAAK,4965
44358,BARAHAN,4965
44359,CASAGUE,4965
44360,DAYAP,4965
44361,KURTINGANAN,4965
44362,LUMANGBAYAN,4965
44363,MULAWIN,4965
44364,PINAGTURILAN (SAN PEDRO),4965
44365,POBLACION I (BARANGAY 1),4965
44366,POBLACION II (BARANGAY 2),4965
44367,SAN VICENTE,4965
44368,ALAG,5426
44369,BANGKATAN,5426
44370,BARAS (MANGYAN MINORITY),5426
44371,BAYANAN,5426
44372,BURBULI,5426
44373,CATWIRAN I,5426
44374,CATWIRAN II,5426
44375,DULANGAN I,5426
44376,DULANGAN II,5426
44377,LANTUYANG (MANGYAN MINORITY),5426
44378,LUMANG BAYAN,5426
44379,MALAPAD,5426
44380,MANGANGAN I,5426
44381,MANGANGAN II,5426
44382,MAYABIG,5426
44383,PAMBISAN,5426
44384,POBLACION,5426
44385,PULANG-TUBIG,5426
44386,PUTICAN-CABULO,5426
44387,SAN ANDRES,5426
44388,SAN IGNACIO (DULANGAN III),5426
44389,SANTA CRUZ,5426
44390,SANTA ROSA I,5426
44391,SANTA ROSA II,5426
44392,TABON-TABON,5426
44393,TAGUMPAY,5426
44394,WATER,5426
44395,ALCADESMA,5427
44396,BATO,5427
44397,CONRAZON,5427
44398,MALO,5427
44399,MANIHALA,5427
44400,PAG-ASA,5427
44401,POBLACION,5427
44402,PROPER BANSUD,5427
44403,PROPER TIGUISAN,5427
44404,ROSACARA,5427
44405,SALCEDO,5427
44406,SUMAGUI,5427
44407,VILLA PAG-ASA,5427
44408,ANILAO,5428
44409,APLAYA,5428
44410,BAGUMBAYAN I,5428
44411,BAGUMBAYAN II,5428
44412,BATANGAN,5428
44413,BUKAL,5428
44414,CAMANTIGUE,5428
44415,CARMUNDO,5428
44416,CAWAYAN,5428
44417,DAYHAGAN,5428
44418,FORMON,5428
44419,HAGAN,5428
44420,HAGUPIT,5428
44421,IPIL,5428
44422,KALIGTASAN,5428
44423,LABASAN,5428
44424,LABONAN,5428
44425,LIBERTAD,5428
44426,LISAP,5428
44427,LUNA,5428
44428,MALITBOG,5428
44429,MAPANG,5428
44430,MASAGUISI,5428
44431,MINA DE ORO,5428
44432,MORENTE,5428
44433,OGBOT,5428
44434,ORCONUMA,5428
44435,POBLACION,5428
44436,POLUSAHI,5428
44437,SAGANA,5428
44438,SAN ISIDRO,5428
44439,SAN JOSE,5428
44440,SAN JUAN,5428
44441,SANTA CRUZ,5428
44442,SIGANGE,5428
44443,TAWAS,5428
44444,BAGONG SIKAT,5429
44445,BALATASAN,5429
44446,BENLI (MANGYAN SETTLEMENT),5429
44447,CABUGAO,5429
44448,CAMBUNANG (POB.),5429
44449,CAMPAASAN (POB.),5429
44450,MAASIN,5429
44451,MAUJAO,5429
44452,MILAGROSA (GUIOB),5429
44453,NASUKOB (POB.),5429
44454,POBLACION,5429
44455,SAN FRANCISCO (ALIMAWAN),5429
44456,SAN ISIDRO,5429
44457,SAN JUAN,5429
44458,SAN ROQUE (BUYAYAO),5429
44459,BALINGAYAN,5430
44460,BALITE,5430
44461,BARUYAN,5430
44462,BATINO,5430
44463,BAYANAN I,5430
44464,BAYANAN II,5430
44465,BIGA,5430
44466,BONDOC,5430
44467,BUCAYAO,5430
44468,BUHUAN,5430
44469,BULUSAN,5430
44470,CALERO (POB.),5430
44471,CAMANSIHAN,5430
44472,CAMILMIL,5430
44473,CANUBING I,5430
44474,CANUBING II,5430
44475,COMUNAL,5430
44476,GUINOBATAN,5430
44477,GULOD,5430
44478,GUTAD,5430
44479,IBABA EAST (POB.),5430
44480,IBABA WEST (POB.),5430
44481,ILAYA (POB.),5430
44482,LALUD,5430
44483,LAZARETO,5430
44484,LIBIS (POB.),5430
44485,LUMANG BAYAN,5430
44486,MAHAL NA PANGALAN,5430
44487,MAIDLANG,5430
44488,MALAD,5430
44489,MALAMIG,5430
44490,MANAGPI,5430
44491,MASIPIT,5430
44492,NAG-IBA I,5430
44493,NAG-IBA II,5430
44494,NAVOTAS,5430
44495,PACHOCA,5430
44496,PALHI,5430
44497,PANGGALAAN,5430
44498,PARANG,5430
44499,PATAS,5430
44500,PERSONAS,5430
44501,PUTINGTUBIG,5430
44502,SALONG,5430
44503,SAN ANTONIO,5430
44504,SAN VICENTE CENTRAL (POB.),5430
44505,SAN VICENTE EAST (POB.),5430
44506,SAN VICENTE NORTH (POB.),5430
44507,SAN VICENTE SOUTH (POB.),5430
44508,SAN VICENTE WEST (POB.),5430
44509,SANTA CRUZ,5430
44510,SANTA ISABEL,5430
44511,SANTA MARIA VILLAGE,5430
44512,SANTA RITA (BUNGAHAN),5430
44513,SANTO NIÑO,5430
44514,SAPUL,5430
44515,SILONAY,5430
44516,SUQUI,5430
44517,TAWAGAN,5430
44518,TAWIRAN,5430
44519,TIBAG,5430
44520,WAWA,5430
44521,AGOS,5431
44522,AGSALIN,5431
44523,ALMA VILLA,5431
44524,ANDRES BONIFACIO,5431
44525,BALETE,5431
44526,BANUS,5431
44527,BANUTAN,5431
44528,BULAKLAKAN,5431
44529,BUONG LUPA,5431
44530,GAUDENCIO ANTONINO,5431
44531,GUIMBONAN,5431
44532,KAWIT,5431
44533,LUCIO LAUREL,5431
44534,MACARIO ADRIATICO,5431
44535,MALAMIG,5431
44536,MALAYONG,5431
44537,MALIGAYA (POB.),5431
44538,MALUBAY,5431
44539,MANGUYANG,5431
44540,MARAGOOC,5431
44541,MIRAYAN,5431
44542,NARRA,5431
44543,PAPANDUNGIN,5431
44544,SAN ANTONIO,5431
44545,SANTA MARIA,5431
44546,SANTA THERESA,5431
44547,TAMBONG,5431
44548,B. DEL MUNDO,5432
44549,BALUGO,5432
44550,BONBON,5432
44551,BUDBURAN,5432
44552,CABALWA,5432
44553,DON PEDRO,5432
44554,MALIWANAG,5432
44555,MANAUL,5432
44556,PANAYTAYAN,5432
44557,POBLACION,5432
44558,ROMA,5432
44559,SANTA BRIGIDA,5432
44560,SANTA MARIA,5432
44561,SANTA TERESITA,5432
44562,VILLA CELESTIAL,5432
44563,WASIG,5432
44564,WAYGAN,5432
44565,ADRIALUNA,5433
44566,ANDRES ILAGAN (MAG-ASAWANG TUBIG),5433
44567,ANTIPOLO,5433
44568,APITONG,5433
44569,ARANGIN,5433
44570,AURORA,5433
44571,BACUNGAN,5433
44572,BAGONG BUHAY,5433
44573,BALITE,5433
44574,BANCURO,5433
44575,BANUTON,5433
44576,BARCENAGA,5433
44577,BAYANI,5433
44578,BUHANGIN,5433
44579,CABURO,5433
44580,CONCEPCION,5433
44581,DAO,5433
44582,DEL PILAR,5433
44583,ESTRELLA,5433
44584,EVANGELISTA,5433
44585,GAMAO,5433
44586,GENERAL ESCO,5433
44587,HERRERA,5433
44588,INARAWAN,5433
44589,KALINISAN,5433
44590,LAGUNA,5433
44591,MABINI,5433
44592,MAGTIBAY,5433
44593,MAHABANG PARANG,5433
44594,MALAYA,5433
44595,MALINAO,5433
44596,MALVAR,5433
44597,MASAGANA,5433
44598,MASAGUING,5433
44599,MELGAR A,5433
44600,MELGAR B,5433
44601,METOLZA,5433
44602,MONTELAGO,5433
44603,MONTEMAYOR,5433
44604,MOTODERAZO,5433
44605,MULAWIN,5433
44606,NAG-IBA I,5433
44607,NAG-IBA II,5433
44608,PAGKAKAISA,5433
44609,PAITAN,5433
44610,PANIQUIAN,5433
44611,PINAGSABANGAN I,5433
44612,PINAGSABANGAN II,5433
44613,PIÑAHAN,5433
44614,POBLACION I (BARANGAY I),5433
44615,POBLACION II (BARANGAY II),5433
44616,POBLACION III (BARANGAY III),5433
44617,SAMPAGUITA,5433
44618,SAN AGUSTIN I,5433
44619,SAN AGUSTIN II,5433
44620,SAN ANDRES,5433
44621,SAN ANTONIO,5433
44622,SAN CARLOS,5433
44623,SAN ISIDRO,5433
44624,SAN JOSE,5433
44625,SAN LUIS,5433
44626,SAN NICOLAS,5433
44627,SAN PEDRO,5433
44628,SANTA CRUZ,5433
44629,SANTA ISABEL,5433
44630,SANTA MARIA,5433
44631,SANTIAGO,5433
44632,SANTO NIÑO,5433
44633,TAGUMPAY,5433
44634,TIGKAN,5433
44635,ANOLING,5434
44636,BACUNGAN,5434
44637,BANGBANG,5434
44638,BANILAD,5434
44639,BULI,5434
44640,CACAWAN,5434
44641,CALINGAG,5434
44642,DEL RAZON,5434
44643,GUINHAWA,5434
44644,INCLANAY,5434
44645,LUMANGBAYAN,5434
44646,MALAYA,5434
44647,MALIANGCOG,5434
44648,MANINGCOL,5434
44649,MARAYOS,5434
44650,MARFRANCISCO,5434
44651,NABUSLOT,5434
44652,PAGALAGALA,5434
44653,PALAYAN,5434
44654,PAMBISAN MALAKI,5434
44655,PAMBISAN MUNTI,5434
44656,PANGGULAYAN,5434
44657,PAPANDAYAN,5434
44658,PILI,5434
44659,QUINABIGAN,5434
44660,RANZO,5434
44661,ROSARIO,5434
44662,SABANG,5434
44663,SANTA ISABEL,5434
44664,SANTA MARIA,5434
44665,SANTA RITA,5434
44666,SANTO NIÑO,5434
44667,WAWA,5434
44668,ZONE I (POB.),5434
44669,ZONE II (POB.),5434
44670,ZONE III (POB.),5434
44671,ZONE IV (POB.),5434
44672,BACAWAN,5435
44673,BACUNGAN,5435
44674,BATUHAN,5435
44675,BAYANAN,5435
44676,BIGA,5435
44677,BUHAY NA TUBIG,5435
44678,CALIMA,5435
44679,CALUBASANHON,5435
44680,CAMPAMENTO,5435
44681,CASILIGAN,5435
44682,MALIBAGO,5435
44683,MALUANLUAN,5435
44684,MATULATULA,5435
44685,MISONG,5435
44686,PAHILAHAN,5435
44687,PANIKIHAN,5435
44688,PULA,5435
44689,PUTING CACAO,5435
44690,TAGBAKIN,5435
44691,TAGUMPAY,5435
44692,TIGUIHAN,5435
44693,ZONE I (POB.),5435
44694,ZONE II (POB.),5435
44695,ANINUAN,5436
44696,BACLAYAN,5436
44697,BALATERO,5436
44698,DULANGAN,5436
44699,PALANGAN,5436
44700,POBLACION,5436
44701,SABANG,5436
44702,SAN ANTONIO,5436
44703,SAN ISIDRO,5436
44704,SANTO NIÑO,5436
44705,SINANDIGAN,5436
44706,TABINAY,5436
44707,VILLAFLOR,5436
44708,BAGUMBAYAN (POB.),5105
44709,CANTIL,5105
44710,DANGAY,5105
44711,HAPPY VALLEY,5105
44712,LIBERTAD,5105
44713,LIBTONG,5105
44714,LITTLE TANAUAN,5105
44715,MABUHAY,5105
44716,MARASKA,5105
44717,ODIONG,5105
44718,PACLASAN (POB.),5105
44719,SAN AQUILINO,5105
44720,SAN ISIDRO,5105
44721,SAN JOSE,5105
44722,SAN MARIANO,5105
44723,SAN MIGUEL,5105
44724,SAN RAFAEL,5105
44725,SAN VICENTE,5105
44726,UYAO,5105
44727,VICTORIA,5105
44728,BIGAAN,5438
44729,CAAGUTAYAN,5438
44730,CALANGATAN,5438
44731,CALSAPA,5438
44732,ILAG,5438
44733,LUMANGBAYAN,5438
44734,POBLACION,5438
44735,TACLIGAN,5438
44736,BAGSOK,5439
44737,BATONG DALIG,5439
44738,BAYUIN,5439
44739,BUGTONG NA TUOG,5439
44740,CALOCMOY,5439
44741,CALUBAYAN,5439
44742,CATININGAN,5439
44743,FORTUNA,5439
44744,HAPPY VALLEY,5439
44745,LEUTEBORO I,5439
44746,LEUTEBORO II,5439
44747,MA. CONCEPCION,5439
44748,MABUHAY I,5439
44749,MABUHAY II,5439
44750,MALUGAY,5439
44751,MATUNGAO,5439
44752,MONTEVERDE,5439
44753,PASI I,5439
44754,PASI II,5439
44755,SANTO DOMINGO (LAPOG),5439
44756,SUBAAN,5439
44757,VILLAREAL (DAAN),5439
44758,ZONE I (POB.),5439
44759,ZONE II (POB.),5439
44760,ZONE III (POB.),5439
44761,ZONE IV (POB.),5439
44762,ALCATE,5252
44763,ANTONINO,5252
44764,BABANGONAN,5252
44765,BAGONG BUHAY,5252
44766,BAGONG SILANG,5252
44767,BAMBANIN,5252
44768,BETHEL,5252
44769,CANAAN,5252
44770,CONCEPCION,5252
44771,DUONGAN,5252
44772,JOSE LEIDO JR.,5252
44773,LOYAL,5252
44774,MABINI,5252
44775,MACATOC,5252
44776,MALABO,5252
44777,MERIT,5252
44778,ORDOVILLA,5252
44779,PAKYAS,5252
44780,POBLACION I,5252
44781,POBLACION II,5252
44782,POBLACION III,5252
44783,POBLACION IV,5252
44784,SAMPAGUITA,5252
44785,SAN ANTONIO,5252
44786,SAN CRISTOBAL,5252
44787,SAN GABRIEL,5252
44788,SAN GELACIO,5252
44789,SAN ISIDRO,5252
44790,SAN JUAN,5252
44791,SAN NARCISO,5252
44792,URDANETA,5252
44793,VILLA CERVEZA,5252
44794,APO-APORAWAN,5441
44795,APOC-APOC,5441
44796,APORAWAN,5441
44797,BARAKE,5441
44798,CABIGAAN,5441
44799,CULANDANUM,5441
44800,GOGOGNAN,5441
44801,IRAAN,5441
44802,ISAUB,5441
44803,JOSE RIZAL,5441
44804,MABINI,5441
44805,MAGBABADIL,5441
44806,PLARIDEL,5441
44807,POBLACION,5441
44808,RAMON MAGSAYSAY,5441
44809,SAGPANGAN,5441
44810,SAN JUAN,5441
44811,TAGPAIT,5441
44812,TIGMAN,5441
44813,ABAGAT (POB.),5442
44814,ALGECIRAS,5442
44815,BANGCAL (POB.),5442
44816,CAMBIAN (POB.),5442
44817,CONCEPCION,5442
44818,DIIT,5442
44819,MARACANAO,5442
44820,MATARAWIS,5442
44821,VILLAFRIA,5442
44822,VILLASOL,5442
44823,BALOGO,5443
44824,DAGMAN,5443
44825,DALAYAWON,5443
44826,LUMACAD,5443
44827,MADOLDOLON,5443
44828,MAURINGUEN,5443
44829,OSMEÑA,5443
44830,POBLACION (CENTRO),5443
44831,SAN JOSE DE ORO,5443
44832,SANTO NIÑO,5443
44833,TALOTO,5443
44834,TININTINAN,5443
44835,TUDELA (CALANDAGAN),5443
44836,AGUTAYAN,5444
44837,BANCALAAN,5444
44838,BUGSUK (NEW CAGAYANCILLO),5444
44839,CATAGUPAN,5444
44840,INDALAWAN,5444
44841,MALAKING ILOG,5444
44842,MANGSEE,5444
44843,MELVILLE,5444
44844,PANDANAN,5444
44845,PASIG,5444
44846,POBLACION I,5444
44847,POBLACION II,5444
44848,POBLACION III,5444
44849,POBLACION IV,5444
44850,POBLACION V,5444
44851,POBLACION VI,5444
44852,RABOR,5444
44853,RAMOS,5444
44854,SALANG,5444
44855,SEBARING,5444
44856,BONO-BONO,5445
44857,BULALACAO,5445
44858,BULILUYAN,5445
44859,CULANDANUM,5445
44860,IGANG-IGANG,5445
44861,INOGBONG,5445
44862,IWAHIG,5445
44863,MALIHUD,5445
44864,MALITUB,5445
44865,MARANGAS (POB.),5445
44866,OCAYAN,5445
44867,PURING,5445
44868,RIO TUBA,5445
44869,SANDOVAL,5445
44870,SAPA,5445
44871,SARONG,5445
44872,SUMBILING,5445
44873,TABUD,5445
44874,TAGNATO,5445
44875,TAGOLANGO,5445
44876,TARATAK,5445
44877,TARUSAN,5445
44878,AMAS,5446
44879,ARIBUNGOS,5446
44880,BARONG-BARONG,5446
44881,CALASAGUEN,5446
44882,IMULNOD,5446
44883,IPILAN,5446
44884,MAASIN,5446
44885,MAINIT,5446
44886,MALIS,5446
44887,MAMBALOT,5446
44888,ORING-ORING,5446
44889,PANGOBILIAN,5446
44890,POBLACION I,5446
44891,POBLACION II,5446
44892,SALOGON,5446
44893,SAMAREÑANA,5446
44894,SARAZA,5446
44895,TUBTUB,5446
44896,BOGTONG,5447
44897,BULUANG,5447
44898,CHEEY,5447
44899,CONCEPCION,5447
44900,MAGLALAMBAY,5447
44901,NEW BUSUANGA (POB.),5447
44902,OLD BUSUANGA,5447
44903,PANLAITAN,5447
44904,QUEZON,5447
44905,SAGRADA,5447
44906,SALVACION,5447
44907,SAN ISIDRO,5447
44908,SAN RAFAEL,5447
44909,SANTO NIÑO,5447
44910,BANTAYAN (POB.),5448
44911,CALSADA (POB.),5448
44912,CONVENTO (POB.),5448
44913,LIPOT NORTH (POB.),5448
44914,LIPOT SOUTH (POB.),5448
44915,MAGSAYSAY,5448
44916,MAMPIO,5448
44917,NUSA,5448
44918,SANTA CRUZ,5448
44919,TACAS (POB.),5448
44920,TALAGA,5448
44921,WAHIG (POB.),5448
44922,BANUANG DAAN,5449
44923,BARANGAY I (POB.),5449
44924,BARANGAY II (POB.),5449
44925,BARANGAY III (POB.),5449
44926,BARANGAY IV (POB.),5449
44927,BARANGAY V (POB.),5449
44928,BARANGAY VI (POB.),5449
44929,BINTUAN,5449
44930,BORAC,5449
44931,BUENAVISTA,5449
44932,BULALACAO,5449
44933,CABUGAO,5449
44934,DECABOBO,5449
44935,DECALACHAO,5449
44936,GUADALUPE,5449
44937,LAJALA,5449
44938,MALAWIG,5449
44939,MARCILLA,5449
44940,SAN JOSE,5449
44941,SAN NICOLAS,5449
44942,TAGUMPAY,5449
44943,TARA,5449
44944,TURDA,5449
44945,BALALA,5450
44946,BALDAT,5450
44947,BINUDAC,5450
44948,BURABOD,5450
44949,CULANGO,5450
44950,DE CARABAO,5450
44951,GALOC,5450
44952,HALSEY,5450
44953,JARDIN,5450
44954,LIBIS,5450
44955,LUAC,5450
44956,MALAKING PATAG,5450
44957,OSMEÑA,5450
44958,TIZA,5450
44959,BALADING,5451
44960,BANGCAL (POB.),5451
44961,CABIGSING (POB.),5451
44962,CABURIAN,5451
44963,CAPONAYAN,5451
44964,CATADMAN (POB.),5451
44965,FUNDA,5451
44966,LAGAORIAO (POB.),5451
44967,LUBID,5451
44968,LUNGSOD (POB.),5451
44969,MANAMOC,5451
44970,MARINGIAN,5451
44971,PAWA,5451
44972,SAN CARLOS,5451
44973,SUBA,5451
44974,TENGA-TENGA (POB.),5451
44975,TOCADAN (POB.),5451
44976,BACAO,5452
44977,BOHOL,5452
44978,CALASAG,5452
44979,CAPAYAS,5452
44980,CATEP,5452
44981,CULASIAN,5452
44982,DANLEG,5452
44983,DUMARAN (POB.),5452
44984,ILIAN,5452
44985,ITANGIL,5452
44986,MAGSAYSAY,5452
44987,SAN JUAN,5452
44988,SANTA MARIA,5452
44989,SANTA TERESITA,5452
44990,SANTO TOMAS,5452
44991,TANATANAON,5452
44992,ABERAWAN,5453
44993,BAGONG BAYAN,5453
44994,BAROTUAN,5453
44995,BEBELADAN,5453
44996,BUCANA,5453
44997,BUENA SUERTE POB. (BARANGAY 2),5453
44998,CORONG-CORONG POB. (BARANGAY 4),5453
44999,MABINI,5453
45000,MALIGAYA POB. (BARANGAY 1),5453
45001,MANLAG,5453
45002,MASAGANA POB. (BARANGAY 3),5453
45003,NEW IBAJAY,5453
45004,PASADEÑA,5453
45005,SAN FERNANDO,5453
45006,SIBALTAN,5453
45007,TENEGUIBAN,5453
45008,VILLA LIBERTAD,5453
45009,VILLA PAZ,5453
45010,PAG-ASA (POB.),5332
45011,BARANGONAN (ILOC),5455
45012,CABUNLAWAN,5455
45013,CALIBANGBANGAN,5455
45014,DECABAITOT,5455
45015,MAROYOGROYOG,5455
45016,NANGALAO,5455
45017,NEW CULAYLAYAN,5455
45018,PICAL,5455
45019,SAN MIGUEL (POB.),5455
45020,SAN NICOLAS,5455
45021,ALCOBA,5419
45022,BALAGUEN,5419
45023,CANIPO,5419
45024,COCORO,5419
45025,DANAWAN (POB.),5419
45026,EMILOD,5419
45027,IGABAS,5419
45028,LACAREN,5419
45029,LOS ANGELES,5419
45030,LUCBUAN,5419
45031,RIZAL,5419
45032,ANTIPULUAN,5457
45033,ARAMAYWAN,5457
45034,BAGONG SIKAT,5457
45035,BATANG-BATANG,5457
45036,BATO-BATO,5457
45037,BURIRAO,5457
45038,CAGUISAN,5457
45039,CALATEGAS,5457
45040,DUMAGUEÑA,5457
45041,ELVITA,5457
45042,ESTRELLA VILLAGE,5457
45043,IPILAN,5457
45044,MALATGAO,5457
45045,MALINAO,5457
45046,NARRA (POB.),5457
45047,PANACAN,5457
45048,PANACAN 2,5457
45049,PRINCESS URDUJA,5457
45050,SANDOVAL,5457
45051,TACRAS,5457
45052,TARITIEN,5457
45053,TERESA,5457
45054,TINAGONG DAGAT,5457
45055,BABUYAN,5458
45056,BACUNGAN,5458
45057,BAGONG BAYAN,5458
45058,BAGONG PAG-ASA (POB.),5458
45059,BAGONG SIKAT (POB.),5458
45060,BAGONG SILANG (POB.),5458
45061,BAHILE,5458
45062,BANCAO-BANCAO,5458
45063,BARANGAY NG MGA MANGINGISDA,5458
45064,BINDUYAN,5458
45065,BUENAVISTA,5458
45066,CABAYUGAN,5458
45067,CONCEPCION,5458
45068,INAGAWAN,5458
45069,INAGAWAN SUB-COLONY,5458
45070,IRAWAN,5458
45071,IWAHIG (POB.),5458
45072,KALIPAY (POB.),5458
45073,KAMUNING,5458
45074,LANGOGAN,5458
45075,LIWANAG (POB.),5458
45076,LUCBUAN,5458
45077,LUZVIMINDA,5458
45078,MABUHAY (POB.),5458
45079,MACARASCAS,5458
45080,MAGKAKAIBIGAN (POB.),5458
45081,MALIGAYA (POB.),5458
45082,MANALO,5458
45083,MANDARAGAT,5458
45084,MANGGAHAN (POB.),5458
45085,MANINGNING (POB.),5458
45086,MAOYON,5458
45087,MARUFINAS,5458
45088,MARUYOGON,5458
45089,MASIGLA (POB.),5458
45090,MASIKAP (POB.),5458
45091,MASIPAG (POB.),5458
45092,MATAHIMIK (POB.),5458
45093,MATIYAGA (POB.),5458
45094,MAUNLAD (POB.),5458
45095,MILAGROSA (POB.),5458
45096,MODEL (POB.),5458
45097,MONTIBLE (POB.),5458
45098,NAPSAN,5458
45099,NEW PANGGANGAN,5458
45100,PAGKAKAISA (POB.),5458
45101,PRINCESA (POB.),5458
45102,SALVACION,5458
45103,SAN JOSE,5458
45104,SAN MANUEL,5458
45105,SAN MIGUEL,5458
45106,SAN PEDRO,5458
45107,SAN RAFAEL,5458
45108,SANTA CRUZ,5458
45109,SANTA LOURDES,5458
45110,SANTA LUCIA (POB.),5458
45111,SANTA MONICA,5458
45112,SEASIDE (POB.),5458
45113,SICSICAN,5458
45114,SIMPOCAN,5458
45115,TAGABINIT,5458
45116,TAGBUROS,5458
45117,TAGUMPAY (POB.),5458
45118,TANABAG,5458
45119,TANGLAW (POB.),5458
45120,TINIGUIBAN,5458
45121,ALFONSO XIII (POB.),5101
45122,ARAMAYWAN,5101
45123,BERONG,5101
45124,CALATAGBAK,5101
45125,CALUMPANG,5101
45126,ISUGOD,5101
45127,MAASIN,5101
45128,MALATGAO,5101
45129,PANITIAN,5101
45130,PINAGLABANAN,5101
45131,QUINLOGAN,5101
45132,SOWANGAN,5101
45133,TABON,5101
45134,TAGUSAO,5101
45135,BUNOG,5460
45136,CAMPONG ULAY,5460
45137,CANDAWAGA,5460
45138,CANIPAAN,5460
45139,CULASIAN,5460
45140,IRAAN,5460
45141,LATUD,5460
45142,PANALINGAAN,5460
45143,PUNTA BAJA,5460
45144,RANSANG,5460
45145,TABURI,5460
45146,ABAROAN,5105
45147,ANTONINO,5105
45148,BAGONG BAYAN,5105
45149,BARANGAY 1 (POB.),5105
45150,BARANGAY II (POB.),5105
45151,BARANGAY III (POB.),5105
45152,BARANGAY IV (POB.),5105
45153,BARANGAY V POB. (PORAO ISLAND),5105
45154,BARANGAY VI POB. (JOHNSON ISLAND),5105
45155,CARAMAY,5105
45156,DUMARAO,5105
45157,IRAAN,5105
45158,JOLO,5105
45159,MAGARA (ARASAN),5105
45160,MALCAMPO,5105
45161,MENDOZA,5105
45162,NARRA (MINARA),5105
45163,NEW BARBACAN (RETAC),5105
45164,NEW CUYO,5105
45165,NICANOR ZABALA,5105
45166,RIZAL,5105
45167,SALVACION,5105
45168,SAN ISIDRO,5105
45169,SAN JOSE,5105
45170,SAN MIGUEL,5105
45171,SAN NICOLAS,5105
45172,SANDOVAL,5105
45173,TAGUMPAY,5105
45174,TARADUNGAN,5105
45175,TINITIAN,5105
45176,TUMARBONG,5105
45177,ALIMANGUAN,4962
45178,BINGA,4962
45179,CARURAY,4962
45180,KEMDENG,4962
45181,NEW AGUTAYA,4962
45182,NEW CANIPO,4962
45183,POBLACION (SAN VICENTE),4962
45184,PORT BARTON,4962
45185,SAN ISIDRO,4962
45186,SANTO NIÑO,4962
45187,ABO-ABO,5463
45188,IRARAY,5463
45189,ISUMBO,5463
45190,LABOG,5463
45191,PANITIAN,5463
45192,PULOT CENTER,5463
45193,PULOT INTERIOR (PULOT II),5463
45194,PULOT SHORE (PULOT I),5463
45195,PUNANG,5463
45196,ABONGAN,5407
45197,ALACALIAN,5407
45198,BANBANAN,5407
45199,BANTULAN,5407
45200,BARAS (PANGPANG),5407
45201,BATAS,5407
45202,BATO,5407
45203,BETON,5407
45204,BUSY BEES,5407
45205,CALAWAG,5407
45206,CASIAN,5407
45207,CATABAN,5407
45208,DEBANGAN,5407
45209,DEPLA,5407
45210,LIBERTAD,5407
45211,LIMINANGCONG,5407
45212,MEYTEGUED,5407
45213,MINAPLA,5407
45214,NEW GUINLO,5407
45215,OLD GUINLO,5407
45216,PAGLAUM,5407
45217,PALY (PALY ISLAND),5407
45218,PAMANTOLON,5407
45219,PANCOL,5407
45220,POBLACION,5407
45221,PULARAQUEN (CANIQUE),5407
45222,SAN JOSE,5407
45223,SANDOVAL,5407
45224,SILANGA,5407
45225,TALOG,5407
45226,TUMBOD,5407
45227,BAGSIK,5465
45228,BONLAO,5465
45229,CALAGONSAO,5465
45230,CAMILI,5465
45231,CAMOD-OM,5465
45232,GUI-OB,5465
45233,LAWAN,5465
45234,MADALAG,5465
45235,POBLACION,5465
45236,SAN ISIDRO,5465
45237,SAN ROQUE,5465
45238,TUGDAN,5465
45239,BALOGO,5466
45240,BANICE,5466
45241,HAMBI-AN,5466
45242,LAGANG,5466
45243,LIBTONG,5466
45244,MAINIT,5466
45245,NABALAY,5466
45246,NASUNOGAN,5466
45247,POBLACION,5466
45248,SIBAY,5466
45249,TAN-AG,5466
45250,TOCTOC,5466
45251,TOGBONGAN,5466
45252,TOGONG,5466
45253,TUMALUM,5466
45254,TUNGONAN,5466
45255,YABAWON,5466
45256,ALIBAGON,5467
45257,CAMBAJAO,5467
45258,CAMBALO,5467
45259,CAMBIJANG,5467
45260,CANTAGDA,5467
45261,DANAO,5467
45262,GUTIVAN,5467
45263,LICO,5467
45264,LUMBANG ESTE,5467
45265,LUMBANG WESTE,5467
45266,MARIGONDON,5467
45267,POBLACION,5467
45268,SUGOD,5467
45269,TAGUILOS,5467
45270,BALOGO,5468
45271,LINAO,5468
45272,PAGSANGAHAN,5468
45273,PANGULO,5468
45274,POBLACION,5468
45275,SAN ROQUE,5468
45276,TALISAY,5468
45277,BACHAWAN,5240
45278,CALABASAHAN,5240
45279,DALAJICAN,5240
45280,MASADYA,5240
45281,MASUDSUD,5240
45282,POBLACION,5240
45283,SAMPONG,5240
45284,SAN PEDRO (AGBATANG),5240
45285,SAN VICENTE,5240
45286,ALEGRIA,5470
45287,AMBULONG,5470
45288,COLONGCOLONG,5470
45289,GOBON,5470
45290,GUINTIGUIBAN,5470
45291,ILIJAN,5470
45292,LABNIG,5470
45293,MABINI,5470
45294,MAHABA,5470
45295,MANGANSAG,5470
45296,POBLACION,5470
45297,SAN AGUSTIN,5470
45298,SAN ROQUE,5470
45299,SAN VICENTE,5470
45300,TACASAN,5470
45301,AGNONOC,5471
45302,BUNSORAN,5471
45303,CLARO M. RECTO,5471
45304,HINAGUMAN,5471
45305,POBLACION (FERROL),5471
45306,TUBIGON,5471
45307,AGOJO,5417
45308,BALATUCAN,5417
45309,BUENAVISTA,5417
45310,CAMANDAO,5417
45311,GUINHAYAAN,5417
45312,LIMON NORTE,5417
45313,LIMON SUR,5417
45314,MANHAC,5417
45315,PILI,5417
45316,POBLACION,5417
45317,PUNTA,5417
45318,TUGUIS,5417
45319,AGSAO,5473
45320,AGUTAY,5473
45321,AMBULONG,5473
45322,DULANGAN,5473
45323,IPIL,5473
45324,JAO-ASAN,5473
45325,POBLACION,5473
45326,SILUM,5473
45327,TAMPAYAN,5473
45328,AMATONG,5474
45329,ANAHAO,5474
45330,BANGON,5474
45331,BATIANO,5474
45332,BUDIONG,5474
45333,CANDUYONG,5474
45334,DAPAWAN,5474
45335,GABAWAN,5474
45336,LIBERTAD,5474
45337,LIGAYA (POB.),5474
45338,LIWANAG (POB.),5474
45339,LIWAYWAY (POB.),5474
45340,MALILICO,5474
45341,MAYHA,5474
45342,PANIQUE,5474
45343,PATO-O,5474
45344,POCTOY,5474
45345,PROGRESO ESTE,5474
45346,PROGRESO WESTE,5474
45347,RIZAL,5474
45348,TABING DAGAT (POB.),5474
45349,TABOBO-AN,5474
45350,TUBURAN,5474
45351,TULAY,5474
45352,TUMINGAD,5474
45353,AGBALUTO,5475
45354,AGBUDIA,5475
45355,AGNAGA,5475
45356,AGNAY,5475
45357,AGNIPA,5475
45358,AGPANABAT,5475
45359,AGTONGO,5475
45360,ALAD,5475
45361,BAGACAY,5475
45362,BARANGAY I (POB.),5475
45363,BARANGAY II (POB.),5475
45364,BARANGAY III (POB.),5475
45365,BARANGAY IV (POB.),5475
45366,CAJIMOS,5475
45367,CALABOGO,5475
45368,CAPACLAN,5475
45369,COBRADOR (NAGUSO),5475
45370,GINABLAN,5475
45371,GUIMPINGAN,5475
45372,ILAURAN,5475
45373,LAMAO,5475
45374,LI-O,5475
45375,LOGBON,5475
45376,LONOS,5475
45377,LUNAS,5475
45378,MACALAS,5475
45379,MAPULA,5475
45380,PALJE,5475
45381,SABLAYAN,5475
45382,SAWANG,5475
45383,TAMBAC,5475
45384,BACHAWAN,5106
45385,BINONGAHAN,5106
45386,BINUGUSAN,5106
45387,BULI,5106
45388,CABOLUTAN,5106
45389,CAGBUAYA,5106
45390,CAMANTAYA,5106
45391,CARMEN,5106
45392,CAWAYAN,5106
45393,DOÑA JUANA,5106
45394,DUBDUBAN,5106
45395,LUSONG,5106
45396,MAHABANG BAYBAY (LONG BEACH),5106
45397,POBLACION,5106
45398,SUGOD,5106
45399,AGPUDLOS,5386
45400,CALUNACON,5386
45401,DOÑA TRINIDAD,5386
45402,JUNCARLO,5386
45403,LINAWAN,5386
45404,MABINI,5386
45405,MARIGONDON NORTE,5386
45406,MARIGONDON SUR,5386
45407,MATUTUNA,5386
45408,PAG-ALAD,5386
45409,POBLACION,5386
45410,TAN-AGAN,5386
45411,VICTORIA,5386
45412,AGTIWA,5478
45413,AZARGA,5478
45414,CAMPALINGO,5478
45415,CANJALON,5478
45416,ESPAÑA,5478
45417,MABINI,5478
45418,MABULO,5478
45419,OTOD,5478
45420,PANANGCALAN,5478
45421,PILI,5478
45422,POBLACION,5478
45423,TACLOBO,5478
45424,BUSAY,5249
45425,COMBOT,5249
45426,LANAS,5249
45427,PINAMIHAGAN,5249
45428,POBLACION (AGCOGON),5249
45429,AGMANIC,5128
45430,CANYAYO,5128
45431,DANAO NORTE,5128
45432,DANAO SUR,5128
45433,GUINBIRAYAN,5128
45434,GUINTIGBASAN,5128
45435,MAGSAYSAY,5128
45436,MAT-I,5128
45437,PANDAN,5128
45438,POBLACION,5128
45439,TABUGON,5128
45440,BONGA,5481
45441,CONCEPCION NORTE (POB.),5481
45442,CONCEPCION SUR,5481
45443,PAROYHOG,5481
45444,SAN ISIDRO,5481
45445,SANTO NIÑO,5481
48917,BACLAYON,5482
48918,BANAO,5482
48919,BARANGAY 1 (POB.),5482
48920,BARANGAY 2 (POB.),5482
48921,BARANGAY 3 (POB.),5482
48922,BARANGAY 4 (POB.),5482
48923,BARANGAY 5 (POB.),5482
48924,BARANGAY 6 (POB.),5482
48925,BARANGAY 7 (POB.),5482
48926,BARANGAY 8 (POB.),5482
48927,BARANGAY 9 (POB.),5482
48928,BARANGAY 10 (POB.),5482
48929,BARANGAY 11 (POB.),5482
48930,BARANGAY 12 (POB.),5482
48931,BARANGAY 13 (POB.),5482
48932,BARANGAY 14 (POB.),5482
48933,BARIW,5482
48934,BASUD,5482
48935,BAYANDONG,5482
48936,BONGA (UPPER),5482
48937,BUANG,5482
48938,BUSDAC (SAN JOSE),5482
48939,CABASAN,5482
48940,CAGBULACAO,5482
48941,CAGRARAY,5482
48942,CAJOGUTAN,5482
48943,CAWAYAN,5482
48944,DAMACAN,5482
48945,GUBAT ILAWOD,5482
48946,GUBAT IRAYA,5482
48947,HINDI,5482
48948,IGANG,5482
48949,LANGATON,5482
48950,MANAET,5482
48951,MAPULANG DAGA,5482
48952,MATAAS,5482
48953,MISIBIS,5482
48954,NAHAPUNAN,5482
48955,NAMANDAY,5482
48956,NAMANTAO,5482
48957,NAPAO,5482
48958,PANARAYON,5482
48959,PIGCOBOHAN,5482
48960,PILI ILAWOD,5482
48961,PILI IRAYA,5482
48962,PONGCO (LOWER BONGA),5482
48963,SAN PABLO,5482
48964,SAN PEDRO,5482
48965,SOGOD,5482
48966,SULA,5482
48967,TAMBILAGAO (TAMBOGNON),5482
48968,TAMBONGON (TAMBILAGAO),5482
48969,TANAGAN,5482
48970,USON,5482
48971,VINISITAHAN-BASUD (MAINLAND),5482
48972,VINISITAHAN-NAPAO (ISLAND),5482
48973,ANOLING,5483
48974,BALIGANG,5483
48975,BANTONAN,5483
48976,BARANGAY 1 (POB.),5483
48977,BARANGAY 2 (POB.),5483
48978,BARANGAY 3 (POB.),5483
48979,BARANGAY 4 (POB.),5483
48980,BARANGAY 5 (POB.),5483
48981,BARANGAY 6 (POB.),5483
48982,BARANGAY 7 (POB.),5483
48983,BARIW,5483
48984,BINANDERAHAN,5483
48985,BINITAYAN,5483
48986,BONGABONG,5483
48987,CABAGÑAN,5483
48988,CABRARAN PEQUEÑO,5483
48989,CAGUIBA,5483
48990,CALABIDONGAN,5483
48991,COMUN,5483
48992,COTMON,5483
48993,DEL ROSARIO,5483
48994,GAPO,5483
48995,GOTOB,5483
48996,ILAWOD,5483
48997,ILULUAN,5483
48998,LIBOD,5483
48999,LIGBAN,5483
49000,MABUNGA,5483
49001,MAGOGON,5483
49002,MANAWAN,5483
49003,MANINILA,5483
49004,MINA,5483
49005,MITI,5483
49006,PALANOG,5483
49007,PANOYPOY,5483
49008,PARIAAN,5483
49009,QUINARTILAN,5483
49010,QUIRANGAY,5483
49011,QUITINDAY,5483
49012,SALUGAN,5483
49013,SOLONG,5483
49014,SUA,5483
49015,SUMLANG,5483
49016,TAGAYTAY,5483
49017,TAGOYTOY,5483
49018,TALADONG,5483
49019,TALOTO,5483
49020,TAPLACON,5483
49021,TINAGO,5483
49022,TUMPA,5483
49023,ABELLA,5484
49024,ALLANG,5484
49025,AMTIC,5484
49026,BACONG,5484
49027,BAGUMBAYAN,5484
49028,BALANAC,5484
49029,BALIGANG,5484
49030,BARAYONG,5484
49031,BASAG,5484
49032,BATANG,5484
49033,BAY,5484
49034,BINANOWAN,5484
49035,BINATAGAN (POB.),5484
49036,BOBONSURAN,5484
49037,BONGA,5484
49038,BUSAC,5484
49039,BUSAY,5484
49040,CABARIAN,5484
49041,CALZADA (POB.),5484
49042,CATBURAWAN,5484
49043,CAVASI,5484
49044,CULLIAT,5484
49045,DUNAO,5484
49046,FRANCIA,5484
49047,GUILID,5484
49048,HERRERA,5484
49049,LAYON,5484
49050,MACALIDONG,5484
49051,MAHABA,5484
49052,MALAMA,5484
49053,MAONON,5484
49054,NABONTON,5484
49055,NASISI,5484
49056,OMA-OMA,5484
49057,PALAPAS,5484
49058,PANDAN,5484
49059,PAULBA,5484
49060,PAULOG,5484
49061,PINAMANIQUIAN,5484
49062,PINIT,5484
49063,RANAO-RANAO,5484
49064,SAN VICENTE,5484
49065,SANTA CRUZ (POB.),5484
49066,TAGPO,5484
49067,TAMBO,5484
49068,TANDARURA,5484
49069,TASTAS,5484
49070,TINAGO,5484
49071,TINAMPO,5484
49072,TIONGSON,5484
49073,TOMOLIN,5484
49074,TUBURAN,5484
49075,TULA-TULA GRANDE,5484
49076,TULA-TULA PEQUEÑO,5484
49077,TUPAS,5484
49078,ALCALA,5485
49079,ALOBO,5485
49080,ANISLAG,5485
49081,BAGUMBAYAN,5485
49082,BALINAD,5485
49083,BAÑADERO,5485
49084,BAÑAG,5485
49085,BASCARAN,5485
49086,BIGAO,5485
49087,BINITAYAN,5485
49088,BONGALON,5485
49089,BUDIAO,5485
49090,BURGOS,5485
49091,BUSAY,5485
49092,CANAROM,5485
49093,CULLAT,5485
49094,DELA PAZ,5485
49095,DINORONAN,5485
49096,GABAWAN,5485
49097,GAPO,5485
49098,IBAUGAN,5485
49099,ILAWOD AREA POB. (DIST. 2),5485
49100,INARADO,5485
49101,KIDACO,5485
49102,KILICAO,5485
49103,KIMANTONG,5485
49104,KINAWITAN,5485
49105,KIWALO,5485
49106,LACAG,5485
49107,MABINI,5485
49108,MALABOG,5485
49109,MALOBAGO,5485
49110,MAOPI,5485
49111,MARKET AREA POB. (DIST. 1),5485
49112,MAROROY,5485
49113,MATNOG,5485
49114,MAYON,5485
49115,MI-ISI,5485
49116,NABASAN,5485
49117,NAMANTAO,5485
49118,PANDAN,5485
49119,PEÑAFRANCIA,5485
49120,SAGPON,5485
49121,SALVACION,5485
49122,SAN RAFAEL,5485
49123,SAN RAMON,5485
49124,SAN ROQUE,5485
49125,SAN VICENTE GRANDE,5485
49126,SAN VICENTE PEQUEÑO,5485
49127,SIPI,5485
49128,TABON-TABON,5485
49129,TAGAS,5485
49130,TALAHIB,5485
49131,VILLAHERMOSA,5485
49132,AGPAY,5486
49133,BALITE,5486
49134,BANAO,5486
49135,BATBAT,5486
49136,BINOGSACAN LOWER,5486
49137,BINOGSACAN UPPER,5486
49138,BOLOLO,5486
49139,BUBULUSAN,5486
49140,CALZADA,5486
49141,CATOMAG,5486
49142,DOÑA MERCEDES,5486
49143,DOÑA TOMASA (MAGATOL),5486
49144,ILAWOD,5486
49145,INAMNAN GRANDE,5486
49146,INAMNAN PEQUEÑO,5486
49147,INASCAN,5486
49148,IRAYA,5486
49149,LOMACAO,5486
49150,MAGUIRON,5486
49151,MAIPON,5486
49152,MALABNIG,5486
49153,MALIPO,5486
49154,MALOBAGO,5486
49155,MANINILA,5486
49156,MAPACO,5486
49157,MARCIAL O. RAÑOLA (CABALOAON),5486
49158,MASARAWAG,5486
49159,MAURARO,5486
49160,MINTO,5486
49161,MORERA,5486
49162,MULADBUCAD GRANDE,5486
49163,MULADBUCAD PEQUEÑO,5486
49164,ONGO,5486
49165,PALANAS,5486
49166,POBLACION,5486
49167,POOD,5486
49168,QUIBONGBONGAN,5486
49169,QUITAGO,5486
49170,SAN FRANCISCO,5486
49171,SAN JOSE (OGSONG),5486
49172,SAN RAFAEL,5486
49173,SINUNGTAN,5486
49174,TANDARORA,5486
49175,TRAVESIA,5486
49176,AURORA POB. (BGY. 6),5487
49177,BAGACAY,5487
49178,BAUTISTA,5487
49179,CABRARAN,5487
49180,CALZADA POB. (BGY. 7),5487
49181,DEL ROSARIO,5487
49182,ESTRELLA,5487
49183,FLORISTA,5487
49184,MABINI POB. (BGY. 2),5487
49185,MAGSAYSAY POB (BGY. 4),5487
49186,MAMLAD,5487
49187,MAOGOG,5487
49188,MERCADO POB. (BGY. 5),5487
49189,PLAZA POB. (BGY. 3),5487
49190,QUITINDAY POB. (BGY. 8),5487
49191,RIZAL POB. (BGY. 1),5487
49192,SALVACION,5487
49193,SAN ISIDRO,5487
49194,SAN ROQUE,5487
49195,SAN VICENTE,5487
49196,SINAGARAN,5487
49197,VILLA PAZ,5487
49198,WHITE DEER POB. (BGY. 9),5487
49199,BGY. 1 - EM'S BARRIO (POB.),5488
49200,BGY. 2 - EM'S BARRIO SOUTH (POB.),5488
49201,BGY. 3 - EM'S BARRIO EAST (POB.),5488
49202,BGY. 4 - SAGPON POB. (SAGPON 1),5488
49203,BGY. 5 - SAGMIN POB. (SAGPON 2),5488
49204,BGY. 6 - BAÑADERO POB. (SAGPON 3),5488
49205,BGY. 7 - BAÑO (POB.),5488
49206,BGY. 8 - BAGUMBAYAN (POB.),5488
49207,BGY. 9 - PINARIC (POB.),5488
49208,BGY. 10 - CABUGAO,5488
49209,BGY. 11 - MAOYOD POB. (BGY. 10 AND 11),5488
49210,BGY. 12 - TULA-TULA (POB.),5488
49211,BGY. 13 - ILAWOD WEST POB. (ILAWOD 1),5488
49212,BGY. 14 - ILAWOD POB. (ILAWOD 2),5488
49213,BGY. 15 - ILAWOD EAST POB. (ILAWOD 3),5488
49214,BGY. 16 - KAWIT-EAST WASHINGTON DRIVE (POB.),5488
49215,"BGY. 17 - RIZAL SREET., ILAWOD (POB.)",5488
49216,BGY. 18 - CABAGÑAN WEST (POB.),5488
49217,BGY. 19 - CABAGÑAN,5488
49218,BGY. 20 - CABAGÑAN EAST (POB.),5488
49219,BGY. 21 - BINANUAHAN WEST (POB.),5488
49220,BGY. 22 - BINANUAHAN EAST (POB.),5488
49221,BGY. 23 - IMPERIAL COURT SUBD. (POB.),5488
49222,BGY. 24 - RIZAL STREET,5488
49223,BGY. 25 - LAPU-LAPU (POB.),5488
49224,BGY. 26 - DINAGAAN (POB.),5488
49225,BGY. 27 - VICTORY VILLAGE SOUTH (POB.),5488
49226,BGY. 28 - VICTORY VILLAGE NORTH (POB.),5488
49227,BGY. 29 - SABANG (POB.),5488
49228,BGY. 30 - PIGCALE (POB.),5488
49229,BGY. 31 - CENTRO-BAYBAY (POB.),5488
49230,BGY. 32 - SAN ROQUE (BGY. 66),5488
49231,BGY. 33 - PNR-PEÑARANDA ST.-IRAYA (POB.),5488
49232,BGY. 34 - ORO SITE-MAGALLANES ST. (POB.),5488
49233,BGY. 35 - TINAGO (POB.),5488
49234,BGY. 36 - KAPANTAWAN (POB.),5488
49235,BGY. 37 - BITANO (POB.),5488
49236,BGY. 38 - GOGON (BGY. 54),5488
49237,BGY. 39 - BONOT (POB.),5488
49238,BGY. 40 - CRUZADA (BGY. 52),5488
49239,BGY. 41 - BOGTONG (BGY. 45),5488
49240,BGY. 42 - RAWIS (BGY. 65),5488
49241,BGY. 43 - TAMAOYAN (BGY. 67),5488
49242,BGY. 44 - PAWA (BGY. 61),5488
49243,BGY. 45 - DITA (BGY. 51),5488
49244,BGY. 46 - SAN JOAQUIN (BGY. 64),5488
49245,BGY. 47 - ARIMBAY,5488
49246,BGY. 48 - BAGONG ABRE (BGY. 42),5488
49247,BGY. 49 - BIGAA (BGY. 44),5488
49248,BGY. 50 - PADANG (BGY. 60),5488
49249,BGY. 51 - BUYUAN (BGY. 49),5488
49250,BGY. 52 - MATANAG,5488
49251,BGY. 53 - BONGA (BGY. 48),5488
49252,BGY. 54 - MABINIT (BGY. 59),5488
49253,BGY. 55 - ESTANZA (BGY. 53),5488
49254,BGY. 56 - TAYSAN (BGY. 68),5488
49255,BGY. 57 - DAP-DAP (BGY. 69),5488
49256,BGY. 58 - BURAGWIS,5488
49257,BGY. 59 - PURO (BGY. 63),5488
49258,BGY. 60 - LAMBA,5488
49259,BGY. 61 - MASLOG (BGY. 58),5488
49260,BGY. 62 - HOMAPON (BGY. 55),5488
49261,BGY. 63 - MARIAWA (BGY. 56),5488
49262,BGY. 64 - BAGACAY (BGY. 41 BAGACAY),5488
49263,BGY. 65 - IMALNOD (BGY. 57),5488
49264,BGY. 66 - BANQUEROHAN (BGY. 43),5488
49265,BGY. 67 - BARIIS (BGY. 46),5488
49266,BGY. 68 - SAN FRANCISCO (BGY. 62),5488
49267,BGY. 69 - BUENAVISTA (BGY.47),5488
49268,BGY. 70 - CAGBACONG (BGY. 50),5488
49269,ALONGONG,5489
49270,APUD,5489
49271,BACOLOD,5489
49272,BARIW,5489
49273,BONBON,5489
49274,BUGA,5489
49275,BULUSAN,5489
49276,BURABOD,5489
49277,CAGUSCOS,5489
49278,EAST CARISAC,5489
49279,HARIGUE,5489
49280,LIBTONG,5489
49281,LINAO,5489
49282,MABAYAWAS,5489
49283,MACABUGOS,5489
49284,MAGALLANG,5489
49285,MALABIGA,5489
49286,MARAYAG,5489
49287,MATARA,5489
49288,MOLOSBOLOS,5489
49289,NATASAN,5489
49290,NIÑO JESUS (SANTO NIÑO JESUS),5489
49291,NOGPO,5489
49292,PANTAO,5489
49293,RAWIS,5489
49294,SAGRADA FAMILIA,5489
49295,SALVACION,5489
49296,SAMPONGAN,5489
49297,SAN AGUSTIN,5489
49298,SAN ANTONIO,5489
49299,SAN ISIDRO,5489
49300,SAN JOSE,5489
49301,SAN PASCUAL,5489
49302,SAN RAMON,5489
49303,SAN VICENTE,5489
49304,SANTA CRUZ,5489
49305,TALIN-TALIN,5489
49306,TAMBO,5489
49307,VILLA PETRONA,5489
49308,WEST CARISAC,5489
49309,ZONE I (POB.),5489
49310,ZONE II (POB.),5489
49311,ZONE III (POB.),5489
49312,ZONE IV (POB.),5489
49313,ZONE V (POB.),5489
49314,ZONE VI (POB.),5489
49315,ZONE VII (POB.),5489
49316,BARANGAY I (POB.),5490
49317,BARANGAY II (POB.),5490
49318,BARANGAY III (POB.),5490
49319,BARANGAY IV (POB.),5490
49320,BARANGAY V (POB.),5490
49321,BINITAYAN,5490
49322,CALBAYOG,5490
49323,CANAWAY,5490
49324,SALVACION,5490
49325,SAN ANTONIO SANTICON (POB.),5490
49326,SAN ANTONIO SULONG,5490
49327,SAN FRANCISCO,5490
49328,SAN ISIDRO ILAWOD,5490
49329,SAN ISIDRO IRAYA,5490
49330,SAN JOSE,5490
49331,SAN ROQUE,5490
49332,SANTA CRUZ,5490
49333,SANTA TERESA,5490
49334,AWANG,5491
49335,BAGATANGKI,5491
49336,BAGUMBAYAN,5491
49337,BALADING,5491
49338,BALZA,5491
49339,BARIW,5491
49340,BAYBAY,5491
49341,BULANG,5491
49342,BURABOD,5491
49343,CABUNTURAN,5491
49344,COMUN,5491
49345,DIARO,5491
49346,ESTANCIA,5491
49347,JONOP,5491
49348,LABNIG,5491
49349,LIBOD,5491
49350,MALOLOS,5491
49351,MATALIPNI,5491
49352,OGOB,5491
49353,PAWA,5491
49354,PAYAHAN,5491
49355,POBLACION,5491
49356,QUINARABASAHAN,5491
49357,SANTA ELENA,5491
49358,SOA,5491
49359,SUGCAD,5491
49360,TAGOYTOY,5491
49361,TANAWAN,5491
49362,TULIW,5491
49363,BALABAGON,5492
49364,BALASBAS,5492
49365,BAMBAN,5492
49366,BUYO,5492
49367,CABACONGAN,5492
49368,CABIT,5492
49369,CAWAYAN,5492
49370,CAWIT,5492
49371,HOLUGAN,5492
49372,IT-BA (POB.),5492
49373,MALOBAGO,5492
49374,MANUMBALAY,5492
49375,NAGOTGOT,5492
49376,PAWA,5492
49377,TINAPIAN,5492
49378,BADBAD,5493
49379,BADIAN,5493
49380,BAGSA,5493
49381,BAGUMBAYAN,5493
49382,BALOGO,5493
49383,BANAO,5493
49384,BANGIAWON,5493
49385,BOGTONG,5493
49386,BONGORAN,5493
49387,BUSAC,5493
49388,CADAWAG,5493
49389,CAGMANABA,5493
49390,CALAGUIMIT,5493
49391,CALPI,5493
49392,CALZADA,5493
49393,CAMAGONG,5493
49394,CASINAGAN,5493
49395,CENTRO POBLACION,5493
49396,COLIAT,5493
49397,DEL ROSARIO,5493
49398,GUMABAO,5493
49399,ILAOR NORTE,5493
49400,ILAOR SUR,5493
49401,IRAYA NORTE,5493
49402,IRAYA SUR,5493
49403,MANGA,5493
49404,MAPORONG,5493
49405,MARAMBA,5493
49406,MATAMBO,5493
49407,MAYAG,5493
49408,MAYAO,5493
49409,MOROPONROS,5493
49410,NAGAS,5493
49411,OBALIW-RINAS,5493
49412,PISTOLA,5493
49413,RAMAY,5493
49414,RIZAL,5493
49415,SABAN,5493
49416,SAN AGUSTIN,5493
49417,SAN ANTONIO,5493
49418,SAN ISIDRO,5493
49419,SAN JOSE,5493
49420,SAN JUAN,5493
49421,SAN MIGUEL,5493
49422,SAN PASCUAL (NALE),5493
49423,SAN RAMON,5493
49424,SAN VICENTE (SUCA),5493
49425,TABLON,5493
49426,TALISAY,5493
49427,TALONGOG,5493
49428,TAPEL,5493
49429,TOBGON,5493
49430,TOBOG,5493
49431,AGOL,5155
49432,ALABANGPURO,5155
49433,BANAWAN (BINAWAN),5155
49434,BARANGAY I (POB.),5155
49435,BARANGAY II (POB.),5155
49436,BARANGAY III (POB.),5155
49437,BARANGAY IV (POB.),5155
49438,BARANGAY V (POB.),5155
49439,BASICAO COASTAL,5155
49440,BASICAO INTERIOR,5155
49441,BINODEGAHAN,5155
49442,BUENAVISTA,5155
49443,BUYO,5155
49444,CARATAGAN,5155
49445,CUYAOYAO,5155
49446,FLORES,5155
49447,LA MEDALLA,5155
49448,LAWINON,5155
49449,MACASITAS,5155
49450,MALAPAY,5155
49451,MALIDONG,5155
49452,MAMLAD,5155
49453,MARIGONDON,5155
49454,MATANGLAD,5155
49455,NABLANGBULOD,5155
49456,ORINGON,5155
49457,PALAPAS,5155
49458,PANGANIRAN,5155
49459,RAWIS,5155
49460,SALVACION,5155
49461,SANTO CRISTO,5155
49462,SUKIP,5155
49463,TIBABO,5155
49464,AGOS,5155
49465,ALNAY,5155
49466,ALOMON,5155
49467,AMOGUIS,5155
49468,ANOPOL,5155
49469,APAD,5155
49470,BALABA,5155
49471,BALANGIBANG,5155
49472,BALINAD,5155
49473,BASUD,5155
49474,BINAGBANGAN (PINTOR),5155
49475,BUYO,5155
49476,CENTRO OCCIDENTAL (POB.),5155
49477,CENTRO ORIENTAL (POB.),5155
49478,CEPRES,5155
49479,COTMON,5155
49480,COTNOGAN,5155
49481,DANAO,5155
49482,GABON,5155
49483,GAMOT,5155
49484,ITARAN,5155
49485,KINALE,5155
49486,KINUARTILAN,5155
49487,LA MEDALLA,5155
49488,LA PURISIMA,5155
49489,LANIGAY,5155
49490,LIDONG,5155
49491,LOURDES,5155
49492,MAGPANAMBO,5155
49493,MAGURANG,5155
49494,MATACON,5155
49495,MAYNAGA,5155
49496,MAYSUA,5155
49497,MENDEZ,5155
49498,NAPO,5155
49499,PINAGDAPUGAN,5155
49500,PONSO,5155
49501,SALVACION,5155
49502,SAN ROQUE,5155
49503,SANTA CRUZ,5155
49504,SANTA TERESITA,5155
49505,SANTICON,5155
49506,SUGCAD,5155
49507,UBALIW,5155
49508,BAGAOBAWAN,5593
49509,BATAN,5593
49510,BILBAO,5593
49511,BINOSAWAN,5593
49512,BOGTONG,5593
49513,BUENAVISTA,5593
49514,BUHATAN,5593
49515,CALANAGA,5593
49516,CARACARAN,5593
49517,CAROGCOG,5593
49518,DAP-DAP,5593
49519,GABA,5593
49520,GALICIA,5593
49521,GUADALUPE,5593
49522,HAMORAWON,5593
49523,LAGUNDI,5593
49524,LIGUAN,5593
49525,LINAO,5593
49526,MALOBAGO,5593
49527,MANANAO,5593
49528,MANCAO,5593
49529,MANILA,5593
49530,MASAGA,5593
49531,MOROCBOROCAN,5593
49532,NAGCALSOT,5593
49533,PAGCOLBON,5593
49534,POBLACION,5593
49535,SAGRADA,5593
49536,SAN RAMON,5593
49537,SANTA BARBARA,5593
49538,TINOCAWAN,5593
49539,TINOPAN,5593
49540,VIGA,5593
49541,VILLAHERMOSA,5593
49542,ALIMSOG,5594
49543,BAGONG SAN ROQUE,5594
49544,BUHATAN,5594
49545,CALAYUCAY,5594
49546,DEL ROSARIO POB. (BGY. 3),5594
49547,FIDEL SURTIDA,5594
49548,LIDONG,5594
49549,MARKET SITE POB. (BGY. 9),5594
49550,NAGSIYA POB. (BGY. 8),5594
49551,PANDAYAN POB. (BGY. 10),5594
49552,SALVACION,5594
49553,SAN ANDRES,5594
49554,SAN FERNANDO,5594
49555,SAN FRANCISCO POB. (BGY. 1),5594
49556,SAN ISIDRO,5594
49557,SAN JUAN POB. (BGY. 2),5594
49558,SAN PEDRO POB. (BGY. 5),5594
49559,SAN RAFAEL POB. (BGY. 7),5594
49560,SAN ROQUE,5594
49561,SAN VICENTE POB. (BGY. 6.),5594
49562,SANTA MISERICORDIA,5594
49563,SANTO DOMINGO POB. (BGY. 4),5594
49564,SANTO NIÑO,5594
49565,AGNAS (SAN MIGUEL ISLAND),5595
49566,BACOLOD,5595
49567,BANGKILINGAN,5595
49568,BANTAYAN,5595
49569,BARANGHAWON,5595
49570,BASAGAN,5595
49571,BASUD (POB.),5595
49572,BOGÑABONG,5595
49573,BOMBON (POB.),5595
49574,BONOT,5595
49575,BUANG,5595
49576,BUHIAN,5595
49577,CABAGÑAN,5595
49578,COBO,5595
49579,COMON,5595
49580,CORMIDAL,5595
49581,DIVINO ROSTRO (POB.),5595
49582,FATIMA,5595
49583,GUINOBAT,5595
49584,HACIENDA (SAN MIGUEL ISLAND),5595
49585,MAGAPO,5595
49586,MARIROC,5595
49587,MATAGBAC,5595
49588,ORAS,5595
49589,OSON,5595
49590,PANAL,5595
49591,PAWA,5595
49592,PINAGBOBONG,5595
49593,QUINALE CABASAN (POB.),5595
49594,QUINASTILLOJAN,5595
49595,RAWIS (SAN MIGUEL ISLAND),5595
49596,SAGURONG (SAN MIGUEL ISLAND),5595
49597,SALVACION,5595
49598,SAN ANTONIO,5595
49599,SAN CARLOS,5595
49600,SAN ISIDRO (BORING),5595
49601,SAN JUAN (POB.),5595
49602,SAN LORENZO,5595
49603,SAN RAMON,5595
49604,SAN ROQUE,5595
49605,SAN VICENTE,5595
49606,SANTO CRISTO (POB.),5595
49607,SUA-IGOT,5595
49608,TABIGUIAN,5595
49609,TAGAS,5595
49610,TAYHI (POB.),5595
49611,VISITA (SAN MIGUEL ISLAND),5595
49612,BAGUMBAYAN,5595
49613,BARIIS,5595
49614,BAYBAY,5595
49615,BELEN (MALABOG),5595
49616,BIYONG,5595
49617,BOLO,5595
49618,CALE,5595
49619,CARARAYAN,5595
49620,CORO-CORO,5595
49621,DAP-DAP,5595
49622,GAJO,5595
49623,JOROAN,5595
49624,LIBJO,5595
49625,LIBTONG,5595
49626,MATALIBONG,5595
49627,MAYNONONG,5595
49628,MAYONG,5595
49629,MISIBIS,5595
49630,NAGA,5595
49631,NAGAS,5595
49632,OYAMA,5595
49633,PUTSAN,5595
49634,SAN BERNARDO,5595
49635,SOGOD,5595
49636,TIGBI (POB.),5595
49637,ANGAS,5482
49638,BACTAS,5482
49639,BINATAGAN,5482
49640,CAAYUNAN,5482
49641,GUINATUNGAN,5482
49642,HINAMPACAN,5482
49643,LANGA,5482
49644,LANITON,5482
49645,LIDONG,5482
49646,MAMPILI,5482
49647,MANDAZO,5482
49648,MANGCAMAGONG,5482
49649,MANMUNTAY,5482
49650,MANTUGAWE,5482
49651,MATNOG,5482
49652,MOCONG,5482
49653,OLIVA,5482
49654,PAGSANGAHAN,5482
49655,PINAGWARASAN,5482
49656,PLARIDEL,5482
49657,POBLACION 1,5482
49658,POBLACION 2,5482
49659,SAN FELIPE,5482
49660,SAN JOSE,5482
49661,SAN PASCUAL,5482
49662,TABA-TABA,5482
49663,TACAD,5482
49664,TAISAN,5482
49665,TUACA,5482
49666,ALAYAO,5483
49667,BINAWANGAN,5483
49668,CALABACA,5483
49669,CAMAGSAAN,5483
49670,CATABAGUANGAN,5483
49671,CATIOAN,5483
49672,DEL PILAR,5483
49673,ITOK,5483
49674,LUCBANAN,5483
49675,MABINI,5483
49676,MACTANG,5483
49677,MAGSAYSAY,5483
49678,MATAQUE,5483
49679,OLD CAMP,5483
49680,POBLACION,5483
49681,SAN ANTONIO,5483
49682,SAN ISIDRO,5483
49683,SAN ROQUE,5483
49684,TANAWAN,5483
49685,UBANG,5483
49686,VILLA AURORA,5483
49687,VILLA BELEN,5483
49688,ALAWIHAO,5484
49689,AWITAN,5484
49690,BAGASBAS,5484
49691,BARANGAY I (POB.),5484
49692,BARANGAY II (POB.),5484
49693,BARANGAY III (POB.),5484
49694,BARANGAY IV (POB.),5484
49695,BARANGAY V (POB.),5484
49696,BARANGAY VI (POB.),5484
49697,BARANGAY VII (POB.),5484
49698,BARANGAY VIII (POB.),5484
49699,BIBIRAO,5484
49700,BORABOD,5484
49701,CALASGASAN,5484
49702,CAMAMBUGAN,5484
49703,COBANGBANG (CARUMPIT),5484
49704,DOGONGAN,5484
49705,GAHONON,5484
49706,GUBAT,5484
49707,LAG-ON,5484
49708,MAGANG,5484
49709,MAMBALITE,5484
49710,MANCRUZ (MANGCRUZ),5484
49711,PAMORANGON,5484
49712,SAN ISIDRO,5484
49713,BAGONG BAYAN,5486
49714,CALERO,5486
49715,DAHICAN,5486
49716,DAYHAGAN,5486
49717,LARAP,5486
49718,LUKLUKAN NORTE,5486
49719,LUKLUKAN SUR,5486
49720,MOTHERLODE,5486
49721,NAKALAYA,5486
49722,NORTH POBLACION,5486
49723,OSMEÑA,5486
49724,PAG-ASA,5486
49725,PARANG,5486
49726,PLARIDEL,5486
49727,SALVACION,5486
49728,SAN ISIDRO,5486
49729,SAN JOSE,5486
49730,SAN MARTIN,5486
49731,SAN PEDRO,5486
49732,SAN RAFAEL,5486
49733,SANTA CRUZ,5486
49734,SANTA ELENA,5486
49735,SANTA MILAGROSA,5486
49736,SANTA ROSA NORTE,5486
49737,SANTA ROSA SUR,5486
49738,SOUTH POBLACION,5486
49739,TAMISAN,5486
49740,ANAHAW (POB.),5487
49741,ANAMEAM,5487
49742,AWITAN,5487
49743,BAAY,5487
49744,BAGACAY,5487
49745,BAGONG SILANG I,5487
49746,BAGONG SILANG II,5487
49747,BAGONG SILANG III (SILANG),5487
49748,BAKIAD,5487
49749,BAUTISTA,5487
49750,BAYABAS,5487
49751,BAYAN-BAYAN,5487
49752,BENIT,5487
49753,BULHAO,5487
49754,CABATUHAN,5487
49755,CABUSAY,5487
49756,CALABASA,5487
49757,CANAPAWAN,5487
49758,DAGUIT,5487
49759,DALAS,5487
49760,DUMAGMANG,5487
49761,EXCIBAN,5487
49762,FUNDADO,5487
49763,GUINACUTAN,5487
49764,GUISICAN,5487
49765,GUMAMELA (POB.),5487
49766,IBERICA,5487
49767,KALAMUNDING (POB.),5487
49768,LUGUI,5487
49769,MABILO I,5487
49770,MABILO II,5487
49771,MACOGON,5487
49772,MAHAWAN-HAWAN,5487
49773,MALANGCAO-BASUD,5487
49774,MALASUGUI,5487
49775,MALATAP,5487
49776,MALAYA,5487
49777,MALIBAGO,5487
49778,MAOT,5487
49779,MASALONG,5487
49780,MATANLANG,5487
49781,NAPAOD,5487
49782,PAG-ASA,5487
49783,PANGPANG,5487
49784,PINYA (POB.),5487
49785,SAN ANTONIO,5487
49786,SAN FRANCISCO (POB.),5487
49787,SANTA CRUZ,5487
49788,SUBMAKIN,5487
49789,TALOBATIB,5487
49790,TIGBINAN,5487
49791,TULAY NA LUPA,5487
49792,APUAO,5492
49793,BARANGAY I (POB.),5492
49794,BARANGAY II (POB.),5492
49795,BARANGAY III (POB.),5492
49796,BARANGAY IV (POB.),5492
49797,BARANGAY V (POB.),5492
49798,BARANGAY VI (POB.),5492
49799,BARANGAY VII (POB.),5492
49800,CARINGO,5492
49801,CATANDUNGANON,5492
49802,CAYUCYUCAN,5492
49803,COLASI,5492
49804,DEL ROSARIO (TAGONGTONG),5492
49805,GABOC,5492
49806,HAMORAON,5492
49807,HINIPAAN,5492
49808,LALAWIGAN,5492
49809,LANOT,5492
49810,MAMBUNGALON,5492
49811,MANGUISOC,5492
49812,MASALONGSALONG,5492
49813,MATOOGTOOG,5492
49814,PAMBUHAN,5492
49815,QUINAPAGUIAN,5492
49816,SAN ROQUE,5492
49817,TARUM,5492
49818,AWITAN,5493
49819,BAGUMBAYAN,5493
49820,BAKAL,5493
49821,BATOBALANI,5493
49822,CALABURNAY,5493
49823,CAPACUAN,5493
49824,CASALUGAN,5493
49825,DAGANG,5493
49826,DALNAC,5493
49827,DANCALAN,5493
49828,GUMAUS,5493
49829,LABNIG,5493
49830,MACOLABO ISLAND,5493
49831,MALACBANG,5493
49832,MALAGUIT,5493
49833,MAMPUNGO,5493
49834,MANGKASAY,5493
49835,MAYBATO,5493
49836,PALANAS,5493
49837,PINAGBIRAYAN MALAKI,5493
49838,PINAGBIRAYAN MUNTI,5493
49839,POBLACION NORTE,5493
49840,POBLACION SUR,5493
49841,TABAS,5493
49842,TALUSAN,5493
49843,TAWIG,5493
49844,TUGOS,5493
49845,DACULANG BOLO,5593
49846,DAGOTDOTAN,5593
49847,LANGGA,5593
49848,LANITON,5593
49849,MAISOG,5593
49850,MAMPUROG,5593
49851,MANLIMONSITO,5593
49852,MATACONG (POB.),5593
49853,SALVACION,5593
49854,SAN ANTONIO,5593
49855,SAN ISIDRO,5593
49856,SAN RAMON,5593
49857,ASDUM,5593
49858,CABANBANAN,5593
49859,CALABAGAS,5593
49860,FABRICA,5593
49861,IRAYA SUR,5593
49862,MAN-OGOB,5593
49863,POBLACION DISTRICT I (SILANGAN/BGY. 1),5593
49864,POBLACION DISTRICT II (KANLURAN/BGY. 2),5593
49865,SAN JOSE (IRAYA NORTE),5593
49866,BASIAD,5593
49867,BULALA,5593
49868,DON TOMAS,5593
49869,GUITOL,5593
49870,KABULUAN,5593
49871,KAGTALABA,5593
49872,MAULAWIN,5593
49873,PATAG IBABA,5593
49874,PATAG IRAYA,5593
49875,PLARIDEL,5593
49876,POLUNGGUITGUIT,5593
49877,RIZAL,5593
49878,SALVACION,5593
49879,SAN LORENZO,5593
49880,SAN PEDRO,5593
49881,SAN VICENTE,5593
49882,SANTA ELENA (POB.),5593
49883,TABUGON,5593
49884,VILLA SAN ISIDRO,5593
49885,BINANUAAN,5595
49886,CAAWIGAN,5595
49887,CAHABAAN,5595
49888,CALINTAAN,5595
49889,DEL CARMEN,5595
49890,GABON,5595
49891,ITOMANG,5595
49892,POBLACION,5595
49893,SAN FRANCISCO,5595
49894,SAN ISIDRO,5595
49895,SAN JOSE,5595
49896,SAN NICOLAS,5595
49897,SANTA CRUZ,5595
49898,SANTA ELENA,5595
49899,SANTO NIÑO,5595
49900,AGUIT-IT,5595
49901,BANOCBOC,5595
49902,BARANGAY I (POB.),5595
49903,BARANGAY II (POB.),5595
49904,BARANGAY III (POB.),5595
49905,CAGBALOGO,5595
49906,CALANGCAWAN NORTE,5595
49907,CALANGCAWAN SUR,5595
49908,GUINACUTAN,5595
49909,MANGCAWAYAN,5595
49910,MANGCAYO,5595
49911,MANLUCUGAN,5595
49912,MATANGO,5595
49913,NAPILIHAN,5595
49914,PINAGTIGASAN,5595
49915,SABANG,5595
49916,SANTO DOMINGO,5595
49917,SINGI,5595
49918,SULA,5595
49919,AGDANGAN POB. (SAN CAYETANO),5512
49920,ANTIPOLO,5512
49921,BAGUMBAYAN,5512
49922,BULUANG (SAN ANTONIO),5512
49923,CARANDAY (LA PURISIMA),5512
49924,CRISTO REY,5512
49925,DEL PILAR,5512
49926,DEL ROSARIO (POB.),5512
49927,IYAGAN,5512
49928,LA MEDALLA,5512
49929,LOURDES,5512
49930,NABABARERA,5512
49931,PUGAY (SAN RAFAEL),5512
49932,SAGRADA,5512
49933,SALVACION,5512
49934,SAN FRANCISCO (POB.),5512
49935,SAN ISIDRO,5512
49936,SAN JOSE (POB.),5512
49937,SAN JUAN,5512
49938,SAN NICOLAS (POB.),5512
49939,SAN RAFAEL (IKPAN),5512
49940,SAN RAMON (POB.),5512
49941,SAN ROQUE (POB.),5512
49942,SAN VICENTE,5512
49943,SANTA CRUZ (POB.),5512
49944,SANTA EULALIA,5512
49945,SANTA ISABEL,5512
49946,SANTA TERESA (VIGA),5512
49947,SANTA TERESITA,5512
49948,TAPOL,5512
49949,CABANBANAN,5513
49950,CABUNGAN,5513
49951,CAMANGAHAN (CAORASAN),5513
49952,CAYOGCOG,5513
49953,COGUIT,5513
49954,DURAN,5513
49955,LAGANAC,5513
49956,LULUASAN,5513
49957,MONTENEGRO (MAGUIRON),5513
49958,PARARAO,5513
49959,PULANG DAGA,5513
49960,SAGRADA NACACALE,5513
49961,SAN FRANCISCO,5513
49962,SANTIAGO NACACALE,5513
49963,SIRAMAG (POB.),5513
49964,TAPAYAS,5513
49965,TOMATARAYO,5513
49966,AGOS,5514
49967,BACOLOD,5514
49968,BULUANG,5514
49969,CARICOT,5514
49970,CAWACAGAN,5514
49971,COTMON,5514
49972,CRISTO REY,5514
49973,DEL ROSARIO,5514
49974,DIVINA PASTORA (POB.),5514
49975,GOYUDAN,5514
49976,LOBONG,5514
49977,LUBIGAN,5514
49978,MAINIT,5514
49979,MANGA (MANGGA),5514
49980,MASOLI,5514
49981,NEIGHBORHOOD,5514
49982,NIÑO JESUS,5514
49983,PAGATPATAN,5514
49984,PALO,5514
49985,PAYAK,5514
49986,SAGRADA (SAGRADA FAMILIA),5514
49987,SALVACION,5514
49988,SAN ISIDRO (POB.),5514
49989,SAN JUAN,5514
49990,SAN MIGUEL,5514
49991,SAN RAFAEL (POB.),5514
49992,SAN ROQUE,5514
49993,SAN VICENTE,5514
49994,SANTA CRUZ (POB.),5514
49995,SANTIAGO (POB.),5514
49996,SOOC,5514
49997,TAGPOLO,5514
49998,TRES REYES (POB.),5514
49999,PAGAO (SAN JUAN),5515
50000,SAN ANTONIO,5515
50001,SAN FRANCISCO,5515
50002,SAN ISIDRO (POB.),5515
50003,SAN JOSE (POB.),5515
50004,SAN ROQUE (POB.),5515
50005,SANTO DOMINGO,5515
50006,SIEMBRE,5515
50007,AMLONGAN (DEL ROSARIO),5516
50008,ANTIPOLO,5516
50009,BUROCBUSOC,5516
50010,CABATUAN,5516
50011,CAGMASLOG,5516
50012,DE LA FE,5516
50013,DELOS ANGELES (LOS ANGELES),5516
50014,DIVINO ROSTRO,5516
50015,GABAS,5516
50016,IBAYUGAN,5516
50017,IGBAC,5516
50018,IPIL (FATIMA),5516
50019,IRAYA (DEL ROSARIO),5516
50020,LABAWON (SANTA TERESITA),5516
50021,LOURDES (SANTA LOURDES),5516
50022,MACAANGAY,5516
50023,MONTE CALVARIO,5516
50024,NAMURABOD,5516
50025,SAGRADA FAMILIA,5516
50026,SALVACION,5516
50027,SAN ANTONIO,5516
50028,SAN BUENAVENTURA (POB.),5516
50029,SAN FRANCISCO (PARADA),5516
50030,SAN ISIDRO,5516
50031,SAN JOSE BAYBAYON,5516
50032,SAN JOSE SALAY,5516
50033,SAN PASCUAL (POB.),5516
50034,SAN PEDRO (POB.),5516
50035,SAN RAFAEL,5516
50036,SAN RAMON,5516
50037,SAN ROQUE (POB.),5516
50038,SAN VICENTE,5516
50039,SANTA CLARA (POB.),5516
50040,SANTA CRUZ,5516
50041,SANTA ELENA (POB.),5516
50042,SANTA ISABEL,5516
50043,SANTA JUSTINA,5516
50044,TAMBO,5516
50045,BAGOLADIO,5517
50046,BAGUMBAYAN,5517
50047,BALAOGAN,5517
50048,CAORASAN,5517
50049,CASUGAD,5517
50050,CAUSIP,5517
50051,FABRICA,5517
50052,INOYONAN,5517
50053,ITANGON,5517
50054,KINALABASAHAN,5517
50055,LA PURISIMA,5517
50056,LA VICTORIA,5517
50057,LANIPGA,5517
50058,LUBGAN,5517
50059,OMBAO HEIGHTS,5517
50060,OMBAO POLPOG,5517
50061,PALSONG,5517
50062,PANOYPOYAN,5517
50063,PAWILI,5517
50064,SAGRADA (SAGRADA FAMILIA),5517
50065,SALVACION (POB.),5517
50066,SAN AGUSTIN,5517
50067,SAN FRANCISCO,5517
50068,SAN ISIDRO,5517
50069,SAN JOSE,5517
50070,SAN MIGUEL,5517
50071,SAN RAMON,5517
50072,SAN ROQUE (POB.),5517
50073,SAN ROQUE HEIGHTS,5517
50074,SANTA ELENA,5517
50075,SANTO DOMINGO,5517
50076,SANTO NIÑO,5517
50077,TAISAN,5517
50078,BARCELONITA,5518
50079,BIONG,5518
50080,CAMAGONG,5518
50081,CASTILLO,5518
50082,NEW POBLACION,5518
50083,PANDAN,5518
50084,SAN PEDRO,5518
50085,SANTA CRUZ,5518
50086,SANTA LUTGARDA (POB.),5518
50087,BALATASAN,5519
50088,BALOMBON,5519
50089,BALONGAY,5519
50090,BELEN,5519
50091,BIGAAS,5519
50092,BINALIW,5519
50093,BINANUAANAN GRANDE,5519
50094,BINANUAANAN PEQUEÑO,5519
50095,BONOT-SANTA ROSA,5519
50096,BURABOD,5519
50097,CABANBANAN,5519
50098,CAGSAO,5519
50099,CAMUNING,5519
50100,COMAGUINGKING,5519
50101,DEL CARMEN (POB.),5519
50102,DOMINOROG,5519
50103,FABRICA,5519
50104,HAROBAY,5519
50105,LA PURISIMA,5519
50106,LUGSAD,5519
50107,MANGUIRING,5519
50108,PAGATPAT (SAN JOSE),5519
50109,PAOLBO,5519
50110,PINADA,5519
50111,PUNTA TARAWAL,5519
50112,QUINALE,5519
50113,SABANG,5519
50114,SALVACION-BAYBAY,5519
50115,SAN ANTONIO (QUIPAYO),5519
50116,SAN ANTONIO POBLACION,5519
50117,SAN BERNARDINO,5519
50118,SAN FRANCISCO (POB.),5519
50119,SAN ISIDRO,5519
50120,SAN LUCAS,5519
50121,SAN MIGUEL (POB.),5519
50122,SAN PABLO (POB.),5519
50123,SAN ROQUE,5519
50124,SAN VICENTE (POB.),5519
50125,SANTA CRUZ POBLACION,5519
50126,SANTA CRUZ RATAY,5519
50127,SANTA ISABEL (POB.),5519
50128,SANTA SALUD (POB.),5519
50129,SANTO DOMINGO,5519
50130,SANTO NIÑO (QUIPAYO),5519
50131,SIBA-O,5519
50132,SIBOBO,5519
50133,SOGOD,5519
50134,TOMAGODTOD,5519
50135,DUGCAL,5520
50136,MARUPIT,5520
50137,SAN FRANCISCO,5520
50138,SAN JOSE-SAN PABLO (POB.),5520
50139,SAN JUAN-SAN RAMON (POB.),5520
50140,SAN LUCAS (POB.),5520
50141,SAN MARCOS (POB.),5520
50142,SAN MATEO (POB.),5520
50143,SAN ROQUE,5520
50144,SANTO DOMINGO (POB.),5520
50145,SANTO TOMAS (POB.),5520
50146,SUA,5520
50147,TAROSANAN,5520
50148,BARAS (POB.),5521
50149,DEL ROSARIO,5521
50150,DINAGA (POB.),5521
50151,FUNDADO,5521
50152,HARING,5521
50153,IQUIN,5521
50154,LINAGA,5521
50155,MANGAYAWAN,5521
50156,PALO,5521
50157,PANGPANG (POB.),5521
50158,PORO,5521
50159,SAN AGUSTIN,5521
50160,SAN FRANCISCO,5521
50161,SAN JOSE EAST,5521
50162,SAN JOSE WEST,5521
50163,SAN JUAN,5521
50164,SAN NICOLAS,5521
50165,SAN ROQUE,5521
50166,SAN VICENTE,5521
50167,SANTA CRUZ (POB.),5521
50168,SANTA TERESITA,5521
50169,SUA,5521
50170,TALIDTID,5521
50171,TIBGAO (POB.),5521
50172,AGAAS,5522
50173,ANTOLON,5522
50174,BACGONG,5522
50175,BAHAY,5522
50176,BIKAL,5522
50177,BINANUAHAN (POB.),5522
50178,CABACONGAN,5522
50179,CADONG,5522
50180,CANATUAN,5522
50181,CAPUTATAN,5522
50182,COLONGCOGONG,5522
50183,DARAGA,5522
50184,GATA,5522
50185,GIBGOS,5522
50186,GOGON,5522
50187,GUIJALO,5522
50188,HANOPOL,5522
50189,HANOY,5522
50190,HAPONAN,5522
50191,ILAWOD,5522
50192,ILI-CENTRO (POB.),5522
50193,LIDONG,5522
50194,LUBAS,5522
50195,MALABOG,5522
50196,MALIGAYA,5522
50197,MAMPIRAO,5522
50198,MANDICLUM (MANDICLOM),5522
50199,MAQUEDA,5522
50200,MINALABA,5522
50201,ORING,5522
50202,OROC-OSOC,5522
50203,PAGOLINAN,5522
50204,PANDANAN,5522
50205,PANIMAN,5522
50206,PATAG-BELEN,5522
50207,PILI-CENTRO,5522
50208,PILI-TABIGUIAN,5522
50209,POLOAN,5522
50210,SALVACION,5522
50211,SAN ROQUE,5522
50212,SAN VICENTE,5522
50213,SANTA CRUZ,5522
50214,SOLNOPAN,5522
50215,TABGON,5522
50216,TABIGUIAN,5522
50217,TABOG,5522
50218,TAWOG (POB.),5522
50219,TEROGO,5522
50220,TOBOAN,5522
50221,BAGONG SILANG,5523
50222,BUCAL,5523
50223,CABASAG,5523
50224,COMADAYCADAY,5523
50225,COMADOGCADOG,5523
50226,DOMAGONDONG,5523
50227,KINALANGAN,5523
50228,MABINI,5523
50229,MAGAIS I,5523
50230,MAGAIS II,5523
50231,MANSALAYA,5523
50232,NAGKALIT,5523
50233,PALASPAS,5523
50234,PAMPLONA,5523
50235,PASAY,5523
50236,PINAGDAPIAN,5523
50237,PINUGUSAN,5523
50238,POBLACION ZONE III,5523
50239,SABANG,5523
50240,SALVACION,5523
50241,SAN JUAN,5523
50242,SAN PABLO,5523
50243,SANTA RITA I,5523
50244,SANTA RITA II,5523
50245,SINAGAWSAWAN,5523
50246,SINUKNIPAN I,5523
50247,SINUKNIPAN II,5523
50248,SUGSUGIN,5523
50249,TABION,5523
50250,TOMAGOKTOK,5523
50251,ZONE I FATIMA (POB.),5523
50252,ZONE II SAN ANTONIO (POB.),5523
50253,CAGBUNGA,5524
50254,DAHILIG,5524
50255,DISTRICT I (POB.),5524
50256,DISTRICT II (POB.),5524
50257,LOOB,5524
50258,MALBONG,5524
50259,NAMUAT,5524
50260,SAMPALOC,5524
50261,ASON (ANSON),5525
50262,BAHI,5525
50263,BARANGAY I (POB.),5525
50264,BARANGAY II (POB.),5525
50265,BARANGAY III (POB.),5525
50266,BARANGAY IV (POB.),5525
50267,BINAGASBASAN,5525
50268,BURABOD,5525
50269,CAGAMUTAN,5525
50270,CAGNIPA,5525
50271,CANLONG,5525
50272,DANGLA,5525
50273,DEL PILAR,5525
50274,DENRICA,5525
50275,HARRISON,5525
50276,MANSANGAT,5525
50277,PAMBUHAN,5525
50278,SAGRADA,5525
50279,SALVACION,5525
50280,SAN VICENTE,5525
50281,SUMAOY,5525
50282,TAMIAWON,5525
50283,TOYTOY,5525
50284,ABUCAYAN,5526
50285,BAGUMBAYAN GRANDE (POB.),5526
50286,BAGUMBAYAN PEQUEÑO (POB.),5526
50287,BALAYNAN,5526
50288,BELEN (POB.),5526
50289,BUYO,5526
50290,CAGAYCAY,5526
50291,CATAGBACAN,5526
50292,DIGDIGON,5526
50293,GIMAGA,5526
50294,HALAWIG-GOGON,5526
50295,HIWACLOY,5526
50296,LA PURISIMA (POB.),5526
50297,LAMON,5526
50298,MATACLA,5526
50299,MAYMATAN,5526
50300,MAYSALAY,5526
50301,NAPAWON (NAPUNUON),5526
50302,PANDAY (POB.),5526
50303,PAYATAN,5526
50304,PINAGLABANAN,5526
50305,SALOG,5526
50306,SAN BENITO (POB.),5526
50307,SAN ISIDRO (POB.),5526
50308,SAN ISIDRO WEST,5526
50309,SAN JOSE (POB.),5526
50310,SAN JUAN BAUTISTA (POB.),5526
50311,SAN JUAN EVANGELISTA (POB.),5526
50312,SAN PEDRO (ARORO),5526
50313,SCOUT FUENTEBELLA,5526
50314,TABGON,5526
50315,TAGONGTONG,5526
50316,TAMBAN (MABINI),5526
50317,TAYTAY (HALGON EAST),5526
50318,ANTIPOLO,5527
50319,CRISTO REY,5527
50320,DEL ROSARIO (BANAO),5527
50321,FRANCIA,5527
50322,LA ANUNCIACION,5527
50323,LA MEDALLA,5527
50324,LA PURISIMA,5527
50325,LA TRINIDAD,5527
50326,NIÑO JESUS,5527
50327,PERPETUAL HELP,5527
50328,SAGRADA,5527
50329,SALVACION,5527
50330,SAN AGUSTIN,5527
50331,SAN ANDRES,5527
50332,SAN ANTONIO,5527
50333,SAN FRANCISCO (POB.),5527
50334,SAN ISIDRO,5527
50335,SAN JOSE,5527
50336,SAN JUAN,5527
50337,SAN MIGUEL,5527
50338,SAN NICOLAS,5527
50339,SAN PEDRO,5527
50340,SAN RAFAEL,5527
50341,SAN RAMON,5527
50342,SAN ROQUE (POB.),5527
50343,SAN VICENTE NORTE,5527
50344,SAN VICENTE SUR,5527
50345,SANTA CRUZ NORTE,5527
50346,SANTA CRUZ SUR,5527
50347,SANTA ELENA,5527
50348,SANTA ISABEL,5527
50349,SANTA MARIA,5527
50350,SANTA TERESITA,5527
50351,SANTIAGO,5527
50352,SANTO DOMINGO,5527
50353,SANTO NIÑO,5527
50354,AGOSAIS,5528
50355,AGPO-CAMAGONG-TABOG,5528
50356,AMOGUIS,5528
50357,BALATON,5528
50358,BINANUAHAN,5528
50359,BOCOGAN,5528
50360,BURABOD,5528
50361,CABOTONAN,5528
50362,DAHAT,5528
50363,DEL CARMEN,5528
50364,GIMAGTOCON,5528
50365,GINORANGAN (GENORANGAN),5528
50366,GUBAT,5528
50367,GUIBAHOY,5528
50368,HIMANAG,5528
50369,KINAHOLOGAN,5528
50370,LOHO,5528
50371,MANAMOC,5528
50372,MANGOGON,5528
50373,MAPID,5528
50374,OLAS,5528
50375,OMALO,5528
50376,PANAGAN,5528
50377,PANICUAN,5528
50378,PINAMIHAGAN,5528
50379,SAN FRANCISCO (POB.),5528
50380,SAN ISIDRO,5528
50381,SAN ISIDRO NORTE (POB.),5528
50382,SAN ISIDRO SUR (POB.),5528
50383,SAN RAFAEL,5528
50384,SAN RAMON,5528
50385,SAN ROQUE,5528
50386,SAN SEBASTIAN,5528
50387,SAN VICENTE (POB.),5528
50388,SANTA CRUZ (POB.),5528
50389,SANTA MARIA (POB.),5528
50390,SARIPONGPONG (POB.),5528
50391,SIPACO,5528
50392,ASLONG,5529
50393,AWAYAN,5529
50394,BAGACAY,5529
50395,BAGADION,5529
50396,BAGAMELON,5529
50397,BAGUMBAYAN,5529
50398,BAHAO,5529
50399,BAHAY,5529
50400,BEGAJO NORTE,5529
50401,BEGAJO SUR,5529
50402,BEGUITO NUEVO,5529
50403,BEGUITO VIEJO,5529
50404,BIKAL,5529
50405,BUSAK,5529
50406,CAIMA,5529
50407,CALABNIGAN,5529
50408,CAMAMBUGAN,5529
50409,CAMBALIDIO,5529
50410,CANDAMI,5529
50411,CANDATO,5529
50412,CAWAYAN,5529
50413,CONCEPCION,5529
50414,CUYAPI,5529
50415,DANAWAN,5529
50416,DUANG NIOG,5529
50417,HANDONG,5529
50418,IBID,5529
50419,INALAHAN,5529
50420,LABAO,5529
50421,LIBOD I,5529
50422,LIBOD II,5529
50423,LOBA-LOBA,5529
50424,MABINI,5529
50425,MALANSAD NUEVO,5529
50426,MALANSAD VIEJO,5529
50427,MALBOGON,5529
50428,MALINAO,5529
50429,MAMBALITE,5529
50430,MAMBAYAWAS,5529
50431,MAMBULO NUEVO,5529
50432,MAMBULO VIEJO,5529
50433,MANCAWAYAN,5529
50434,MANDACANAN,5529
50435,MANTALISAY,5529
50436,PADLOS,5529
50437,PAG-ORING NUEVO,5529
50438,PAG-ORING VIEJO,5529
50439,PALANGON,5529
50440,PALONG,5529
50441,PATAG,5529
50442,PLANZA,5529
50443,POBLACION,5529
50444,POTOT,5529
50445,PURO-BATIA,5529
50446,RONGOS,5529
50447,SALVACION,5529
50448,SAN ISIDRO,5529
50449,SAN JUAN,5529
50450,SAN PABLO,5529
50451,SAN VICENTE,5529
50452,SIBUJO,5529
50453,SIGAMOT,5529
50454,STATION-CHURCH SITE,5529
50455,TABAN-FUNDADO,5529
50456,TAMPUHAN,5529
50457,TANAG,5529
50458,TARUM,5529
50459,TINALMUD NUEVO,5529
50460,TINALMUD VIEJO,5529
50461,TINANGKIHAN,5529
50462,UDOC,5529
50463,UMALO,5529
50464,USON,5529
50465,VILLADIMA (SANTA CRUZ),5529
50466,VILLASOCORRO,5529
50467,ALLEOMAR,5530
50468,BAGANGAN SR.,5530
50469,BAGONG SIKAT,5530
50470,BANGON,5530
50471,BARRERA JR.,5530
50472,BARRERA SR.,5530
50473,BEL-CRUZ,5530
50474,BELWANG,5530
50475,BUENASUERTE,5530
50476,BULAWAN JR.,5530
50477,BULAWAN SR.,5530
50478,CABUTAGAN,5530
50479,CASAY,5530
50480,COLACLING (DEL ROSARIO),5530
50481,CRISTO REY,5530
50482,DEL CARMEN,5530
50483,HAGUIMIT,5530
50484,HALUBAN (PIGBASAGAN),5530
50485,KAIBIGAN,5530
50486,LA PURISIMA,5530
50487,LOURDES,5530
50488,MANGCAWAYAN,5530
50489,NAPOLIDAN,5530
50490,POBLACION,5530
50491,POLANTUNA,5530
50492,SAGRADA,5530
50493,SALVACION,5530
50494,SAN ISIDRO,5530
50495,SAN JOSE,5530
50496,SAN PEDRO,5530
50497,SAN RAFAEL NORTE,5530
50498,SAN RAFAEL SUR,5530
50499,SAN RAMON,5530
50500,SAN VICENTE,5530
50501,SOOC,5530
50502,TANAWAN,5530
50503,TAPI (LUPI NUEVO),5530
50504,TIBLE,5530
50505,BAROBAYBAY,5531
50506,BELL (POB.),5531
50507,CARANGCANG,5531
50508,CARIGSA,5531
50509,CASURAY,5531
50510,MONSERRAT (POB.),5531
50511,PONONG,5531
50512,SAN FRANCISCO (POB.),5531
50513,SAN ISIDRO (POB.),5531
50514,SAN JUAN (POB.),5531
50515,SAN MIGUEL,5531
50516,SAN PANTALEON (POB.),5531
50517,SANTA LUCIA (POB.),5531
50518,SANTA ROSA,5531
50519,SANTO TOMAS (POB.),5531
50520,ALIMBUYOG,5532
50521,AMPARADO (POB.),5532
50522,BALAGBAG,5532
50523,BORONGBORONGAN,5532
50524,CABUGAO,5532
50525,CAPUCNASAN,5532
50526,DALIPAY,5532
50527,DEL ROSARIO (POB.),5532
50528,FLORDELIZ,5532
50529,LIPOT,5532
50530,MAYAOPAYAWAN,5532
50531,MAYCATMON,5532
50532,MAYDASO,5532
50533,SAN ANTONIO,5532
50534,SAN JOSE (POB.),5532
50535,SAN MIGUEL (POB.),5532
50536,SAN ROQUE (POB.),5532
50537,SAN VICENTE (POB.),5532
50538,SANTO DOMINGO (POB.),5532
50539,TARUSANAN,5532
50540,ANTIPOLO,5533
50541,BAGOLATAO,5533
50542,BAGONGBONG,5533
50543,BALIUAG NUEVO,5533
50544,BALIUAG VIEJO,5533
50545,CATANUSAN,5533
50546,DEL CARMEN-DEL ROSARIO (POB.),5533
50547,DEL SOCORRO,5533
50548,HAMORAON,5533
50549,HOBO,5533
50550,IRAYANG SOLONG,5533
50551,MAGADAP,5533
50552,MALITBOG,5533
50553,MANAPAO,5533
50554,MATAOROC,5533
50555,SAGRADA (SAGRADA FAMILIA),5533
50556,SALINGOGON,5533
50557,SAN ANTONIO,5533
50558,SAN FELIPE-SANTIAGO (POB.),5533
50559,SAN FRANCISCO (POB.),5533
50560,SAN JOSE,5533
50561,SAN JUAN-SAN LORENZO (POB.),5533
50562,TABAN,5533
50563,TARIRIC,5533
50564,TIMBANG,5533
50565,ANGUSTIA (ANGUSTIA INAPATAN),5534
50566,ANTIPOLO OLD,5534
50567,ANTIPOLO YOUNG,5534
50568,ARO-ALDAO,5534
50569,BUSTRAC,5534
50570,DOLOROSA (DOLOROSA INAPATAN),5534
50571,DURAN (JESUS DURAN),5534
50572,INAPATAN (DEL ROSARIO INAPATAN),5534
50573,LA OPINION,5534
50574,LA PURISIMA (LA PURISIMA AGUPIT),5534
50575,LOURDES OLD,5534
50576,LOURDES YOUNG,5534
50577,MALAWAG (SAN JOSE MALAWAG),5534
50578,PALOYON ORIENTAL,5534
50579,PALOYON PROPER (SAGRADA PALOYON),5534
50580,SALVACION QUE GATOS,5534
50581,SAN ANTONIO (POB.),5534
50582,SAN ANTONIO OGBON,5534
50583,SAN ESTEBAN (POB.),5534
50584,SAN FRANCISCO (POB.),5534
50585,SAN ISIDRO (POB.),5534
50586,SAN ISIDRO INAPATAN,5534
50587,SAN JOSE (SAN JOSE PANGARAON),5534
50588,SAN JUAN (POB.),5534
50589,SAN LUIS (POB.),5534
50590,SAN MIGUEL (POB.),5534
50591,SAN NICOLAS (POB.),5534
50592,SAN ROQUE (POB.),5534
50593,SAN ROQUE MADAWON,5534
50594,SAN ROQUE SAGUMAY,5534
50595,SAN VICENTE GORONG-GORONG,5534
50596,SAN VICENTE OGBON,5534
50597,SANTA BARBARA (MALIBAN),5534
50598,SANTA CRUZ,5534
50599,SANTA ELENA BARAS,5534
50600,SANTA LUCIA BARAS,5534
50601,SANTIAGO OLD,5534
50602,SANTIAGO YOUNG,5534
50603,SANTO DOMINGO,5534
50604,TANDAAY,5534
50605,TOPAS PROPER,5534
50606,TOPAS SOGOD,5534
50607,ABELLA,5535
50608,BAGUMBAYAN NORTE,5535
50609,BAGUMBAYAN SUR,5535
50610,BALATAS,5535
50611,CALAUAG,5535
50612,CARARAYAN,5535
50613,CAROLINA,5535
50614,CONCEPCION GRANDE,5535
50615,CONCEPCION PEQUEÑO,5535
50616,DAYANGDANG,5535
50617,DEL ROSARIO,5535
50618,DINAGA,5535
50619,IGUALDAD INTERIOR,5535
50620,LERMA,5535
50621,LIBOTON,5535
50622,MABOLO,5535
50623,PACOL,5535
50624,PANICUASON,5535
50625,PEÑAFRANCIA,5535
50626,SABANG,5535
50627,SAN FELIPE,5535
50628,SAN FRANCISCO (POB.),5535
50629,SAN ISIDRO,5535
50630,SANTA CRUZ,5535
50631,TABUCO,5535
50632,TINAGO,5535
50633,TRIANGULO,5535
50634,AYUGAN,5536
50635,CABARIWAN,5536
50636,CAGMANABA,5536
50637,DEL ROSARIO,5536
50638,GATBO,5536
50639,GUINABAN,5536
50640,HANAWAN,5536
50641,HIBAGO,5536
50642,LA PURISIMA NUEVO,5536
50643,MAY-OGOB,5536
50644,NEW MORIONES,5536
50645,OLD MORIONES,5536
50646,PINIT,5536
50647,POBLACION CENTRAL,5536
50648,POBLACION EAST,5536
50649,POBLACION WEST,5536
50650,SALVACION,5536
50651,SAN ANTONIO,5536
50652,SAN FRANCISCO,5536
50653,SAN JOSE ORAS,5536
50654,SAN ROQUE COMMONAL,5536
50655,SAN VICENTE,5536
50656,SANTA CRUZ,5536
50657,SANTO NIÑO,5536
50658,VILLAFLORIDA,5536
50659,BATANG,5067
50660,BURABOD,5067
50661,CAGBIBI,5067
50662,CAGBUNGA,5067
50663,CALAWAT,5067
50664,DEL ROSARIO,5067
50665,PATONG,5067
50666,POBLACION,5067
50667,SALVACION,5067
50668,SAN GABRIEL,5067
50669,SAN ISIDRO,5067
50670,SAN RAFAEL,5067
50671,SAN RAMON,5067
50672,SAN VICENTE,5067
50673,TAMBO,5067
50674,TAMPADONG,5067
50675,VENERACION (TAGUILID),5067
50676,ANTIPOLO,5538
50677,BAGONG SILANG,5538
50678,BAHAY,5538
50679,BALOGO,5538
50680,CARANAN,5538
50681,CUCO,5538
50682,DALUPAON,5538
50683,HUBO,5538
50684,ITULAN,5538
50685,MACAD (HEBRIO LOURDES),5538
50686,ODICON,5538
50687,QUITANG,5538
50688,SALVACION,5538
50689,SAN ANTONIO,5538
50690,SAN CIRILO (POB.),5538
50691,SANTA ROSA DEL NORTE (POB.),5538
50692,SANTA ROSA DEL SUR (POB.),5538
50693,TILNAC,5538
50694,TINALMUD,5538
50695,ANAYAN,5539
50696,BAGONG SIRANG,5539
50697,BINANWAANAN,5539
50698,BINOBONG,5539
50699,CADLAN,5539
50700,CAROYROYAN,5539
50701,CURRY,5539
50702,DEL ROSARIO,5539
50703,HIMAAO,5539
50704,LA PURISIMA,5539
50705,NEW SAN ROQUE,5539
50706,OLD SAN ROQUE (POB.),5539
50707,PALESTINA,5539
50708,PAWILI,5539
50709,SAGRADA,5539
50710,SAGURONG,5539
50711,SAN AGUSTIN,5539
50712,SAN ANTONIO (POB.),5539
50713,SAN ISIDRO (POB.),5539
50714,SAN JOSE,5539
50715,SAN JUAN (POB.),5539
50716,SAN VICENTE (POB.),5539
50717,SANTIAGO (POB.),5539
50718,SANTO NIÑO,5539
50719,TAGBONG,5539
50720,TINANGIS,5539
50721,AYUGAO,5540
50722,BAGONG SIRANG,5540
50723,BALIGUIAN,5540
50724,BANTUGAN,5540
50725,BICALEN,5540
50726,BITAOGAN,5540
50727,BUENAVISTA,5540
50728,BULALACAO,5540
50729,CAGNIPA,5540
50730,LAGHA,5540
50731,LIDONG,5540
50732,LIWACSA,5540
50733,MAANGAS,5540
50734,PAGSANGAHAN,5540
50735,PATROCINIO,5540
50736,PILI,5540
50737,SANTA MARIA (POB.),5540
50738,TANAWAN,5540
50739,AGAO-AO,5541
50740,AGRUPACION,5541
50741,AMOMOKPOK,5541
50742,APAD,5541
50743,APALE,5541
50744,BANGA CAVES,5541
50745,BAYA,5541
50746,BINAHAN PROPER,5541
50747,BINAHAN UPPER,5541
50748,BUENASUERTE,5541
50749,CABADISAN,5541
50750,CABINITAN,5541
50751,CABUGAO,5541
50752,CADITAAN,5541
50753,CALE,5541
50754,CATABANGAN PROPER,5541
50755,F. SIMEON (PUGOD),5541
50756,GODOFREDO REYES SR. (CATABANGAN CROSSING),5541
50757,INANDAWA,5541
50758,LAGUIO,5541
50759,LANIPGA-CAWAYAN,5541
50760,LIBORO,5541
50761,LOHONG,5541
50762,LOWER OMON,5541
50763,LOWER SANTA CRUZ,5541
50764,PANAYTAYAN,5541
50765,PANAYTAYAN NUEVO,5541
50766,PATALUNAN,5541
50767,POBLACION ILAOD,5541
50768,POBLACION IRAYA,5541
50769,PORT JUNCTION NORTE,5541
50770,PORT JUNCTION SUR,5541
50771,SALVACION,5541
50772,SAMAY,5541
50773,SAN RAFAEL,5541
50774,TAGBAC,5541
50775,UPPER OMON,5541
50776,UPPER SANTA CRUZ,5541
50777,ANIOG,5542
50778,ATULAYAN,5542
50779,BONGALON,5542
50780,BURACAN,5542
50781,CATALOTOAN,5542
50782,DEL CARMEN (POB.),5542
50783,KILANTAAO,5542
50784,KILOMAON,5542
50785,MABCA,5542
50786,MINADONGJOL,5542
50787,NATO,5542
50788,PATITINAN,5542
50789,SAN ANTONIO (POB.),5542
50790,SAN ISIDRO (POB.),5542
50791,SAN ROQUE (POB.),5542
50792,SANTO NIÑO,5542
50793,SIBAGUAN,5542
50794,TINORONGAN,5542
50795,TURAGUE,5542
50796,ALIANZA,5478
50797,BEBERON,5478
50798,BICAL,5478
50799,BOCAL,5478
50800,BONIFACIO (POB.),5478
50801,BUENAVISTA (POB.),5478
50802,CALASCAGAS,5478
50803,COTMO,5478
50804,DACULANG TUBIG,5478
50805,DEL PILAR (POB.),5478
50806,GÑARAN,5478
50807,GRIJALVO,5478
50808,LUPI,5478
50809,MARAGÑI,5478
50810,PAMUKID,5478
50811,PINAMASAGAN,5478
50812,PIPIAN,5478
50813,PLANZA,5478
50814,RIZAL (POB.),5478
50815,SAN JOAQUIN,5478
50816,SANTA CRUZ,5478
50817,TAGPOCOL,5478
50818,ADIANGAO,5249
50819,BAGACAY,5249
50820,BAHAY,5249
50821,BOCLOD,5249
50822,CALALAHAN,5249
50823,CALAWIT,5249
50824,CAMAGONG,5249
50825,CATALOTOAN,5249
50826,DANLOG,5249
50827,DEL CARMEN (POB.),5249
50828,DOLO,5249
50829,KINALANSAN,5249
50830,MAMPIRAO,5249
50831,MANZANA,5249
50832,MINORO,5249
50833,PALALE,5249
50834,PONGLON,5249
50835,PUGAY,5249
50836,SABANG,5249
50837,SALOGON,5249
50838,SAN ANTONIO (POB.),5249
50839,SAN JUAN (POB.),5249
50840,SAN VICENTE (POB.),5249
50841,SANTA CRUZ (POB.),5249
50842,SOLEDAD (POB.),5249
50843,TAGAS,5249
50844,TAMBANGAN,5249
50845,TELEGRAFO,5249
50846,TOMINAWOG,5249
50847,ALDEZAR,5545
50848,ALTEZA,5545
50849,ANIB,5545
50850,AWAYAN,5545
50851,AZUCENA,5545
50852,BAGONG SIRANG,5545
50853,BINAHIAN,5545
50854,BOLO NORTE,5545
50855,BOLO SUR,5545
50856,BULAN,5545
50857,BULAWAN,5545
50858,CABUYAO,5545
50859,CAIMA,5545
50860,CALAGBANGAN,5545
50861,CALAMPINAY,5545
50862,CARAYRAYAN,5545
50863,COTMO,5545
50864,GABI,5545
50865,GAONGAN,5545
50866,IMPIG,5545
50867,LIPILIP,5545
50868,LUBIGAN JR.,5545
50869,LUBIGAN SR.,5545
50870,MALAGUICO,5545
50871,MALUBAGO,5545
50872,MANANGLE,5545
50873,MANGAPO,5545
50874,MANGGA,5545
50875,MANLUBANG,5545
50876,MANTILA,5545
50877,NORTH CENTRO (POB.),5545
50878,NORTH VILLAZAR,5545
50879,SAGRADA FAMILIA,5545
50880,SALANDA,5545
50881,SALVACION,5545
50882,SAN ISIDRO,5545
50883,SAN VICENTE,5545
50884,SERRANZANA,5545
50885,SOUTH CENTRO (POB.),5545
50886,SOUTH VILLAZAR,5545
50887,TAISAN,5545
50888,TARA,5545
50889,TIBLE,5545
50890,TULA-TULA,5545
50891,VIGAAN,5545
50892,YABO,5545
50893,BAGONG SIRANG,5546
50894,BAHAO,5546
50895,BOBOAN,5546
50896,BUTAWANAN,5546
50897,CABUGAO,5546
50898,FUNDADO,5546
50899,HOMESTEAD,5546
50900,LA PURISIMA,5546
50901,MABUHAY,5546
50902,MALACONINI,5546
50903,MATANDANG SIRUMA,5546
50904,NALAYAHAN,5546
50905,PAMINTAN-BANTILAN,5546
50906,PINITAN,5546
50907,POBLACION,5546
50908,SALVACION,5546
50909,SAN ANDRES,5546
50910,SAN RAMON (DALDAGON),5546
50911,SULPA,5546
50912,TANDOC,5546
50913,TONGO-BANTIGUE,5546
50914,VITO,5546
50915,ABO,5547
50916,CABALINADAN,5547
50917,CARAYCAYON,5547
50918,CASUNA,5547
50919,CONSOCEP,5547
50920,COYAOYAO,5547
50921,GAAO,5547
50922,GINGAROY,5547
50923,GUBAT,5547
50924,HUYONHUYON,5547
50925,LIBOD,5547
50926,MABALODBALOD,5547
50927,MAY-ANAO,5547
50928,PANAGAN,5547
50929,POBLACION,5547
50930,SALVACION,5547
50931,SAN ANTONIO,5547
50932,SAN FRANCISCO,5547
50933,SAN MIGUEL,5547
50934,SAN RAFAEL,5547
50935,TALOJONGON,5547
50936,TINAWAGAN,5547
50937,VINAGRE,5547
50938,AGAY-AYAN,5548
50939,ANTIPOLO,5548
50940,BAGACAY,5548
50941,BANGA,5548
50942,BANI,5548
50943,BATAAN,5548
50944,BINALAY,5548
50945,BOLAOBALITE,5548
50946,BUENAVISTA,5548
50947,BUYO,5548
50948,CAGLILIOG,5548
50949,CALOCO,5548
50950,CAMAGONG,5548
50951,CANAYONAN,5548
50952,CAWAYNAN,5548
50953,DALIGAN,5548
50954,FILARCA (POB.),5548
50955,LA MEDALLA (MILE 9),5548
50956,LA PURISIMA (POB.),5548
50957,LUPI,5548
50958,MAGSAYSAY (CAMP 4),5548
50959,MAGTANG,5548
50960,MANANAO,5548
50961,NEW CAALUAN,5548
50962,OLAG GRANDE,5548
50963,OLAG PEQUEÑO,5548
50964,OLD CAALUAN,5548
50965,PAG-ASA,5548
50966,PANTAT,5548
50967,SAGRADA (CAMP 6),5548
50968,SALVACION,5548
50969,SALVACION POBLACION,5548
50970,SAN ANTONIO,5548
50971,SAN ISIDRO (POB.),5548
50972,SAN JOSE (TILTILAN),5548
50973,SAN PASCUAL (POB.),5548
50974,SAN RAMON (CAMP 7),5548
50975,SAN ROQUE,5548
50976,SAN VICENTE,5548
50977,SANTA CRUZ (POB.),5548
50978,SOGOD,5548
50979,TAMBANG,5548
50980,TIERRA NEVADA,5548
50981,UNION,5548
50982,ANTIPOLO,5549
50983,BACAK,5549
50984,BAGATABAO,5549
50985,BUGAO,5549
50986,CAHAN,5549
50987,HINIPAAN,5549
50988,MAGSAYSAY,5549
50989,POBLACION,5549
50990,QUEZON (PANCAYANAN),5549
50991,QUIGARAY,5549
50992,SAGRADA,5549
50993,SALVACION (PANUTO),5549
50994,SAN ISIDRO,5549
50995,SAN RAFAEL (MAHANTOD),5549
50996,SAN VICENTE,5549
50997,SANTA MESA,5549
50998,SANTA TERESA,5549
50999,SUCHAN,5549
51000,ABIHAO,5396
51001,AGBAN,5396
51002,BAGONG SIRANG,5396
51003,BATOLINAO,5396
51004,BENTICAYAN,5396
51005,BUENAVISTA,5396
51006,CARAGUMIHAN,5396
51007,DANAO,5396
51008,EASTERN POBLACION,5396
51009,GINITLIGAN,5396
51010,GUINSAANAN,5396
51011,J. M. ALBERTO,5396
51012,MACUTAL,5396
51013,MONING,5396
51014,NAGBARORONG,5396
51015,OSMEÑA,5396
51016,P. TESTON,5396
51017,PANIQUIHAN,5396
51018,PURARAN,5396
51019,PUTSAN,5396
51020,QUEZON,5396
51021,RIZAL,5396
51022,SAGRADA,5396
51023,SALVACION,5396
51024,SAN LORENZO,5396
51025,SAN MIGUEL,5396
51026,SANTA MARIA,5396
51027,TILOD,5396
51028,WESTERN POBLACION,5396
51029,AROYAO PEQUEÑO,5514
51030,BAGUMBAYAN,5514
51031,BANAWANG,5514
51032,BATALAY,5514
51033,BINANUAHAN,5514
51034,BOTE,5514
51035,BUENAVISTA,5514
51036,CABUGAO,5514
51037,CAGRARAY,5514
51038,CARORIAN,5514
51039,GUINOBATAN,5514
51040,ILAWOD (POB.),5514
51041,LIBJO,5514
51042,LIBOD POBLACION,5514
51043,MARINAWA,5514
51044,MINTAY,5514
51045,OGUIS,5514
51046,PANANAOGAN,5514
51047,SAN ANDRES,5514
51048,SAN PEDRO,5514
51049,SAN ROQUE,5514
51050,SANTA ISABEL,5514
51051,SIBACUNGAN,5514
51052,SIPI,5514
51053,TALISAY,5514
51054,TAMBURAN,5514
51055,TILIS,5514
51056,BAYBAY (POB.),5552
51057,BOCON,5552
51058,BOTHOAN (POB.),5552
51059,BUENAVISTA,5552
51060,BULALACAO,5552
51061,CAMBURO,5552
51062,DARIAO,5552
51063,DATAG EAST,5552
51064,DATAG WEST,5552
51065,GUIAMLONG,5552
51066,HITOMA,5552
51067,ICANBATO (POB.),5552
51068,INALMASINAN,5552
51069,IYAO,5552
51070,MABINI,5552
51071,MAUI,5552
51072,MAYSURAN,5552
51073,MILAVIGA,5552
51074,OBI,5552
51075,PANIQUE,5552
51076,SABANGAN,5552
51077,SABLOYON,5552
51078,SALVACION,5552
51079,SUPANG,5552
51080,TOYTOY (POB.),5552
51081,TUBLI,5552
51082,TUCAO,5552
51083,BIONG,5553
51084,DORORIAN,5553
51085,POBLACION DISTRICT I,5553
51086,POBLACION DISTRICT II,5553
51087,POBLACION DISTRICT III,5553
51088,SAN PEDRO,5553
51089,SAN VICENTE,5553
51090,SICMIL,5553
51091,SIORON,5553
51092,BAGAWANG,5554
51093,BALAGÑONAN,5554
51094,BALDOC,5554
51095,CANLUBI,5554
51096,CATAMBAN,5554
51097,COBO,5554
51098,HIYOP,5554
51099,LIBOD (POB.),5554
51100,LOURDES,5554
51101,LUMABAO,5554
51102,MARAMBONG,5554
51103,NAPO (POB.),5554
51104,OGA,5554
51105,PANDAN DEL NORTE (POB.),5554
51106,PANDAN DEL SUR (POB.),5554
51107,PANUTO,5554
51108,POROT (SAN JOSE),5554
51109,SALVACION (TARIWARA),5554
51110,SAN ANDRES (DINUNGSURAN),5554
51111,SAN ISIDRO (LANGOB),5554
51112,SAN RAFAEL (BOGTONG),5554
51113,SAN ROQUE,5554
51114,SANTA CRUZ (CATAGBACAN),5554
51115,TABUGOC,5554
51116,TOKIO,5554
51117,WAGDAS,5554
51118,ALINAWAN,5555
51119,BABAGUAN,5555
51120,BAGONG BAYAN,5555
51121,BURABOD,5555
51122,CABUYOAN,5555
51123,CAGDARAO,5555
51124,MABINI,5555
51125,MACULIW,5555
51126,PANAY,5555
51127,SALVACION (POB.),5555
51128,SAN ANTONIO,5555
51129,SAN JOAQUIN (POB.),5555
51130,SAN JOSE (POB.),5555
51131,SAN JUAN (POB.),5555
51132,SAN MIGUEL,5555
51133,SAN NICOLAS (POB.),5555
51134,SAN PEDRO (POB.),5555
51135,SAN VICENTE (POB.),5555
51136,SANTA ANA (POB.),5555
51137,SANTA MARIA (POB.),5555
51138,SANTO SANTIAGO (POB.),5555
51139,TAOPON (PANGCAYANAN),5555
51140,TIBO,5555
51141,AGOJO,5556
51142,ALIBUAG,5556
51143,ASGAD (JUAN M. ALBERTO),5556
51144,BAGONG SIRANG,5556
51145,BARIHAY,5556
51146,BATONG PALOWAY,5556
51147,BELMONTE (POB.),5556
51148,BISLIG,5556
51149,BON-OT,5556
51150,CABCAB,5556
51151,CABUNGAHAN,5556
51152,CARANGAG,5556
51153,CATAGBACAN,5556
51154,CODON,5556
51155,COMAGAYCAY,5556
51156,DATAG,5556
51157,DIVINO ROSTRO (POB.),5556
51158,ESPERANZA (POB.),5556
51159,HILAWAN,5556
51160,LICTIN,5556
51161,LUBAS,5556
51162,MANAMBRAG,5556
51163,MAYNGAWAY,5556
51164,PALAWIG,5556
51165,PUTING BAYBAY,5556
51166,RIZAL,5556
51167,SALVACION (POB.),5556
51168,SAN ISIDRO,5556
51169,SAN JOSE,5556
51170,SAN ROQUE (POB.),5556
51171,SAN VICENTE,5556
51172,SANTA CRUZ (POB.),5556
51173,SAPANG PALAY (POB.),5556
51174,TIBANG,5556
51175,TIMBAAN,5556
51176,TOMINAWOG,5556
51177,WAGDAS (POB.),5556
51178,YOCTI,5556
51179,ATSAN (DISTRICT I),5178
51180,BALATOHAN,5178
51181,BOTON,5178
51182,BUHI,5178
51183,DAYAWA,5178
51184,J. M. ALBERTO,5178
51185,KATIPUNAN,5178
51186,KILIKILIHAN,5178
51187,MABATO,5178
51188,OBO,5178
51189,PACOGON,5178
51190,PAGSANGAHAN,5178
51191,PANGILAO,5178
51192,PARAISO,5178
51193,POBLACION DISTRICT II,5178
51194,POBLACION DISTRICT III,5178
51195,PROGRESO,5178
51196,SALVACION (PATAGAN),5178
51197,SAN JUAN (AROYAO),5178
51198,SAN MARCOS,5178
51199,SANTA ELENA (PATAGAN),5178
51200,SIAY,5178
51201,SOLONG,5178
51202,TOBREHON,5178
51203,ALMOJUELA,5558
51204,ANANONG,5558
51205,ASUNCION (POB.),5558
51206,BATOHONAN,5558
51207,BEGONIA,5558
51208,BOTINAGAN,5558
51209,BUENAVISTA,5558
51210,BURGOS,5558
51211,DEL PILAR,5558
51212,MABINI,5558
51213,MAGSAYSAY,5558
51214,OGBONG,5558
51215,OSMEÑA,5558
51216,PEDRO VERA (SUMMIT),5558
51217,PEÑAFRANCIA (POB.),5558
51218,QUEZON,5558
51219,QUIRINO (ABUGAN),5558
51220,RIZAL,5558
51221,ROXAS,5558
51222,SAGRADA,5558
51223,SAN ISIDRO (POB.),5558
51224,SAN JOSE OCO,5558
51225,SAN JOSE POBLACION,5558
51226,SAN PEDRO (POB.),5558
51227,SAN ROQUE (POB.),5558
51228,SAN VICENTE (POB.),5558
51229,SANTA ROSA,5558
51230,SOBOC,5558
51231,TAMBONGON,5558
51232,TINAGO,5558
51233,VILLA AURORA,5558
51234,ANTIPOLO DEL NORTE,5559
51235,ANTIPOLO DEL SUR,5559
51236,BALITE,5559
51237,BATAG,5559
51238,BIGAA,5559
51239,BUENAVISTA,5559
51240,BUYO,5559
51241,CABIHIAN,5559
51242,CALABNIGAN,5559
51243,CALAMPONG,5559
51244,CALATAGAN PROPER,5559
51245,CALATAGAN TIBANG,5559
51246,CAPILIHAN,5559
51247,CASOOCAN,5559
51248,CAVINITAN,5559
51249,CONCEPCION (POB.),5559
51250,CONSTANTINO (POB.),5559
51251,DANICOP,5559
51252,DUGUI SAN ISIDRO,5559
51253,DUGUI SAN VICENTE,5559
51254,DUGUI TOO,5559
51255,F. TACORDA VILLAGE,5559
51256,FRANCIA (POB.),5559
51257,GOGON CENTRO,5559
51258,GOGON SIRANGAN,5559
51259,HAWAN GRANDE,5559
51260,HAWAN ILAYA,5559
51261,HICMING,5559
51262,IBONG SAPA (SAN VICENTE SUR),5559
51263,IGANG,5559
51264,JUAN M. ALBERTO (PONITON),5559
51265,LANAO (POB.),5559
51266,MAGNESIA DEL NORTE,5559
51267,MAGNESIA DEL SUR,5559
51268,MARCELO ALBERTO (POB.),5559
51269,MARILIMA,5559
51270,PAJO BAGUIO,5559
51271,PAJO SAN ISIDRO,5559
51272,PALNAB DEL NORTE,5559
51273,PALNAB DEL SUR,5559
51274,PALTA BIG,5559
51275,PALTA SALVACION,5559
51276,PALTA SMALL,5559
51277,RAWIS (POB.),5559
51278,SALVACION,5559
51279,SAN ISIDRO VILLAGE,5559
51280,SAN JOSE (POB.),5559
51281,SAN JUAN (POB.),5559
51282,SAN PABLO (POB.),5559
51283,SAN PEDRO (POB.),5559
51284,SAN ROQUE (POB.),5559
51285,SAN VICENTE,5559
51286,SANTA CRUZ,5559
51287,SANTA ELENA (POB.),5559
51288,SANTO CRISTO,5559
51289,SANTO DOMINGO,5559
51290,SANTO NIÑO,5559
51291,SIMAMLA,5559
51292,SOGOD-SIMAMLA,5559
51293,SOGOD-TIBGAO,5559
51294,TALISOY,5559
51295,TUBAON,5559
51296,VALENCIA,5559
51297,AMBOLONG,5560
51298,AMOROY,5560
51299,AMUTAG,5560
51300,BAGAUMA,5560
51301,BALAWING,5560
51302,BALETE,5560
51303,BANGON,5560
51304,CABANGCALAN,5560
51305,CABAS-AN,5560
51306,CALANAY,5560
51307,CAPSAY,5560
51308,CONCEPCION,5560
51309,DAYHAGAN,5560
51310,DON PABLO DELA ROSA,5560
51311,GUMAHANG,5560
51312,JABOYOAN,5560
51313,LANANG,5560
51314,LUY-A,5560
51315,MACABUG,5560
51316,MALUBI,5560
51317,MANAGANAGA,5560
51318,MANAMOC,5560
51319,MARIPOSA,5560
51320,MATABA,5560
51321,MATALANGTALANG,5560
51322,MATANGOG,5560
51323,NABONGSORAN,5560
51324,PANGLE,5560
51325,PANIQUE,5560
51326,PINANAAN,5560
51327,POBLACION,5560
51328,PURO,5560
51329,SAN AGUSTIN,5560
51330,SAN ISIDRO,5560
51331,SAWANG,5560
51332,SYNDICATE,5560
51333,TALABAAN,5560
51334,TALIB,5560
51335,TIGBAO,5560
51336,TINAGO,5560
51337,TINIGBAN,5560
51338,BAAO,5561
51339,BANASE,5561
51340,BATUILA,5561
51341,CAGARA,5561
51342,CAGPANDAN,5561
51343,CANCAHORAO,5561
51344,CANJUNDAY,5561
51345,DOCOL,5561
51346,EASTERN CAPSAY,5561
51347,GABI,5561
51348,GANGAO,5561
51349,LAGTA,5561
51350,LAHONG INTERIOR,5561
51351,LAHONG PROPER,5561
51352,LIPATA,5561
51353,MADANGCALAN,5561
51354,MAGDALENA,5561
51355,MANOBOC,5561
51356,OBONGON DIOT,5561
51357,POBLACION,5561
51358,POLOT,5561
51359,POTOSON,5561
51360,SOG-ONG,5561
51361,TINAPIAN,5561
51362,BAYBAY (LUMOCAB),5562
51363,BONGCANAWAY,5562
51364,CALUMPANG,5562
51365,CANTIL,5562
51366,CASAMONGAN,5562
51367,DANAO,5562
51368,DAO,5562
51369,GUINBANWAHAN,5562
51370,ILAYA,5562
51371,JANGAN,5562
51372,JINTOTOLO,5562
51373,MABUHAY (BONGCANAWAY III),5562
51374,MAPILI,5562
51375,MAPITOGO,5562
51376,PAJO,5562
51377,PALANE,5562
51378,PANGUIRANAN,5562
51379,PANUBIGAN,5562
51380,POBLACION (BALUD),5562
51381,PULANDUTA,5562
51382,QUINAYANGAN DIOTAY,5562
51383,QUINAYANGAN TONGA,5562
51384,SALVACION,5562
51385,SAMPAD,5562
51386,SAN ANDRES (QUINAYANGAN DACU),5562
51387,SAN ANTONIO,5562
51388,SAPATOS,5562
51389,TALISAY,5562
51390,TONGA,5562
51391,UBO,5562
51392,VICTORY (VICTORIA),5562
51393,VILLA ALVAREZ,5562
51394,BURGOS,5563
51395,CAMBAÑEZ,5563
51396,CANARES,5563
51397,COSTA RICA,5563
51398,DANAO,5563
51399,GIBRALTAR,5563
51400,MABUHAY,5563
51401,MATABAO,5563
51402,NASANDIG,5563
51403,PANISIHAN,5563
51404,POBLACION,5563
51405,RIZAL,5563
51406,ROYROY,5563
51407,SAWANG,5563
51408,ABACA,5564
51409,AGUADA,5564
51410,BADIANG,5564
51411,BAGUMBAYAN,5564
51412,CADULAWAN,5564
51413,CAGBATANG,5564
51414,CHIMENEA,5564
51415,CONCEPCION,5564
51416,CURVADA,5564
51417,DIVISORIA,5564
51418,DOMOROG,5564
51419,ESTAMPAR,5564
51420,GAHIT,5564
51421,LIBTONG,5564
51422,LIONG,5564
51423,MAANAHAO,5564
51424,MADAMBA,5564
51425,MALOBAGO,5564
51426,MATAYUM,5564
51427,MATUBINAO,5564
51428,MINTAC,5564
51429,NADAWISAN,5564
51430,OSMEÑA,5564
51431,PAWICAN,5564
51432,PITOGO,5564
51433,POBLACION,5564
51434,QUEZON,5564
51435,SAN ISIDRO,5564
51436,SAN JOSE,5564
51437,SAN PEDRO,5564
51438,SAN RAFAEL,5564
51439,SANTA TERESITA,5564
51440,SANTO NIÑO,5564
51441,TAGBOAN,5564
51442,TUYBO,5564
51443,VILLA POGADO,5564
51444,BEGIA,5565
51445,CABAYUGAN,5565
51446,CABUNGAHAN,5565
51447,CALAPAYAN,5565
51448,CALUMPANG,5565
51449,CHICO ISLAND,5565
51450,DALIPE,5565
51451,DIVISORIA,5565
51452,GILOTONGAN,5565
51453,GUIOM,5565
51454,IRAYA,5565
51455,ITOMBATO,5565
51456,LAGUE-LAGUE,5565
51457,LIBERTAD,5565
51458,LOOC,5565
51459,MACTAN,5565
51460,MADBAD,5565
51461,MAHAYAHAY,5565
51462,MAIHAO,5565
51463,MALBUG,5565
51464,NARO,5565
51465,PALOBANDERA,5565
51466,PANANAWAN,5565
51467,PEÑA ISLAND,5565
51468,PIN-AS,5565
51469,POBLACION,5565
51470,PULOT,5565
51471,PUNTA BATSAN,5565
51472,R.M. MAGBALON (BEBINAN),5565
51473,RECODO,5565
51474,SAN JOSE,5565
51475,SAN VICENTE,5565
51476,TABERNA,5565
51477,TALISAY,5565
51478,TUBOG,5565
51479,TUBURAN,5565
51480,VILLAHERMOSA,5565
51481,ALBASAN,5060
51482,BOCA ENGAÑO,5060
51483,BUYO,5060
51484,CALPI,5060
51485,CANOMAY,5060
51486,CAWAYAN,5060
51487,IMELDA,5060
51488,MABABANG BAYBAY,5060
51489,MABITON,5060
51490,MANAPAO,5060
51491,NABASAGAN,5060
51492,NONOC,5060
51493,OSMEÑA,5060
51494,PASIG,5060
51495,PEÑAFRANCIA,5060
51496,POBLACION DISTRICT I (BGY. 1),5060
51497,POBLACION DISTRICT II (BGY. 2),5060
51498,QUEZON,5060
51499,SAN ISIDRO,5060
51500,SAN RAMON,5060
51501,SAN VICENTE,5060
51502,TAGUILID,5060
51503,BALANTAY,5567
51504,BALOCAWE,5567
51505,BANAHAO,5567
51506,BUENAFLOR,5567
51507,BURACAN,5567
51508,CABANOYOAN,5567
51509,CABRERA,5567
51510,CADULAN,5567
51511,CALABAD,5567
51512,CANOMAY,5567
51513,DIVISORIA,5567
51514,GAID,5567
51515,GREGORIO ALINO (PIA-ONG),5567
51516,MAGCARAGUIT,5567
51517,MAMBOG,5567
51518,POBLACION,5567
51519,RIZAL,5567
51520,SAN VICENTE,5567
51521,SUBA,5567
51522,T.R. YANGCO (YANCO),5567
51523,AGOHO,5568
51524,ALMERO,5568
51525,BARAS,5568
51526,DOMOROG,5568
51527,GUADALUPE,5568
51528,ILIGAN,5568
51529,LABANGTAYTAY,5568
51530,LABRADOR,5568
51531,LIBERTAD,5568
51532,MAGSAYSAY,5568
51533,MASBARANON,5568
51534,POBLACION,5568
51535,POTINGBATO,5568
51536,RIZAL,5568
51537,SAN ROQUE,5568
51538,SANTIAGO,5568
51539,SOROSIMBAJAN,5568
51540,TAWAD,5568
51541,TUNGA,5568
51542,VILLA,5568
51543,ALAS,5569
51544,AYAT,5569
51545,BAT-ONGAN,5569
51546,BUGTONG,5569
51547,BURI,5569
51548,CABITAN,5569
51549,CAGMASOSO,5569
51550,CANOMOY,5569
51551,CENTRO,5569
51552,DAYAO,5569
51553,GUINCAIPTAN,5569
51554,LAGUINBANWA,5569
51555,LANTANGAN,5569
51556,LOOC,5569
51557,MABATOBATO,5569
51558,MAOLINGON,5569
51559,NAILABAN,5569
51560,NANIPSAN,5569
51561,PINAMANGCAAN,5569
51562,POBLACION,5569
51563,POLO DACU,5569
51564,SAN JUAN,5569
51565,SAN PABLO,5569
51566,SANTA FE,5569
51567,TAGPU,5569
51568,TUMALAYTAY,5569
51569,ANAS,5570
51570,ASID,5570
51571,B. TITONG,5570
51572,BAGUMBAYAN,5570
51573,BANTIGUE,5570
51574,BAPOR (POB.),5570
51575,BATUHAN,5570
51576,BAYOMBON,5570
51577,BIYONG,5570
51578,BOLO,5570
51579,CAGAY,5570
51580,CAWAYAN EXTERIOR,5570
51581,CAWAYAN INTERIOR,5570
51582,CENTRO (POB.),5570
51583,ESPINOSA,5570
51584,F. MAGALLANES,5570
51585,IBINGAY,5570
51586,IGANG,5570
51587,KALIPAY (POB.),5570
51588,KINAMALIGAN,5570
51589,MALINTA,5570
51590,MAPIÑA,5570
51591,MAYNGARAN,5570
51592,NURSERY,5570
51593,PATING (POB.),5570
51594,PAWA,5570
51595,SINALONGAN,5570
51596,TUGBO,5570
51597,UBONGAN DACU,5570
51598,USAB,5570
51599,BACOLOD,5571
51600,BANGAD,5571
51601,BARA,5571
51602,BONBON,5571
51603,CALASUCHE,5571
51604,CALUMPANG (TAISAN),5571
51605,CAPACULAN,5571
51606,CAYABON,5571
51607,GUINLUTHANGAN,5571
51608,JAMORAWON,5571
51609,MAGSALANGI,5571
51610,MATAGBAC,5571
51611,MATANGLAD,5571
51612,MATIPORON,5571
51613,MOISES R. ESPINOSA,5571
51614,NARANGASAN,5571
51615,PAMANGPANGON,5571
51616,PARAISO (POTOT),5571
51617,POBLACION EAST,5571
51618,POBLACION WEST,5571
51619,SAN ANTONIO,5571
51620,SAN CARLOS,5571
51621,SAWMILL,5571
51622,TAGBON,5571
51623,TAWAD,5571
51624,TIGBAO,5571
51625,TINACLIPAN (BATO),5571
51626,BAANG,5572
51627,BAGACAY,5572
51628,BALATUCAN,5572
51629,BARAG,5572
51630,DACU,5572
51631,FABRICA,5572
51632,GUINTORELAN,5572
51633,HOLJOGON,5572
51634,LALAGUNA,5572
51635,LOMOCLOC,5572
51636,LUYONG CATUNGAN,5572
51637,MABUHAY,5572
51638,MANDALI,5572
51639,MAPUYO,5572
51640,MARINTOC,5572
51641,NASUNDUAN,5572
51642,PINAMALATICAN,5572
51643,PINAMARBUHAN,5572
51644,POBLACION DIST. I,5572
51645,POBLACION DIST. II,5572
51646,POLOT,5572
51647,SAMBULAWAN,5572
51648,SANTA MARIA,5572
51649,SAWMILL,5572
51650,TABUC,5572
51651,TUGAWE,5572
51652,TUGBO,5572
51653,UMABAY EXTERIOR,5572
51654,UMABAY INTERIOR,5572
51655,CANTORNA,5573
51656,FAMOSA,5573
51657,GUINHADAP,5573
51658,MACARTHUR,5573
51659,MAGLAMBONG,5573
51660,MOROCBOROCAN,5573
51661,POBLACION,5573
51662,REAL,5573
51663,RIZAL,5573
51664,SANTO NIÑO,5573
51665,TOGORON,5573
51666,ANTIPOLO,5574
51667,BANCO,5574
51668,BIGA-A,5574
51669,BONTOD,5574
51670,BUENASUERTE,5574
51671,INTUSAN,5574
51672,JOSE A. ABENIR SR. (LIBTONG),5574
51673,MAANAHAO,5574
51674,MABINI,5574
51675,MALATAWAN,5574
51676,MALIBAS,5574
51677,MARAVILLA,5574
51678,MATUGNAO,5574
51679,MIABAS,5574
51680,NABANGIG,5574
51681,NIPA,5574
51682,PARINA,5574
51683,PIÑA,5574
51684,POBLACION,5574
51685,SALVACION,5574
51686,SAN ANTONIO,5574
51687,SAN CARLOS,5574
51688,SAN ISIDRO,5574
51689,SANTA CRUZ,5574
51690,ALEGRIA,5575
51691,BUENASUERTE,5575
51692,BUGANG,5575
51693,BUGTONG,5575
51694,BUNDUCAN,5575
51695,CABANGRAYAN,5575
51696,CALONGONGAN,5575
51697,CASABANGAN,5575
51698,GUINDAWAHAN,5575
51699,LABIGAN,5575
51700,LAMPUYANG,5575
51701,MABUHAY,5575
51702,PALHO,5575
51703,POBLACION,5575
51704,SALVACION,5575
51705,TANQUE,5575
51706,TUBIGAN,5575
51707,TUBOG,5575
51708,AGUADA,5576
51709,BAN-AO,5576
51710,BURABOD,5576
51711,CABANGCALAN,5576
51712,CALUMPANG,5576
51713,CAMAYABSAN,5576
51714,DAANLUNGSOD,5576
51715,DANGPANAN,5576
51716,DARAGA,5576
51717,GUIN-AWAYAN,5576
51718,GUINHAN-AYAN,5576
51719,KATIPUNAN,5576
51720,LIBAS,5576
51721,LOCSO-AN,5576
51722,LUNA,5576
51723,MAHAYAG,5576
51724,MAHAYAHAY,5576
51725,MANLUT-OD,5576
51726,MATAGANTANG,5576
51727,NABOCTOT,5576
51728,NAGARAO,5576
51729,NAINDAY,5576
51730,NAOCONDIOT,5576
51731,PASIAGON,5576
51732,PILI,5576
51733,POBLACION,5576
51734,PURO,5576
51735,QUIBRADA,5576
51736,SAN MARCOS,5576
51737,SANTA CRUZ,5576
51738,TABOC,5576
51739,TAN-AWAN,5576
51740,TAVERNA,5576
51741,TUBOD,5576
51742,VILLA INOCENCIO,5576
51743,ALTAVISTA,5478
51744,BAYANIHAN POB. (DISTRICT 4),5478
51745,BAYBAYDAGAT POB. (DISTRICT 1),5478
51746,BENITINAN,5478
51747,BUENASUERTE,5478
51748,BUENAVISTA,5478
51749,BUENOS AIRES,5478
51750,BUYO,5478
51751,CAÑELAS,5478
51752,CORBADA,5478
51753,DAPLIAN,5478
51754,DEL ROSARIO,5478
51755,IPIL,5478
51756,LAHONG,5478
51757,LUMBIA,5478
51758,MAGKAIPIT,5478
51759,MAGSASAKA POB. (DISTRICT 3),5478
51760,MINIO,5478
51761,PINAMOGHAAN,5478
51762,PROGRESO,5478
51763,RESURRECCION,5478
51764,SALVACION,5478
51765,SILANGAN POB. (DISTRICT 2),5478
51766,SOWA,5478
51767,TALISAY,5478
51768,VALPARAISO,5478
51769,ALMIÑE,5030
51770,BAGACAY,5030
51771,BAGAHANGLAD,5030
51772,BARTOLABAC,5030
51773,BURGOS,5030
51774,CALIPAT-AN,5030
51775,DANAO,5030
51776,DISTRICT I (POB.),5030
51777,DISTRICT II (POB.),5030
51778,DISTRICT III (POB.),5030
51779,DISTRICT IV (POB.),5030
51780,DORONG-AN DAPLIAN,5030
51781,INTERIOR,5030
51782,JAGNA-AN,5030
51783,LUNA,5030
51784,MABINI,5030
51785,PIÑA,5030
51786,ROOSEVELT,5030
51787,SAN ISIDRO,5030
51788,SANTA ROSA,5030
51789,WASHINGTON,5030
51790,BOCA CHICA,5292
51791,BOLOD (POB.),5292
51792,BUSING,5292
51793,CUEVA,5292
51794,DANGCALAN,5292
51795,HALABANGBAYBAY,5292
51796,INIWARAN,5292
51797,KI-BUAYA (RIZAL),5292
51798,KI-ROMERO (ROXAS),5292
51799,LAURENTE,5292
51800,MABINI,5292
51801,MABUHAY,5292
51802,MALAKING ILOG,5292
51803,MAPANIQUE,5292
51804,NAZARENO,5292
51805,PINAMASINGAN,5292
51806,QUINTINA,5292
51807,SAN JOSE,5292
51808,SAN PEDRO,5292
51809,SAN RAFAEL,5292
51810,SANTA CRUZ,5292
51811,TERRAPLIN (POB.),5292
51812,ARADO,5580
51813,ARMENIA,5580
51814,AURORA,5580
51815,BADLING,5580
51816,BONIFACIO,5580
51817,BUENASUERTE,5580
51818,BUENAVISTA,5580
51819,CAMPANA,5580
51820,CANDELARIA,5580
51821,CENTRO,5580
51822,CROSSING,5580
51823,DAPDAP,5580
51824,DEL CARMEN,5580
51825,DEL ROSARIO,5580
51826,LIBERTAD,5580
51827,MABINI,5580
51828,MABUHAY,5580
51829,MADAO,5580
51830,MAGSAYSAY,5580
51831,MARCELLA,5580
51832,MIAGA,5580
51833,MONGAHAY,5580
51834,MOROCBOROCAN,5580
51835,PAGUIHAMAN,5580
51836,PANICIJAN,5580
51837,POBLACION,5580
51838,QUEZON,5580
51839,SAN ISIDRO,5580
51840,SAN JOSE,5580
51841,SAN MATEO,5580
51842,SAN RAMON,5580
51843,SAN VICENTE,5580
51844,SANTO CRISTO,5580
51845,SAWANG,5580
51846,SIMAWA,5580
51847,ALEGRIA,5581
51848,BAGACAY,5581
51849,BANGATE,5581
51850,BUGTONG,5581
51851,CAGANG,5581
51852,FABRICA,5581
51853,JIBONG,5581
51854,LAGO,5581
51855,LAYOG,5581
51856,LUNETA,5581
51857,MACABARI,5581
51858,MAPAPAC,5581
51859,OLANDIA,5581
51860,PAGHALUBAN,5581
51861,POBLACION CENTRAL,5581
51862,POBLACION NORTE,5581
51863,POBLACION SUR,5581
51864,PUTIAO,5581
51865,SAN ANTONIO,5581
51866,SAN ISIDRO,5581
51867,SAN RAMON,5581
51868,SAN VICENTE,5581
51869,SANTA CRUZ,5581
51870,SANTA LOURDES,5581
51871,TAGDON,5581
51872,A. BONIFACIO,5582
51873,ABAD SANTOS,5582
51874,AGUINALDO,5582
51875,ANTIPOLO,5582
51876,BEGUIN,5582
51877,BENIGNO S. AQUINO (IMELDA),5582
51878,BICAL,5582
51879,BONGA,5582
51880,BUTAG,5582
51881,CADANDANAN,5582
51882,CALOMAGON,5582
51883,CALPI,5582
51884,COCOK-CABITAN,5582
51885,DAGANAS,5582
51886,DANAO,5582
51887,DOLOS,5582
51888,E. QUIRINO,5582
51889,FABRICA,5582
51890,G. DEL PILAR (TANGA),5582
51891,GATE,5582
51892,INARARAN,5582
51893,J. GERONA,5582
51894,J.P. LAUREL (PON-OD),5582
51895,JAMORAWON,5582
51896,LAJONG,5582
51897,LIBERTAD,5582
51898,M. ROXAS,5582
51899,MAGSAYSAY,5582
51900,MANAGANAGA,5582
51901,MARINAB,5582
51902,MONTECALVARIO,5582
51903,N. ROQUE (RIZAL),5582
51904,NAMO,5582
51905,NASUJE,5582
51906,OBRERO,5582
51907,OSMEÑA,5582
51908,OTAVI,5582
51909,PADRE DIAZ,5582
51910,PALALE,5582
51911,QUEZON,5582
51912,R. GERONA,5582
51913,RECTO,5582
51914,SAGRADA,5582
51915,SAN FRANCISCO,5582
51916,SAN ISIDRO,5582
51917,SAN JUAN BAG-O,5582
51918,SAN JUAN DAAN,5582
51919,SAN RAFAEL,5582
51920,SAN RAMON,5582
51921,SAN VICENTE,5582
51922,SANTA REMEDIOS,5582
51923,SANTA TERESITA,5582
51924,SIGAD,5582
51925,SOMAGONGSONG,5582
51926,TAROMATA,5582
51927,ZONE I POB. (BGY. 1- SOUTH ILAWOD),5582
51928,ZONE II POB. (BGY. 2- WEST ILAWOD),5582
51929,ZONE III POB. (BGY. 3- EAST ILAWOD),5582
51930,ZONE IV POB. (BGY. 4- WEST CENTRAL),5582
51931,ZONE V POB. (BGY. 5-LANIPAN),5582
51932,ZONE VI POB. (BGY. 6- BAYBAY),5582
51933,ZONE VII POB. (BGY. 7- IRAYA),5582
51934,ZONE VIII POB. (BGY. 8- LOYO),5582
51935,BAGACAY,5583
51936,CENTRAL (POB.),5583
51937,COGON,5583
51938,DANCALAN,5583
51939,DAPDAP (POB.),5583
51940,LALUD,5583
51941,LOOBAN (POB.),5583
51942,MABUHAY (POB.),5583
51943,MADLAWON (POB.),5583
51944,POCTOL (POB.),5583
51945,POROG,5583
51946,SABANG (POB.),5583
51947,SALVACION,5583
51948,SAN ANTONIO,5583
51949,SAN BERNARDO,5583
51950,SAN FRANCISCO,5583
51951,SAN ISIDRO,5583
51952,SAN JOSE,5583
51953,SAN RAFAEL,5583
51954,SAN ROQUE,5583
51955,SAN VICENTE (BUHANG),5583
51956,SANTA BARBARA,5583
51957,SAPNGAN (POB.),5583
51958,TINAMPO,5583
51959,ADOVIS (POB.),5138
51960,BOTON,5138
51961,BURGOS,5138
51962,CASAY,5138
51963,CAWIT,5138
51964,CENTRAL (POB.),5138
51965,COGON,5138
51966,COLAMBIS,5138
51967,ESCUALA,5138
51968,INLAGADIAN,5138
51969,LUNGIB,5138
51970,MABINI,5138
51971,PONONG,5138
51972,RIZAL,5138
51973,SAN ANTONIO (BOHO),5138
51974,SAN ISIDRO,5138
51975,SAN JUAN,5138
51976,SAN PASCUAL,5138
51977,SANTA CRUZ,5138
51978,SOMAL-OT (POB.),5138
51979,TIGBAO,5138
51980,TIMBAYOG (POB.),5138
51981,TIRIS,5138
51982,TRECE MARTIREZ,5138
51983,TULAY,5138
51984,AMOMONTING,5585
51985,BAGALAYAG,5585
51986,BAGONG SIRANG,5585
51987,BONGA,5585
51988,BUENAVISTA,5585
51989,BURABOD,5585
51990,CABURACAN,5585
51991,CANJELA,5585
51992,COGON,5585
51993,CUMADCAD,5585
51994,DANGCALAN,5585
51995,DINAPA,5585
51996,LA UNION,5585
51997,LIBTONG,5585
51998,LORETO,5585
51999,MACALAYA,5585
52000,MARACABAC,5585
52001,MAYON,5585
52002,MAYPANGI,5585
52003,MILAGROSA,5585
52004,MILUYA,5585
52005,MONTE CARMELO,5585
52006,ORAS,5585
52007,PANDAN,5585
52008,POBLACION,5585
52009,QUIRAPI,5585
52010,SACLAYAN,5585
52011,SALVACION,5585
52012,SAN ISIDRO,5585
52013,SAN RAFAEL,5585
52014,SAN ROQUE,5585
52015,SAN VICENTE,5585
52016,SOGOY,5585
52017,TOMALAYTAY,5585
52018,ALIN,5586
52019,AWAI,5586
52020,BANBAN,5586
52021,BANDI,5586
52022,BANUANG GURANG,5586
52023,BARAS,5586
52024,BAYAWAS,5586
52025,BORORAN BARANGAY 1 (POB.),5586
52026,CABUGAO,5586
52027,CENTRAL BARANGAY 2 (POB.),5586
52028,CRISTO,5586
52029,DANCALAN,5586
52030,DE VERA,5586
52031,GIMAGAAN,5586
52032,GIRAWAN,5586
52033,GOGON,5586
52034,GURA,5586
52035,JUAN ADRE,5586
52036,LOURDES,5586
52037,MABINI,5586
52038,MALAPOC,5586
52039,MALINAO,5586
52040,MARKET SITE BARANGAY 3 (POB.),5586
52041,NEW MAGUISA,5586
52042,OGOD (CROSSING),5586
52043,OLD MAGUISA,5586
52044,ORANGE,5586
52045,PANGPANG,5586
52046,PARINA,5586
52047,PAWALA,5586
52048,PINAMANAAN,5586
52049,POSO POB. (BARANGAY 5),5586
52050,PUNTA WALING-WALING POB. (BARANGAY 4),5586
52051,RAWIS,5586
52052,SAN ANTONIO,5586
52053,SAN ISIDRO,5586
52054,SAN JOSE,5586
52055,SAN RAFAEL,5586
52056,SAN RAMON,5586
52057,SAN VICENTE,5586
52058,SANTA CRUZ,5586
52059,SEVILLA,5586
52060,SIBAGO,5586
52061,SUGUIAN,5586
52062,TAGBAC,5586
52063,TINANOGAN,5586
52064,TONGDOL,5586
52065,TRES MARIAS,5586
52066,TUBA,5586
52067,TUPAS,5586
52068,VINISITAHAN,5586
52069,ARIMAN,5587
52070,BAGACAY,5587
52071,BALUD DEL NORTE (POB.),5587
52072,BALUD DEL SUR (POB.),5587
52073,BENGUET,5587
52074,BENTUCO,5587
52075,BERIRAN,5587
52076,BUENAVISTA,5587
52077,BULACAO,5587
52078,CABIGAAN,5587
52079,CABIGUHAN,5587
52080,CARRIEDO,5587
52081,CASILI,5587
52082,COGON,5587
52083,COTA NA DACO (POB.),5587
52084,DITA,5587
52085,JUPI,5587
52086,LAPINIG,5587
52087,LUNA-CANDOL (POB.),5587
52088,MANAPAO,5587
52089,MANOOK (POB.),5587
52090,NAAGTAN,5587
52091,NATO,5587
52092,NAZARENO,5587
52093,OGAO,5587
52094,PACO,5587
52095,PANGANIBAN (POB.),5587
52096,PARADIJON (POB.),5587
52097,PATAG,5587
52098,PAYAWIN,5587
52099,PINONTINGAN (POB.),5587
52100,RIZAL,5587
52101,SAN IGNACIO,5587
52102,SANGAT,5587
52103,SANTA ANA,5587
52104,TABI,5587
52105,TAGAYTAY,5587
52106,TIGKIW,5587
52107,TIRIS,5587
52108,TOGAWE,5587
52109,UNION,5587
52110,VILLAREAL,5587
52111,BACOLOD (POB.),5588
52112,BAGSANGAN,5588
52113,BATANG,5588
52114,BOLOS,5588
52115,BUENAVISTA,5588
52116,BULAWAN,5588
52117,CARRIEDO,5588
52118,CASINI,5588
52119,CAWAYAN,5588
52120,COGON,5588
52121,GABAO,5588
52122,GULANG-GULANG,5588
52123,GUMAPIA,5588
52124,LIANG,5588
52125,MACAWAYAN,5588
52126,MAPASO,5588
52127,MONBON,5588
52128,PATAG,5588
52129,SALVACION,5588
52130,SAN AGUSTIN (POB.),5588
52131,SAN ISIDRO,5588
52132,SAN JUAN (POB.),5588
52133,SAN JULIAN (POB.),5588
52134,SAN PEDRO,5588
52135,SANTO DOMINGO (LAMBOON),5588
52136,TABON-TABON,5588
52137,TINAMPO,5588
52138,TONGDOL,5588
52139,ANOG,5589
52140,AROROY,5589
52141,BACOLOD,5589
52142,BINANUAHAN,5589
52143,BIRIRAN,5589
52144,BURABURAN,5589
52145,CALATEO,5589
52146,CALMAYON,5589
52147,CAROHAYON,5589
52148,CATANAGAN,5589
52149,CATANUSAN,5589
52150,COGON,5589
52151,EMBARCADERO,5589
52152,GURUYAN,5589
52153,LAJONG,5589
52154,MAALO,5589
52155,NORTH POBLACION,5589
52156,PUTING SAPA,5589
52157,RANGAS,5589
52158,SABLAYAN,5589
52159,SIPAYA,5589
52160,SOUTH POBLACION,5589
52161,TABOC,5589
52162,TINAGO,5589
52163,TUGHAN,5589
52164,AGUADA NORTE,5313
52165,AGUADA SUR,5313
52166,ANIBONG,5313
52167,BACALON,5313
52168,BACOLOD,5313
52169,BANACUD,5313
52170,BEHIA,5313
52171,BIGA,5313
52172,BINISITAHAN DEL NORTE,5313
52173,BINISITAHAN DEL SUR,5313
52174,BITON,5313
52175,BULALA,5313
52176,BUSAY,5313
52177,CADITAAN,5313
52178,CAGBOLO,5313
52179,CAGTALABA,5313
52180,CAWIT EXTENSION,5313
52181,CAWIT PROPER,5313
52182,GINANGRA,5313
52183,HUBO,5313
52184,INCARIZAN,5313
52185,LAPINIG,5313
52186,MAGSAYSAY,5313
52187,MALBOG,5313
52188,PANTALAN,5313
52189,PAWIK,5313
52190,PILI,5313
52191,POBLACION,5313
52192,SALVACION,5313
52193,SANTA ELENA,5313
52194,SIUTON,5313
52195,TAGAS,5313
52196,TULATULA NORTE,5313
52197,TULATULA SUR,5313
52198,BALOCAWE,5591
52199,BANOGAO,5591
52200,BANUANGDAAN,5591
52201,BARIIS,5591
52202,BOLO,5591
52203,BON-OT BIG,5591
52204,BON-OT SMALL,5591
52205,CABAGAHAN,5591
52206,CALAYUAN,5591
52207,CALINTAAN,5591
52208,CALOOCAN (POB.),5591
52209,CALPI,5591
52210,CAMACHILES (POB.),5591
52211,CAMCAMAN (POB.),5591
52212,CORON-CORON,5591
52213,CULASI,5591
52214,GADGARON,5591
52215,GENABLAN OCCIDENTAL,5591
52216,GENABLAN ORIENTAL,5591
52217,HIDHID,5591
52218,LABOY,5591
52219,LAJONG,5591
52220,MAMBAJOG,5591
52221,MANJUNLAD,5591
52222,MANURABI,5591
52223,NABURACAN,5591
52224,PAGHULIRAN,5591
52225,PANGI,5591
52226,PAWA,5591
52227,POROPANDAN,5591
52228,SANTA ISABEL,5591
52229,SINALMACAN,5591
52230,SINANG-ATAN,5591
52231,SINIBARAN,5591
52232,SISIGON,5591
52233,SUA,5591
52234,SULANGAN,5591
52235,TABLAC (POB.),5591
52236,TABUNAN (POB.),5591
52237,TUGAS,5591
52238,ABAS,5155
52239,ABUCAY,5155
52240,BANTAYAN,5155
52241,BANUYO (POB.),5155
52242,BAYASONG,5155
52243,BAYAWAS,5155
52244,BINANUAHAN (POB.),5155
52245,CABIGUAN,5155
52246,CAGDONGON,5155
52247,CALONGAY,5155
52248,CALPI,5155
52249,CATAMLANGAN,5155
52250,COMAPO-CAPO,5155
52251,DANLOG,5155
52252,DAO (POB.),5155
52253,DAPDAP,5155
52254,DEL ROSARIO (BUAL),5155
52255,ESMERADA,5155
52256,ESPERANZA,5155
52257,GINABLAN,5155
52258,GUIRON,5155
52259,INANG,5155
52260,INAPUGAN,5155
52261,LEONA,5155
52262,LIPASON,5155
52263,LOURDES,5155
52264,LUBIANO,5155
52265,LUMBANG,5155
52266,LUNGIB,5155
52267,MABANATE,5155
52268,MALBOG,5155
52269,MARIFOSQUE (POB.),5155
52270,MERCEDES,5155
52271,MIGABOD,5155
52272,NASPI,5155
52273,PALANAS,5155
52274,PANGPANG,5155
52275,PINAGSALOG,5155
52276,PINEDA,5155
52277,POCTOL,5155
52278,PUDO,5155
52279,PUTIAO,5155
52280,SACNANGAN,5155
52281,SALVACION,5155
52282,SAN ANTONIO (MILLABAS),5155
52283,SAN ANTONIO (SAPA),5155
52284,SAN JOSE,5155
52285,SAN RAFAEL,5155
52286,SANTA FE,5155
52287,BRILLANTE (POB.),5593
52288,BULAWAN,5593
52289,CALAO,5593
52290,CARAYAT,5593
52291,DIAMANTE,5593
52292,GOGON,5593
52293,LUPI,5593
52294,MANINGCAY DE ORO,5593
52295,MANLABONG,5593
52296,PERLAS,5593
52297,QUIDOLOG,5593
52298,RIZAL,5593
52299,SAN ANTONIO,5593
52300,SAN FERNANDO,5593
52301,SAN ISIDRO,5593
52302,SAN JUAN,5593
52303,SAN RAFAEL,5593
52304,SAN RAMON,5593
52305,SANTA LOURDES,5593
52306,SANTO DOMINGO,5593
52307,TALISAYAN,5593
52308,TUPAZ,5593
52309,ULAG,5593
52310,BARANGAY POBLACION I,5594
52311,BARANGAY POBLACION II,5594
52312,BARANGAY POBLACION III,5594
52313,BARANGAY POBLACION IV,5594
52314,LA ESPERANZA,5594
52315,PEÑAFRANCIA,5594
52316,SALVACION,5594
52317,SAN ANTONIO,5594
52318,SAN BARTOLOME (TALAONGAN),5594
52319,SAN EUGENIO,5594
52320,SAN ISIDRO,5594
52321,SAN RAFAEL,5594
52322,SAN ROQUE,5594
52323,SAN SEBASTIAN,5594
52324,ABUYOG,5595
52325,ALMENDRAS-COGON (POB.),5595
52326,BALETE,5595
52327,BALOGO,5595
52328,BALOGO ( FR. THE MUN. OF BACON),5595
52329,BARAYONG,5595
52330,BASUD,5595
52331,BATO,5595
52332,BIBINCAHAN,5595
52333,BITAN-O/DALIPAY (POB.),5595
52334,BOGÑA,5595
52335,BON-OT,5595
52336,BUCALBUCALAN,5595
52337,BUENAVISTA,5595
52338,BUENAVISTA ( FR. THE MUN. OF BACON),5595
52339,BUHATAN,5595
52340,BULABOG,5595
52341,BURABOD (POB.),5595
52342,CABARBUHAN,5595
52343,CABID-AN,5595
52344,CAMBULAGA,5595
52345,CAPUY,5595
52346,CARICARAN,5595
52347,DEL ROSARIO,5595
52348,GATBO,5595
52349,GIMALOTO,5595
52350,GUINLAJON,5595
52351,JAMISLAGAN,5595
52352,MACABOG,5595
52353,MARICRUM,5595
52354,MARINAS,5595
52355,OSIAO,5595
52356,PAMURAYAN,5595
52357,PANGPANG,5595
52358,PANLAYAAN,5595
52359,PEÑAFRANCIA,5595
52360,PIOT (POB.),5595
52361,POBLACION,5595
52362,POLVORISTA (POB.),5595
52363,RAWIS,5595
52364,RIZAL,5595
52365,SALOG (POB.),5595
52366,SALVACION,5595
52367,SALVACION ( FR. THE MUN. OF BACON),5595
52368,SAMPALOC (POB.),5595
52369,SAN ISIDRO,5595
52370,SAN ISIDRO ( FR. THE MUN. OF BACON),5595
52371,SAN JUAN ( FR. THE MUN. OF BACON),5595
52372,SAN JUAN (RORO),5595
52373,SAN PASCUAL,5595
52374,SAN RAMON,5595
52375,SAN ROQUE,5595
52376,SAN VICENTE,5595
52377,SANTA CRUZ,5595
52378,SANTA LUCIA,5595
52379,SANTO DOMINGO,5595
52380,SANTO NIÑO,5595
52381,SAWANGA,5595
52382,SIRANGAN (POB.),5595
52383,SUGOD,5595
52384,SULUCAN (POB.),5595
52385,TALISAY (POB.),5595
52386,TICOL,5595
52387,TUGOS,5595
56439,CABANGILA,5596
56440,CABUGAO,5596
56441,CATMON,5596
56442,DALIPDIP,5596
56443,GINICTAN,5596
56444,LINAYASAN,5596
56445,LUMAYNAY,5596
56446,LUPO,5596
56447,MAN-UP,5596
56448,ODIONG,5596
56449,POBLACION,5596
56450,QUINASAY-AN,5596
56451,TALON,5596
56452,TIBIAO,5596
56453,ARANAS,5270
56454,ARCANGEL,5270
56455,CALIZO,5270
56456,CORTES,5270
56457,FELICIANO,5270
56458,FULGENCIO,5270
56459,GUANKO,5270
56460,MORALES,5270
56461,OQUENDO,5270
56462,POBLACION,5270
56463,AGBANAWAN,5598
56464,BACAN,5598
56465,BADIANGAN,5598
56466,CERRUDO,5598
56467,CUPANG,5598
56468,DAGUITAN,5598
56469,DAJA NORTE,5598
56470,DAJA SUR,5598
56471,DINGLE,5598
56472,JUMARAP,5598
56473,LAPNAG,5598
56474,LIBAS,5598
56475,LINABUAN SUR,5598
56476,MAMBOG,5598
56477,MANGAN,5598
56478,MUGUING,5598
56479,PAGSANGHAN,5598
56480,PALALE,5598
56481,POBLACION,5598
56482,POLO,5598
56483,POLOCATE,5598
56484,SAN ISIDRO,5598
56485,SIBALEW,5598
56486,SIGCAY,5598
56487,TABA-AO,5598
56488,TABAYON,5598
56489,TINAPUAY,5598
56490,TORRALBA,5598
56491,UGSOD,5598
56492,VENTURANZA,5598
56493,AMBOLONG,5599
56494,ANGAS,5599
56495,BAY-ANG,5599
56496,CABUGAO,5599
56497,CAIYANG,5599
56498,CAMALIGAN,5599
56499,CAMANCI,5599
56500,IPIL,5599
56501,LALAB,5599
56502,LUPIT,5599
56503,MAGPAG-ONG,5599
56504,MAGUBAHAY,5599
56505,MAMBUQUIAO,5599
56506,MAN-UP,5599
56507,MANDONG,5599
56508,NAPTI,5599
56509,PALAY,5599
56510,POBLACION,5599
56511,SONGCOLAN,5599
56512,TABON,5599
56513,ALEGRIA,5600
56514,BAGONGBAYAN,5600
56515,BALUSBOS,5600
56516,BEL-IS,5600
56517,CABUGAN,5600
56518,EL PROGRESO,5600
56519,HABANA,5600
56520,KATIPUNAN,5600
56521,MAYAPAY,5600
56522,NAZARETH,5600
56523,PANILONGAN,5600
56524,POBLACION,5600
56525,SANTANDER,5600
56526,TAG-OSIP,5600
56527,TIGUM,5600
56528,AGBAGO,5601
56529,AGDUGAYAN,5601
56530,ANTIPOLO,5601
56531,APARICIO,5601
56532,AQUINO,5601
56533,ASLUM,5601
56534,BAGACAY,5601
56535,BATUAN,5601
56536,BUENAVISTA,5601
56537,BUGTONGBATO,5601
56538,CABUGAO,5601
56539,CAPILIJAN,5601
56540,COLONGCOLONG,5601
56541,LAGUINBANUA,5601
56542,MABUSAO,5601
56543,MALINDOG,5601
56544,MALOCO,5601
56545,MINA-A,5601
56546,MONLAQUE,5601
56547,NAILE,5601
56548,NAISUD,5601
56549,NALIGUSAN,5601
56550,ONDOY,5601
56551,POBLACION,5601
56552,POLO,5601
56553,REGADOR,5601
56554,RIVERA,5601
56555,RIZAL,5601
56556,SAN ISIDRO,5601
56557,SAN JOSE,5601
56558,SANTA CRUZ,5601
56559,TAGBAYA,5601
56560,TUL-ANG,5601
56561,UNAT,5601
56562,YAWAN,5601
56563,ANDAGAW,5602
56564,BACHAW NORTE,5602
56565,BACHAW SUR,5602
56566,BRIONES,5602
56567,BUSWANG NEW,5602
56568,BUSWANG OLD,5602
56569,CAANO,5602
56570,ESTANCIA,5602
56571,LINABUAN NORTE,5602
56572,MABILO,5602
56573,MOBO,5602
56574,NALOOK,5602
56575,POBLACION,5602
56576,POOK,5602
56577,TIGAYON,5602
56578,TINIGAW,5602
56579,AGCAWILAN,5603
56580,BAGTO,5603
56581,BUGASONGAN,5603
56582,CARUGDOG,5603
56583,COGON,5603
56584,IBAO,5603
56585,MINA,5603
56586,POBLACION,5603
56587,SANTA CRUZ,5603
56588,SANTA CRUZ BIGAA,5603
56589,SILAKAT-NONOK,5603
56590,TAYHAWAN,5603
56591,AGMAILIG,5604
56592,ALFONSO XII,5604
56593,BATOBATO,5604
56594,BONZA,5604
56595,CALACABIAN,5604
56596,CALAMCAN,5604
56597,CAN-AWAN,5604
56598,CASIT-AN,5604
56599,DALAGSA-AN,5604
56600,GUADALUPE,5604
56601,JANLUD,5604
56602,JULITA,5604
56603,LUCTOGA,5604
56604,MAGUGBA,5604
56605,MANIKA,5604
56606,OGSIP,5604
56607,ORTEGA,5604
56608,OYANG,5604
56609,PAMPANGO,5604
56610,PINONOY,5604
56611,POBLACION,5604
56612,RIVERA,5604
56613,ROSAL,5604
56614,SIBALEW,5604
56615,ALAMINOS,5605
56616,ALAS-AS,5605
56617,BACYANG,5605
56618,BALACTASAN,5605
56619,CABANGAHAN,5605
56620,CABILAWAN,5605
56621,CATABANA,5605
56622,DIT-ANA,5605
56623,GALICIA,5605
56624,GUINATU-AN,5605
56625,LOGOHON,5605
56626,MAMBA,5605
56627,MARIA CRISTINA,5605
56628,MEDINA,5605
56629,MERCEDES,5605
56630,NAPNOT,5605
56631,PANG-ITAN,5605
56632,PANINGAYAN,5605
56633,PANIPIASON,5605
56634,POBLACION,5605
56635,SAN JOSE,5605
56636,SINGAY,5605
56637,TALANGBAN,5605
56638,TALIMAGAO,5605
56639,TIGBAWAN,5605
56640,AGBALOGO,5606
56641,AGLUCAY,5606
56642,ALIBAGON,5606
56643,BAGONG BARRIO,5606
56644,BAYBAY,5606
56645,CABATANGA,5606
56646,CAJILO,5606
56647,CALANGCANG,5606
56648,CALIMBAJAN,5606
56649,CASTILLO,5606
56650,CAYANGWAN,5606
56651,DUMGA,5606
56652,LIBANG,5606
56653,MANTIGUIB,5606
56654,POBLACION,5606
56655,TIBIAWAN,5606
56656,TINA,5606
56657,TUGAS,5606
56658,ARGAO,5607
56659,BALABAG,5607
56660,BALUSBUS,5607
56661,CABULIHAN,5607
56662,CATICLAN,5607
56663,COGON,5607
56664,CUBAY NORTE,5607
56665,CUBAY SUR,5607
56666,DUMLOG,5607
56667,MANOC-MANOC,5607
56668,MOTAG,5607
56669,NAASUG,5607
56670,NABAOY,5607
56671,NAPAAN,5607
56672,POBLACION,5607
56673,SAN VIRAY,5607
56674,YAPAK,5607
56675,BANAYBANAY,5491
56676,BIGA-A,5491
56677,BULABUD,5491
56678,CABAYUGAN,5491
56679,CAPATAGA,5491
56680,COGON,5491
56681,DANGCALAN,5491
56682,KINALANGAY NUEVO,5491
56683,KINALANGAY VIEJO,5491
56684,LILO-AN,5491
56685,MALANDAYON,5491
56686,MANHANIP,5491
56687,NAVITAS,5491
56688,OSMAN,5491
56689,POBLACION,5491
56690,ROSARIO,5491
56691,SAN DIMAS,5491
56692,SAN RAMON,5491
56693,SAN ROQUE,5491
56694,SIPAC,5491
56695,SUGNOD,5491
56696,TAMBUAN,5491
56697,TIGPALAS,5491
56698,ALIMBO-BAYBAY,5609
56699,BUENAFORTUNA,5609
56700,BUENASUERTE,5609
56701,BUENAVISTA,5609
56702,GIBON,5609
56703,HABANA,5609
56704,LASERNA,5609
56705,LIBERTAD,5609
56706,MAGALLANES,5609
56707,MATABANA,5609
56708,NAGUSTAN,5609
56709,PAWA,5609
56710,PINATUAD,5609
56711,POBLACION,5609
56712,RIZAL,5609
56713,SOLIDO,5609
56714,TAGOROROC,5609
56715,TOLEDO,5609
56716,UNIDOS,5609
56717,UNION,5609
56718,CANDELARIA,5610
56719,CAWAYAN,5610
56720,DUMAGUIT,5610
56721,FATIMA,5610
56722,GUINBALIWAN,5610
56723,JALAS,5610
56724,JUGAS,5610
56725,LAWA-AN,5610
56726,MABILO,5610
56727,MATAPHAO,5610
56728,OCHANDO,5610
56729,PINAMUK-AN,5610
56730,POBLACION,5610
56731,POLO,5610
56732,PUIS,5610
56733,TAMBAK,5610
56734,ALBASAN,5611
56735,ALIPUTOS,5611
56736,BADIO,5611
56737,BUBOG,5611
56738,BULWANG,5611
56739,CAMANCI NORTE,5611
56740,CAMANCI SUR,5611
56741,DONGON EAST,5611
56742,DONGON WEST,5611
56743,JOYAO-JOYAO,5611
56744,LAGUINBANUA EAST,5611
56745,LAGUINBANUA WEST,5611
56746,MARIANOS,5611
56747,NAVITAS,5611
56748,POBLACION,5611
56749,PUSIW,5611
56750,TABANGKA,5611
56751,AFGA,5612
56752,BAYBAY,5612
56753,DAPDAP,5612
56754,DUMATAD,5612
56755,JAWILI,5612
56756,LANIPGA,5612
56757,NAPATAG,5612
56758,PANAYAKAN,5612
56759,POBLACION,5612
56760,PUDIOT,5612
56761,TAGAS,5612
56762,TAMALAGON,5612
56763,TAMOKOE,5612
56764,TONDOG,5612
56765,VIVO,5612
56766,BAYO GRANDE,5613
56767,BAYO PEQUEÑO,5613
56768,BUTUAN,5613
56769,CASAY,5613
56770,CASAY VIEJO,5613
56771,IBA,5613
56772,IGBARABATUAN,5613
56773,IGPALGE,5613
56774,IGTUMAROM,5613
56775,LISUB A,5613
56776,LISUB B,5613
56777,MABUYONG,5613
56778,MAGDALENA,5613
56779,NASULI C,5613
56780,NATO,5613
56781,POBLACION,5613
56782,SAGUA,5613
56783,SALVACION,5613
56784,SAN FRANCISCO,5613
56785,SAN RAMON,5613
56786,SAN ROQUE,5613
56787,TAGAYTAY,5613
56788,TALISAYAN,5613
56789,BAGHARI,5614
56790,BAHUYAN,5614
56791,BERI,5614
56792,BIGA-A,5614
56793,BINANGBANG,5614
56794,BINANGBANG CENTRO,5614
56795,BINANU-AN,5614
56796,CADIAO,5614
56797,CALAPADAN,5614
56798,CAPOYUAN,5614
56799,CUBAY,5614
56800,EMBRANGGA-AN,5614
56801,ESPARAR,5614
56802,GUA,5614
56803,IDAO,5614
56804,IGPALGE,5614
56805,IGTUNARUM,5614
56806,INTEGASAN,5614
56807,IPIL,5614
56808,JINALINAN,5614
56809,LANAS,5614
56810,LANGCAON (EVELIO JAVIER),5614
56811,LISUB,5614
56812,LOMBUYAN,5614
56813,MABLAD,5614
56814,MAGTULIS,5614
56815,MARIGNE,5614
56816,MAYABAY,5614
56817,MAYOS,5614
56818,NALUSDAN,5614
56819,NARIRONG,5614
56820,PALMA,5614
56821,POBLACION,5614
56822,SAN ANTONIO,5614
56823,SAN RAMON,5614
56824,SOLIGAO,5614
56825,TABONGTABONG,5614
56826,TIG-ALARAN,5614
56827,YAPO,5614
56828,BOROCBOROC,5615
56829,BUENAVISTA,5615
56830,CONCEPCION,5615
56831,DELIMA,5615
56832,IPIL,5615
56833,MARADIONA,5615
56834,MOJON,5615
56835,POBLACION,5615
56836,ROMBANG,5615
56837,SALVACION,5615
56838,SINAJA,5615
56839,ANILAWAN,5616
56840,ARANGOTE,5616
56841,BAGTASON,5616
56842,CAMANGAHAN,5616
56843,CENTRO ILAWOD (POB.),5616
56844,CENTRO ILAYA (POB.),5616
56845,CENTRO POJO (POB.),5616
56846,CUBAY NORTH,5616
56847,CUBAY SOUTH,5616
56848,GUIJA,5616
56849,IGBALANGAO,5616
56850,IGSORO,5616
56851,ILAURES,5616
56852,JINALINAN,5616
56853,LACAYON,5616
56854,MARAY,5616
56855,PALIWAN,5616
56856,PANGALCAGAN,5616
56857,SABANG EAST,5616
56858,SABANG WEST,5616
56859,TAGUDTUD NORTH,5616
56860,TAGUDTUD SOUTH,5616
56861,TALISAY,5616
56862,TICA,5616
56863,TONO-AN,5616
56864,YAPU,5616
56865,ZARAGOZA,5616
56866,ALEGRIA,5617
56867,BACONG,5617
56868,BANAGO,5617
56869,BONBON,5617
56870,DAWIS,5617
56871,DIONELA,5617
56872,HARIGUE,5617
56873,HININGA-AN,5617
56874,IMBA,5617
56875,MASANAG,5617
56876,POBLACION,5617
56877,SABANG,5617
56878,SALAMENTO,5617
56879,SEMIRARA,5617
56880,SIBATO,5617
56881,SIBAY,5617
56882,SIBOLO,5617
56883,TINOGBOC,5617
56884,ALOJIPAN,5618
56885,BAGACAY,5618
56886,BALAC-BALAC,5618
56887,BATBATAN ISLAND,5618
56888,BATONAN NORTE,5618
56889,BATONAN SUR,5618
56890,BITA,5618
56891,BITADTON NORTE,5618
56892,BITADTON SUR,5618
56893,BUENAVISTA,5618
56894,BUHI,5618
56895,CAMANCIJAN,5618
56896,CARIDAD,5618
56897,CARIT-AN,5618
56898,CENTRO NORTE (POB.),5618
56899,CENTRO POBLACION,5618
56900,CENTRO SUR (POB.),5618
56901,CONDES,5618
56902,ESPERANZA,5618
56903,FE,5618
56904,FLORES,5618
56905,JALANDONI,5618
56906,JANLAGASI,5618
56907,LAMPUTONG,5618
56908,LIPATA,5618
56909,MAGSAYSAY (BALUA),5618
56910,MALACAÑANG,5618
56911,MALALISON ISLAND,5618
56912,MANIGUIN,5618
56913,NABA,5618
56914,OSORIO,5618
56915,PANINGAYAN,5618
56916,SALDE,5618
56917,SAN ANTONIO,5618
56918,SAN GREGORIO,5618
56919,SAN JUAN,5618
56920,SAN LUIS,5618
56921,SAN PASCUAL,5618
56922,SAN VICENTE,5618
56923,SIMBOLA,5618
56924,TIGBOBOLO,5618
56925,TINABUSAN,5618
56926,TOMAO,5618
56927,VALDERAMA,5618
56928,APDO,5619
56929,ASLUMAN,5619
56930,BANAWON,5619
56931,BIA-AN,5619
56932,BONGBONGAN I-II,5619
56933,BONGBONGAN III,5619
56934,BOTBOT,5619
56935,BUDBUDAN,5619
56936,BUHANG,5619
56937,CALACJA I,5619
56938,CALACJA II,5619
56939,CALALA,5619
56940,CANTULAN,5619
56941,CARIDAD,5619
56942,CAROMANGAY,5619
56943,CASALNGAN,5619
56944,DANGCALAN,5619
56945,DEL PILAR,5619
56946,FABRICA,5619
56947,FUNDA,5619
56948,GENERAL FULLON (TINA),5619
56949,GOV. EVELIO B. JAVIER (LANAG),5619
56950,GUINTAS,5619
56951,IGBICAL,5619
56952,IGBUCAGAY,5619
56953,INABASAN,5619
56954,INGWAN-BATANGAN,5619
56955,LA PAZ,5619
56956,LINABAN,5619
56957,MALANDOG,5619
56958,MAPATAG,5619
56959,MASANAG,5619
56960,NALIHAWAN,5619
56961,PAMANDAYAN (BOTBOT),5619
56962,PASU-JUNGAO,5619
56963,PIAPE I,5619
56964,PIAPE II,5619
56965,PIAPE III,5619
56966,"PILI 1, 2, 3",5619
56967,POBLACION 1,5619
56968,POBLACION 2,5619
56969,POBLACION 3,5619
56970,POBLACION 4,5619
56971,POBLACION 5,5619
56972,PU-AO,5619
56973,SULOC,5619
56974,VILLAVERT-JIMENEZ,5619
56975,BAGONGBAYAN,5620
56976,BANBAN,5620
56977,BONGBONGAN,5620
56978,CABARIWAN,5620
56979,CADAJUG,5620
56980,CANITUAN,5620
56981,CAPNAYAN,5620
56982,CASIT-AN,5620
56983,GUIAMON,5620
56984,GUINBANGA-AN,5620
56985,GUISIJAN,5620
56986,IGTADIAO,5620
56987,INTAO,5620
56988,JAGUIKICAN,5620
56989,JINALINAN,5620
56990,LACTUDAN,5620
56991,LATAZON,5620
56992,LAUA-AN,5620
56993,LIBERATO,5620
56994,LINDERO,5620
56995,LIYA-LIYA,5620
56996,LOON,5620
56997,LUGTA,5620
56998,LUPA-AN,5620
56999,MAGYAPO,5620
57000,MARIA,5620
57001,MAUNO,5620
57002,MAYBUNGA,5620
57003,NECESITO (PANIATAN),5620
57004,OLOC,5620
57005,OMLOT,5620
57006,PANDANAN,5620
57007,PANINGAYAN,5620
57008,PASCUALA,5620
57009,POBLACION (CENTRO),5620
57010,SAN RAMON,5620
57011,SANTIAGO,5620
57012,TIBACAN,5620
57013,TIGUNHAO,5620
57014,VIRGINIA,5620
57015,BARUSBUS,5621
57016,BULANAO,5621
57017,CENTRO ESTE (POB.),5621
57018,CENTRO WESTE (POB.),5621
57019,CODIONG,5621
57020,CUBAY,5621
57021,IGCAGAY,5621
57022,INYAWAN,5621
57023,LINDERO,5621
57024,MARAMIG,5621
57025,PAJO,5621
57026,PANANGKILON,5621
57027,PAZ,5621
57028,PUCIO,5621
57029,SAN ROQUE,5621
57030,TABOC,5621
57031,TINIGBAS,5621
57032,TININDUGAN,5621
57033,UNION,5621
57034,ARACAY,5554
57035,BADIANGAN,5554
57036,BAGUMBAYAN,5554
57037,BAYBAY,5554
57038,BOTBOT,5554
57039,BUANG,5554
57040,CABUGAO,5554
57041,CANDARI,5554
57042,CARMEN,5554
57043,CENTRO NORTE (POB.),5554
57044,CENTRO SUR (POB.),5554
57045,DIONELA,5554
57046,DUMROG,5554
57047,DUYONG,5554
57048,FRAGANTE,5554
57049,GUIA,5554
57050,IDIACACAN,5554
57051,JINALINAN,5554
57052,LUHOD-BAYANG,5554
57053,MAADIOS,5554
57054,MAG-ABA,5554
57055,NAPUID,5554
57056,NAURING,5554
57057,PATRIA,5554
57058,PERFECTA,5554
57059,SAN ANDRES,5554
57060,SAN JOAQUIN,5554
57061,SANTA ANA,5554
57062,SANTA CRUZ,5554
57063,SANTA FE,5554
57064,SANTO ROSARIO,5554
57065,TALISAY,5554
57066,TINGIB,5554
57067,ZALDIVAR,5554
57068,ALVAÑIZ,5623
57069,AMPARO,5623
57070,APGAHAN,5623
57071,AURELIANA,5623
57072,BADIANGAN,5623
57073,BERNALDO A. JULAGTING (BITAS),5623
57074,CARIT-AN,5623
57075,CUYAPIAO,5623
57076,GELLA,5623
57077,IGBARAWAN,5623
57078,IGBOBON,5623
57079,IGBURI,5623
57080,LA RIOJA,5623
57081,MABASA,5623
57082,MACARINA,5623
57083,MAGARANG,5623
57084,MAGSAYSAY,5623
57085,PADANG,5623
57086,PANDANAN,5623
57087,PATLABAWON,5623
57088,POBLACION,5623
57089,QUEZON,5623
57090,SALAGUIAWAN,5623
57091,SAMALAGUE,5623
57092,SAN RAFAEL,5623
57093,TAMAYOC,5623
57094,TIGBALOGO,5623
57095,TOBIAS FORNIER,5623
57096,VILLA CRESPO,5623
57097,VILLA CRUZ,5623
57098,VILLA ELIO,5623
57099,VILLA FLORES,5623
57100,VILLA LAUA-AN,5623
57101,VILLA SAL,5623
57102,VILLA SALOMON,5623
57103,VISTA ALEGRE,5623
57104,ATABAY,5249
57105,BADIANG,5249
57106,BARANGAY 1 (POB.),5249
57107,BARANGAY 2 (POB.),5249
57108,BARANGAY 3 (POB.),5249
57109,BARANGAY 4 (POB.),5249
57110,BARANGAY 5 (POB.),5249
57111,BARANGAY 6 (POB.),5249
57112,BARANGAY 7 (POB.),5249
57113,BARANGAY 8 (POB.),5249
57114,BARIRI,5249
57115,BUGAROT (CATUNGAN-BUGAROT),5249
57116,CANSADAN (CANSADAN-TUBUDAN),5249
57117,DUROG,5249
57118,FUNDA-DALIPE,5249
57119,IGBONGLO,5249
57120,INABASAN,5249
57121,MADRANGCA,5249
57122,MAGCALON,5249
57123,MALAIBA,5249
57124,MAYBATO NORTE,5249
57125,MAYBATO SUR,5249
57126,MOJON,5249
57127,PANTAO,5249
57128,SAN ANGEL,5249
57129,SAN FERNANDO,5249
57130,SAN PEDRO,5249
57131,SUPA,5249
57132,AGRICULA,5625
57133,ALEGRIA,5625
57134,ANINGALAN,5625
57135,ATABAY,5625
57136,BAGUMBAYAN,5625
57137,BALADJAY,5625
57138,BANBANAN,5625
57139,BARANGBANG,5625
57140,BAWANG,5625
57141,BUGO,5625
57142,BULAN-BULAN,5625
57143,CABIAWAN,5625
57144,CABUNGA-AN,5625
57145,CADOLONAN,5625
57146,CARAWISAN I,5625
57147,CARAWISAN II,5625
57148,CARMELO I,5625
57149,CARMELO II,5625
57150,GENERAL FULLON,5625
57151,GENERAL LUNA,5625
57152,IGUIRINDON,5625
57153,INSUBUAN,5625
57154,LA UNION,5625
57155,LAPAK,5625
57156,LUMPATAN,5625
57157,MAGDALENA,5625
57158,MARAGUBDUB,5625
57159,NAGBANGI I (AMATONG),5625
57160,NAGBANGI II,5625
57161,NASULI,5625
57162,ORQUIA (IGCATUMBAL),5625
57163,OSORIO I,5625
57164,OSORIO II,5625
57165,PANPANAN I,5625
57166,PANPANAN II,5625
57167,POBLACION (CALAG-ITAN),5625
57168,RAMON MAGSAYSAY,5625
57169,RIZAL,5625
57170,SAN RAFAEL,5625
57171,SINUNDOLAN,5625
57172,SUMARAY,5625
57173,TRINIDAD,5625
57174,TUBUDAN,5625
57175,VILVAR,5625
57176,WALKER,5625
57177,ABIERA,5626
57178,AGUILA,5626
57179,ALEGRE,5626
57180,ARAS-ASAN,5626
57181,BACALAN,5626
57182,CALLAN,5626
57183,IDIO,5626
57184,NAUHON,5626
57185,P. JAVIER,5626
57186,POBLACION,5626
57187,ALANGAN,5627
57188,BARI,5627
57189,BIGA-A,5627
57190,BONGBONGAN I,5627
57191,BONGBONGAN II,5627
57192,BONGSOD,5627
57193,BONTOL,5627
57194,BUGNAY,5627
57195,BULALACAO,5627
57196,CABANBANAN,5627
57197,CABARIUAN,5627
57198,CABLADAN,5627
57199,CADOLDOLAN,5627
57200,CALO-OY,5627
57201,CALOG,5627
57202,CATMON,5627
57203,CATUNGAN I,5627
57204,CATUNGAN II,5627
57205,CATUNGAN III,5627
57206,CATUNGAN IV,5627
57207,CUBAY-NAPULTAN,5627
57208,CUBAY-SERMON,5627
57209,DISTRICT I (POB.),5627
57210,DISTRICT II (POB.),5627
57211,DISTRICT III (POB.),5627
57212,DISTRICT IV (POB.),5627
57213,EGAÑA,5627
57214,ESPERANZA I,5627
57215,ESPERANZA II,5627
57216,ESPERANZA III,5627
57217,IGCOCOC,5627
57218,IGDAGMAY,5627
57219,IGDALAQUIT,5627
57220,IGLANOT,5627
57221,IGPANOLONG,5627
57222,IGPARAS,5627
57223,IGSUMING,5627
57224,ILABAS,5627
57225,IMPARAYAN,5627
57226,INABASAN,5627
57227,INDAG-AN,5627
57228,INITAN,5627
57229,INSARAYAN,5627
57230,LACARON,5627
57231,LAGDO,5627
57232,LAMBAYAGAN,5627
57233,LUNA,5627
57234,LUYANG,5627
57235,MAASIN,5627
57236,MABINI,5627
57237,MILLAMENA,5627
57238,MOJON,5627
57239,NAGDAYAO,5627
57240,NAZARETH,5627
57241,ODIONG,5627
57242,OLAGA,5627
57243,PANGPANG,5627
57244,PANLAGANGAN,5627
57245,PANTAO,5627
57246,PASONG,5627
57247,PIS-ANAN,5627
57248,ROMBANG,5627
57249,SALVACION,5627
57250,SAN JUAN,5627
57251,SIDO,5627
57252,SOLONG,5627
57253,TABONGTABONG,5627
57254,TIG-OHOT,5627
57255,TIGBALUA I,5627
57256,TIGBALUA II,5627
57257,TORDESILLAS,5627
57258,TULATULA,5627
57259,VALENTIN GRASPARIL (BAD-AS),5627
57260,VILLAFONT,5627
57261,VILLAHERMOSA,5627
57262,VILLAR,5627
57263,ALEGRE,5628
57264,AMAR,5628
57265,BANDOJA (LUPA-AN),5628
57266,CASTILLO,5628
57267,ESPARAGOZA,5628
57268,IMPORTANTE,5628
57269,LA PAZ,5628
57270,MALABOR,5628
57271,MARTINEZ,5628
57272,NATIVIDAD,5628
57273,PITAC,5628
57274,POBLACION,5628
57275,SALAZAR,5628
57276,SAN FRANCISCO NORTE,5628
57277,SAN FRANCISCO SUR,5628
57278,SAN ISIDRO,5628
57279,SANTA ANA,5628
57280,SANTA JUSTA,5628
57281,SANTO ROSARIO,5628
57282,TIGBABOY,5628
57283,TUNO,5628
57284,ABACA,5629
57285,ARAS-ASAN,5629
57286,AROBO,5629
57287,ATABAY,5629
57288,ATIOTES,5629
57289,BAGUMBAYAN,5629
57290,BALLOSCAS,5629
57291,BALUD,5629
57292,BARASANAN A,5629
57293,BARASANAN B,5629
57294,BARASANAN C,5629
57295,BARIRI,5629
57296,CAMANDAGAN,5629
57297,CATO-OGAN,5629
57298,DANAWAN,5629
57299,DICLUM,5629
57300,FATIMA,5629
57301,GAMAD (IGDAMACIO),5629
57302,IGBALOGO,5629
57303,IGBANGCAL-A,5629
57304,IGBANGCAL-B,5629
57305,IGBANGCAL-C,5629
57306,IGCABUAD,5629
57307,IGCADAC,5629
57308,IGCADO,5629
57309,IGCALAWAGAN,5629
57310,IGCAPUYAS,5629
57311,IGCASICAD (SAN PEDRO),5629
57312,IGDALAGUIT,5629
57313,IGDANLOG,5629
57314,IGDURAROG,5629
57315,IGTUGAS,5629
57316,LAWIGAN,5629
57317,LINDERO,5629
57318,MANALING (CATA-AN),5629
57319,MASAYO,5629
57320,NAGSUBUAN,5629
57321,NASULI-A (SAN RAMON),5629
57322,OPSAN (SAN JOSE),5629
57323,PACIENCIA,5629
57324,POBLACION NORTE,5629
57325,POBLACION SUR,5629
57326,PORTILLO,5629
57327,QUEZON,5629
57328,SALAMAGUE (SANTA MARIA),5629
57329,SANTO TOMAS,5629
57330,TACBUYAN,5629
57331,TENE,5629
57332,VILLAFLOR,5629
57333,YSULAT,5629
57334,ALON,5630
57335,BAKIANG,5630
57336,BINANOGAN,5630
57337,BOROCBOROC,5630
57338,BUGNAY,5630
57339,BULUANGAN I,5630
57340,BULUANGAN II,5630
57341,BUNSOD,5630
57342,BUSOG,5630
57343,CANANGHAN,5630
57344,CANIPAYAN,5630
57345,CANSILAYAN,5630
57346,CULYAT,5630
57347,IGLINAB,5630
57348,IGMASANDIG,5630
57349,LUBLUB,5630
57350,MANLACBO,5630
57351,PANDANAN,5630
57352,SAN AGUSTIN,5630
57353,TAKAS (POB.),5630
57354,TIGMAMALE,5630
57355,UBOS (POB.),5630
57356,AGCABUGAO,5631
57357,AGDAHON,5631
57358,AGNAGA,5631
57359,ANGUB,5631
57360,BALINGASAG,5631
57361,BITO-ON ILAWOD,5631
57362,BITO-ON ILAYA,5631
57363,BUN-OD,5631
57364,CARATAYA,5631
57365,LUNAYAN,5631
57366,MAHABANG SAPA,5631
57367,MAHUNODHUNOD,5631
57368,MAINDANG,5631
57369,MAINIT,5631
57370,MALAGAB-I,5631
57371,NAGBA,5631
57372,POBLACION ILAWOD,5631
57373,POBLACION ILAYA,5631
57374,POBLACION TAKAS,5631
57375,PUTI-AN,5631
57376,SAN ANTONIO,5631
57377,SINABSABAN,5631
57378,AGANAN,5632
57379,AGTAMBI,5632
57380,AGTANGUAY,5632
57381,BALUCUAN,5632
57382,BITA,5632
57383,CENTRO,5632
57384,DAPLAS,5632
57385,DUYOC,5632
57386,ILAS SUR,5632
57387,LACARON,5632
57388,MALONOY,5632
57389,MANHOY,5632
57390,MAPULANG BATO,5632
57391,MATAGNOP,5632
57392,NASUNOGAN,5632
57393,POBLACION ILAWOD,5632
57394,POBLACION ILAYA,5632
57395,QUINABCABAN,5632
57396,QUINAYUYA,5632
57397,SAN AGUSTIN (ILAS NORTE),5632
57398,CONCEPCION,5633
57399,CONSOLACION,5633
57400,DOLORES,5633
57401,DURAN,5633
57402,POBLACION,5633
57403,SAN AGUSTIN,5633
57404,SAN JOSE,5633
57405,SAN MARTIN,5633
57406,SAN MIGUEL,5633
57407,SAN RAFAEL,5633
57408,SAN ROQUE,5633
57409,SANTA CARMEN,5633
57410,SANTA CRUZ,5633
57411,SANTA MONICA,5633
57412,SANTA RITA,5633
57413,SANTA TERESA,5633
57414,SANTO ANGEL,5633
57415,SANTO NIÑO,5633
57416,SANTO ROSARIO,5633
57417,AGBATUAN,5634
57418,AGLALANA,5634
57419,AGLANOT,5634
57420,AGSIRAB,5634
57421,ALIPASIAWAN,5634
57422,ASTORGA,5634
57423,BAYOG,5634
57424,BUNGSUAN,5634
57425,CALAPAWAN,5634
57426,CODINGLE,5634
57427,CUBI,5634
57428,DACUTON,5634
57429,DANGULA,5634
57430,GIBATO,5634
57431,GUINOTOS,5634
57432,JAMBAD,5634
57433,JANGUSLOB,5634
57434,LAWAAN,5634
57435,MALONOY,5634
57436,NAGSULANG,5634
57437,ONGOL ILAWOD,5634
57438,ONGOL ILAYA,5634
57439,POBLACION ILAWOD,5634
57440,POBLACION ILAYA,5634
57441,SAGRADA FAMILIA,5634
57442,SALCEDO,5634
57443,SAN JUAN,5634
57444,SIBARIWAN,5634
57445,TAMULALOD,5634
57446,TASLAN,5634
57447,TINA,5634
57448,TINAYTAYAN,5634
57449,TRACIANO,5634
57450,AGMALOBO,5635
57451,AGUSTIN NAVARRA,5635
57452,BALARING,5635
57453,BASIAO,5635
57454,CABUGAO,5635
57455,CUDIAN,5635
57456,ILAYA-IVISAN,5635
57457,MALOCLOC NORTE,5635
57458,MALOCLOC SUR,5635
57459,MATNOG,5635
57460,MIANAY,5635
57461,ONDOY,5635
57462,POBLACION NORTE,5635
57463,POBLACION SUR,5635
57464,SANTA CRUZ,5635
57465,AGAMBULONG,5636
57466,AGBUN-OD,5636
57467,AGCAGAY,5636
57468,AGLIBACAO,5636
57469,AGLOLOWAY,5636
57470,BAYEBAYE,5636
57471,CARIDAD,5636
57472,ESPERANZA,5636
57473,FE,5636
57474,GANZON,5636
57475,GUINTAS,5636
57476,IGANG,5636
57477,JAENA NORTE,5636
57478,JAENA SUR,5636
57479,JAGNAYA,5636
57480,LAPAZ,5636
57481,LINAMBASAN,5636
57482,LUCERO,5636
57483,MAANTOL,5636
57484,MASGRAU,5636
57485,MILAN,5636
57486,MOLET,5636
57487,PANGABAT,5636
57488,PANGABUAN,5636
57489,PASOL-O,5636
57490,POBLACION,5636
57491,SAN JOSE,5636
57492,SAN JUAN,5636
57493,SAN VICENTE,5636
57494,SANTO ROSARIO,5636
57495,AGLIMOCON,5637
57496,ALASAGING,5637
57497,ALAYUNAN,5637
57498,BALIGHOT,5637
57499,BATABAT,5637
57500,BONGBONGAN,5637
57501,CABUNGAHAN,5637
57502,CANAPIAN,5637
57503,CARATAYA,5637
57504,DULUAN,5637
57505,EAST VILLAFLORES,5637
57506,FERNANDEZ,5637
57507,GUINBI-ALAN,5637
57508,INDAYAGAN,5637
57509,JEBACA,5637
57510,MAALAN,5637
57511,MANAYUPIT,5637
57512,NEW GUIA,5637
57513,OLD GUIA,5637
57514,PALAGUIAN,5637
57515,PARALLAN,5637
57516,PIÑA,5637
57517,POBLACION ILAWOD,5637
57518,POBLACION ILAYA,5637
57519,POBLACION TABUC,5637
57520,QUEVEDO (NGALAN),5637
57521,QUINABONGLAN,5637
57522,QUINAT-UYAN,5637
57523,SALGAN,5637
57524,TAPULANG,5637
57525,TUBURAN,5637
57526,WEST VILLAFLORES,5637
57527,ATIPLO,5638
57528,BALAT-AN,5638
57529,BALIT,5638
57530,BATIANO,5638
57531,BATING,5638
57532,BATO BATO,5638
57533,BAYE,5638
57534,BERGANTE,5638
57535,BULA,5638
57536,BUNGA,5638
57537,BUNGSI,5638
57538,BURIAS,5638
57539,CAIDQUID,5638
57540,CALA-AGUS,5638
57541,LIBO-O,5638
57542,MANIBAD,5638
57543,MARALAG,5638
57544,NAJUS-AN,5638
57545,PANGPANG NORTE,5638
57546,PANGPANG SUR,5638
57547,PINAY,5638
57548,POBLACION PROPER,5638
57549,POBLACION TABUC,5638
57550,SINONDOJAN,5638
57551,TUGAS,5638
57552,TUMALALUD,5638
57553,AGBALO,5639
57554,AGBANBAN,5639
57555,AGOJO,5639
57556,ANHAWON,5639
57557,BAGACAY,5639
57558,BAGO CHIQUITO,5639
57559,BAGO GRANDE,5639
57560,BAHIT,5639
57561,BANTIQUE,5639
57562,BATO,5639
57563,BINANGIG,5639
57564,BINANTUAN,5639
57565,BONGA,5639
57566,BUNTOD,5639
57567,BUTACAL,5639
57568,CABUGAO ESTE,5639
57569,CABUGAO OESTE,5639
57570,CALAPAWAN,5639
57571,CALITAN,5639
57572,CANDUAL,5639
57573,COGON,5639
57574,DAGA,5639
57575,ILAMNAY,5639
57576,JAMUL-AWON,5639
57577,LANIPGA,5639
57578,LAT-ASAN,5639
57579,LIBON,5639
57580,LINAO,5639
57581,LINATERAN,5639
57582,LOMBOY,5639
57583,LUS-ONAN,5639
57584,MAGUBILAN,5639
57585,NAVITAS,5639
57586,PAWA,5639
57587,PILI,5639
57588,POBLACION ILAWOD,5639
57589,POBLACION ILAYA,5639
57590,POBLACION TABUC,5639
57591,TALASA,5639
57592,TANZA NORTE,5639
57593,TANZA SUR,5639
57594,TICO,5639
57595,AGBABADIANG,5640
57596,AGKILO,5640
57597,AGLOWAY,5640
57598,AMBILAY,5640
57599,BAHIT,5640
57600,BALATUCAN,5640
57601,BANGA-AN,5640
57602,CABANGAHAN,5640
57603,CABUGAO,5640
57604,CADIO,5640
57605,CALA-AN,5640
57606,CAPAGAO,5640
57607,COGON,5640
57608,CONCIENCIA,5640
57609,ENSENAGAN,5640
57610,INTAMPILAN,5640
57611,PASUGUE,5640
57612,POBLACION ILAWOD,5640
57613,POBLACION ILAYA,5640
57614,QUIOS,5640
57615,SALOCON,5640
57616,TABUC NORTE,5640
57617,TABUC SUR,5640
57618,TIMPAS,5640
57619,TINCUPON,5640
57620,TINIGBAN,5640
57621,BALOGO,5155
57622,BINAOBAWAN,5155
57623,BLASCO,5155
57624,CASANAYAN,5155
57625,CAYUS,5155
57626,DAYHAGAN,5155
57627,DULANGAN,5155
57628,MONTEFLOR,5155
57629,NATIVIDAD,5155
57630,OLALO,5155
57631,POBLACION,5155
57632,ROSARIO,5155
57633,SAN ANTONIO,5155
57634,SAN BLAS,5155
57635,SAN ESTEBAN,5155
57636,SAN FERNANDO,5155
57637,SAN NICOLAS,5155
57638,SAN PEDRO,5155
57639,SAN RAMON,5155
57640,SAN SILVESTRE,5155
57641,SANTA FE,5155
57642,SINAMONGAN,5155
57643,TABUN-ACAN,5155
57644,YATING,5155
57645,AGBANOG,5642
57646,AGDALIPE,5642
57647,AMELIGAN,5642
57648,BAILAN,5642
57649,BANATE,5642
57650,BANTIGUE,5642
57651,BINUNTUCAN,5642
57652,CABUGAO,5642
57653,GABUC (CAUGIAT),5642
57654,GUBA,5642
57655,HIPONA,5642
57656,ILAWOD (POB.),5642
57657,ILAYA (POB.),5642
57658,INTUNGCAN,5642
57659,JOLONGAJOG,5642
57660,LANTANGAN,5642
57661,LINAMPONGAN,5642
57662,MALAG-IT,5642
57663,MANAPAO,5642
57664,RIZAL,5642
57665,SAN PEDRO,5642
57666,SOLO,5642
57667,SUBLANGON,5642
57668,TABUC,5642
57669,TACAS,5642
57670,YATINGAN,5642
57671,ARANGUEL,5643
57672,BADIANGON,5643
57673,BAYUYAN,5643
57674,CABUGCABUG,5643
57675,CARMENCITA,5643
57676,CUBAY,5643
57677,CULILANG,5643
57678,GOCE,5643
57679,HANGLID,5643
57680,IBACA,5643
57681,MADULANO,5643
57682,MANOLING,5643
57683,MARITA,5643
57684,PANDAN,5643
57685,PANTALAN CABUGCABUG,5643
57686,PINAMIHAGAN,5643
57687,POBLACION (ELIZALDE),5643
57688,PONDOL,5643
57689,QUIAJO,5643
57690,SANGKAL,5643
57691,SANTO NIÑO,5643
57692,VIZCAYA,5643
57693,ADLAWAN,5644
57694,BAGO,5644
57695,BALIJUAGAN,5644
57696,BANICA,5644
57697,BARRA,5644
57698,BATO,5644
57699,BAYBAY,5644
57700,BOLO,5644
57701,CABUGAO,5644
57702,CAGAY,5644
57703,COGON,5644
57704,CULAJAO,5644
57705,CULASI,5644
57706,DAYAO,5644
57707,DINGINAN,5644
57708,DUMOLOG,5644
57709,GABU-AN,5644
57710,INZO ARNALDO VILLAGE (CADIMAHAN),5644
57711,JUMAGUICJIC,5644
57712,LANOT,5644
57713,LAWA-AN,5644
57714,LIBAS,5644
57715,LIONG,5644
57716,LOCTUGAN,5644
57717,LONOY,5644
57718,MILIBILI,5644
57719,MONGPONG,5644
57720,OLOTAYAN,5644
57721,POBLACION I (BARANGAY I),5644
57722,POBLACION II (BARANGAY II),5644
57723,POBLACION III (BARANGAY III),5644
57724,POBLACION IV (BARANGAY IV),5644
57725,POBLACION IX (BARANGAY IX),5644
57726,POBLACION V (BARANGAY V),5644
57727,POBLACION VI (BARANGAY VI),5644
57728,POBLACION VII (BARANGAY VII),5644
57729,POBLACION VIII (BARANGAY VIII),5644
57730,POBLACION X (BARANGAY X),5644
57731,POBLACION XI (BARANGAY XI),5644
57732,PUNTA COGON,5644
57733,PUNTA TABUC,5644
57734,SAN JOSE,5644
57735,SIBAGUAN,5644
57736,TALON,5644
57737,TANQUE,5644
57738,TANZA,5644
57739,TIZA,5644
57740,AGSILAB,5645
57741,AGTATACAY NORTE,5645
57742,AGTATACAY SUR,5645
57743,BILAO,5645
57744,DAMAYAN,5645
57745,DAPDAPAN,5645
57746,LONOY,5645
57747,MAJANLUD,5645
57748,MANINANG,5645
57749,POBLACION,5645
57750,ACBO,5646
57751,AMAGA,5646
57752,BALUCUAN,5646
57753,BANGONBANGON,5646
57754,CAPUYHAN,5646
57755,COGON,5646
57756,DAYHAGON,5646
57757,GUINTAS,5646
57758,MALAPAD COGON,5646
57759,MANGOSO,5646
57760,MANSACUL,5646
57761,MATANGCONG,5646
57762,MATINABUS,5646
57763,MIANAY,5646
57764,OYONG,5646
57765,PAGBUNITAN,5646
57766,PARIAN,5646
57767,PINAMALATICAN,5646
57768,POBLACION NORTE,5646
57769,POBLACION SUR,5646
57770,TAWOG,5646
57771,ABANGAY,5647
57772,ACUÑA,5647
57773,AGCOCOC,5647
57774,AGLINAB,5647
57775,AGLUPACAN,5647
57776,AGPALALI,5647
57777,APERO,5647
57778,ARTUZ,5647
57779,BAG-ONG BARRIO,5647
57780,BATO-BATO,5647
57781,BURI,5647
57782,CAMBURANAN,5647
57783,CANDELARIA,5647
57784,CARIDA,5647
57785,CRISTINA,5647
57786,DA-AN BANWA,5647
57787,DA-AN NORTE,5647
57788,DA-AN SUR,5647
57789,GARCIA,5647
57790,GEBIO-AN,5647
57791,HILWAN,5647
57792,INITAN,5647
57793,KATIPUNAN,5647
57794,LAGDUNGAN,5647
57795,LAHUG,5647
57796,LIBERTAD,5647
57797,MABINI,5647
57798,MALIAO,5647
57799,MALITBOG,5647
57800,MINAN,5647
57801,NAYAWAN,5647
57802,POBLACION,5647
57803,RIZAL NORTE,5647
57804,RIZAL SUR,5647
57805,ROOSEVELT,5647
57806,ROXAS,5647
57807,SALONG,5647
57808,SAN ANTONIO,5647
57809,SAN FRANCISCO,5647
57810,SAN JOSE,5647
57811,SAN JULIAN,5647
57812,SAN MIGUEL ILAWOD,5647
57813,SAN MIGUEL ILAYA,5647
57814,SAN NICOLAS,5647
57815,SAN PEDRO,5647
57816,SAN ROQUE,5647
57817,SAN VICENTE,5647
57818,SANTA ANA,5647
57819,SANTA PETRONILA,5647
57820,SENONOD,5647
57821,SIYA,5647
57822,SWITCH,5647
57823,TABON,5647
57824,TACAYAN,5647
57825,TAFT,5647
57826,TAGANGHIN,5647
57827,TASLAN,5647
57828,WRIGHT,5647
57829,AGSANAYAN,5357
57830,AVILA,5357
57831,BACJAO (CALUMINGAN),5357
57832,BANBAN,5357
57833,CANSILAYAN,5357
57834,DAGSA-AN,5357
57835,DARAGAN,5357
57836,EAST VALENCIA,5357
57837,GETULIO,5357
57838,MABINI,5357
57839,MAGSAYSAY,5357
57840,MCLAIN,5357
57841,MONTPILLER,5357
57842,NAVALAS,5357
57843,NAZARET,5357
57844,NEW POBLACION (CALINGAO),5357
57845,OLD POBLACION,5357
57846,PIÑA,5357
57847,RIZAL,5357
57848,SALVACION,5357
57849,SAN FERNANDO,5357
57850,SAN ISIDRO,5357
57851,SAN MIGUEL,5357
57852,SAN NICOLAS,5357
57853,SAN PEDRO,5357
57854,SAN ROQUE,5357
57855,SANTO ROSARIO,5357
57856,SAWANG,5357
57857,SUPANG,5357
57858,TACAY,5357
57859,TAMINLA,5357
57860,TANAG,5357
57861,TASTASAN,5357
57862,TINADTARAN,5357
57863,UMILIG,5357
57864,ZALDIVAR,5357
57865,ALAGUISOC,5649
57866,BALCON MARAVILLA,5649
57867,BALCON MELLIZA,5649
57868,BUGNAY,5649
57869,BULUANGAN,5649
57870,ESPINOSA,5649
57871,HOSKYN,5649
57872,LAWI,5649
57873,MOROBUAN,5649
57874,POBLACION,5649
57875,RIZAL,5649
57876,SAN MIGUEL,5649
57877,SANTA TERESA,5649
57878,SINAPSAPAN,5649
57879,CABALAGNAN,5650
57880,CALAYA,5650
57881,CANHAWAN,5650
57882,CONCORDIA SUR,5650
57883,DOLORES,5650
57884,GUIWANON,5650
57885,IGANG,5650
57886,IGDARAPDAP,5650
57887,LA PAZ,5650
57888,LANIPE,5650
57889,LUCMAYAN,5650
57890,MAGAMAY,5650
57891,NAPANDONG,5650
57892,ORACON SUR,5650
57893,PANDARAONAN,5650
57894,PANOBOLON,5650
57895,POBLACION,5650
57896,SALVACION,5650
57897,SAN ANTONIO,5650
57898,SAN ROQUE,5650
57899,SANTO DOMINGO,5650
57900,TANDO,5650
57901,AGUILAR,5651
57902,CABANO,5651
57903,CABUNGAHAN,5651
57904,CONSTANCIA,5651
57905,GABAN,5651
57906,IGCAWAYAN,5651
57907,M. CHAVEZ,5651
57908,SAN ENRIQUE (LEBAS),5651
57909,SAPAL,5651
57910,SEBARIO,5651
57911,SUCLARAN,5651
57912,TAMBORONG,5651
57913,ALEGRIA,5652
57914,AYANGAN,5652
57915,BUBOG,5652
57916,CONCORDIA,5652
57917,DASAL,5652
57918,INAMPOLOGAN,5652
57919,MAABAY,5652
57920,MILLAN,5652
57921,ORACON,5652
57922,RAVINA,5652
57923,SABANG,5652
57924,SAN ISIDRO,5652
57925,SEBASTE,5652
57926,TANGLAD,5652
57927,ADCADARAO,5653
57928,AGBOBOLO,5653
57929,BADIANGAN,5653
57930,BARRIDO,5653
57931,BATO BIASONG,5653
57932,BAY-ANG,5653
57933,BUCANA BUNGLAS,5653
57934,CENTRAL,5653
57935,CULASI,5653
57936,LANJAGAN,5653
57937,LUCA,5653
57938,MALAYU-AN,5653
57939,MANGOROCORO,5653
57940,NASIDMAN,5653
57941,PANTALAN NABAYE,5653
57942,PANTALAN NAVARRO,5653
57943,PEDADA,5653
57944,PILI,5653
57945,PINANTAN DIEL,5653
57946,PINANTAN ELIZALDE,5653
57947,PINAY ESPINOSA,5653
57948,POBLACION,5653
57949,PROGRESO,5653
57950,PUENTE BUNGLAS,5653
57951,PUNTA BURI,5653
57952,ROJAS,5653
57953,SAN ANTONIO,5653
57954,SANTO ROSARIO,5653
57955,SILAGON,5653
57956,TAGUBANHAN,5653
57957,TAGUHANGIN,5653
57958,TANDUYAN,5653
57959,TIPACLA,5653
57960,TUBOGAN,5653
57961,ABANG-ABANG,5654
57962,AGSING,5654
57963,ATABAY,5654
57964,BA-ONG,5654
57965,BAGSAKAN,5654
57966,BAGUINGIN-LANOT,5654
57967,BAGUMBAYAN-ILAJAS,5654
57968,BALABAGO,5654
57969,BAN-AG,5654
57970,BANCAL,5654
57971,BINALUD,5654
57972,BUGANG,5654
57973,BUHAY,5654
57974,BULOD,5654
57975,CABACANAN PROPER,5654
57976,CABACANAN RIZAL,5654
57977,CAGAY,5654
57978,COLINE,5654
57979,COLINE-DALAG,5654
57980,CUNSAD,5654
57981,CUYAD,5654
57982,DALID,5654
57983,DAO,5654
57984,GINES,5654
57985,GINOMOY,5654
57986,INGWAN,5654
57987,LAYLAYAN,5654
57988,LICO,5654
57989,LUAN-LUAN,5654
57990,MALAMBOY-BONDOLAN,5654
57991,MALAMHAY,5654
57992,MAMBAWI,5654
57993,MANASA,5654
57994,MANDUYOG,5654
57995,PAJO,5654
57996,PIANDA-AN NORTE,5654
57997,PIANDA-AN SUR,5654
57998,POBLACION,5654
57999,PUNONG,5654
58000,QUINASPAN,5654
58001,SINAMAY,5654
58002,SULONG,5654
58003,TABAN-MANGUINING,5654
58004,TABUG,5654
58005,TARUG,5654
58006,TUGASLON,5654
58007,UBODAN,5654
58008,UGBO,5654
58009,ULAY-BUGANG,5654
58010,ULAY-HINABLAN,5654
58011,UMINGAN,5654
58012,AGBATUAN,5655
58013,BADIANG,5655
58014,BALABAG,5655
58015,BALUNOS,5655
58016,CAG-AN,5655
58017,CAMIROS,5655
58018,DANGULA-AN,5655
58019,GUIPIS,5655
58020,MANGANESE,5655
58021,MEDINA,5655
58022,MOSTRO,5655
58023,PALAYPAY,5655
58024,PANTALAN,5655
58025,POBLACION,5655
58026,SAMBAG CULOB,5655
58027,SAN CARLOS,5655
58028,SAN JUAN CRISOSTOMO,5655
58029,SANTA RITA,5655
58030,SANTO ROSARIO,5655
58031,SERALLO,5655
58032,VISTA ALEGRE,5655
58033,AGUSIPAN,5656
58034,ASTORGA,5656
58035,BINGAUAN,5656
58036,BITA-OYAN,5656
58037,BOTONG,5656
58038,BUDIAWE,5656
58039,CABANGA-AN,5656
58040,CABAYOGAN,5656
58041,CALANSANAN,5656
58042,CATUBIG,5656
58043,GUINAWAHAN,5656
58044,ILONGBUKID,5656
58045,INDOROHAN,5656
58046,INILIGAN,5656
58047,LATAWAN,5656
58048,LINAYUAN,5656
58049,MAINGUIT,5656
58050,MALUBLUB,5656
58051,MANAOLAN,5656
58052,MAPILI GRANDE,5656
58053,MAPILI SANJO,5656
58054,ODIONGAN,5656
58055,POBLACION (BADIANGAN),5656
58056,SAN JULIAN,5656
58057,SARIRI,5656
58058,SIANON,5656
58059,SINUAGAN,5656
58060,TALABA,5656
58061,TAMOCOL,5656
58062,TENECLAN,5656
58063,TINA,5656
58064,ARANJUEZ,5657
58065,BACOLOD,5657
58066,BALANTI-AN,5657
58067,BATUAN,5657
58068,CABALIC,5657
58069,CAMAMBUGAN,5657
58070,DOLORES,5657
58071,GIMAMANAY,5657
58072,IPIL,5657
58073,KINALKALAN,5657
58074,LAWIS,5657
58075,MALAPOC,5657
58076,MAMHUT NORTE,5657
58077,MAMHUT SUR,5657
58078,MAYA,5657
58079,PANI-AN,5657
58080,POBLACION NORTE,5657
58081,POBLACION SUR,5657
58082,QUIASAN,5657
58083,SALONG,5657
58084,SALVACION,5657
58085,TINGUI-AN,5657
58086,ZARAGOSA,5657
58087,ALACAYGAN,5658
58088,BARIGA,5658
58089,BELEN,5658
58090,BOBON,5658
58091,BULARAN,5658
58092,CARMELO,5658
58093,DE LA PAZ,5658
58094,DUGWAKAN,5658
58095,FUENTES*,5658
58096,JUANICO,5658
58097,LIBERTAD,5658
58098,MAGDALO,5658
58099,MANAGOPAYA,5658
58100,MERCED,5658
58101,POBLACION,5658
58102,SAN SALVADOR,5658
58103,TALOKGANGAN,5658
58104,ZONA SUR,5658
58105,ACUIT,5659
58106,AGCUYAWAN CALSADA,5659
58107,AGCUYAWAN PULO,5659
58108,BAGONGBONG,5659
58109,BARAS,5659
58110,BUNGCA,5659
58111,CABILAUAN,5659
58112,CRUZ,5659
58113,GUINTAS,5659
58114,IGBONG,5659
58115,ILAUD POBLACION,5659
58116,ILAYA POBLACION,5659
58117,JALAUD,5659
58118,LAGUBANG,5659
58119,LANAS,5659
58120,LICO-AN,5659
58121,LINAO,5659
58122,MONPON,5659
58123,PALACIAWAN,5659
58124,PATAG,5659
58125,SALIHID,5659
58126,SO-OL,5659
58127,SOHOTON,5659
58128,TABUC-SUBA,5659
58129,TABUCAN,5659
58130,TALISAY,5659
58131,TINORIAN,5659
58132,TIWI,5659
58133,TUBUNGAN,5659
58134,BUGNAY,5660
58135,CALIFORNIA,5660
58136,DE LA PEÑA,5660
58137,DEL PILAR,5660
58138,GENERAL LUNA,5660
58139,LA FORTUNA,5660
58140,LIPATA,5660
58141,NATIVIDAD,5660
58142,NUEVA INVENCION,5660
58143,NUEVA SEVILLA,5660
58144,POBLACION,5660
58145,PUERTO PRINCESA,5660
58146,RIZAL,5660
58147,SAN ANTONIO,5660
58148,SAN FERNANDO,5660
58149,SAN FRANCISCO,5660
58150,SAN GERONIMO,5660
58151,SAN JUAN,5660
58152,SAN LUCAS,5660
58153,SAN MIGUEL,5660
58154,SAN ROQUE,5660
58155,SANTIAGO,5660
58156,SANTO DOMINGO,5660
58157,SANTO TOMAS,5660
58158,UGASAN,5660
58159,VISTA ALEGRE,5660
58160,ALAPASCO,5661
58161,ALINSOLONG,5661
58162,BANBAN,5661
58163,BATAD VIEJO,5661
58164,BINON-AN,5661
58165,BOLHOG,5661
58166,BULAK NORTE,5661
58167,BULAK SUR,5661
58168,CABAGOHAN,5661
58169,CALANGAG,5661
58170,CAW-I,5661
58171,DRANCALAN,5661
58172,EMBARCADERO,5661
58173,HAMOD,5661
58174,MALICO,5661
58175,NANGKA,5661
58176,PASAYAN,5661
58177,POBLACION,5661
58178,QUIAZAN FLORETE,5661
58179,QUIAZAN LOPEZ,5661
58180,SALONG,5661
58181,SANTA ANA,5661
58182,TANAO,5661
58183,TAPI-AN,5661
58184,AGBA-O,5662
58185,ALABIDHAN,5662
58186,BULABOG,5662
58187,CAIROHAN,5662
58188,GUINHULACAN,5662
58189,INAMYUNGAN,5662
58190,MALITBOG ILAWOD,5662
58191,MALITBOG ILAYA,5662
58192,NGINGI-AN,5662
58193,POBLACION,5662
58194,QUINANGYANA,5662
58195,QUINAR-UPAN,5662
58196,TAPACON,5662
58197,TUBOD,5662
58198,ACAO,5085
58199,AMERANG,5085
58200,AMURAO,5085
58201,ANUANG,5085
58202,AYAMAN,5085
58203,AYONG,5085
58204,BACAN,5085
58205,BALABAG,5085
58206,BALUYAN,5085
58207,BANGUIT,5085
58208,BULAY,5085
58209,CADOLDOLAN,5085
58210,CAGBAN,5085
58211,CALAWAGAN,5085
58212,CALAYO,5085
58213,DUYANDUYAN,5085
58214,GAUB,5085
58215,GINES INTERIOR,5085
58216,GINES PATAG,5085
58217,GUIBUANGAN TIGBAUAN,5085
58218,INABASAN,5085
58219,INACA,5085
58220,INALADAN,5085
58221,INGAS,5085
58222,ITO NORTE,5085
58223,ITO SUR,5085
58224,JANIPAAN CENTRAL,5085
58225,JANIPAAN ESTE,5085
58226,JANIPAAN OESTE,5085
58227,JANIPAAN OLO,5085
58228,JELICUON LUSAYA,5085
58229,JELICUON MONTINOLA,5085
58230,LAG-AN,5085
58231,LEONG,5085
58232,LUTAC,5085
58233,MANGUNA,5085
58234,MARAGUIT,5085
58235,MORUBUAN,5085
58236,PACATIN,5085
58237,PAGOTPOT,5085
58238,PAMUL-OGAN,5085
58239,PAMURINGAO GARRIDO,5085
58240,PAMURINGAO PROPER,5085
58241,PUNGTOD,5085
58242,PUYAS,5085
58243,SALACAY,5085
58244,SULANGA,5085
58245,TABUCAN,5085
58246,TACDANGAN,5085
58247,TALANGHAUAN,5085
58248,TIGBAUAN ROAD,5085
58249,TINIO-AN,5085
58250,TIRING,5085
58251,TUPOL CENTRAL,5085
58252,TUPOL ESTE,5085
58253,TUPOL OESTE,5085
58254,TUY-AN,5085
58255,ZONE I POB. (BARANGAY 1),5085
58256,ZONE II POB. (BARANGAY 2),5085
58257,ZONE III POB. (BARANGAY 3),5085
58258,ZONE IV POB. (BARANGAY 4),5085
58259,ZONE IX POB. (BARANGAY 9),5085
58260,ZONE V POB. (BARANGAY 5),5085
58261,ZONE VI POB. (BARANGAY 6 ),5085
58262,ZONE VII POB. (BARANGAY 7),5085
58263,ZONE VIII POB. (BARANGAY 8),5085
58264,ZONE X POB. (BARANGAY 10),5085
58265,ZONE XI POB. (BARANGAY 11),5085
58266,AGCALAGA,5664
58267,AGLIBACAO,5664
58268,AGLONOK,5664
58269,ALIBUNAN,5664
58270,BADLAN GRANDE,5664
58271,BADLAN PEQUEÑO,5664
58272,BADU,5664
58273,BAJE SAN JULIAN,5664
58274,BALATICON,5664
58275,BANBAN GRANDE,5664
58276,BANBAN PEQUEÑO,5664
58277,BARRIO CALINOG,5664
58278,BINOLOSAN GRANDE,5664
58279,BINOLOSAN PEQUEÑO,5664
58280,CABAGIAO,5664
58281,CABUGAO,5664
58282,CAHIGON,5664
58283,CAMALONGO,5664
58284,CANABAJAN,5664
58285,CARATAGAN,5664
58286,CARVASANA,5664
58287,DALID,5664
58288,DATAGAN,5664
58289,GAMA GRANDE,5664
58290,GAMA PEQUEÑO,5664
58291,GARANGAN,5664
58292,GUINBONYUGAN,5664
58293,GUISO,5664
58294,HILWAN,5664
58295,IMPALIDAN,5664
58296,IPIL,5664
58297,JAMIN-AY,5664
58298,LAMPAYA,5664
58299,LIBOT,5664
58300,LONOY,5664
58301,MALAG-IT,5664
58302,MALAGUINABOT,5664
58303,MALAPAWE,5664
58304,MALITBOG CENTRO,5664
58305,MAMBIRANAN,5664
58306,MANARIPAY,5664
58307,MARANDIG,5664
58308,MASAROY,5664
58309,MASPASAN,5664
58310,NALBUGAN,5664
58311,OWAK,5664
58312,POBLACION CENTRO,5664
58313,POBLACION DELGADO,5664
58314,POBLACION ILAYA,5664
58315,POBLACION RIZAL ILAUD,5664
58316,SAN NICOLAS,5664
58317,SIMSIMAN,5664
58318,SUPANGA,5664
58319,TABUCAN,5664
58320,TAHING,5664
58321,TIBIAO,5664
58322,TIGBAYOG,5664
58323,TOYUNGAN,5664
58324,ULAYAN,5664
58325,ABONG,5665
58326,ALIPATA,5665
58327,ASLUMAN,5665
58328,BANCAL,5665
58329,BARANGCALAN,5665
58330,BAROSBOS,5665
58331,BINULUANGAN,5665
58332,BITO-ON,5665
58333,BOLO,5665
58334,BUAYA,5665
58335,BUENAVISTA,5665
58336,CABILAO GRANDE,5665
58337,CABILAO PEQUEÑO,5665
58338,CABUGUANA,5665
58339,CAWAYAN,5665
58340,DAYHAGAN,5665
58341,GABI,5665
58342,GRANADA,5665
58343,GUINTICGAN,5665
58344,ISLA DE CANA,5665
58345,LANTANGAN,5665
58346,MANLOT,5665
58347,NALUMSAN,5665
58348,PANTALAN,5665
58349,POBLACION,5665
58350,PUNTA (BOLOCAWE),5665
58351,PUNTA BATUANAN,5665
58352,SAN FERNANDO,5665
58353,TABUGON,5665
58354,TALINGTING,5665
58355,TARONG,5665
58356,TINIGBAN,5665
58357,TUPAZ,5665
58358,AGDAHON,5666
58359,AGDAYAO,5666
58360,AGLALANA,5666
58361,AGTABO,5666
58362,AGTAMBO,5666
58363,ALIMONO,5666
58364,ARAC,5666
58365,AYUYAN,5666
58366,BACURANAN,5666
58367,BAGACAY,5666
58368,BATU,5666
58369,BAYAN,5666
58370,BITAOGAN,5666
58371,BUENAVISTA,5666
58372,BUYO,5666
58373,CABUNGA,5666
58374,CADILANG,5666
58375,CAIROHAN,5666
58376,DALICANAN,5666
58377,GEGACHAC,5666
58378,GEMAT-Y,5666
58379,GEMUMUA-AGAHON,5666
58380,GINES VIEJO,5666
58381,IMBANG GRANDE,5666
58382,JAGUIMITAN,5666
58383,LIBO-O,5666
58384,MAASIN,5666
58385,MAGDUNGAO,5666
58386,MALAG-IT GRANDE,5666
58387,MALAG-IT PEQUEÑO,5666
58388,MAMBIRANAN GRANDE,5666
58389,MAMBIRANAN PEQUEÑO,5666
58390,MAN-IT,5666
58391,MANTULANG,5666
58392,MULAPULA,5666
58393,NUEVA UNION,5666
58394,PAGAYPAY,5666
58395,PANGI,5666
58396,POBLACION ILAWOD,5666
58397,POBLACION ILAYA,5666
58398,PUNONG,5666
58399,QUINAGARINGAN GRANDE,5666
58400,QUINAGARINGAN PEQUEÑO,5666
58401,SABLOGON,5666
58402,SALNGAN,5666
58403,SANTO TOMAS,5666
58404,SARAPAN,5666
58405,TAGUBONG,5666
58406,TALONGONAN,5666
58407,TUBOD,5666
58408,TUBURAN,5666
58409,AGLOSONG,5240
58410,AGNAGA,5240
58411,BACJAWAN NORTE,5240
58412,BACJAWAN SUR,5240
58413,BAGONGON,5240
58414,BATITI,5240
58415,BOTLOG,5240
58416,CALAMIGAN,5240
58417,DUNGON,5240
58418,IGBON,5240
58419,JAMUL-AWON,5240
58420,LO-ONG,5240
58421,MACALBANG,5240
58422,MACATUNAO,5240
58423,MALANGABANG,5240
58424,MALIOGLIOG,5240
58425,NIÑO,5240
58426,NIPA,5240
58427,PLANDICO,5240
58428,POBLACION,5240
58429,POLOPINA,5240
58430,SALVACION,5240
58431,TALOTU-AN,5240
58432,TAMBALIZA,5240
58433,TAMIS-AC,5240
58434,ABANGAY,5668
58435,AGSALANAN,5668
58436,AGTATACAY,5668
58437,ALEGRIA,5668
58438,BONGLOY,5668
58439,BUENAVISTA,5668
58440,CAGUYUMAN,5668
58441,CALICUANG,5668
58442,CAMAMBUGAN,5668
58443,DAWIS,5668
58444,GINALINAN NUEVO,5668
58445,GINALINAN VIEJO,5668
58446,GUTAO,5668
58447,ILAJAS,5668
58448,LIBO-O,5668
58449,LICU-AN,5668
58450,LINCUD,5668
58451,MATANGHARON,5668
58452,MOROBORO,5668
58453,NAMATAY,5668
58454,NAZUNI,5668
58455,PANDAN,5668
58456,POBLACION,5668
58457,POTOLAN,5668
58458,SAN JOSE,5668
58459,SAN MATIAS,5668
58460,SINIBA-AN,5668
58461,TABUGON,5668
58462,TAMBUNAC,5668
58463,TANGHAWAN,5668
58464,TIGUIB,5668
58465,TINOCUAN,5668
58466,TULATULA-AN,5668
58467,AGUTAYAN,5669
58468,ANGARE,5669
58469,ANJAWAN,5669
58470,BAAC,5669
58471,BAGONGBONG,5669
58472,BALANGIGAN,5669
58473,BALINGASAG,5669
58474,BANUGAN,5669
58475,BATUAN,5669
58476,BITA,5669
58477,BUENAVISTA,5669
58478,BUGTONGAN,5669
58479,CABUDIAN,5669
58480,CALACA-AN,5669
58481,CALANG,5669
58482,CALAWINAN,5669
58483,CAPAYCAPAY,5669
58484,CAPULING,5669
58485,CATIG,5669
58486,DILA-AN,5669
58487,FUNDACION,5669
58488,INADLAWAN,5669
58489,JAGDONG,5669
58490,JAGUIMIT,5669
58491,LACADON,5669
58492,LUAG,5669
58493,MALUSGOD,5669
58494,MARIBUYONG,5669
58495,MINANGA,5669
58496,MONPON,5669
58497,NAVALAS,5669
58498,PADER,5669
58499,PANDAN,5669
58500,POBLACION A,5669
58501,POBLACION B,5669
58502,POBLACION C,5669
58503,POBLACION D,5669
58504,PONONG GRANDE,5669
58505,PONONG PEQUEÑO,5669
58506,PUROG,5669
58507,ROMBLON,5669
58508,SAN ISIDRO,5669
58509,SANTO NIÑO,5669
58510,SAWE,5669
58511,TAMINLA,5669
58512,TINOCUAN,5669
58513,TIPOLO,5669
58514,AURORA-DEL PILAR (POB.),5670
58515,BACAY,5670
58516,BACONG,5670
58517,BALABAG,5670
58518,BALUD,5670
58519,BANTUD,5670
58520,BANTUD FABRICA,5670
58521,BARAS,5670
58522,BARASAN,5670
58523,BASA-MABINI BONIFACIO (POB.),5670
58524,BOLILAO,5670
58525,BUENAFLOR EMBARKADERO (POB.),5670
58526,BURGOS-REGIDOR (POB.),5670
58527,CALAO,5670
58528,CALI,5670
58529,CANSILAYAN,5670
58530,CAPALIZ,5670
58531,CAYOS,5670
58532,COMPAYAN,5670
58533,DACUTAN,5670
58534,ERMITA,5670
58535,ILAYA 1ST,5670
58536,ILAYA 2ND,5670
58537,ILAYA 3RD,5670
58538,JARDIN,5670
58539,LACTURAN,5670
58540,LOPEZ JAENA - RIZAL (POB.),5670
58541,MANAGUIT,5670
58542,MAQUINA,5670
58543,NANDING LOPEZ,5670
58544,PAGDUGUE,5670
58545,PALOC BIGQUE,5670
58546,PALOC SOOL,5670
58547,PATLAD,5670
58548,PD MONFORT NORTH (LUBLUB),5670
58549,PD MONFORT SOUTH (GUINSAMPANAN),5670
58550,PULAO,5670
58551,ROSARIO,5670
58552,SAPAO,5670
58553,SULANGAN,5670
58554,TABUCAN,5670
58555,TALUSAN,5670
58556,TAMBOBO,5670
58557,TAMBOILAN,5670
58558,VICTORIAS,5670
58559,BAYAS (BAYAS ISLAND),5671
58560,BAYUYAN,5671
58561,BOTONGON,5671
58562,BULAQUEÑA,5671
58563,CALAPDAN,5671
58564,CANO-AN,5671
58565,DAAN BANUA,5671
58566,DACULAN,5671
58567,GOGO,5671
58568,JOLOG,5671
58569,LOGUINGOT (LOGUINGOT ISLAND),5671
58570,LONOY (ROMAN MOSQUEDA),5671
58571,LUMBIA (ANA CUENCA),5671
58572,MALBOG,5671
58573,MANIPULON,5671
58574,PA-ON,5671
58575,POBLACION ZONE 1,5671
58576,POBLACION ZONE II,5671
58577,POBLACION ZONE III,5671
58578,SAN ROQUE,5671
58579,SANTA ANA,5671
58580,TABU-AN,5671
58581,TACBUYAN,5671
58582,TANZA,5671
58583,VILLA PANI-AN,5671
58584,ANONO-O,5672
58585,BACONG,5672
58586,BAGUMBAYAN POB. (BAGUMBAYAN-GRANADA),5672
58587,BALANTAD-CARLOS FRUTO (POB.),5672
58588,BARAS,5672
58589,BINANUA-AN,5672
58590,BONGOL SAN MIGUEL,5672
58591,BONGOL SAN VICENTE,5672
58592,BULAD,5672
58593,BULUANGAN,5672
58594,BURGOS-GENGOS (POB.),5672
58595,CABASI,5672
58596,CABUBUGAN,5672
58597,CALAMPITAO,5672
58598,CAMANGAHAN,5672
58599,GENEROSA-CRISTOBAL COLON (POB.),5672
58600,GERONA-GIMENO (POB.),5672
58601,GIRADO-MAGSAYSAY (POB.),5672
58602,GOTERA (POB.),5672
58603,IGCOCOLO,5672
58604,IYASAN,5672
58605,LIBO-ON GONZALES (POB.),5672
58606,LUBACAN,5672
58607,NAHAPAY,5672
58608,NALUNDAN,5672
58609,NANGA,5672
58610,NITO-AN LUPSAG,5672
58611,PARTICION,5672
58612,PESCADORES (POB.),5672
58613,RIZAL-TUGUISAN (POB.),5672
58614,SANTA ROSA-LAGUNA,5672
58615,SIPITAN-BADIANG,5672
58616,TORREBLANCA-BLUMENTRITT (POB.),5672
58617,ALAMEDA,5673
58618,AMOROGTONG,5673
58619,ANILAWAN,5673
58620,BAGACAY,5673
58621,BAGACAYAN,5673
58622,BAGAY,5673
58623,BALIBAGAN,5673
58624,BARANGAY 1 POBLACION,5673
58625,BARANGAY 2 POBLACION,5673
58626,BARANGAY 3 POBLACION,5673
58627,BARANGAY 4 POBLACION,5673
58628,BARANGAY 5 POBLACION,5673
58629,BARANGAY 6 POBLACION,5673
58630,BARASAN,5673
58631,BINANUA-AN,5673
58632,BOCLOD,5673
58633,BUENAVISTA,5673
58634,BUGA,5673
58635,BUGNAY,5673
58636,CALAMPITAO,5673
58637,CALE,5673
58638,CATIRINGAN,5673
58639,CORUCUAN,5673
58640,IGCABUGAO,5673
58641,IGPIGUS,5673
58642,IGTALONGON,5673
58643,INDALUYON,5673
58644,JOVELLAR,5673
58645,KINAGDAN,5673
58646,LAB-ON,5673
58647,LACAY DOL-DOL,5673
58648,LUMANGAN,5673
58649,LUTUNGAN,5673
58650,MANTANGON,5673
58651,MULANGAN,5673
58652,PASONG,5673
58653,PASSI,5673
58654,PINAOPAWAN,5673
58655,RIRO-AN,5673
58656,SAN AMBROSIO,5673
58657,SANTA BARBARA,5673
58658,SIGNE,5673
58659,TABIAC,5673
58660,TALAYATAY,5673
58661,TAYTAY,5673
58662,TIGBANABA,5673
58663,ABETO MIRASOL TAFT SOUTH (QUIRINO ABETO),5674
58664,AGUINALDO,5674
58665,AIRPORT (TABUCAN AIRPORT),5674
58666,ALALASAN LAPUZ,5674
58667,ARGUELLES,5674
58668,ARSENAL ADUANA,5674
58669,BAKHAW,5674
58670,BALABAGO,5674
58671,BALANTANG,5674
58672,BALDOZA,5674
58673,BANTUD,5674
58674,BANUYAO,5674
58675,BAYBAY TANZA,5674
58676,BENEDICTO (JARO),5674
58677,BITO-ON,5674
58678,BOLILAO,5674
58679,BONIFACIO (AREVALO),5674
58680,BONIFACIO TANZA,5674
58681,BUHANG,5674
58682,BUHANG TAFT NORTH,5674
58683,BUNTATALA,5674
58684,BURGOS-MABINI-PLAZA,5674
58685,CAINGIN,5674
58686,CALAHUNAN,5674
58687,CALAPARAN,5674
58688,CALUBIHAN,5674
58689,CALUMPANG,5674
58690,CAMALIG,5674
58691,COCHERO,5674
58692,COMPANIA,5674
58693,CONCEPCION-MONTES,5674
58694,CUARTERO,5674
58695,CUBAY,5674
58696,DANAO,5674
58697,DELGADO-JALANDONI-BAGUMBAYAN,5674
58698,DEMOCRACIA,5674
58699,DESAMPARADOS,5674
58700,DIVINAGRACIA,5674
58701,DON ESTEBAN-LAPUZ,5674
58702,DULONAN,5674
58703,DUNGON,5674
58704,DUNGON A,5674
58705,DUNGON B,5674
58706,EAST BALUARTE,5674
58707,EAST TIMAWA,5674
58708,EDGANZON,5674
58709,EL 98 CASTILLA (CLAUDIO LOPEZ),5674
58710,FAJARDO,5674
58711,FLORES,5674
58712,GENERAL HUGHES-MONTES,5674
58713,GLORIA,5674
58714,GUSTILO,5674
58715,GUZMAN-JESENA,5674
58716,HABOG-HABOG SALVACION,5674
58717,HIBAO-AN NORTE,5674
58718,HIBAO-AN SUR,5674
58719,HINACTACAN,5674
58720,HIPODROMO,5674
58721,INDAY,5674
58722,INFANTE,5674
58723,INGORE,5674
58724,JALANDONI ESTATE-LAPUZ,5674
58725,JALANDONI-WILSON,5674
58726,JAVELLANA,5674
58727,JEREOS,5674
58728,KAHIRUPAN,5674
58729,KASINGKASING,5674
58730,KATILINGBAN,5674
58731,KAUSWAGAN,5674
58732,LAGUDA,5674
58733,LANIT,5674
58734,LAPUZ NORTE,5674
58735,LAPUZ SUR,5674
58736,LEGASPI DELA RAMA,5674
58737,LIBERATION,5674
58738,"LIBERTAD, SANTA ISABEL",5674
58739,LIBERTAD-LAPUZ,5674
58740,LOBOC-LAPUZ,5674
58741,LOPEZ JAENA (JARO),5674
58742,LOPEZ JAENA NORTE,5674
58743,LOPEZ JAENA SUR,5674
58744,LUNA (JARO),5674
58745,LUNA (LA PAZ),5674
58746,M. V. HECHANOVA,5674
58747,MABOLO-DELGADO,5674
58748,MACARTHUR,5674
58749,MAGDALO,5674
58750,MAGSAYSAY,5674
58751,MAGSAYSAY VILLAGE,5674
58752,MALIPAYON-DELGADO,5674
58753,MANSAYA-LAPUZ,5674
58754,MARCELO H. DEL PILAR,5674
58755,MARIA CLARA,5674
58756,MARIA CRISTINA,5674
58757,MOHON,5674
58758,MOLO BOULEVARD,5674
58759,MONICA BLUMENTRITT,5674
58760,MONTINOLA,5674
58761,MUELLE LONEY-MONTES,5674
58762,NABITASAN,5674
58763,NAVAIS,5674
58764,NONOY,5674
58765,NORTH AVANCEÑA,5674
58766,NORTH BALUARTE,5674
58767,NORTH FUNDIDOR,5674
58768,NORTH SAN JOSE,5674
58769,OBRERO-LAPUZ,5674
58770,OÑATE DE LEON,5674
58771,ORTIZ,5674
58772,OSMEÑA,5674
58773,OUR LADY OF FATIMA,5674
58774,OUR LADY OF LOURDES,5674
58775,PALE BENEDICTO RIZAL (MANDURRIAO),5674
58776,PHHC BLOCK 17,5674
58777,PHHC BLOCK 22 NHA,5674
58778,POBLACION MOLO,5674
58779,PRESIDENT ROXAS,5674
58780,PROGRESO-LAPUZ,5674
58781,PUNONG-LAPUZ,5674
58782,QUEZON,5674
58783,QUINTIN SALAS,5674
58784,RAILWAY,5674
58785,RIMA-RIZAL,5674
58786,RIZAL (LA PAZ),5674
58787,RIZAL ESTANZUELA,5674
58788,RIZAL IBARRA,5674
58789,RIZAL PALAPALA I,5674
58790,RIZAL PALAPALA II,5674
58791,ROXAS VILLAGE,5674
58792,SAMBAG,5674
58793,SAMPAGUITA,5674
58794,SAN AGUSTIN,5674
58795,SAN ANTONIO,5674
58796,SAN FELIX,5674
58797,SAN ISIDRO (JARO),5674
58798,SAN ISIDRO (LA PAZ),5674
58799,SAN JOSE (AREVALO),5674
58800,SAN JOSE (CITY PROPER),5674
58801,SAN JOSE (JARO),5674
58802,SAN JUAN,5674
58803,SAN NICOLAS,5674
58804,SAN PEDRO (JARO),5674
58805,SAN PEDRO (MOLO),5674
58806,SAN RAFAEL,5674
58807,SAN ROQUE,5674
58808,SAN VICENTE,5674
58809,SANTA CRUZ,5674
58810,SANTA FILOMENA,5674
58811,SANTA ROSA,5674
58812,SANTO DOMINGO,5674
58813,SANTO NIÑO NORTE,5674
58814,SANTO NIÑO SUR,5674
58815,SANTO ROSARIO-DURAN,5674
58816,SEMINARIO (BURGOS JALANDONI),5674
58817,SIMON LEDESMA,5674
58818,SINIKWAY (BANGKEROHAN LAPUZ),5674
58819,SO-OC,5674
58820,SOUTH BALUARTE,5674
58821,SOUTH FUNDIDOR,5674
58822,SOUTH SAN JOSE,5674
58823,TAAL,5674
58824,TABUC SUBA (JARO),5674
58825,TABUC SUBA (LA PAZ),5674
58826,TABUCAN,5674
58827,TACAS,5674
58828,TAGBAC,5674
58829,TANZA-ESPERANZA,5674
58830,TAP-OC,5674
58831,TAYTAY ZONE II,5674
58832,TICUD (LA PAZ),5674
58833,TIMAWA TANZA I,5674
58834,TIMAWA TANZA II,5674
58835,UNGKA,5674
58836,VETERANS VILLAGE,5674
58837,VILLA ANITA,5674
58838,WEST HABOG-HABOG,5674
58839,WEST TIMAWA,5674
58840,YULO DRIVE,5674
58841,YULO-ARROYO,5674
58842,ZAMORA-MELLIZA,5674
58843,ABANGAY,5675
58844,AGCAROPE,5675
58845,AGLOBONG,5675
58846,AGUINGAY,5675
58847,ANHAWAN,5675
58848,AQUINO NOBLEZA EAST (POB.),5675
58849,AQUINO NOBLEZA WEST (POB.),5675
58850,ATIMONAN,5675
58851,BALANAC,5675
58852,BARASALON,5675
58853,BONGOL,5675
58854,CABANTOG,5675
58855,CALMAY,5675
58856,CANAWILI,5675
58857,CANAWILLIAN,5675
58858,CAPT. A. TIRADOR (POB.),5675
58859,CARANAS,5675
58860,CARAUDAN,5675
58861,CARIGANGAN,5675
58862,CONCEPCION POB. (D.G. ABORDO),5675
58863,CRISPIN SALAZAR NORTH (POB.),5675
58864,CRISPIN SALAZAR SOUTH (POB.),5675
58865,CUNSAD,5675
58866,DABONG,5675
58867,DAMIRES,5675
58868,DAMO-ONG,5675
58869,DANAO,5675
58870,DON T. LUTERO CENTER (POB.),5675
58871,DON T. LUTERO EAST (POB.),5675
58872,DON T. LUTERO WEST POB. (DON T. LUTERO NORTH),5675
58873,GINES,5675
58874,GOLGOTA (POB.),5675
58875,GUADALUPE,5675
58876,JIBOLO,5675
58877,KUYOT,5675
58878,LOCSIN (POB.),5675
58879,MADONG,5675
58880,MANACABAC,5675
58881,MANGIL,5675
58882,MATAG-UB,5675
58883,MONTE-MAGAPA,5675
58884,PANGILIHAN,5675
58885,PANURAN,5675
58886,PARARINGA,5675
58887,PATONG-PATONG,5675
58888,QUIPOT,5675
58889,R. ARMADA (POB.),5675
58890,S. M. VILLA (POB.),5675
58891,SAN JULIAN (POB.),5675
58892,SAN PEDRO (POB.),5675
58893,SANTA RITA (POB.),5675
58894,SANTO TOMAS,5675
58895,SARAWAG,5675
58896,TAMBAL,5675
58897,TAMU-AN,5675
58898,TIRINGANAN,5675
58899,TOLARUCAN,5675
58900,TUBURAN,5675
58901,UBIAN,5675
58902,YABON,5675
58903,AGSIRAB,5676
58904,AGTUMAN,5676
58905,ALUGMAWA,5676
58906,BADIANGAN,5676
58907,BALAGIAO,5676
58908,BANBAN,5676
58909,BANSAG,5676
58910,BAYUCO,5676
58911,BINABA-AN ARMADA,5676
58912,BINABA-AN LABAYNO,5676
58913,BINABA-AN LIMOSO,5676
58914,BINABA-AN PORTIGO,5676
58915,BINABA-AN TIRADOR,5676
58916,BOGONGBONG,5676
58917,BONBON,5676
58918,BONTOC,5676
58919,BURI,5676
58920,BURIRAO,5676
58921,BUWANG,5676
58922,CABATANGAN,5676
58923,CABUGAO,5676
58924,CABUNLAWAN,5676
58925,CAGUISANAN,5676
58926,CALOY-AHAN,5676
58927,CANINGUAN,5676
58928,CAPANGYAN,5676
58929,CAYAN ESTE,5676
58930,CAYAN OESTE,5676
58931,COROT-ON,5676
58932,COTO,5676
58933,CUBAY,5676
58934,CUNARUM,5676
58935,DAANBANWA,5676
58936,GINES,5676
58937,HIPGOS,5676
58938,JAYUBO,5676
58939,JOROG,5676
58940,LANOT GRANDE,5676
58941,LANOT PEQUEÑO,5676
58942,LEGAYADA,5676
58943,LUMANAY,5676
58944,MADARAG,5676
58945,MAGBATO,5676
58946,MAITE GRANDE,5676
58947,MAITE PEQUEÑO,5676
58948,MALAG-IT,5676
58949,MANAULAN,5676
58950,MARIBONG,5676
58951,MARONG,5676
58952,MISI,5676
58953,NATIVIDAD,5676
58954,PAJO,5676
58955,PANDAN,5676
58956,PANURAN,5676
58957,PASIG,5676
58958,PATAG,5676
58959,POBLACION ILAWOD,5676
58960,POBLACION ILAYA,5676
58961,POONG,5676
58962,PUGHANAN,5676
58963,PUNGSOD,5676
58964,QUILING,5676
58965,SAGCUP,5676
58966,SAN GREGORIO,5676
58967,SIBACUNGAN,5676
58968,SIBAGUAN,5676
58969,SIMSIMAN,5676
58970,SUPOC,5676
58971,TAMPUCAO,5676
58972,TRANGHAWAN,5676
58973,TUBUNGAN,5676
58974,TUBURAN,5676
58975,WALANG,5676
58976,BIGKE,5677
58977,BUNTATALA,5677
58978,CAGAMUTAN NORTE,5677
58979,CAGAMUTAN SUR,5677
58980,CALABOA,5677
58981,CAMANGAY,5677
58982,CARI MAYOR,5677
58983,CARI MINOR,5677
58984,GUA-AN,5677
58985,GUIHAMAN,5677
58986,GUINOBATAN,5677
58987,GUINTAS,5677
58988,LAPAYON,5677
58989,M.V. HECHANOVA (BALAGON),5677
58990,NABITASAN,5677
58991,NAPNUD,5677
58992,POBLACION,5677
58993,SAN VICENTE,5677
58994,AGPIPILI,5278
58995,ALCANTARA,5278
58996,ALMEÑANA,5278
58997,ANABO,5278
58998,BANKAL,5278
58999,BUENAVISTA,5278
59000,CABANTOHAN,5278
59001,CAPIÑAHAN,5278
59002,DALIPE,5278
59003,DAPDAPAN,5278
59004,GERONGAN,5278
59005,IMBAULAN,5278
59006,LAYOGBATO,5278
59007,MARAPAL,5278
59008,MILAN,5278
59009,NAGSULANG,5278
59010,NASAPAHAN,5278
59011,OMIO,5278
59012,PACUAN,5278
59013,POBLACION NW ZONE,5278
59014,POBLACION SE ZONE,5278
59015,PONTOC,5278
59016,SAN ANTONIO,5278
59017,SAN DIEGO,5278
59018,SAN JOSE MOTO,5278
59019,SEPANTON,5278
59020,SINCUA,5278
59021,TABUNAN,5278
59022,TUGAS,5278
59023,VELASCO,5278
59024,YAWYAWAN,5278
59025,AGBOY NORTE,5679
59026,AGBOY SUR,5679
59027,AGTA,5679
59028,AMBULONG,5679
59029,ANONANG,5679
59030,APIAN,5679
59031,AVANZADA,5679
59032,AWIS,5679
59033,AYABANG,5679
59034,AYUBO,5679
59035,BACOLOD,5679
59036,BAJE,5679
59037,BANAGAN,5679
59038,BARANGBANG,5679
59039,BARASAN,5679
59040,BAYAG NORTE,5679
59041,BAYAG SUR,5679
59042,BINOLBOG,5679
59043,BIRI NORTE,5679
59044,BIRI SUR,5679
59045,BOBON,5679
59046,BUCARI,5679
59047,BUENAVISTA,5679
59048,BUGA,5679
59049,BULAD,5679
59050,BULWANG,5679
59051,CABOLO-AN,5679
59052,CABUNGA-AN,5679
59053,CABUTONGAN,5679
59054,CAGAY,5679
59055,CAMANDAG,5679
59056,CAMANDO,5679
59057,CANANAMAN,5679
59058,CAPT. FERNANDO,5679
59059,CARARA-AN,5679
59060,CAROLINA,5679
59061,CAWILIHAN,5679
59062,COYUGAN NORTE,5679
59063,COYUGAN SUR,5679
59064,DANAO,5679
59065,DOROG,5679
59066,DUSACAN,5679
59067,GINES,5679
59068,GUMBOC,5679
59069,IGCADIOS,5679
59070,INGAY,5679
59071,ISIAN NORTE,5679
59072,ISIAN VICTORIA,5679
59073,JAMOG GINES,5679
59074,LAMPAYA,5679
59075,LANAG,5679
59076,LANG-OG,5679
59077,LIGTOS,5679
59078,LONOC,5679
59079,MAGCAPAY,5679
59080,MALIAO,5679
59081,MALUBLUB,5679
59082,MANAMPUNAY,5679
59083,MARIRONG,5679
59084,MINA,5679
59085,MOCOL,5679
59086,NAGBANGI,5679
59087,NALBANG,5679
59088,ODONG-ODONG,5679
59089,OLUANGAN,5679
59090,OMAMBONG,5679
59091,PAGA,5679
59092,PANDAN,5679
59093,PANGINMAN,5679
59094,PAOY,5679
59095,PEPE,5679
59096,POBLACION,5679
59097,SALNGAN,5679
59098,SAMLAGUE,5679
59099,SIOL NORTE,5679
59100,SIOL SUR,5679
59101,TACUYONG NORTE,5679
59102,TACUYONG SUR,5679
59103,TAGSING,5679
59104,TALACUAN,5679
59105,TICUAN,5679
59106,TINA-AN NORTE,5679
59107,TINA-AN SUR,5679
59108,TU-OG,5679
59109,TUNGUAN,5679
59110,ABAY,5680
59111,ABILAY,5680
59112,AGROCEL POB. (AGUINALDO-ROXAS--CELSO MAYOR),5680
59113,AMERANG,5680
59114,BAGACAY EAST,5680
59115,BAGACAY WEST,5680
59116,BOLO,5680
59117,BUG-OT,5680
59118,BULAY,5680
59119,BUNTALAN,5680
59120,BURAK,5680
59121,CABANGCALAN,5680
59122,CABATAC,5680
59123,CAIGON,5680
59124,CANANGHAN,5680
59125,CANAWILI,5680
59126,DAGAMI,5680
59127,DAJA,5680
59128,DALUSAN,5680
59129,DELCAR POB. (DELGADO-CARTAGENA),5680
59130,INABASAN,5680
59131,LAYOG,5680
59132,LINAB,5680
59133,LIÑAGAN CALSADA,5680
59134,LIÑAGAN TACAS,5680
59135,MAGSAYSAY,5680
59136,MANDOG,5680
59137,MARI POB. (MABINI-RIZAL),5680
59138,MIAPA,5680
59139,NAGBA,5680
59140,NASAKA,5680
59141,NASLO-BUCAO,5680
59142,NASULI,5680
59143,PANALIAN,5680
59144,PIANDAAN EAST,5680
59145,PIANDAAN WEST,5680
59146,PISPIS,5680
59147,PUNONG,5680
59148,SANTA RITA,5680
59149,SINUBSUBAN,5680
59150,SIWALO,5680
59151,SUBOG,5680
59152,THTP POB. (TAFT-THOMPSON--HUGHES-DEL PILAR),5680
59153,TIGBAUAN,5680
59154,TRANGKA,5680
59155,TUBANG,5680
59156,TULAHONG,5680
59157,TUY-AN EAST,5680
59158,TUY-AN WEST,5680
59159,UBIAN,5680
59160,AGDUM,5681
59161,AGUIAUAN,5681
59162,ALIMODIAS,5681
59163,AWANG,5681
59164,BACAUAN,5681
59165,BACOLOD,5681
59166,BAGUMBAYAN,5681
59167,BANBANAN,5681
59168,BANGA,5681
59169,BANGLADAN,5681
59170,BANUYAO,5681
59171,BARACLAYAN,5681
59172,BARIRI,5681
59173,BAYBAY NORTE (POB.),5681
59174,BAYBAY SUR (POB.),5681
59175,BELEN,5681
59176,BOLHO (POB.),5681
59177,BOLOCAUE,5681
59178,BUENAVISTA NORTE,5681
59179,BUENAVISTA SUR,5681
59180,BUGTONG LUMANGAN,5681
59181,BUGTONG NAULID,5681
59182,CABALAUNAN,5681
59183,CABANGCALAN,5681
59184,CABUNOTAN,5681
59185,CADOLDOLAN,5681
59186,CAGBANG,5681
59187,CAITIB,5681
59188,CALAGTANGAN,5681
59189,CALAMPITAO,5681
59190,CAVITE,5681
59191,CAWAYANAN,5681
59192,CUBAY,5681
59193,CUBAY UBOS,5681
59194,DALIJE,5681
59195,DAMILISAN,5681
59196,DAWOG,5681
59197,DIDAY,5681
59198,DINGLE,5681
59199,DUROG,5681
59200,FRANTILLA,5681
59201,FUNDACION,5681
59202,GINES,5681
59203,GUIBONGAN,5681
59204,IGBITA,5681
59205,IGBUGO,5681
59206,IGCABIDIO,5681
59207,IGCABITO-ON,5681
59208,IGCATAMBOR,5681
59209,IGDALAQUIT,5681
59210,IGDULACA,5681
59211,IGPAJO,5681
59212,IGPANDAN,5681
59213,IGPURO,5681
59214,IGPURO-BARIRI,5681
59215,IGSOLIGUE,5681
59216,IGTUBA,5681
59217,ILOG-ILOG,5681
59218,INDAG-AN,5681
59219,KIRAYAN NORTE,5681
59220,KIRAYAN SUR,5681
59221,KIRAYAN TACAS,5681
59222,LA CONSOLACION,5681
59223,LACADON,5681
59224,LANUTAN,5681
59225,LUMANGAN,5681
59226,MABAYAN,5681
59227,MADUYO,5681
59228,MALAGYAN,5681
59229,MAMBATAD,5681
59230,MANINILA,5681
59231,MARICOLCOL,5681
59232,MARINGYAN,5681
59233,MAT-Y (POB.),5681
59234,MATALNGON,5681
59235,NACLUB,5681
59236,NAM-O NORTE,5681
59237,NAM-O SUR,5681
59238,NARAT-AN,5681
59239,NAROROGAN,5681
59240,NAULID,5681
59241,OLANGO,5681
59242,ONGYOD,5681
59243,ONOP,5681
59244,OYA-OY,5681
59245,OYUNGAN,5681
59246,PALACA,5681
59247,PARO-ON,5681
59248,POTRIDO,5681
59249,PUDPUD,5681
59250,PUNGTOD MONTECLARO,5681
59251,PUNGTOD NAULID,5681
59252,SAG-ON,5681
59253,SAN FERNANDO,5681
59254,SAN JOSE,5681
59255,SAN RAFAEL,5681
59256,SAPA (MIAGAO),5681
59257,SARING,5681
59258,SIBUCAO,5681
59259,TAAL,5681
59260,TABUNACAN,5681
59261,TACAS (POB.),5681
59262,TAMBONG,5681
59263,TAN-AGAN,5681
59264,TATOY,5681
59265,TICDALAN,5681
59266,TIG-AMAGA,5681
59267,TIG-APOG-APOG,5681
59268,TIGBAGACAY,5681
59269,TIGLAWA,5681
59270,TIGMALAPAD,5681
59271,TIGMARABO,5681
59272,TO-OG,5681
59273,TUGURA-AO,5681
59274,TUMAGBOC,5681
59275,UBOS ILAWOD (POB.),5681
59276,UBOS ILAYA (POB.),5681
59277,VALENCIA,5681
59278,WAYANG,5681
59279,ABAT,5682
59280,AGMANAPHAO,5682
59281,AMIROY,5682
59282,BADIANGAN,5682
59283,BANGAC,5682
59284,CABALABAGUAN,5682
59285,CAPUL-AN,5682
59286,DALA,5682
59287,GUIBUANGAN,5682
59288,JANIPA-AN EAST,5682
59289,JANIPA-AN WEST,5682
59290,MINA EAST (POB.),5682
59291,MINA WEST (POB.),5682
59292,NASIRUM,5682
59293,NAUMUAN,5682
59294,SINGAY,5682
59295,TALIBONG GRANDE,5682
59296,TALIBONG PEQUEÑO,5682
59297,TIPOLO,5682
59298,TOLARUCAN,5682
59299,TUMAY,5682
59300,YUGOT,5682
59301,BACLAYAN,5683
59302,BADIANG,5683
59303,BALABAG,5683
59304,BILIDAN,5683
59305,BITA-OG GAJA,5683
59306,BOLOLACAO,5683
59307,BUROT,5683
59308,CABILAUAN,5683
59309,CABUGAO,5683
59310,CAGBAN,5683
59311,CALUMBUYAN,5683
59312,DAMIRES,5683
59313,DAWIS,5683
59314,GENERAL DELGADO,5683
59315,GUINOBATAN,5683
59316,JANIPA-AN OESTE,5683
59317,JELICUON ESTE,5683
59318,JELICUON OESTE,5683
59319,PASIL,5683
59320,POBLACION,5683
59321,WARI-WARI,5683
59322,ABILAY NORTE,5684
59323,ABILAY SUR,5684
59324,ALEGRE,5684
59325,BATUAN ILAUD,5684
59326,BATUAN ILAYA,5684
59327,BITA NORTE,5684
59328,BITA SUR,5684
59329,BOTONG,5684
59330,BURAY,5684
59331,CABANBANAN,5684
59332,CABOLOAN NORTE,5684
59333,CABOLOAN SUR,5684
59334,CADINGLIAN,5684
59335,CAGBANG,5684
59336,CALAM-ISAN,5684
59337,GALANG,5684
59338,LAMBUYAO,5684
59339,MAMBOG,5684
59340,PAKIAD,5684
59341,POBLACION EAST,5684
59342,POBLACION NORTH,5684
59343,POBLACION SOUTH,5684
59344,POBLACION WEST,5684
59345,POLO MAESTRA BITA,5684
59346,RIZAL,5684
59347,SALNGAN,5684
59348,SAMBALUDAN,5684
59349,SAN ANTONIO,5684
59350,SAN NICOLAS,5684
59351,SANTA CLARA,5684
59352,SANTA MONICA,5684
59353,SANTA RITA,5684
59354,TAGBAC NORTE,5684
59355,TAGBAC SUR,5684
59356,TRAPICHE,5684
59357,TUBURAN,5684
59358,TUROG-TUROG,5684
59359,AGANAN,5685
59360,AMPARO,5685
59361,ANILAO,5685
59362,BALABAG,5685
59363,CABUGAO NORTE,5685
59364,CABUGAO SUR,5685
59365,JIBAO-AN,5685
59366,MALI-AO,5685
59367,PAGSANGA-AN,5685
59368,PAL-AGON,5685
59369,PANDAC,5685
59370,PUROK I (POB.),5685
59371,PUROK II (POB.),5685
59372,PUROK III (POB.),5685
59373,PUROK IV (POB.),5685
59374,TIGUM,5685
59375,UNGKA I,5685
59376,UNGKA II,5685
59377,ABANGAY,5686
59378,AMAMAROS,5686
59379,BAGACAY,5686
59380,BARASAN,5686
59381,BATUAN,5686
59382,BONGCO,5686
59383,CAHAGUICHICAN,5686
59384,CALLAN,5686
59385,CANSILAYAN,5686
59386,CASALSAGAN,5686
59387,CATO-OGAN,5686
59388,CAU-AYAN,5686
59389,CULOB,5686
59390,DANAO,5686
59391,DAPITAN,5686
59392,DAWIS,5686
59393,DONGSOL,5686
59394,FERNANDO PARCON WARD (POB.),5686
59395,FUNDACION,5686
59396,GUIBUANGAN,5686
59397,GUINACAS,5686
59398,IGANG,5686
59399,INTALUAN,5686
59400,IWA ILAUD,5686
59401,IWA ILAYA,5686
59402,JAMABALUD,5686
59403,JEBIOC,5686
59404,LAY-AHAN,5686
59405,LOPEZ JAENA WARD (POB.),5686
59406,LUMBO,5686
59407,MACATOL,5686
59408,MALUSGOD,5686
59409,NABITASAN,5686
59410,NAGA,5686
59411,NANGA,5686
59412,NASLO,5686
59413,PAJO,5686
59414,PALANGUIA,5686
59415,PITOGO,5686
59416,POLOT-AN,5686
59417,PRIMITIVO LEDESMA WARD (POB.),5686
59418,PUROG,5686
59419,RUMBANG,5686
59420,SAN JOSE WARD (POB.),5686
59421,SINUAGAN,5686
59422,TUBURAN,5686
59423,TUMCON ILAUD,5686
59424,TUMCON ILAYA,5686
59425,UBANG,5686
59426,ZARRAGUE,5686
59427,AGDALIRAN,5687
59428,AMAYONG,5687
59429,BAGACAY,5687
59430,BATUAN,5687
59431,BONDULAN,5687
59432,BOROÑGON,5687
59433,CANAS,5687
59434,CAPINANG,5687
59435,CUBAY,5687
59436,CUDIONAN,5687
59437,DUGMAN,5687
59438,HACIENDA CONCHITA,5687
59439,MADANLOG,5687
59440,MANDU-AWAK,5687
59441,MOTO,5687
59442,NABOROT,5687
59443,NIPA,5687
59444,ODIONGAN,5687
59445,PANGI,5687
59446,PASE,5687
59447,POBLACION,5687
59448,SAN NICOLAS,5687
59449,SANTOL,5687
59450,SIEMPREVIVA,5687
59451,SUA,5687
59452,TALO-ATO,5687
59453,TAMANGI,5687
59454,TIABAS,5687
59455,TUBLE,5687
59456,ABACA,5688
59457,ASISIG,5688
59458,BANTAYAN,5688
59459,BRAULAN,5688
59460,CABUGAO NUEVO,5688
59461,CABUGAO VIEJO,5688
59462,CAMIRI,5688
59463,CATAN-AGAN,5688
59464,COMPO,5688
59465,CUBAY,5688
59466,DACAL,5688
59467,DUMILES,5688
59468,GARITA,5688
59469,GINES NUEVO,5688
59470,IMBANG PEQUEÑO,5688
59471,IMBESAD-AN,5688
59472,IPROG,5688
59473,LIP-AC,5688
59474,MADARAG,5688
59475,MAPILI,5688
59476,PAGA,5688
59477,PALJE,5688
59478,POBLACION ILAWOD,5688
59479,POBLACION ILAYA,5688
59480,QUINOLPAN,5688
59481,RUMAGAYRAY,5688
59482,SAN ANTONIO,5688
59483,TAMBUNAC,5688
59484,AMBOYU-AN,5689
59485,ANDRES BONIFACIO,5689
59486,ANTALON,5689
59487,BAD-AS,5689
59488,BAGUMBAYAN,5689
59489,BALABAGO,5689
59490,BAYBAY,5689
59491,BAYUNAN (PANDAY ORO),5689
59492,BOLBOGAN,5689
59493,BONGA,5689
59494,BUCAYA,5689
59495,BULHO,5689
59496,CADLUMAN,5689
59497,CADOLDOLAN,5689
59498,CAMABA-AN,5689
59499,CAMIA,5689
59500,CATA-AN,5689
59501,CROSSING DAPUYAN,5689
59502,CUBAY,5689
59503,CUMARASCAS,5689
59504,DACDACANAN,5689
59505,DANAWAN,5689
59506,DOLDOL,5689
59507,DONGOC,5689
59508,ESCALANTERA,5689
59509,GINOT-AN,5689
59510,GUIBONGAN BAYUNAN,5689
59511,HUNA,5689
59512,IGBAJE,5689
59513,IGBANGCAL,5689
59514,IGBINANGON,5689
59515,IGBURI,5689
59516,IGCABUTONG,5689
59517,IGCADLUM,5689
59518,IGCAPHANG,5689
59519,IGCARATONG,5689
59520,IGCONDAO,5689
59521,IGCORES,5689
59522,IGDAGMAY,5689
59523,IGDOMINGDING,5689
59524,IGLILICO,5689
59525,IGPAYONG,5689
59526,JAWOD,5689
59527,LANGCA,5689
59528,LANGUANAN,5689
59529,LAWIGAN,5689
59530,LOMBOY,5689
59531,LOMBOYAN (SANTA ANA),5689
59532,LOPEZ VITO,5689
59533,MABINI NORTE,5689
59534,MABINI SUR,5689
59535,MANHARA,5689
59536,MANINILA,5689
59537,MASAGUD,5689
59538,MATAMBOG,5689
59539,MAYUNOC,5689
59540,MONTINOLA,5689
59541,NADSADAN,5689
59542,NAGQUIRISAN,5689
59543,NAGSIPIT,5689
59544,NEW GUMAWAN,5689
59545,PANATAN,5689
59546,PITOGO,5689
59547,PUROK 1 (POB.),5689
59548,PUROK 2 (POB.),5689
59549,PUROK 3 (POB.),5689
59550,PUROK 4 (POB.),5689
59551,PUROK 5 (POB.),5689
59552,QUI-ANAN,5689
59553,ROMA,5689
59554,SAN LUIS,5689
59555,SAN MATEO NORTE,5689
59556,SAN MATEO SUR,5689
59557,SANTA RITA,5689
59558,SANTIAGO,5689
59559,SINOGBUHAN,5689
59560,SIWARAGAN,5689
59561,TALAGUTAC,5689
59562,TAPIKAN,5689
59563,TASLAN,5689
59564,TIGLAWA,5689
59565,TIOLAS,5689
59566,TO-OG,5689
59567,TOROCADAN,5689
59568,ULAY,5689
59569,BGY. 1 POB. (ROXAS ST.),5178
59570,BGY. 2 POB. (SAVILLA STO. ROSARIO),5178
59571,BGY. 3 POB. (A.S.SUAREZ ST. ZONE 1),5178
59572,BGY. 4 POB. (A.S.SUAREZ EAST),5178
59573,BGY. 5 POB. (SANTIAGO ST.NORTH),5178
59574,BGY. 6 POB. (SANTIAGO ST.SOUTH),5178
59575,BGY. 7 POB. (SAN ROQUE ST.SOUTH),5178
59576,BGY. 8 POB. (MONTANO - SAN ROQUE),5178
59577,BGY. 9 POB. (SALAZAR SAN JOSE),5178
59578,BGY. 10 (POB. R.V.SANCHEZ ST. SOUTH),5178
59579,BGY. 11 POB. (R.V.SANCHEZ ST. NORTH),5178
59580,BGY. 12 POB. (SALES MALAGA SALIEDO),5178
59581,BGY. 13 POB. (STA.RITA-SACLAUSO ST.),5178
59582,BGY. 14 POB. (SAN MIGUEL NORTH),5178
59583,BGY. 15 POB. (SAN MIGUEL SOUTH),5178
59584,BGY. 16 POB. (SAN AGUSTIN ST.),5178
59585,CONSOLACION,5178
59586,IGTAMBO,5178
59587,SAN ANTONIO,5178
59588,SAN JOSE,5178
59589,SANTA CRUZ,5178
59590,SANTA TERESA,5178
59591,SANTO ANGEL,5178
59592,SANTO NIÑO,5178
59593,ARIPDIP,5179
59594,BAGACAY,5179
59595,CALAIGANG,5179
59596,ILONGBUKID,5179
59597,POBLACION,5179
59598,POSCOLON,5179
59599,SAN ANDRES,5179
59600,SAN DIONISIO,5179
59601,SAN FLORENTINO,5179
59602,AGUSIPAN,5034
59603,AGUTAYAN,5034
59604,BAGUMBAYAN,5034
59605,BALABAG,5034
59606,BALIBAGAN ESTE,5034
59607,BALIBAGAN OESTE,5034
59608,BAN-AG,5034
59609,BANTAY,5034
59610,BARANGAY ZONE I (POB.),5034
59611,BARANGAY ZONE II (POB.),5034
59612,BARANGAY ZONE III (POB.),5034
59613,BARANGAY ZONE IV (POB.),5034
59614,BARANGAY ZONE V (POB.),5034
59615,BARANGAY ZONE VI (POB.),5034
59616,BARASAN ESTE,5034
59617,BARASAN OESTE,5034
59618,BINANGKILAN,5034
59619,BITAOG-TAYTAY,5034
59620,BOLONG ESTE,5034
59621,BOLONG OESTE,5034
59622,BUAYAHON,5034
59623,BUYO,5034
59624,CABUGAO NORTE,5034
59625,CABUGAO SUR,5034
59626,CADAGMAYAN NORTE,5034
59627,CADAGMAYAN SUR,5034
59628,CAFE,5034
59629,CALABOA ESTE,5034
59630,CALABOA OESTE,5034
59631,CAMAMBUGAN,5034
59632,CANIPAYAN,5034
59633,CONAYNAY,5034
59634,DAGA,5034
59635,DALID,5034
59636,DUYANDUYAN,5034
59637,GEN. MARTIN T. DELGADO,5034
59638,GUNO,5034
59639,INANGAYAN,5034
59640,JIBAO-AN,5034
59641,LACADON,5034
59642,LANAG,5034
59643,LUPA,5034
59644,MAGANCINA,5034
59645,MALAWOG,5034
59646,MAMBUYO,5034
59647,MANHAYANG,5034
59648,MIRAGA-GUIBUANGAN,5034
59649,NASUGBAN,5034
59650,OMAMBOG,5034
59651,PAL-AGON,5034
59652,PUNGSOD,5034
59653,SAN SEBASTIAN,5034
59654,SANGCATE,5034
59655,TAGSING,5034
59656,TALANGHAUAN,5034
59657,TALONGADIAN,5034
59658,TIGTIG,5034
59659,TUBURAN,5034
59660,TUGAS,5034
59661,TUNGAY,5034
59662,AGUIRRE,5693
59663,ALDEGUER,5693
59664,ALIBAYOG,5693
59665,ANORING,5693
59666,APELO,5693
59667,APOLOGISTA,5693
59668,APOSAGA,5693
59669,ARANTE,5693
59670,ARDEMIL,5693
59671,ASPERA,5693
59672,ASWE-PABRIAGA,5693
59673,BAGAYGAY,5693
59674,BAKABAK,5693
59675,BATITAO,5693
59676,BATO,5693
59677,CASTOR,5693
59678,CRESPO,5693
59679,DEL CASTILLO,5693
59680,DEVERA,5693
59681,DOMINGO,5693
59682,FERRARIS,5693
59683,GILDORE,5693
59684,IMPROGO,5693
59685,JUANEZA,5693
59686,LABIGAN,5693
59687,LANCIOLA,5693
59688,LATAWAN,5693
59689,MALAPAYA,5693
59690,MUYCO,5693
59691,PADIOS,5693
59692,PASIG,5693
59693,POBLACION ILAWOD,5693
59694,POBLACION ILAYA,5693
59695,POBLACION MARKET,5693
59696,POSADAS,5693
59697,PRECIOSA,5693
59698,SALCEDO,5693
59699,SAN LUIS,5693
59700,TADY,5693
59701,TENTAY,5693
59702,VILLAHERMOSA,5693
59703,ZERRUDO,5693
59704,ALUPIDIAN,5694
59705,ATABAYAN,5694
59706,BAGACAY,5694
59707,BAGUINGIN,5694
59708,BAGUMBAYAN,5694
59709,BANGKAL,5694
59710,BANTUD,5694
59711,BARANGAY 1 (POB.),5694
59712,BARANGAY 2 (POB.),5694
59713,BARANGAY 3 (POB.),5694
59714,BARANGAY 4 (POB.),5694
59715,BARANGAY 5 (POB.),5694
59716,BARANGAY 6 (POB.),5694
59717,BARANGAY 7 (POB.),5694
59718,BARANGAY 8 (POB.),5694
59719,BARANGAY 9 (POB.),5694
59720,BAROSONG,5694
59721,BARROC,5694
59722,BAYUCO,5694
59723,BINALIUAN MAYOR,5694
59724,BINALIUAN MENOR,5694
59725,BITAS,5694
59726,BUENAVISTA,5694
59727,BUGASONGAN,5694
59728,BUYU-AN,5694
59729,CANABUAN,5694
59730,CANSILAYAN,5694
59731,CORDOVA NORTE,5694
59732,CORDOVA SUR,5694
59733,DANAO,5694
59734,DAPDAP,5694
59735,DORONG-AN,5694
59736,GUISIAN,5694
59737,ISAUAN,5694
59738,ISIAN,5694
59739,JAMOG,5694
59740,LANAG,5694
59741,LINOBAYAN,5694
59742,LUBOG,5694
59743,NAGBA,5694
59744,NAMOCON,5694
59745,NAPNAPAN NORTE,5694
59746,NAPNAPAN SUR,5694
59747,OLO BARROC,5694
59748,PARARA NORTE,5694
59749,PARARA SUR,5694
59750,SAN RAFAEL,5694
59751,SERMON,5694
59752,SIPITAN,5694
59753,SUPA,5694
59754,TAN PAEL,5694
59755,TARO,5694
59756,ADGAO,5695
59757,AGO,5695
59758,AMBARIHON,5695
59759,AYUBO,5695
59760,BACAN,5695
59761,BADIANG,5695
59762,BAGUNANAY,5695
59763,BALICUA,5695
59764,BANTAYANAN,5695
59765,BATGA,5695
59766,BATO,5695
59767,BIKIL,5695
59768,BOLOC,5695
59769,BONDOC,5695
59770,BORONG,5695
59771,BUENAVISTA,5695
59772,CADABDAB,5695
59773,DAGA-AY,5695
59774,DESPOSORIO,5695
59775,IGDAMPOG NORTE,5695
59776,IGDAMPOG SUR,5695
59777,IGPAHO,5695
59778,IGTUBLE,5695
59779,INGAY,5695
59780,ISAUAN,5695
59781,JOLASON,5695
59782,JONA,5695
59783,LA-AG,5695
59784,LANAG NORTE,5695
59785,LANAG SUR,5695
59786,MALE,5695
59787,MAYANG,5695
59788,MOLINA,5695
59789,MORCILLAS,5695
59790,NAGBA,5695
59791,NAVILLAN,5695
59792,PINAMACALAN,5695
59793,SAN JOSE,5695
59794,SIBUCAUAN,5695
59795,SINGON,5695
59796,TABAT,5695
59797,TAGPU-AN,5695
59798,TALENTO,5695
59799,TENIENTE BENITO,5695
59800,VICTORIA,5695
59801,ZONE I (POB.),5695
59802,ZONE II (POB.),5695
59803,ZONE III (POB.),5695
59804,BALUD I,5696
59805,BALUD II,5696
59806,BALUD LILO-AN,5696
59807,DAWIS CENTRO,5696
59808,DAWIS NORTE,5696
59809,DAWIS SUR,5696
59810,GINES,5696
59811,ILAWOD POBLACION,5696
59812,ILAYA POBLACION,5696
59813,INAGDANGAN CENTRO,5696
59814,INAGDANGAN NORTE,5696
59815,INAGDANGAN SUR,5696
59816,JALAUD NORTE,5696
59817,JALAUD SUR,5696
59818,LIBONGCOGON,5696
59819,MALUNANG,5696
59820,PAJO,5696
59821,SAMBAG,5696
59822,SIGANGAO,5696
59823,TALAUGUIS,5696
59824,TALIBONG,5696
59825,TUBIGAN,5696
59826,TUBURAN,5696
59827,TUBURAN SULBOD,5696
59828,ALANGILAN,5697
59829,ALIJIS,5697
59830,BANAGO,5697
59831,BARANGAY 1 (POB.),5697
59832,BARANGAY 2 (POB.),5697
59833,BARANGAY 3 (POB.),5697
59834,BARANGAY 4 (POB.),5697
59835,BARANGAY 5 (POB.),5697
59836,BARANGAY 6 (POB.),5697
59837,BARANGAY 7 (POB.),5697
59838,BARANGAY 8 (POB.),5697
59839,BARANGAY 9 (POB.),5697
59840,BARANGAY 10 (POB.),5697
59841,BARANGAY 11 (POB.),5697
59842,BARANGAY 12 (POB.),5697
59843,BARANGAY 13 (POB.),5697
59844,BARANGAY 14 (POB.),5697
59845,BARANGAY 15 (POB.),5697
59846,BARANGAY 16 (POB.),5697
59847,BARANGAY 17 (POB.),5697
59848,BARANGAY 18 (POB.),5697
59849,BARANGAY 19 (POB.),5697
59850,BARANGAY 20 (POB.),5697
59851,BARANGAY 21 (POB.),5697
59852,BARANGAY 22 (POB.),5697
59853,BARANGAY 23 (POB.),5697
59854,BARANGAY 24 (POB.),5697
59855,BARANGAY 25 (POB.),5697
59856,BARANGAY 26 (POB.),5697
59857,BARANGAY 27 (POB.),5697
59858,BARANGAY 28 (POB.),5697
59859,BARANGAY 29 (POB.),5697
59860,BARANGAY 30 (POB.),5697
59861,BARANGAY 31 (POB.),5697
59862,BARANGAY 32 (POB.),5697
59863,BARANGAY 33 (POB.),5697
59864,BARANGAY 34 (POB.),5697
59865,BARANGAY 35 (POB.),5697
59866,BARANGAY 36 (POB.),5697
59867,BARANGAY 37 (POB.),5697
59868,BARANGAY 38 (POB.),5697
59869,BARANGAY 39 (POB.),5697
59870,BARANGAY 40 (POB.),5697
59871,BARANGAY 41 (POB.),5697
59872,BATA,5697
59873,CABUG,5697
59874,ESTEFANIA,5697
59875,FELISA,5697
59876,GRANADA,5697
59877,HANDUMANAN,5697
59878,MANDALAGAN,5697
59879,MANSILINGAN,5697
59880,MONTEVISTA,5697
59881,PAHANOCOY,5697
59882,PUNTA TAYTAY,5697
59883,SINGCANG-AIRPORT,5697
59884,SUM-AG,5697
59885,TACULING,5697
59886,TANGUB,5697
59887,VILLAMONTE,5697
59888,VISTA ALEGRE,5697
59889,ABUANAN,5698
59890,ALIANZA,5698
59891,ATIPULUAN,5698
59892,BACONG-MONTILLA,5698
59893,BAGROY,5698
59894,BALINGASAG,5698
59895,BINUBUHAN,5698
59896,BUSAY,5698
59897,CALUMANGAN,5698
59898,CARIDAD,5698
59899,DULAO,5698
59900,ILIJAN,5698
59901,JORGE L. ARANETA (MA-AO CENTRAL),5698
59902,LAG-ASAN,5698
59903,MA-AO BARRIO,5698
59904,MAILUM,5698
59905,MALINGIN,5698
59906,NAPOLES,5698
59907,PACOL,5698
59908,POBLACION,5698
59909,SAGASA,5698
59910,SAMPINIT,5698
59911,TABUNAN,5698
59912,TALOC,5698
59913,AMONTAY,5699
59914,BAGROY,5699
59915,BI-AO,5699
59916,CANMOROS (POB.),5699
59917,ENCLARO,5699
59918,MARINA (POB.),5699
59919,PAGLAUM (POB.),5699
59920,PAYAO,5699
59921,PROGRESO (POB.),5699
59922,SAN JOSE,5699
59923,SAN JUAN (POB.),5699
59924,SAN PEDRO (POB.),5699
59925,SAN TEODORO (POB.),5699
59926,SAN VICENTE (POB.),5699
59927,SANTO ROSARIO (POB.),5699
59928,SANTOL,5699
59929,ANDRES BONIFACIO,5700
59930,BANQUEROHAN,5700
59931,BARANGAY 1 POB. (ZONE 1),5700
59932,BARANGAY 2 POB. (ZONE 2),5700
59933,BARANGAY 3 POB. (ZONE 3),5700
59934,BARANGAY 4 POB. (ZONE 4),5700
59935,BARANGAY 5 POB. (ZONE 5),5700
59936,BARANGAY 6 POB. (ZONE 6),5700
59937,BURGOS,5700
59938,CABAHUG,5700
59939,CADIZ VIEJO,5700
59940,CADUHA-AN,5700
59941,CELESTINO VILLACIN,5700
59942,DAGA,5700
59943,JERUSALEM,5700
59944,LUNA,5700
59945,MABINI,5700
59946,MAGSAYSAY,5700
59947,SICABA,5700
59948,TIGLAWIGAN,5700
59949,TINAMPA-AN,5700
59950,V. F. GUSTILO,5700
59951,AGPANGI,5468
59952,ANI-E,5468
59953,BAGACAY,5468
59954,BANTAYANON,5468
59955,BUENAVISTA,5468
59956,CABUNGAHAN,5468
59957,CALAMPISAWAN,5468
59958,CAMBAYOBO,5468
59959,CASTELLANO,5468
59960,CRUZ,5468
59961,DOLIS,5468
59962,HILUB-ANG,5468
59963,HINAB-ONGAN,5468
59964,ILAYA,5468
59965,LAGA-AN,5468
59966,LALONG,5468
59967,LEMERY,5468
59968,LIPAT-ON,5468
59969,LO-OK (POB.),5468
59970,MA-ASLOB,5468
59971,MACASILAO,5468
59972,MAHILUM,5468
59973,MALANOG,5468
59974,MALATAS,5468
59975,MARCELO,5468
59976,MENCHACA,5468
59977,MINA-UTOK,5468
59978,MINAPASUK,5468
59979,PAGHUMAYAN,5468
59980,PANTAO,5468
59981,PATUN-AN,5468
59982,PINOCUTAN,5468
59983,REFUGIO,5468
59984,SAN BENITO,5468
59985,SAN ISIDRO,5468
59986,SUBA (POB.),5468
59987,TELIM,5468
59988,TIGBAO,5468
59989,TIGBON,5468
59990,WINASWASAN,5468
59991,AGBOY,5702
59992,BANGA,5702
59993,CABIA-AN,5702
59994,CANINGAY,5702
59995,GATUSLAO,5702
59996,HABA,5702
59997,PAYAUAN,5702
59998,POBLACION EAST,5702
59999,POBLACION WEST,5702
60000,ABACA,5703
60001,BACLAO,5703
60002,BASAK,5703
60003,BULATA,5703
60004,CALILING,5703
60005,CAMALANDA-AN,5703
60006,CAMINDANGAN,5703
60007,ELIHAN,5703
60008,GUILJUNGAN,5703
60009,INAYAWAN,5703
60010,ISIO,5703
60011,LINAON,5703
60012,LUMBIA,5703
60013,MAMBUGSAY,5703
60014,MAN-ULING,5703
60015,MASALING,5703
60016,MOLOBOLO,5703
60017,POBLACION,5703
60018,SURA,5703
60019,TALACDAN,5703
60020,TAMBAD,5703
60021,TILING,5703
60022,TOMINA,5703
60023,TUYOM,5703
60024,YAO-YAO,5703
60025,ALACAYGAN,5704
60026,ALICANTE,5704
60027,BATEA,5704
60028,CANLUSONG,5704
60029,CONSING,5704
60030,CUDANGDANG,5704
60031,DAMGO,5704
60032,GAHIT,5704
60033,LATASAN,5704
60034,MADALAG,5704
60035,MANTA-ANGAN,5704
60036,NANCA,5704
60037,PASIL,5704
60038,POBLACION I (BARANGAY 1),5704
60039,POBLACION II (BARANGAY 2),5704
60040,POBLACION III (BARANGAY 3),5704
60041,SAN ISIDRO,5704
60042,SAN JOSE,5704
60043,SANTO NIÑO,5704
60044,TABIGUE,5704
60045,TANZA,5704
60046,TOMONGTONG,5704
60047,TUBURAN,5704
60048,ALIMANGO,5705
60049,BALINTAWAK (POB.),5705
60050,BINAGUIOHAN,5705
60051,BUENAVISTA,5705
60052,CERVANTES,5705
60053,DIAN-AY,5705
60054,HACIENDA FE,5705
60055,JAPITAN,5705
60056,JONOBJONOB,5705
60057,LANGUB,5705
60058,LIBERTAD,5705
60059,MABINI,5705
60060,MAGSAYSAY (BINABONGOL),5705
60061,MALASIBOG,5705
60062,OLD POBLACION,5705
60063,PAITAN,5705
60064,PINAPUGASAN,5705
60065,RIZAL,5705
60066,TAMLANG,5705
60067,UDTONGAN,5705
60068,WASHINGTON,5705
60069,AGUISAN,5706
60070,BARANGAY I (POB.),5706
60071,BARANGAY II (POB.),5706
60072,BARANGAY III (POB.),5706
60073,BARANGAY IV (POB.),5706
60074,BUENAVISTA,5706
60075,CABADIANGAN,5706
60076,CABANBANAN,5706
60077,CARABALAN,5706
60078,CARADIO-AN,5706
60079,LIBACAO,5706
60080,MAHALANG,5706
60081,MAMBAGATON,5706
60082,NABALI-AN,5706
60083,SAN ANTONIO,5706
60084,SARA-ET,5706
60085,SU-AY,5706
60086,TALABAN,5706
60087,TO-OY,5706
60088,ANAHAW,5707
60089,ARANDA,5707
60090,BAGA-AS,5707
60091,BARANGAY I (POB.),5707
60092,BARANGAY II (POB.),5707
60093,BARANGAY III (POB.),5707
60094,BARANGAY IV (POB.),5707
60095,BATO,5707
60096,CALAPI,5707
60097,CAMALOBALO,5707
60098,CAMBA-OG,5707
60099,CAMBUGSA,5707
60100,CANDUMARAO,5707
60101,GARGATO,5707
60102,HIMAYA,5707
60103,MIRANDA,5707
60104,NANUNGA,5707
60105,NARAUIS,5707
60106,PALAYOG,5707
60107,PATICUI,5707
60108,PILAR,5707
60109,QUIWI,5707
60110,TAGDA,5707
60111,TUGUIS,5707
60112,ALIM,5708
60113,ASIA,5708
60114,BACUYANGAN,5708
60115,BARANGAY I (POB.),5708
60116,BARANGAY II (POB.),5708
60117,BULWANGAN,5708
60118,CULIPAPA,5708
60119,DAMUTAN,5708
60120,DAUG,5708
60121,PO-OK,5708
60122,SAN RAFAEL,5708
60123,SANGKE,5708
60124,TALACAGAY,5708
60125,ANDULAUAN,5709
60126,BALICOTOC,5709
60127,BARANGAY I (POB.),5709
60128,BARANGAY II (POB.),5709
60129,BOCANA,5709
60130,CALUBANG,5709
60131,CANLAMAY,5709
60132,CONSUELO,5709
60133,DANCALAN,5709
60134,DELICIOSO,5709
60135,GALICIA,5709
60136,MANALAD,5709
60137,PINGGOT,5709
60138,TABU,5709
60139,VISTA ALEGRE,5709
60140,AMIN,5710
60141,BANOGBANOG,5710
60142,BARANGAY 1 (POB.),5710
60143,BARANGAY 2 (POB.),5710
60144,BARANGAY 3 (POB.),5710
60145,BARANGAY 4 (POB.),5710
60146,BARANGAY 5 (POB.),5710
60147,BARANGAY 6 (POB.),5710
60148,BARANGAY 7 (POB.),5710
60149,BARANGAY 8 (POB.),5710
60150,BARANGAY 9 (POB.),5710
60151,BULAD,5710
60152,BUNGAHIN,5710
60153,CABCAB,5710
60154,CAMANGCAMANG,5710
60155,CAMP CLARK,5710
60156,CANSALONGON,5710
60157,GUINTUBHAN,5710
60158,LIBAS,5710
60159,LIMALIMA,5710
60160,MAKILIGNIT,5710
60161,MANSABLAY,5710
60162,MAYTUBIG,5710
60163,PANAQUIAO,5710
60164,RIVERSIDE,5710
60165,RUMIRANG,5710
60166,SAN AGUSTIN,5710
60167,SEBUCAWAN,5710
60168,SIKATUNA,5710
60169,TINONGAN,5710
60170,BANTAYAN,5711
60171,BARANGAY 1 (POB.),5711
60172,BARANGAY 2 (POB.),5711
60173,BARANGAY 3 (POB.),5711
60174,BARANGAY 4 (POB.),5711
60175,BARANGAY 5 (POB.),5711
60176,BARANGAY 6 (POB.),5711
60177,BARANGAY 7 (POB.),5711
60178,BARANGAY 8 (POB.),5711
60179,BARANGAY 9 (POB.),5711
60180,BINICUIL,5711
60181,CAMANSI,5711
60182,CAMINGAWAN,5711
60183,CAMUGAO,5711
60184,CAROL-AN,5711
60185,DAAN BANUA,5711
60186,HILAMONAN,5711
60187,INAPOY,5711
60188,LINAO,5711
60189,LOCOTAN,5711
60190,MAGBALLO,5711
60191,ORINGAO,5711
60192,ORONG,5711
60193,PINAGUINPINAN,5711
60194,SALONG,5711
60195,TABUGON,5711
60196,TAGOC,5711
60197,TAGUKON,5711
60198,TALUBANGI,5711
60199,TAMPALON,5711
60200,TAN-AWAN,5711
60201,TAPI,5711
60202,ARA-AL,5712
60203,AYUNGON,5712
60204,BALABAG,5712
60205,BARANGAY I (POB.),5712
60206,BARANGAY II (POB.),5712
60207,BARANGAY III (POB.),5712
60208,BATUAN,5712
60209,CUBAY,5712
60210,HAGUIMIT,5712
60211,LA GRANJA,5712
60212,NAGASI,5712
60213,ROBERTO S. BENEDICTO (CONSUELO),5712
60214,SAN MIGUEL,5712
60215,YUBO,5712
60216,BIAKNABATO,5713
60217,CABACUNGAN,5713
60218,CABAGNAAN,5713
60219,CAMANDAG,5713
60220,LALAGSAN,5713
60221,MANGHANOY,5713
60222,MANSALANAO,5713
60223,MASULOG,5713
60224,NATO,5713
60225,PUSO,5713
60226,ROBLES (POB.),5713
60227,SAG-ANG,5713
60228,TALAPTAP,5713
60229,BARANGAY I (POB.),5714
60230,BARANGAY I-A (POB.),5714
60231,BARANGAY I-B (POB.),5714
60232,BARANGAY II (POB.),5714
60233,BARANGAY II-A (POB.),5714
60234,CHAMBERY,5714
60235,PUNTA MESA,5714
60236,PUNTA SALONG,5714
60237,PURISIMA,5714
60238,SAN PABLO,5714
60239,SANTA TERESA,5714
60240,TORTOSA,5714
60241,BARANGAY 1 (POB.),5715
60242,BARANGAY 2 (POB.),5715
60243,BARANGAY 3 (POB.),5715
60244,BARANGAY 4 (POB.),5715
60245,BARANGAY 5 (POB.),5715
60246,BARANGAY 6 (POB.),5715
60247,BARANGAY 7 (POB.),5715
60248,CROSSING MAGALLON,5715
60249,GUINPANA-AN,5715
60250,INOLINGAN,5715
60251,MACAGAHAY,5715
60252,MAGALLON CADRE,5715
60253,MONTILLA,5715
60254,ODIONG,5715
60255,QUINTIN REMO,5715
60256,ABO-ABO,5716
60257,ALEGRIA,5716
60258,AMAYCO,5716
60259,BLUMENTRITT,5716
60260,BUENAVISTA,5716
60261,CALIBAN,5716
60262,CANLANDOG,5716
60263,CANSILAYAN,5716
60264,DAMSITE,5716
60265,IGLAU-AN,5716
60266,LOPEZ JAENA,5716
60267,MINOYAN,5716
60268,PANDANON,5716
60269,SALVACION,5716
60270,SAN MIGUEL,5716
60271,SANTA CRUZ,5716
60272,SANTA ROSA,5716
60273,TALOTOG,5716
60274,ZONE I (POB.),5716
60275,ZONE II (POB.),5716
60276,ZONE III (POB.),5716
60277,ZONE IV (POB.),5716
60278,ZONE V (POB.),5716
60279,ANTIPOLO,5642
60280,BARANGAY I (POB.),5642
60281,BARANGAY II (POB.),5642
60282,BARANGAY III (POB.),5642
60283,BUENAVISTA GIBONG,5642
60284,BUENAVISTA RIZAL,5642
60285,BURGOS,5642
60286,CAMBARUS,5642
60287,CANROMA,5642
60288,DON SALVADOR BENEDICTO (CARMEN),5642
60289,GENERAL MALVAR,5642
60290,GOMEZ,5642
60291,M. H. DEL PILAR,5642
60292,MABINI,5642
60293,MIRANDA,5642
60294,PANDAN,5642
60295,RECREO,5642
60296,SAN ISIDRO,5642
60297,SAN JUAN,5642
60298,ZAMORA,5642
60299,BARANGAY ZONE 1 (POB.),5718
60300,BARANGAY ZONE 1-A (POB.),5718
60301,BARANGAY ZONE 2 (POB.),5718
60302,BARANGAY ZONE 3 (POB.),5718
60303,BARANGAY ZONE 4 (POB.),5718
60304,BARANGAY ZONE 4-A (POB.),5718
60305,BARANGAY ZONE 5 (POB.),5718
60306,BARANGAY ZONE 6 (POB.),5718
60307,BARANGAY ZONE 7 (POB.),5718
60308,CANJUSA,5718
60309,CROSSING PULUPANDAN,5718
60310,CULO,5718
60311,MABINI,5718
60312,PAG-AYON,5718
60313,PALAKA NORTE,5718
60314,PALAKA SUR,5718
60315,PATIC,5718
60316,TAPONG,5718
60317,UBAY,5718
60318,UTOD,5718
60319,ANDRES BONIFACIO,5719
60320,BATO,5719
60321,BAVIERA,5719
60322,BULANON,5719
60323,CAMPO HIMOGA-AN,5719
60324,CAMPO SANTIAGO,5719
60325,COLONIA DIVINA,5719
60326,FABRICA,5719
60327,GENERAL LUNA,5719
60328,HIMOGA-AN BAYBAY,5719
60329,LOPEZ JAENA,5719
60330,MAKILING,5719
60331,MALUBON,5719
60332,MOLOCABOC,5719
60333,OLD SAGAY,5719
60334,PARAISO,5719
60335,PLARIDEL,5719
60336,POBLACION I (BARANGAY 1),5719
60337,POBLACION II (BARANGAY 2),5719
60338,PUEY,5719
60339,RAFAELA BARRERA,5719
60340,RIZAL,5719
60341,TABA-AO,5719
60342,TADLONG,5719
60343,VITO,5719
60344,BAGO (LALUNG),5720
60345,BAGONG SILANG (MARCELO),5720
60346,BUNGA,5720
60347,IGMAYA-AN,5720
60348,KUMALISKIS,5720
60349,PANDANON,5720
60350,PINOWAYAN (PROSPERIDAD),5720
60351,BAGONBON,5028
60352,BARANGAY I (POB.),5028
60353,BARANGAY II (POB.),5028
60354,BARANGAY III (POB.),5028
60355,BARANGAY IV (POB.),5028
60356,BARANGAY V (POB.),5028
60357,BARANGAY VI (POB.),5028
60358,BULUANGAN,5028
60359,CODCOD,5028
60360,ERMITA,5028
60361,GUADALUPE,5028
60362,NATABAN,5028
60363,PALAMPAS,5028
60364,PROSPERIDAD,5028
60365,PUNAO,5028
60366,QUEZON,5028
60367,RIZAL,5028
60368,SAN JUAN,5028
60369,BAGONAWA,5688
60370,BALIWAGAN,5688
60371,BATUAN,5688
60372,GUINTORILAN,5688
60373,NAYON,5688
60374,POBLACION,5688
60375,SIBUCAO,5688
60376,TABAO BAYBAY,5688
60377,TABAO RIZAL,5688
60378,TIBSOC,5688
60379,BAGTIC,5723
60380,BALARING,5723
60381,BARANGAY I (POB.),5723
60382,BARANGAY II (POB.),5723
60383,BARANGAY III (POB.),5723
60384,BARANGAY IV (POB.),5723
60385,BARANGAY V (POB.),5723
60386,BARANGAY VI POB. (HAWAIIAN),5723
60387,EUSTAQUIO LOPEZ,5723
60388,GUIMBALA-ON,5723
60389,GUINHALARAN,5723
60390,KAPITAN RAMON,5723
60391,LANTAD,5723
60392,MAMBULAC,5723
60393,PATAG,5723
60394,RIZAL,5723
60395,BARANGAY 1 (POB.),5724
60396,BARANGAY 2 (POB.),5724
60397,BARANGAY 3 (POB.),5724
60398,BARANGAY 4 (POB.),5724
60399,BARANGAY 5 (POB.),5724
60400,CABADIANGAN,5724
60401,CAMINDANGAN,5724
60402,CANTURAY,5724
60403,CARTAGENA,5724
60404,CAYHAGAN,5724
60405,GIL MONTILLA,5724
60406,MAMBAROTO,5724
60407,MANLUCAHOC,5724
60408,MARICALUM,5724
60409,NABULAO,5724
60410,NAUHANG,5724
60411,SAN JOSE,5724
60412,BUBOG,5725
60413,CABATANGAN,5725
60414,CONCEPCION,5725
60415,DOS HERMANAS,5725
60416,EFIGENIO LIZARES,5725
60417,KATILINGBAN,5725
60418,MATAB-ANG,5725
60419,SAN FERNANDO,5725
60420,ZONE 1 (POB.),5725
60421,ZONE 2 (POB.),5725
60422,ZONE 3 (POB.),5725
60423,ZONE 4 (POB.),5725
60424,ZONE 4-A (POB.),5725
60425,ZONE 5 (POB.),5725
60426,ZONE 6 (POB.),5725
60427,ZONE 7 (POB.),5725
60428,ZONE 8 (POB.),5725
60429,ZONE 9 (POB.),5725
60430,ZONE 10 (POB.),5725
60431,ZONE 11 (POB.),5725
60432,ZONE 12 (POB.),5725
60433,ZONE 12-A (POB.),5725
60434,ZONE 14 (POB.),5725
60435,ZONE 14-A (POB.),5725
60436,ZONE 14-B (POB.),5725
60437,ZONE 15 (POB.),5725
60438,ZONE 16 (POB.),5725
60439,BANDILA,5726
60440,BUG-ANG,5726
60441,GENERAL LUNA,5726
60442,MAGTICOL,5726
60443,POBLACION,5726
60444,SALAMANCA,5726
60445,SAN ISIDRO,5726
60446,SAN JOSE,5726
60447,TABUN-AC,5726
60448,ALIJIS,5727
60449,AYUNGON,5727
60450,BAGUMBAYAN,5727
60451,BATUAN,5727
60452,BAYABAS,5727
60453,CENTRAL TABAO,5727
60454,DOLDOL,5727
60455,GUINTORILAN,5727
60456,LACARON,5727
60457,MABINI,5727
60458,PACOL,5727
60459,PALAKA,5727
60460,PALOMA,5727
60461,POBLACION,5727
60462,SAGUA BANUA,5727
60463,TABAO PROPER,5727
60464,BARANGAY I (POB.),5728
60465,BARANGAY II (POB.),5728
60466,BARANGAY III (POB.),5728
60467,BARANGAY IV (POB.),5728
60468,BARANGAY IX (DAAN BANWA),5728
60469,BARANGAY V (POB.),5728
60470,BARANGAY VI (POB.),5728
60471,BARANGAY VI-A,5728
60472,BARANGAY VII (POB.),5728
60473,BARANGAY VIII (POB.),5728
60474,BARANGAY X (ESTADO),5728
60475,BARANGAY XI (GAWAHON),5728
60476,BARANGAY XII,5728
60477,BARANGAY XIII,5728
60478,BARANGAY XIV,5728
60479,BARANGAY XIX,5728
60480,BARANGAY XIX-A,5728
60481,BARANGAY XV,5728
60482,BARANGAY XV-A,5728
60483,BARANGAY XVI,5728
60484,BARANGAY XVI-A,5728
60485,BARANGAY XVII,5728
60486,BARANGAY XVIII,5728
60487,BARANGAY XVIII-A,5728
60488,BARANGAY XX,5728
60489,BARANGAY XXI,5728
63493,BAHI,5729
63494,BASACDACU,5729
63495,CANTIGUIB,5729
63496,DANGAY,5729
63497,EAST POBLACION,5729
63498,PONONG,5729
63499,SAN AGUSTIN,5729
63500,SANTA FILOMENA,5729
63501,TAGBUANE,5729
63502,TORIL,5729
63503,WEST POBLACION,5729
63504,CABATANG,5079
63505,CAGONGCAGONG,5079
63506,CAMBAOL,5079
63507,CAYACAY,5079
63508,DEL MONTE,5079
63509,KATIPUNAN,5079
63510,LA HACIENDA,5079
63511,MAHAYAG,5079
63512,NAPO,5079
63513,PAGAHAT,5079
63514,POBLACION (CALINGGANAY),5079
63515,PROGRESO,5079
63516,PUTLONGCAM,5079
63517,SUDLON (OMHOR),5079
63518,UNTAGA,5079
63519,ALMARIA,5000
63520,BACONG,5000
63521,BADIANG,5000
63522,BUENASUERTE,5000
63523,CANDABONG,5000
63524,CASICA,5000
63525,KATIPUNAN,5000
63526,LINAWAN,5000
63527,LUNDAG,5000
63528,POBLACION,5000
63529,SANTA CRUZ,5000
63530,SUBA,5000
63531,TALISAY,5000
63532,TANOD,5000
63533,TAWID,5000
63534,VIRGEN,5000
63535,ANGILAN,5732
63536,BANTOLINAO,5732
63537,BICAHAN,5732
63538,BITAUGAN,5732
63539,BUNGAHAN,5732
63540,CAN-OMAY,5732
63541,CANLAAS,5732
63542,CANSIBUAN,5732
63543,CELING,5732
63544,DANAO,5732
63545,DANICOP,5732
63546,MAG-ASO,5732
63547,POBLACION,5732
63548,QUINAPON-AN,5732
63549,SANTO ROSARIO,5732
63550,TABUAN,5732
63551,TAGUBAAS,5732
63552,TUPAS,5732
63553,UBOJAN,5732
63554,VIGA,5732
63555,VILLA AURORA (CANOC-OC),5732
63556,BUENAVENTURA,5733
63557,CAMBANAC,5733
63558,DASITAM,5733
63559,GUIWANON,5733
63560,LANDICAN,5733
63561,LAYA,5733
63562,LIBERTAD,5733
63563,MONTANA,5733
63564,PAMILACAN,5733
63565,PAYAHAN,5733
63566,POBLACION,5733
63567,SAN ISIDRO,5733
63568,SAN ROQUE,5733
63569,SAN VICENTE,5733
63570,SANTA CRUZ,5733
63571,TAGUIHON,5733
63572,TANDAY,5733
63573,BAUCAN NORTE,5734
63574,BAUCAN SUR,5734
63575,BOCTOL,5734
63576,BOYOG NORTE,5734
63577,BOYOG PROPER,5734
63578,BOYOG SUR,5734
63579,CABAD,5734
63580,CANDASIG,5734
63581,CANTALID,5734
63582,CANTOMIMBO,5734
63583,COGON,5734
63584,DATAG NORTE,5734
63585,DATAG SUR,5734
63586,DEL CARMEN ESTE (POB.),5734
63587,DEL CARMEN NORTE (POB.),5734
63588,DEL CARMEN SUR (POB.),5734
63589,DEL CARMEN WESTE (POB.),5734
63590,DEL ROSARIO,5734
63591,DOROL,5734
63592,HAGUILANAN GRANDE,5734
63593,HANOPOL ESTE,5734
63594,HANOPOL NORTE,5734
63595,HANOPOL WESTE,5734
63596,MAGSIJA,5734
63597,MASLOG,5734
63598,SAGASA,5734
63599,SAL-ING,5734
63600,SAN ISIDRO,5734
63601,SAN ROQUE,5734
63602,SANTO NIÑO,5734
63603,TAGUSTUSAN,5734
63604,ALOJA,5563
63605,BEHIND THE CLOUDS (SAN JOSE),5563
63606,CABACNITAN,5563
63607,CAMBACAY,5563
63608,CANTIGDAS,5563
63609,GARCIA,5563
63610,JANLUD,5563
63611,POBLACION NORTE,5563
63612,POBLACION SUR,5563
63613,POBLACION VIEJA (LONGSUDAAN),5563
63614,QUEZON,5563
63615,QUIRINO,5563
63616,RIZAL,5563
63617,ROSARIOHAN,5563
63618,SANTA CRUZ,5563
63619,BILANGBILANGAN DAKO,5736
63620,BILANGBILANGAN DIOT,5736
63621,HINGOTANAN EAST,5736
63622,HINGOTANAN WEST,5736
63623,LIBERTY,5736
63624,MALINGIN,5736
63625,MANDAWA,5736
63626,MAOMAWAN,5736
63627,NUEVA ESPERANZA,5736
63628,NUEVA ESTRELLA,5736
63629,PINAMGO,5736
63630,POBLACION (BIEN UNIDO),5736
63631,PUERTO SAN PEDRO,5736
63632,SAGASA,5736
63633,TUBORAN,5736
63634,BONIFACIO,5737
63635,BUGANG NORTE,5737
63636,BUGANG SUR,5737
63637,CABACNITAN (MAGSAYSAY),5737
63638,CAMBIGSI,5737
63639,CAMPAGAO,5737
63640,CANSUMBOL,5737
63641,DAGOHOY,5737
63642,OWAC,5737
63643,POBLACION,5737
63644,QUEZON,5737
63645,RIVERSIDE,5737
63646,RIZAL,5737
63647,ROXAS,5737
63648,SUBAYON,5737
63649,VILLA AURORA,5737
63650,VILLA SUERTE,5737
63651,YANAYA,5737
63652,ZAMORA,5737
63653,ANONANG,5357
63654,ASINAN,5357
63655,BAGO,5357
63656,BALUARTE,5357
63657,BANTUAN,5357
63658,BATO,5357
63659,BONOTBONOT,5357
63660,BUGAONG,5357
63661,CAMBUHAT,5357
63662,CAMBUS-OC,5357
63663,CANGAWA,5357
63664,CANTOMUGCAD,5357
63665,CANTORES,5357
63666,CANTUBA,5357
63667,CATIGBIAN,5357
63668,CAWAG,5357
63669,CRUZ,5357
63670,DAIT,5357
63671,EASTERN CABUL-AN,5357
63672,HUNAN,5357
63673,LAPACAN NORTE,5357
63674,LAPACAN SUR,5357
63675,LUBANG,5357
63676,LUSONG (PLATEAU),5357
63677,MAGKAYA,5357
63678,MERRYLAND,5357
63679,NUEVA GRANADA,5357
63680,NUEVA MONTANA,5357
63681,OVERLAND,5357
63682,PANGHAGBAN,5357
63683,POBLACION,5357
63684,PUTING BATO,5357
63685,RUFO HILL,5357
63686,SWEETLAND,5357
63687,WESTERN CABUL-AN,5357
63688,ABUCAYAN NORTE,5739
63689,ABUCAYAN SUR,5739
63690,BANLASAN,5739
63691,BENTIG,5739
63692,BINOGAWAN,5739
63693,BONBON,5739
63694,CABAYUGAN,5739
63695,CABUDBURAN,5739
63696,CALUNASAN,5739
63697,CAMIAS,5739
63698,CANGUHA,5739
63699,CATMONAN,5739
63700,DESAMPARADOS (POB.),5739
63701,KAHAYAG,5739
63702,KINABAG-AN,5739
63703,LABUON,5739
63704,LAWIS,5739
63705,LIBORON,5739
63706,LO-OC,5739
63707,LOMBOY,5739
63708,LUCOB,5739
63709,MADANGOG,5739
63710,MAGTONGTONG,5739
63711,MANDAUG,5739
63712,MANTATAO,5739
63713,SAMPOANGON,5739
63714,SAN ISIDRO,5739
63715,SANTA CRUZ (POB.),5739
63716,SOJOTON,5739
63717,TALISAY,5739
63718,TINIBGAN,5739
63719,TULTUGAN,5739
63720,ULBUJAN,5739
63721,ABIHILAN,5740
63722,ANOLING,5740
63723,BOYO-AN,5740
63724,CADAPDAPAN,5740
63725,CAMBANE,5740
63726,CAN-OLIN,5740
63727,CANAWA,5740
63728,COGTONG,5740
63729,LA UNION,5740
63730,LUAN,5740
63731,LUNGSODA-AN,5740
63732,MAHANGIN,5740
63733,PAGAHAT,5740
63734,PANADTARAN,5740
63735,PANAS,5740
63736,POBLACION,5740
63737,SAN ISIDRO,5740
63738,TAMBONGAN,5740
63739,TAWID,5740
63740,TUBOD (TRES ROSAS),5740
63741,TUGAS,5740
63742,ALEGRIA,5741
63743,BICAO,5741
63744,BUENAVISTA,5741
63745,BUENOS AIRES,5741
63746,CALATRAVA,5741
63747,EL PROGRESO,5741
63748,EL SALVADOR,5741
63749,GUADALUPE,5741
63750,KATIPUNAN,5741
63751,LA LIBERTAD,5741
63752,LA PAZ,5741
63753,LA SALVACION,5741
63754,LA VICTORIA,5741
63755,MATIN-AO,5741
63756,MONTEHERMOSO,5741
63757,MONTESUERTE,5741
63758,MONTESUNTING,5741
63759,MONTEVIDEO,5741
63760,NUEVA FUERZA,5741
63761,NUEVA VIDA ESTE,5741
63762,NUEVA VIDA NORTE,5741
63763,NUEVA VIDA SUR,5741
63764,POBLACION NORTE,5741
63765,POBLACION SUR,5741
63766,TAMBO-AN,5741
63767,VALLEHERMOSO,5741
63768,VILLAFLOR,5741
63769,VILLAFUERTE,5741
63770,VILLARCAYO,5741
63771,ALEGRIA,5742
63772,AMBUAN,5742
63773,BAANG,5742
63774,BAGTIC,5742
63775,BONGBONG,5742
63776,CAMBAILAN,5742
63777,CANDUMAYAO,5742
63778,CAUSWAGAN NORTE,5742
63779,HAGBUAYA,5742
63780,HAGUILANAN,5742
63781,KANG-IRAS,5742
63782,LIBERTAD SUR,5742
63783,LIBORON,5742
63784,MAHAYAG NORTE,5742
63785,MAHAYAG SUR,5742
63786,MAITUM,5742
63787,MANTASIDA,5742
63788,POBLACION,5742
63789,POBLACION WESTE,5742
63790,RIZAL,5742
63791,SINAKAYANAN,5742
63792,TRIPLE UNION,5742
63793,BACANI,5743
63794,BOGTONGBOD,5743
63795,BONBON,5743
63796,BONTUD,5743
63797,BUACAO,5743
63798,BUANGAN,5743
63799,CABOG,5743
63800,CABOY,5743
63801,CALUWASAN,5743
63802,CANDAJEC,5743
63803,CANTOYOC,5743
63804,COMAANG,5743
63805,DANAHAO,5743
63806,KATIPUNAN,5743
63807,LAJOG,5743
63808,MATAUB,5743
63809,NAHAWAN,5743
63810,POBLACION CENTRO,5743
63811,POBLACION NORTE,5743
63812,POBLACION SUR,5743
63813,TANGARAN,5743
63814,TONTUNAN,5743
63815,TUBOD,5743
63816,VILLAFLOR,5743
63817,ANISLAG,5744
63818,CANANGCA-AN,5744
63819,CANAPNAPAN,5744
63820,CANCATAC,5744
63821,PANDOL,5744
63822,POBLACION,5744
63823,SAMBOG,5744
63824,TANDAY,5744
63825,DE LA PAZ,5745
63826,FATIMA,5745
63827,LORETO,5745
63828,LOURDES,5745
63829,MALAYO NORTE,5745
63830,MALAYO SUR,5745
63831,MONSERRAT,5745
63832,NEW LOURDES,5745
63833,PATROCINIO,5745
63834,POBLACION,5745
63835,ROSARIO,5745
63836,SALVADOR,5745
63837,SAN ROQUE,5745
63838,UPPER DE LA PAZ,5745
63839,BABAG,5746
63840,CAGAWASAN,5746
63841,CAGAWITAN,5746
63842,CALUASAN,5746
63843,CAN-OLING,5746
63844,CANDELARIA,5746
63845,ESTACA,5746
63846,LA ESPERANZA,5746
63847,MAHAYAG,5746
63848,MALITBOG,5746
63849,POBLACION,5746
63850,SAN MIGUEL,5746
63851,SAN VICENTE,5746
63852,SANTA CRUZ,5746
63853,VILLA AURORA,5746
63854,CABATUAN,5747
63855,CANTUBOD,5747
63856,CARBON,5747
63857,CONCEPCION,5747
63858,DAGOHOY,5747
63859,HIBALE,5747
63860,MAGTANGTANG,5747
63861,NAHUD,5747
63862,POBLACION,5747
63863,REMEDIOS,5747
63864,SAN CARLOS,5747
63865,SAN MIGUEL,5747
63866,SANTA FE,5747
63867,SANTO NIÑO,5747
63868,TABOK,5747
63869,TAMING,5747
63870,VILLA ANUNCIADO,5747
63871,BIKING,5748
63872,BINGAG,5748
63873,CATARMAN,5748
63874,DAO,5748
63875,MARIVELES,5748
63876,MAYACABAC,5748
63877,POBLACION,5748
63878,SAN ISIDRO (CANLONGON),5748
63879,SONGCULAN,5748
63880,TABALONG,5748
63881,TINAGO,5748
63882,TOTOLAN,5748
63883,ABIHID,5749
63884,ALEMANIA,5749
63885,BAGUHAN,5749
63886,BAKILID,5749
63887,BALBALAN,5749
63888,BANBAN,5749
63889,BAUHUGAN,5749
63890,BILISAN,5749
63891,CABAGAKIAN,5749
63892,CABANBANAN,5749
63893,CADAP-AGAN,5749
63894,CAMBACOL,5749
63895,CAMBAYAON,5749
63896,CANHAYUPON,5749
63897,CANLAMBONG,5749
63898,CASINGAN,5749
63899,CATUGASAN,5749
63900,DATAG,5749
63901,GUINDAGUITAN,5749
63902,GUINGOYURAN,5749
63903,ILE,5749
63904,LAPSAON,5749
63905,LIMOKON ILAOD,5749
63906,LIMOKON ILAYA,5749
63907,LUYO,5749
63908,MALIJAO,5749
63909,OAC,5749
63910,PAGSA,5749
63911,PANGIHAWAN,5749
63912,PUANGYUTA,5749
63913,SAWANG,5749
63914,TANGOHAY,5749
63915,TAONGON CABATUAN,5749
63916,TAONGON CAN-ANDAM,5749
63917,TAWID BITAOG,5749
63918,ALEJAWAN,5750
63919,ANGILAN,5750
63920,ANIBONGAN,5750
63921,BANGWALOG,5750
63922,CANSUHAY,5750
63923,DANAO,5750
63924,DUAY,5750
63925,GUINSULARAN,5750
63926,IMELDA,5750
63927,ITUM,5750
63928,LANGKIS,5750
63929,LOBOGON,5750
63930,MADUA NORTE,5750
63931,MADUA SUR,5750
63932,MAMBOOL,5750
63933,MAWI,5750
63934,PAYAO,5750
63935,SAN ANTONIO (POB.),5750
63936,SAN ISIDRO,5750
63937,SAN PEDRO,5750
63938,TAYTAY,5750
63939,ABIJILAN,5751
63940,ANTIPOLO,5751
63941,BASIAO,5751
63942,CAGWANG,5751
63943,CALMA,5751
63944,CAMBUYO,5751
63945,CANAYAON EAST,5751
63946,CANAYAON WEST,5751
63947,CANDANAS,5751
63948,CANDULAO,5751
63949,CATMON,5751
63950,CAYAM,5751
63951,CUPA,5751
63952,DATAG,5751
63953,ESTACA,5751
63954,LIBERTAD,5751
63955,LUNGSODAAN EAST,5751
63956,LUNGSODAAN WEST,5751
63957,MALINAO,5751
63958,MANABA,5751
63959,PASONG,5751
63960,POBLACION EAST,5751
63961,POBLACION WEST,5751
63962,SACAON,5751
63963,SAMPONG,5751
63964,TABUAN,5751
63965,TOGBONGON,5751
63966,ULBUJAN EAST,5751
63967,ULBUJAN WEST,5751
63968,VICTORIA,5751
63969,BASDIO,5752
63970,BATO,5752
63971,BAYONG,5752
63972,BIABAS,5752
63973,BULAWAN,5752
63974,CABANTIAN,5752
63975,CANHAWAY,5752
63976,CANSIWANG,5752
63977,CASBU,5752
63978,CATUNGAWAN NORTE,5752
63979,CATUNGAWAN SUR,5752
63980,GUINACOT,5752
63981,GUIO-ANG,5752
63982,LOMBOG,5752
63983,MAYUGA,5752
63984,SAWANG (POB.),5752
63985,TABAJAN (POB.),5752
63986,TABUNOK,5752
63987,TRINIDAD,5752
63988,ANONANG,5753
63989,BADIANG,5753
63990,BAGUHAN,5753
63991,BAHAN,5753
63992,BANAHAO,5753
63993,BAOGO,5753
63994,BUGANG,5753
63995,CAGAWASAN,5753
63996,CAGAYAN,5753
63997,CAMBITOON,5753
63998,CANLINTE,5753
63999,CAWAYAN,5753
64000,COGON,5753
64001,CUAMING,5753
64002,DAGNAWAN,5753
64003,DAGOHOY,5753
64004,DAIT SUR,5753
64005,DATAG,5753
64006,FATIMA,5753
64007,HAMBONGAN,5753
64008,ILAUD (POB.),5753
64009,ILAYA,5753
64010,ILIHAN,5753
64011,LAPACAN NORTE,5753
64012,LAPACAN SUR,5753
64013,LAWIS,5753
64014,LILOAN NORTE,5753
64015,LILOAN SUR,5753
64016,LOMBOY,5753
64017,LONOY CAINSICAN,5753
64018,LONOY ROMA,5753
64019,LUTAO,5753
64020,LUYO,5753
64021,MABUHAY,5753
64022,MARIA ROSARIO,5753
64023,NABUAD,5753
64024,NAPO,5753
64025,ONDOL,5753
64026,POBLACION,5753
64027,RIVERSIDE,5753
64028,SAA,5753
64029,SAN ISIDRO,5753
64030,SAN JOSE,5753
64031,SANTO NIÑO,5753
64032,SANTO ROSARIO,5753
64033,SUA,5753
64034,TAMBOOK,5753
64035,TUNGOD,5753
64036,U-OG,5753
64037,UBUJAN,5753
64038,ALEJAWAN,5754
64039,BALILI,5754
64040,BOCTOL,5754
64041,BUNGA ILAYA,5754
64042,BUNGA MAR,5754
64043,BUYOG,5754
64044,CABUNGA-AN,5754
64045,CALABACITA,5754
64046,CAMBUGASON,5754
64047,CAN-IPOL,5754
64048,CAN-UBA,5754
64049,CAN-UPAO,5754
64050,CANJULAO,5754
64051,CANTAGAY,5754
64052,CANTUYOC,5754
64053,FARAON,5754
64054,IPIL,5754
64055,KINAGBAAN,5754
64056,LACA,5754
64057,LARAPAN,5754
64058,LONOY,5754
64059,LOOC,5754
64060,MALBOG,5754
64061,MAYANA,5754
64062,NAATANG,5754
64063,NAUSOK,5754
64064,ODIONG,5754
64065,PAGINA,5754
64066,PANGDAN,5754
64067,POBLACION (PONDOL),5754
64068,TEJERO,5754
64069,TUBOD MAR,5754
64070,TUBOD MONTE,5754
64071,ALUMAR,5755
64072,BANACON,5755
64073,BUYOG,5755
64074,CABASAKAN,5755
64075,CAMPAO OCCIDENTAL,5755
64076,CAMPAO ORIENTAL,5755
64077,CANGMUNDO,5755
64078,CARLOS P. GARCIA,5755
64079,CORTE BAUD,5755
64080,HANDUMON,5755
64081,JAGOLIAO,5755
64082,JANDAYAN NORTE,5755
64083,JANDAYAN SUR,5755
64084,MAHANAY (MAHANAY ISLAND),5755
64085,NASINGIN,5755
64086,PANDANON,5755
64087,POBLACION,5755
64088,SAGUISE,5755
64089,SALOG,5755
64090,SAN JOSE,5755
64091,SANTO NIÑO,5755
64092,TAYTAY,5755
64093,TUGAS,5755
64094,TULANG,5755
64095,BANBAN,5756
64096,BONKOKAN ILAYA,5756
64097,BONKOKAN UBOS,5756
64098,CALVARIO,5756
64099,CANDULANG,5756
64100,CATUGASAN,5756
64101,CAYUPO,5756
64102,COGON,5756
64103,JAMBAWAN,5756
64104,LA FORTUNA,5756
64105,LOMANOY,5756
64106,MACALINGAN,5756
64107,MALINAO EAST,5756
64108,MALINAO WEST,5756
64109,NAGSULAY,5756
64110,POBLACION,5756
64111,TAUG,5756
64112,TIGUIS,5756
64113,AGAPE,5757
64114,ALEGRIA NORTE,5757
64115,ALEGRIA SUR,5757
64116,BONBON,5757
64117,BOTOC OCCIDENTAL,5757
64118,BOTOC ORIENTAL,5757
64119,CALVARIO,5757
64120,CONCEPCION,5757
64121,HINAWANAN,5757
64122,LAS SALINAS NORTE,5757
64123,LAS SALINAS SUR,5757
64124,PALO,5757
64125,POBLACION IBABAO,5757
64126,POBLACION UBOS,5757
64127,SAGNAP,5757
64128,TAMBANGAN,5757
64129,TANGCASAN NORTE,5757
64130,TANGCASAN SUR,5757
64131,TAYONG OCCIDENTAL,5757
64132,TAYONG ORIENTAL,5757
64133,TOCDOG DACU,5757
64134,TOCDOG ILAYA,5757
64135,VILLALIMPIA,5757
64136,YANANGAN,5757
64137,AGAPE,5758
64138,ALEGRIA,5758
64139,BAGUMBAYAN,5758
64140,BAHIAN,5758
64141,BONBON LOWER,5758
64142,BONBON UPPER,5758
64143,BUENAVISTA,5758
64144,BUGHO,5758
64145,CABADIANGAN,5758
64146,CALUNASAN NORTE,5758
64147,CALUNASAN SUR,5758
64148,CAMAYAAN,5758
64149,CAMBANCE,5758
64150,CANDABONG,5758
64151,CANDASAG,5758
64152,CANLASID,5758
64153,GON-OB,5758
64154,GOTOZON,5758
64155,JIMILIAN,5758
64156,OY,5758
64157,POBLACION ONDOL,5758
64158,POBLACION SAWANG,5758
64159,QUINOGUITAN,5758
64160,TAYTAY,5758
64161,TIGBAO,5758
64162,UGPONG,5758
64163,VALLADOLID,5758
64164,VILLAFLOR,5758
64165,AGSOSO,5759
64166,BADBAD OCCIDENTAL,5759
64167,BADBAD ORIENTAL,5759
64168,BAGACAY KATIPUNAN,5759
64169,BAGACAY KAWAYAN,5759
64170,BAGACAY SAONG,5759
64171,BAHI,5759
64172,BASAC,5759
64173,BASDACU,5759
64174,BASDIO,5759
64175,BIASONG,5759
64176,BONGCO,5759
64177,BUGHO,5759
64178,CABACONGAN,5759
64179,CABADUG,5759
64180,CABUG,5759
64181,CALAYUGAN NORTE,5759
64182,CALAYUGAN SUR,5759
64183,CAMBAQUIZ,5759
64184,CAMPATUD,5759
64185,CANDAIGAN,5759
64186,CANHANGDON OCCIDENTAL,5759
64187,CANHANGDON ORIENTAL,5759
64188,CANIGAAN,5759
64189,CANMAAG,5759
64190,CANMANOC,5759
64191,CANSUAGWIT,5759
64192,CANSUBAYON,5759
64193,CANTAM-IS BAGO,5759
64194,CANTAM-IS BASLAY,5759
64195,CANTAONGON,5759
64196,CANTUMOCAD,5759
64197,CATAGBACAN HANDIG,5759
64198,CATAGBACAN NORTE,5759
64199,CATAGBACAN SUR,5759
64200,COGON NORTE (POB.),5759
64201,COGON SUR,5759
64202,CUASI,5759
64203,GENOMOAN,5759
64204,LINTUAN,5759
64205,LOOC,5759
64206,MOCPOC NORTE,5759
64207,MOCPOC SUR,5759
64208,MOTO NORTE (POB.),5759
64209,MOTO SUR (POB.),5759
64210,NAGTUANG,5759
64211,NAPO (POB.),5759
64212,NUEVA VIDA,5759
64213,PANANGQUILON,5759
64214,PANTUDLAN,5759
64215,PIG-OT,5759
64216,PONDOL,5759
64217,QUINOBCOBAN,5759
64218,SONDOL,5759
64219,SONG-ON,5759
64220,TALISAY,5759
64221,TAN-AWAN,5759
64222,TANGNAN,5759
64223,TAYTAY,5759
64224,TICUGAN,5759
64225,TIWI,5759
64226,TONTONAN,5759
64227,TUBODACU,5759
64228,TUBODIO,5759
64229,TUBUAN,5759
64230,UBAYON,5759
64231,UBOJAN,5759
64232,ABACA,5019
64233,ABAD SANTOS,5019
64234,AGUIPO,5019
64235,BAYBAYON,5019
64236,BULAWAN,5019
64237,CABIDIAN,5019
64238,CAWAYANAN,5019
64239,CONCEPCION (BANLAS),5019
64240,DEL MAR,5019
64241,LUNGSODA-AN,5019
64242,MARCELO,5019
64243,MINOL,5019
64244,PARAISO,5019
64245,POBLACION I,5019
64246,POBLACION II,5019
64247,SAN ISIDRO,5019
64248,SAN JOSE,5019
64249,SAN RAFAEL,5019
64250,SAN ROQUE (CABULAO),5019
64251,TAMBO,5019
64252,TANGKIGAN,5019
64253,VALAGA,5019
64254,AGAHAY,5761
64255,ALIGUAY,5761
64256,ANISLAG,5761
64257,BAYACABAC,5761
64258,BOOD,5761
64259,BUSAO,5761
64260,CABAWAN,5761
64261,CANDAVID,5761
64262,DIPATLONG,5761
64263,GUIWANON,5761
64264,JANDIG,5761
64265,LAGTANGON,5761
64266,LINCOD,5761
64267,PAGNITOAN,5761
64268,POBLACION,5761
64269,PUNSOD,5761
64270,PUNTA CRUZ,5761
64271,SAN ISIDRO,5761
64272,SAN ROQUE (AGHAO),5761
64273,SAN VICENTE,5761
64274,TINIBGAN,5761
64275,TORIL,5761
64276,BIL-ISAN,5762
64277,BOLOD,5762
64278,DANAO,5762
64279,DOLJO,5762
64280,LIBAONG,5762
64281,LOOC,5762
64282,LOURDES,5762
64283,POBLACION,5762
64284,TANGNAN,5762
64285,TAWALA,5762
64286,AURORA,5155
64287,BAGACAY,5155
64288,BAGUMBAYAN,5155
64289,BAYONG,5155
64290,BUENASUERTE,5155
64291,CAGAWASAN,5155
64292,CANSUNGAY,5155
64293,CATAGDA-AN,5155
64294,DEL PILAR,5155
64295,ESTACA,5155
64296,ILAUD,5155
64297,INAGHUBAN,5155
64298,LA SUERTE,5155
64299,LUMBAY,5155
64300,LUNDAG,5155
64301,PAMACSALAN,5155
64302,POBLACION,5155
64303,RIZAL,5155
64304,SAN CARLOS,5155
64305,SAN ISIDRO,5155
64306,SAN VICENTE,5155
64307,AGUINING,5764
64308,BASIAO,5764
64309,BAUD,5764
64310,BAYOG,5764
64311,BOGO,5764
64312,BONBONON,5764
64313,BUTAN,5764
64314,CAMPAMANOG,5764
64315,CANMANGAO,5764
64316,GAUS,5764
64317,KABANGKALAN,5764
64318,LAPINIG,5764
64319,LIPATA,5764
64320,POBLACION,5764
64321,POPOO,5764
64322,SAGUISE,5764
64323,SAN JOSE (TAWID),5764
64324,SAN VICENTE,5764
64325,SANTO ROSARIO,5764
64326,TILMOBO,5764
64327,TUGAS,5764
64328,TUGNAO,5764
64329,VILLA MILAGROSA,5764
64330,CALANGAHAN,5765
64331,CANMANO,5765
64332,CANMAYA CENTRO,5765
64333,CANMAYA DIOT,5765
64334,DAGNAWAN,5765
64335,KABASACAN,5765
64336,KAGAWASAN,5765
64337,KATIPUNAN,5765
64338,LANGTAD,5765
64339,LIBERTAD NORTE,5765
64340,LIBERTAD SUR,5765
64341,MANTALONGON,5765
64342,POBLACION,5765
64343,SAGBAYAN SUR,5765
64344,SAN AGUSTIN,5765
64345,SAN ANTONIO,5765
64346,SAN ISIDRO,5765
64347,SAN RAMON,5765
64348,SAN ROQUE,5765
64349,SAN VICENTE NORTE,5765
64350,SAN VICENTE SUR,5765
64351,SANTA CATALINA,5765
64352,SANTA CRUZ,5765
64353,UBOJAN,5765
64354,ABEHILAN,5108
64355,BARYONG DAAN,5108
64356,BAUNOS,5108
64357,CABANUGAN,5108
64358,CAIMBANG,5108
64359,CAMBANSAG,5108
64360,CANDUNGAO,5108
64361,CANSAGUE NORTE,5108
64362,CANSAGUE SUR,5108
64363,CAUSWAGAN SUR,5108
64364,MASONOY,5108
64365,POBLACION,5108
64366,BAYONGAN,5178
64367,BUGANG,5178
64368,CABANGAHAN,5178
64369,CALUASAN,5178
64370,CAMANAGA,5178
64371,CAMBANGAY NORTE,5178
64372,CAPAYAS,5178
64373,CORAZON,5178
64374,GARCIA,5178
64375,HAGBUYO,5178
64376,KAGAWASAN,5178
64377,MAHAYAG,5178
64378,POBLACION,5178
64379,SAN ISIDRO,5178
64380,SAN JOSE,5178
64381,SAN VICENTE,5178
64382,SANTO NIÑO,5178
64383,TOMOC,5178
64384,BAYAWAHAN,5768
64385,CABANCALAN,5768
64386,CALINGA-AN,5768
64387,CALINGINAN NORTE,5768
64388,CALINGINAN SUR,5768
64389,CAMBAGUI,5768
64390,EWON,5768
64391,GUINOB-AN,5768
64392,LAGTANGAN,5768
64393,LICOLICO,5768
64394,LOBGOB,5768
64395,MAGSAYSAY,5768
64396,POBLACION,5768
64397,ABACHANAN,5769
64398,ANIBONGAN,5769
64399,BUGSOC,5769
64400,CAHAYAG,5769
64401,CANLANGIT,5769
64402,CANTA-UB,5769
64403,CASILAY,5769
64404,DANICOP,5769
64405,DUSITA,5769
64406,LA UNION,5769
64407,LATABAN,5769
64408,MAGSAYSAY,5769
64409,MAN-OD,5769
64410,MATIN-AO,5769
64411,POBLACION,5769
64412,SALVADOR,5769
64413,SAN AGUSTIN,5769
64414,SAN ISIDRO,5769
64415,SAN JOSE,5769
64416,SAN JUAN,5769
64417,SANTA CRUZ,5769
64418,VILLA GARCIA,5769
64419,ABUCAY NORTE,5770
64420,ABUCAY SUR,5770
64421,BADIANG,5770
64422,BAHAYBAHAY,5770
64423,CAMBUAC NORTE,5770
64424,CAMBUAC SUR,5770
64425,CANAGONG,5770
64426,LIBJO,5770
64427,POBLACION I,5770
64428,POBLACION II,5770
64429,BOOL,5771
64430,BOOY,5771
64431,CABAWAN,5771
64432,COGON,5771
64433,DAMPAS,5771
64434,DAO,5771
64435,MANGA,5771
64436,MANSASA,5771
64437,POBLACION I,5771
64438,POBLACION II,5771
64439,POBLACION III,5771
64440,SAN ISIDRO,5771
64441,TALOTO,5771
64442,TIPTIP,5771
64443,UBUJAN,5771
64444,BAGACAY,5772
64445,BALINTAWAK,5772
64446,BURGOS,5772
64447,BUSALIAN,5772
64448,CALITUBAN,5772
64449,CATABAN,5772
64450,GUINDACPAN,5772
64451,MAGSAYSAY,5772
64452,MAHANAY,5772
64453,NOCNOCAN,5772
64454,POBLACION,5772
64455,RIZAL,5772
64456,SAG,5772
64457,SAN AGUSTIN,5772
64458,SAN CARLOS,5772
64459,SAN FRANCISCO,5772
64460,SAN ISIDRO,5772
64461,SAN JOSE,5772
64462,SAN PEDRO,5772
64463,SAN ROQUE,5772
64464,SANTO NIÑO,5772
64465,SIKATUNA,5772
64466,SUBA,5772
64467,TANGHALIGUE,5772
64468,ZAMORA,5772
64469,BANLASAN,5773
64470,BONGBONG,5773
64471,CATOOGAN,5773
64472,GUINOBATAN,5773
64473,HINLAYAGAN ILAUD,5773
64474,HINLAYAGAN ILAYA,5773
64475,KAUSWAGAN,5773
64476,KINAN-OAN,5773
64477,LA UNION,5773
64478,LA VICTORIA,5773
64479,MABUHAY CABIGOHAN,5773
64480,MAHAGBU,5773
64481,MANUEL M. ROXAS,5773
64482,POBLACION,5773
64483,SAN ISIDRO,5773
64484,SAN VICENTE,5773
64485,SANTO TOMAS,5773
64486,SOOM,5773
64487,TAGUM NORTE,5773
64488,TAGUM SUR,5773
64489,BAGONGBANWA,5774
64490,BANLASAN,5774
64491,BATASAN (BATASAN ISLAND),5774
64492,BILANGBILANGAN (BILANGBILANGAN ISLAND),5774
64493,BOSONGON,5774
64494,BUENOS AIRES,5774
64495,BUNACAN,5774
64496,CABULIHAN,5774
64497,CAHAYAG,5774
64498,CAWAYANAN,5774
64499,CENTRO (POB.),5774
64500,GENONOCAN,5774
64501,GUIWANON,5774
64502,ILIHAN NORTE,5774
64503,ILIHAN SUR,5774
64504,LIBERTAD,5774
64505,MACAAS,5774
64506,MATABAO,5774
64507,MOCABOC ISLAND,5774
64508,PANADTARAN,5774
64509,PANAYTAYON,5774
64510,PANDAN,5774
64511,PANGAPASAN (PANGAPASAN ISLAND),5774
64512,PINAYAGAN NORTE,5774
64513,PINAYAGAN SUR,5774
64514,POOC OCCIDENTAL (POB.),5774
64515,POOC ORIENTAL (POB.),5774
64516,POTOHAN,5774
64517,TALENCERAS,5774
64518,TAN-AWAN,5774
64519,TINANGNAN,5774
64520,UBAY ISLAND,5774
64521,UBOJAN,5774
64522,VILLANUEVA,5774
64523,ACHILA,5775
64524,BAY-ANG,5775
64525,BENLIW,5775
64526,BIABAS,5775
64527,BONGBONG,5775
64528,BOOD,5775
64529,BUENAVISTA,5775
64530,BULILIS,5775
64531,CAGTING,5775
64532,CALANGGAMAN,5775
64533,CALIFORNIA,5775
64534,CAMALI-AN,5775
64535,CAMAMBUGAN,5775
64536,CASATE,5775
64537,CUYA,5775
64538,FATIMA,5775
64539,GABI,5775
64540,GOVERNOR BOYLES,5775
64541,GUINTABO-AN,5775
64542,HAMBABAURAN,5775
64543,HUMAYHUMAY,5775
64544,ILIHAN,5775
64545,IMELDA,5775
64546,JUAGDAN,5775
64547,KATARUNGAN,5775
64548,LOMANGOG,5775
64549,LOS ANGELES,5775
64550,PAG-ASA,5775
64551,PANGPANG,5775
64552,POBLACION,5775
64553,SAN FRANCISCO,5775
64554,SAN ISIDRO,5775
64555,SAN PASCUAL,5775
64556,SAN VICENTE,5775
64557,SENTINILA,5775
64558,SINANDIGAN,5775
64559,TAPAL,5775
64560,TAPON,5775
64561,TINTINAN,5775
64562,TIPOLO,5775
64563,TUBOG,5775
64564,TUBORAN,5775
64565,UNION,5775
64566,VILLA TERESITA,5775
64567,ADLAWAN,5776
64568,ANAS,5776
64569,ANONANG,5776
64570,ANOYON,5776
64571,BALINGASAO,5776
64572,BANDERAHAN (UPPER GINOPOLAN),5776
64573,BOTONG,5776
64574,BUYOG,5776
64575,CANDUAO OCCIDENTAL,5776
64576,CANDUAO ORIENTAL,5776
64577,CANLUSONG,5776
64578,CANMANICO,5776
64579,CANSIBAO,5776
64580,CATUG-A,5776
64581,CUTCUTAN,5776
64582,DANAO,5776
64583,GENOVEVA,5776
64584,GINOPOLAN (GINOPOLAN PROPER),5776
64585,LA VICTORIA,5776
64586,LANTANG,5776
64587,LIMOCON,5776
64588,LOCTOB,5776
64589,MAGSAYSAY,5776
64590,MARAWIS,5776
64591,MAUBO,5776
64592,NAILO,5776
64593,OMJON,5776
64594,PANGI-AN,5776
64595,POBLACION OCCIDENTAL,5776
64596,POBLACION ORIENTAL,5776
64597,SIMANG,5776
64598,TAUG,5776
64599,TAUSION,5776
64600,TAYTAY,5776
64601,TICUM,5776
64602,CABADIANGAN,5465
64603,CABIL-ISAN,5465
64604,CANDABONG,5465
64605,LAWAAN,5465
64606,MANGA,5465
64607,PALANAS,5465
64608,POBLACION,5465
64609,POLO,5465
64610,SALAGMAYA,5465
64611,ATABAY,5778
64612,DAAN-LUNGSOD,5778
64613,GUIWANG,5778
64614,NUG-AS,5778
64615,PASOL,5778
64616,POBLACION,5778
64617,PUGALO,5778
64618,SAN AGUSTIN,5778
64619,COMPOSTELA,5779
64620,GUADALUPE,5779
64621,LEGASPI,5779
64622,LEPANTO,5779
64623,MADRIDEJOS,5779
64624,MONTPELLER,5779
64625,POBLACION,5779
64626,SANTA FILOMENA,5779
64627,VALENCIA,5779
64628,ANGILAN,5780
64629,BOJO,5780
64630,BONBON,5780
64631,ESPERANZA,5780
64632,KANDINGAN,5780
64633,KANTABOGON,5780
64634,KAWASAN,5780
64635,OLANGO,5780
64636,POBLACION,5780
64637,PUNAY,5780
64638,ROSARIO,5780
64639,SAKSAK,5780
64640,TAMPA-AN,5780
64641,TOYOKON,5780
64642,ZARAGOSA,5780
64643,ALAMBIJUD,5781
64644,ANAJAO,5781
64645,APO,5781
64646,BALAAS,5781
64647,BALISONG,5781
64648,BINLOD,5781
64649,BOGO,5781
64650,BUG-OT,5781
64651,BULASA,5781
64652,BUTONG,5781
64653,CALAGASAN,5781
64654,CANBANTUG,5781
64655,CANBANUA,5781
64656,CANSUJE,5781
64657,CAPIO-AN,5781
64658,CASAY,5781
64659,CATANG,5781
64660,COLAWIN,5781
64661,CONALUM,5781
64662,GUIWANON,5781
64663,GUTLANG,5781
64664,JAMPANG,5781
64665,JOMGAO,5781
64666,LAMACAN,5781
64667,LANGTAD,5781
64668,LANGUB,5781
64669,LAPAY,5781
64670,LENGIGON,5781
64671,LINUT-OD,5781
64672,MABASA,5781
64673,MANDILIKIT,5781
64674,MOMPELLER,5781
64675,PANADTARAN,5781
64676,POBLACION,5781
64677,SUA,5781
64678,SUMAGUAN,5781
64679,TABAYAG,5781
64680,TALAGA,5781
64681,TALAYTAY,5781
64682,TALO-OT,5781
64683,TIGUIB,5781
64684,TULANG,5781
64685,TULIC,5781
64686,UBAUB,5781
64687,USMAD,5781
64688,AGBANGA,5782
64689,AGTUGOP,5782
64690,BAGO,5782
64691,BAIRAN,5782
64692,BANBAN,5782
64693,BAYE,5782
64694,BOG-O,5782
64695,KALUANGAN,5782
64696,LANAO,5782
64697,LANGUB,5782
64698,LOOC NORTE,5782
64699,LUNAS,5782
64700,MAGCALAPE,5782
64701,MANGUIAO,5782
64702,NEW BAGO,5782
64703,OWAK,5782
64704,POBLACION,5782
64705,SAKSAK,5782
64706,SAN ISIDRO,5782
64707,SAN ROQUE,5782
64708,SANTA LUCIA,5782
64709,SANTA RITA,5782
64710,TAG-AMAKAN,5782
64711,TAGBUBONGA,5782
64712,TUBIGAGMANOK,5782
64713,TUBOD,5782
64714,UBOGON,5782
64715,ALAWIJAO,5783
64716,BALHAAN,5783
64717,BANHIGAN,5783
64718,BASAK,5783
64719,BASIAO,5783
64720,BATO,5783
64721,BUGAS,5783
64722,CALANGCANG,5783
64723,CANDIIS,5783
64724,DAGATAN,5783
64725,DOBDOB,5783
64726,GINABLAN,5783
64727,LAMBUG,5783
64728,MALABAGO,5783
64729,MALHIAO,5783
64730,MANDUYONG,5783
64731,MATUTINAO,5783
64732,PATONG,5783
64733,POBLACION,5783
64734,SANLAGAN,5783
64735,SANTICON,5783
64736,SOHOTON,5783
64737,SULSUGAN,5783
64738,TALAYONG,5783
64739,TAYTAY,5783
64740,TIGBAO,5783
64741,TIGUIB,5783
64742,TUBOD,5783
64743,ZARAGOSA,5783
64744,ABUCAYAN,5784
64745,ALIWANAY,5784
64746,ARPILI,5784
64747,BALIWAGAN (POB.),5784
64748,BAYONG,5784
64749,BIASONG,5784
64750,BUANOY,5784
64751,CABAGDALAN,5784
64752,CABASIANGAN,5784
64753,CAMBUHAWE,5784
64754,CANSOMOROY,5784
64755,CANTIBAS,5784
64756,CANTUOD,5784
64757,DUANGAN,5784
64758,GAAS,5784
64759,GINATILAN,5784
64760,HINGATMONAN,5784
64761,LAMESA,5784
64762,LIKI,5784
64763,LUCA,5784
64764,MATUN-OG,5784
64765,NANGKA,5784
64766,PONDOL,5784
64767,PRENZA,5784
64768,SANTA CRUZ-SANTO NIÑO (POB.),5784
64769,SINGSING,5784
64770,SUNOG,5784
64771,VITO,5784
64772,ATOP-ATOP,5785
64773,BAIGAD,5785
64774,BANTIGUE (POB.),5785
64775,BAOD,5785
64776,BINAOBAO (POB.),5785
64777,BOTIGUES,5785
64778,DOONG,5785
64779,GUIWANON,5785
64780,HILOTONGAN,5785
64781,KABAC,5785
64782,KABANGBANG,5785
64783,KAMPINGGANON,5785
64784,KANGKAIBE,5785
64785,LIPAYRAN,5785
64786,LUYONGBAYBAY,5785
64787,MOJON,5785
64788,OBO-OB,5785
64789,PATAO,5785
64790,PUTIAN,5785
64791,SILLON,5785
64792,SUBA (POB.),5785
64793,SULANGAN,5785
64794,SUNGKO,5785
64795,TAMIAO,5785
64796,TICAD (POB.),5785
64797,AZUCENA,5786
64798,BAGAKAY,5786
64799,BALAO,5786
64800,BOLOCBOLOC,5786
64801,BUDBUD,5786
64802,BUGTONG KAWAYAN,5786
64803,CABCABAN,5786
64804,CAGAY,5786
64805,CAMPANGGA,5786
64806,CANDUGAY,5786
64807,DAKIT,5786
64808,GILOCTOG,5786
64809,GIWANON,5786
64810,GUIBUANGAN,5786
64811,GUNTING,5786
64812,HILASGASAN,5786
64813,JAPITAN,5786
64814,KALUBIHAN,5786
64815,KANGDAMPAS,5786
64816,LUHOD,5786
64817,LUPO,5786
64818,LUYO,5786
64819,MAGHANOY,5786
64820,MAIGANG,5786
64821,MALOLOS,5786
64822,MANTALONGON,5786
64823,MANTAYUPAN,5786
64824,MAYANA,5786
64825,MINOLOS,5786
64826,NABUNTURAN,5786
64827,NASIPIT,5786
64828,PANCIL,5786
64829,PANGPANG,5786
64830,PARIL,5786
64831,PATUPAT,5786
64832,POBLACION,5786
64833,SAN RAFAEL,5786
64834,SANTA ANA,5786
64835,SAYAW,5786
64836,TAL-OT,5786
64837,TUBOD,5786
64838,VITO,5786
64839,ANONANG NORTE,5787
64840,ANONANG SUR,5787
64841,BANBAN,5787
64842,BINABAG,5787
64843,BUNGTOD (POB.),5787
64844,CARBON (POB.),5787
64845,CAYANG,5787
64846,COGON (POB.),5787
64847,DAKIT,5787
64848,DON PEDRO RODRIGUEZ,5787
64849,GAIRAN,5787
64850,GUADALUPE,5787
64851,LA PAZ,5787
64852,LA PURISIMA CONCEPCION (POB.),5787
64853,LIBERTAD,5787
64854,LOURDES (POB.),5787
64855,MALINGIN,5787
64856,MARANGOG,5787
64857,NAILON,5787
64858,ODLOT,5787
64859,PANDAN (PANDAN HEIGHTS),5787
64860,POLAMBATO,5787
64861,SAMBAG (POB.),5787
64862,SAN VICENTE (POB.),5787
64863,SANTO NIÑO,5787
64864,SANTO ROSARIO (POB.),5787
64865,SIOCON,5787
64866,SUDLONON,5787
64867,TAYTAYAN,5787
64868,ARBOR,5788
64869,BACLAYAN,5788
64870,EL PARDO,5788
64871,GRANADA,5788
64872,LOWER BECERRIL,5788
64873,LUNOP,5788
64874,NANGKA,5788
64875,POBLACION,5788
64876,SAN ANTONIO,5788
64877,SOUTH GRANADA,5788
64878,UPPER BECERRIL,5788
64879,BAGACAY,5789
64880,BILI,5789
64881,BINGAY,5789
64882,BONGDO,5789
64883,BONGDO GUA,5789
64884,BONGOYAN,5789
64885,CADARUHAN,5789
64886,CAJEL,5789
64887,CAMPUSONG,5789
64888,CLAVERA,5789
64889,DON GREGORIO ANTIGUA (TAYTAYAN),5789
64890,LAAW,5789
64891,LUGO,5789
64892,MANAGASE,5789
64893,POBLACION,5789
64894,SAGAY,5789
64895,SAN JOSE,5789
64896,TABUNAN,5789
64897,TAGNUCAN,5789
64898,BOLINAWAN,5790
64899,BUENAVISTA,5790
64900,CALIDNGAN,5790
64901,CAN-ASUJAN,5790
64902,GUADALUPE,5790
64903,LIBURON,5790
64904,NAPO,5790
64905,OCANA,5790
64906,PERRELOS,5790
64907,POBLACION I,5790
64908,POBLACION II,5790
64909,POBLACION III,5790
64910,TUYOM,5790
64911,VALENCIA,5790
64912,VALLADOLID,5790
64913,BARING,5741
64914,CANTIPAY,5741
64915,CANTUKONG,5741
64916,CANTUMOG,5741
64917,CAURASAN,5741
64918,COGON EAST,5741
64919,COGON WEST,5741
64920,CORTE,5741
64921,DAWIS NORTE,5741
64922,DAWIS SUR,5741
64923,HAGNAYA,5741
64924,IPIL,5741
64925,LANIPGA,5741
64926,LIBORON,5741
64927,LOWER NATIMAO-AN,5741
64928,LUYANG,5741
64929,POBLACION,5741
64930,PUENTE,5741
64931,SAC-ON,5741
64932,TRIUMFO,5741
64933,UPPER NATIMAO-AN,5741
64934,AGSUWAO,5792
64935,AMANCION,5792
64936,ANAPOG,5792
64937,BACTAS,5792
64938,BASAK,5792
64939,BINONGKALAN,5792
64940,BONGYAS,5792
64941,CABUNGAAN,5792
64942,CAMBANGKAYA,5792
64943,CAN-IBUANG,5792
64944,CATMONDAAN,5792
64945,CORAZON (POB.),5792
64946,DUYAN,5792
64947,FLORES (POB.),5792
64948,GINABUCAN,5792
64949,MACAAS,5792
64950,PANALIPAN,5792
64951,SAN JOSE POB. (CATADMAN),5792
64952,TABILI,5792
64953,TINABYONAN,5792
64954,ADLAON,5793
64955,AGSUNGOT,5793
64956,APAS,5793
64957,BABAG,5793
64958,BACAYAN,5793
64959,BANILAD,5793
64960,BASAK PARDO,5793
64961,BASAK SAN NICOLAS,5793
64962,BINALIW,5793
64963,BONBON,5793
64964,BUDLA-AN (POB.),5793
64965,BUHISAN,5793
64966,BULACAO,5793
64967,BUOT-TAUP PARDO,5793
64968,BUSAY (POB.),5793
64969,CALAMBA,5793
64970,CAMBINOCOT,5793
64971,CAMPUTHAW (POB.),5793
64972,CAPITOL SITE (POB.),5793
64973,CARRETA,5793
64974,CENTRAL (POB.),5793
64975,COGON PARDO,5793
64976,COGON RAMOS (POB.),5793
64977,DAY-AS,5793
64978,DULJO (POB.),5793
64979,ERMITA (POB.),5793
64980,GUADALUPE,5793
64981,GUBA,5793
64982,HIPPODROMO,5793
64983,INAYAWAN,5793
64984,KALUBIHAN (POB.),5793
64985,KALUNASAN,5793
64986,KAMAGAYAN (POB.),5793
64987,KASAMBAGAN,5793
64988,KINASANG-AN PARDO,5793
64989,LABANGON,5793
64990,LAHUG (POB.),5793
64991,LOREGA (LOREGA SAN MIGUEL),5793
64992,LUSARAN,5793
64993,LUZ,5793
64994,MABINI,5793
64995,MABOLO,5793
64996,MALUBOG,5793
64997,MAMBALING,5793
64998,PAHINA CENTRAL (POB.),5793
64999,PAHINA SAN NICOLAS,5793
65000,PAMUTAN,5793
65001,PARDO (POB.),5793
65002,PARI-AN,5793
65003,PARIL,5793
65004,PASIL,5793
65005,PIT-OS,5793
65006,PULANGBATO,5793
65007,PUNG-OL-SIBUGAY,5793
65008,PUNTA PRINCESA,5793
65009,QUIOT PARDO,5793
65010,SAMBAG I (POB.),5793
65011,SAMBAG II (POB.),5793
65012,SAN ANTONIO (POB.),5793
65013,SAN JOSE,5793
65014,SAN NICOLAS CENTRAL,5793
65015,SAN ROQUE (CIUDAD),5793
65016,SANTA CRUZ (POB.),5793
65017,SAPANGDAKU,5793
65018,SAWANG CALERO (POB.),5793
65019,SINSIN,5793
65020,SIRAO,5793
65021,SUBA POB. (SUBA SAN NICOLAS),5793
65022,SUDLON I,5793
65023,SUDLON II,5793
65024,T. PADILLA,5793
65025,TABUNAN,5793
65026,TAGBAO,5793
65027,TALAMBAN,5793
65028,TAPTAP,5793
65029,TEJERO (VILLA GONZALO),5793
65030,TINAGO,5793
65031,TISA,5793
65032,TO-ONG PARDO,5793
65033,ZAPATERA,5793
65034,BAGALNGA,5794
65035,BASAK,5794
65036,BULUANG,5794
65037,CABADIANGAN,5794
65038,CAMBAYOG,5794
65039,CANAMUCAN,5794
65040,COGON,5794
65041,DAPDAP,5794
65042,ESTACA,5794
65043,LUPA,5794
65044,MAGAY,5794
65045,MULAO,5794
65046,PANANGBAN,5794
65047,POBLACION,5794
65048,TAG-UBE,5794
65049,TAMIAO,5794
65050,TUBIGAN,5794
65051,CABANGAHAN,5795
65052,CANSAGA,5795
65053,CASILI,5795
65054,DANGLAG,5795
65055,GARING,5795
65056,JUGAN,5795
65057,LAMAC,5795
65058,LANIPGA,5795
65059,NANGKA,5795
65060,PANAS,5795
65061,PANOYPOY,5795
65062,PITOGO,5795
65063,POBLACION OCCIDENTAL,5795
65064,POBLACION ORIENTAL,5795
65065,POLOG,5795
65066,PULPOGAN,5795
65067,SACSAC,5795
65068,TAYUD,5795
65069,TILHAONG,5795
65070,TOLOTOLO,5795
65071,TUGBONGAN,5795
65072,ALEGRIA,5796
65073,BANGBANG,5796
65074,BUAGSONG,5796
65075,CATARMAN,5796
65076,COGON,5796
65077,DAPITAN,5796
65078,DAY-AS,5796
65079,GABI,5796
65080,GILUTONGAN,5796
65081,IBABAO,5796
65082,PILIPOG,5796
65083,POBLACION,5796
65084,SAN MIGUEL,5796
65085,AGUHO,5797
65086,BAGAY,5797
65087,BAKHAWAN,5797
65088,BATERIA,5797
65089,BITOON,5797
65090,CALAPE,5797
65091,CARNAZA,5797
65092,DALINGDING,5797
65093,LANAO,5797
65094,LOGON,5797
65095,MALBAGO,5797
65096,MALINGIN,5797
65097,MAYA,5797
65098,PAJO,5797
65099,PAYPAY,5797
65100,POBLACION,5797
65101,TALISAY,5797
65102,TAPILON,5797
65103,TINUBDAN,5797
65104,TOMINJAO,5797
65105,ABLAYAN,5798
65106,BABAYONGAN,5798
65107,BALUD,5798
65108,BANHIGAN,5798
65109,BULAK,5798
65110,CALERIOHAN,5798
65111,CALIONGAN,5798
65112,CASAY,5798
65113,CATOLOHAN,5798
65114,CAWAYAN,5798
65115,CONSOLACION,5798
65116,CORO,5798
65117,DUGYAN,5798
65118,DUMALAN,5798
65119,JOLOMAYNON,5798
65120,LANAO,5798
65121,LANGKAS,5798
65122,LUMBANG,5798
65123,MALONES,5798
65124,MALORAY,5798
65125,MANANGGAL,5798
65126,MANLAPAY,5798
65127,MANTALONGON,5798
65128,NALHUB,5798
65129,OBO,5798
65130,OBONG,5798
65131,PANAS,5798
65132,POBLACION,5798
65133,SACSAC,5798
65134,SALUG,5798
65135,TABON,5798
65136,TAPUN,5798
65137,TUBA,5798
65138,BALIANG,5799
65139,BAYABAS,5799
65140,BINALIW,5799
65141,CABUNGAHAN,5799
65142,CAGAT-LAMAC,5799
65143,CAHUMAYAN,5799
65144,CAMBANAY,5799
65145,CAMBUBHO,5799
65146,COGON-CRUZ,5799
65147,DANASAN,5799
65148,DUNGGA,5799
65149,DUNGGOAN,5799
65150,GUINACOT,5799
65151,GUINSAY,5799
65152,IBO,5799
65153,LANGOSIG,5799
65154,LAWAAN,5799
65155,LICOS,5799
65156,LOOC,5799
65157,MAGTAGOBTOB,5799
65158,MALAPOC,5799
65159,MANLAYAG,5799
65160,MANTIJA,5799
65161,MASABA,5799
65162,MASLOG,5799
65163,NANGKA,5799
65164,OGUIS,5799
65165,PILI,5799
65166,POBLACION,5799
65167,QUISOL,5799
65168,SABANG,5799
65169,SACSAC,5799
65170,SANDAYONG NORTE,5799
65171,SANDAYONG SUR,5799
65172,SANTA ROSA,5799
65173,SANTICAN,5799
65174,SIBACAN,5799
65175,SUBA,5799
65176,TABOC,5799
65177,TAYTAY,5799
65178,TOGONON,5799
65179,TUBURAN SUR,5799
65180,BALAYGTIKI,5800
65181,BITOON,5800
65182,BULAK,5800
65183,BULLOGAN,5800
65184,CALABOON,5800
65185,CAMBOANG,5800
65186,CANDABONG,5800
65187,COGON,5800
65188,COTCOTON,5800
65189,DOLDOL,5800
65190,ILAYA (POB.),5800
65191,KABALAASNAN,5800
65192,KABATBATAN,5800
65193,KAMBANOG,5800
65194,KANG-ACTOL,5800
65195,KANGHALO,5800
65196,KANGHUMAOD,5800
65197,KANGUHA,5800
65198,KANTANGKAS,5800
65199,KANYUKO,5800
65200,KOLABTINGON,5800
65201,LAMAK,5800
65202,LAWAAN,5800
65203,LIONG,5800
65204,MANLAPAY,5800
65205,MASA,5800
65206,MATALAO,5800
65207,PACULOB,5800
65208,PANLAAN,5800
65209,PAWA,5800
65210,POBLACION CENTRAL,5800
65211,POBLACION LOOC,5800
65212,POBLACION SIMA,5800
65213,TANGIL,5800
65214,TAPON,5800
65215,TUBOD-BITOON,5800
65216,TUBOD-DUGOAN,5800
65217,ANAO,5801
65218,CAGSING,5801
65219,CALABAWAN,5801
65220,CAMBAGTE,5801
65221,CAMPISONG,5801
65222,CANORONG,5801
65223,GUIWANON,5801
65224,LOOC,5801
65225,MALATBO,5801
65226,MANGACO,5801
65227,PALANAS,5801
65228,POBLACION,5801
65229,SALAMANCA,5801
65230,SAN ROQUE,5801
65231,AGUS,5802
65232,BABAG,5802
65233,BANKAL,5802
65234,BARING,5802
65235,BASAK,5802
65236,BUAYA,5802
65237,CALAWISAN,5802
65238,CANJULAO,5802
65239,CAUBIAN,5802
65240,CAW-OY,5802
65241,CAWHAGAN,5802
65242,GUN-OB,5802
65243,IBO,5802
65244,LOOC,5802
65245,MACTAN,5802
65246,MARIBAGO,5802
65247,MARIGONDON,5802
65248,PAJAC,5802
65249,PAJO,5802
65250,PANGAN-AN,5802
65251,POBLACION,5802
65252,PUNTA ENGAÑO,5802
65253,PUSOK,5802
65254,SABANG,5802
65255,SAN VICENTE,5802
65256,SANTA ROSA,5802
65257,SUBABASBAS,5802
65258,TALIMA,5802
65259,TINGO,5802
65260,TUNGASAN,5802
65261,CABADIANGAN,5803
65262,CALERO,5803
65263,CATARMAN,5803
65264,COTCOT,5803
65265,JUBAY,5803
65266,LATABAN,5803
65267,MULAO,5803
65268,POBLACION,5803
65269,SAN ROQUE,5803
65270,SAN VICENTE,5803
65271,SANTA CRUZ,5803
65272,TABLA,5803
65273,TAYUD,5803
65274,YATI,5803
65275,BUNAKAN,5804
65276,KANGWAYAN,5804
65277,KAONGKOD,5804
65278,KODIA,5804
65279,MAALAT,5804
65280,MALBAGO,5804
65281,MANCILANG,5804
65282,PILI,5804
65283,POBLACION,5804
65284,SAN AGUSTIN,5804
65285,TABAGAK,5804
65286,TALANGNAN,5804
65287,TARONG,5804
65288,TUGAS,5804
65289,ARMEÑA (CANSILONGAN),5805
65290,BARANGAY I (POB.),5805
65291,BARANGAY II (POB.),5805
65292,CERDEÑA (ANSAN),5805
65293,LABRADOR (BULOD),5805
65294,LOMBO,5805
65295,LOOC,5805
65296,MAHANLUD,5805
65297,MINDANAO (PAJO),5805
65298,MONTAÑEZA (INAMLANG),5805
65299,SALMERON (BULAK),5805
65300,SANTO NIÑO,5805
65301,SORSOGON (BALIMAYA),5805
65302,TOLOSA (CALATAGAN),5805
65303,ALANG-ALANG,5806
65304,BAKILID,5806
65305,BANILAD,5806
65306,BASAK,5806
65307,CABANCALAN,5806
65308,CAMBARO,5806
65309,CANDUMAN,5806
65310,CASILI,5806
65311,CASUNTINGAN,5806
65312,CENTRO (POB.),5806
65313,CUBACUB,5806
65314,GUIZO,5806
65315,IBABAO-ESTANCIA,5806
65316,JAGOBIAO,5806
65317,LABOGON,5806
65318,LOOC,5806
65319,MAGUIKAY,5806
65320,MANTUYONG,5806
65321,OPAO,5806
65322,PAGSABUNGAN,5806
65323,PAKNA-AN,5806
65324,SUBANGDAKU,5806
65325,TABOK,5806
65326,TAWASON,5806
65327,TINGUB,5806
65328,TIPOLO,5806
65329,UMAPAD,5806
65330,ANTIPOLO,5807
65331,CANHABAGAT,5807
65332,CAPUTATAN NORTE,5807
65333,CAPUTATAN SUR,5807
65334,CURVA,5807
65335,DAANLUNGSOD,5807
65336,DALINGDING SUR,5807
65337,DAYHAGON,5807
65338,DON VIRGILIO GONZALES,5807
65339,GIBITNGIL,5807
65340,KAWIT,5807
65341,LAMINTAK NORTE,5807
65342,LAMINTAK SUR,5807
65343,LUY-A,5807
65344,MAHARUHAY,5807
65345,MAHAWAK,5807
65346,PANUGNAWAN,5807
65347,POBLACION,5807
65348,TINDOG,5807
65349,CADULAWAN,5808
65350,CALAJO-AN,5808
65351,CAMP 7,5808
65352,CAMP 8,5808
65353,CUANOS,5808
65354,GUINDARUHAN,5808
65355,LINAO,5808
65356,MANDUANG,5808
65357,PAKIGNE,5808
65358,POBLACION WARD I,5808
65359,POBLACION WARD II,5808
65360,POBLACION WARD III,5808
65361,POBLACION WARD IV,5808
65362,TUBOD,5808
65363,TULAY,5808
65364,TUNGHAAN,5808
65365,TUNGKIL,5808
65366,TUNGKOP,5808
65367,VITO,5808
65368,AGBALANGA,5809
65369,BALA,5809
65370,BALABAGON,5809
65371,BASDIOT,5809
65372,BATADBATAD,5809
65373,BUGHO,5809
65374,BUGUIL,5809
65375,BUSAY,5809
65376,LANAO,5809
65377,POBLACION EAST,5809
65378,POBLACION WEST,5809
65379,SAAVEDRA,5809
65380,TOMONOY,5809
65381,TUBLE,5809
65382,TUNGA,5809
65383,ALFACO,5535
65384,BAIRAN,5535
65385,BALIRONG,5535
65386,CABUNGAHAN,5535
65387,CANTAO-AN,5535
65388,CENTRAL POBLACION,5535
65389,COGON,5535
65390,COLON,5535
65391,EAST POBLACION,5535
65392,INAYAGAN,5535
65393,INOBURAN,5535
65394,JAGUIMIT,5535
65395,LANAS,5535
65396,LANGTAD,5535
65397,LUTAC,5535
65398,MAINIT,5535
65399,MAYANA,5535
65400,NAALAD,5535
65401,NORTH POBLACION,5535
65402,PANGDAN,5535
65403,PATAG,5535
65404,SOUTH POBLACION,5535
65405,TAGJAGUIMIT,5535
65406,TANGKE,5535
65407,TINAAN,5535
65408,TUYAN,5535
65409,ULING,5535
65410,WEST POBLACION,5535
65411,ALO,5811
65412,BANGCOGON,5811
65413,BONBON,5811
65414,CALUMPANG,5811
65415,CAN-UKBAN,5811
65416,CANANGCA-AN,5811
65417,CANSALO-AY,5811
65418,CAÑANG,5811
65419,DAANLUNGSOD,5811
65420,GAWI,5811
65421,HAGDAN,5811
65422,LAGUNDE,5811
65423,LOOC,5811
65424,LUKA,5811
65425,MAINIT,5811
65426,MANLUM,5811
65427,NUEVA CACERES,5811
65428,POBLACION,5811
65429,PUNGTOD,5811
65430,TAN-AWAN,5811
65431,TUMALOG,5811
65432,BIASONG,5155
65433,CAWIT,5155
65434,DAPDAP,5155
65435,ESPERANZA,5155
65436,IMELDA,5155
65437,LANAO,5155
65438,LOWER POBLACION,5155
65439,MOABOG,5155
65440,MONTSERRAT,5155
65441,SAN ISIDRO,5155
65442,SAN JUAN,5155
65443,UPPER POBLACION,5155
65444,VILLAHERMOSA,5155
65445,ANISLAG,5813
65446,ANOPOG,5813
65447,BINABAG,5813
65448,BUHINGTUBIG,5813
65449,BUSAY,5813
65450,BUTONG,5813
65451,CABIANGON,5813
65452,CAMUGAO,5813
65453,DUANGAN,5813
65454,GUIMBAWIAN,5813
65455,LAMAC,5813
65456,LUT-OD,5813
65457,MANGOTO,5813
65458,OPAO,5813
65459,PANDACAN,5813
65460,POBLACION,5813
65461,PUNOD,5813
65462,RIZAL,5813
65463,SACSAC,5813
65464,SAMBAGON,5813
65465,SIBAGO,5813
65466,TAJAO,5813
65467,TANGUB,5813
65468,TANIBAG,5813
65469,TUPAS,5813
65470,TUTAY,5813
65471,ADELA,5814
65472,ALTAVISTA,5814
65473,CAGCAGAN,5814
65474,CANSABUSAB,5814
65475,DAAN PAZ,5814
65476,EASTERN POBLACION,5814
65477,ESPERANZA,5814
65478,LIBERTAD,5814
65479,MABINI,5814
65480,MERCEDES,5814
65481,PAGSA,5814
65482,PAZ,5814
65483,RIZAL,5814
65484,SAN JOSE,5814
65485,SANTA RITA,5814
65486,TEGUIS,5814
65487,WESTERN POBLACION,5814
65488,BUTONG,5815
65489,CAN-ABUHON,5815
65490,CANDULING,5815
65491,CANSALONOY,5815
65492,CANSAYAHON,5815
65493,ILAYA,5815
65494,LANGIN,5815
65495,LIBO-O,5815
65496,MALALAY,5815
65497,PALANAS,5815
65498,POBLACION,5815
65499,SANTA CRUZ,5815
65500,TUPAS,5815
65501,VIVE,5815
65502,BASAK,5816
65503,BONBON,5816
65504,BULANGSURAN,5816
65505,CALATAGAN,5816
65506,CAMBIGONG,5816
65507,CAMBUROY,5816
65508,CANORONG,5816
65509,COLASE,5816
65510,DALAHIKAN,5816
65511,JUMANGPAS,5816
65512,MONTEVERDE,5816
65513,POBLACION,5816
65514,SAN SEBASTIAN,5816
65515,SUBA,5816
65516,TANGBO,5816
65517,BALUD,5478
65518,BALUNGAG,5478
65519,BASAK,5478
65520,BUGHO,5478
65521,CABATBATAN,5478
65522,GREENHILLS,5478
65523,ILAYA,5478
65524,LANTAWAN,5478
65525,LIBURON,5478
65526,MAGSICO,5478
65527,PANADTARAN,5478
65528,PITALO,5478
65529,POBLACION NORTH,5478
65530,POBLACION SOUTH,5478
65531,SAN ISIDRO,5478
65532,SANGAT,5478
65533,TABIONAN,5478
65534,TANANAS,5478
65535,TINUBDAN,5478
65536,TONGGO,5478
65537,TUBOD,5478
65538,CABUNGA-AN,5818
65539,CAMPO,5818
65540,CONSUELO,5818
65541,ESPERANZA,5818
65542,HIMENSULAN,5818
65543,MONTEALEGRE,5818
65544,NORTHERN POBLACION,5818
65545,SAN ISIDRO,5818
65546,SANTA CRUZ,5818
65547,SANTIAGO,5818
65548,SONOG,5818
65549,SOUTHERN POBLACION,5818
65550,UNIDOS,5818
65551,UNION,5818
65552,WESTERN POBLACION,5818
65553,ANAPOG,5625
65554,ARGAWANON,5625
65555,BAGTIC,5625
65556,BANCASAN,5625
65557,BATAD,5625
65558,BUSOGON,5625
65559,CALAMBUA,5625
65560,CANAGAHAN,5625
65561,DAPDAP,5625
65562,GAWAYGAWAY,5625
65563,HAGNAYA,5625
65564,KAYAM,5625
65565,KINAWAHAN,5625
65566,LAMBUSAN,5625
65567,LAWIS,5625
65568,LIBAONG,5625
65569,LOOC,5625
65570,LUYANG,5625
65571,MANO,5625
65572,POBLACION,5625
65573,PUNTA,5625
65574,SAB-A,5625
65575,SAN MIGUEL,5625
65576,TACUP,5625
65577,TAMBONGON,5625
65578,TO-ONG,5625
65579,VICTORIA,5625
65580,BALIDBID,5128
65581,HAGDAN,5128
65582,HILANTAGAAN,5128
65583,KINATARKAN,5128
65584,LANGUB,5128
65585,MARICABAN,5128
65586,OKOY,5128
65587,POBLACION,5128
65588,POOC,5128
65589,TALISAY,5128
65590,BUNLAN,5821
65591,CABUTONGAN,5821
65592,CANDAMIANG,5821
65593,CANLUMACAD,5821
65594,LILOAN,5821
65595,LIP-TONG,5821
65596,LOOC,5821
65597,PASIL,5821
65598,POBLACION,5821
65599,TALISAY,5821
65600,ABUGON,5822
65601,BAE,5822
65602,BAGACAY,5822
65603,BAHAY,5822
65604,BANLOT,5822
65605,BASAK,5822
65606,BATO,5822
65607,CAGAY,5822
65608,CAN-AGA,5822
65609,CANDAGUIT,5822
65610,CANTOLAROY,5822
65611,DUGOAN,5822
65612,GUIMBANGCO-AN,5822
65613,LAMACAN,5822
65614,LIBO,5822
65615,LINDOGON,5822
65616,MAGCAGONG,5822
65617,MANATAD,5822
65618,MANGYAN,5822
65619,PAPAN,5822
65620,POBLACION,5822
65621,SABANG,5822
65622,SAYAO,5822
65623,SIMALA,5822
65624,TUBOD,5822
65625,AMPONGOL,5823
65626,BAGAKAY,5823
65627,BAGATAYAM,5823
65628,BAWO,5823
65629,CABALAWAN,5823
65630,CABANGAHAN,5823
65631,CALUMBOYAN,5823
65632,DAKIT,5823
65633,DAMOLOG,5823
65634,IBABAO,5823
65635,LIKI,5823
65636,LUBO,5823
65637,MOHON,5823
65638,NAHUS-AN,5823
65639,PANSOY,5823
65640,POBLACION,5823
65641,TABUNOK,5823
65642,TAKAY,5823
65643,ALANG-ALANG,5824
65644,CADUAWAN,5824
65645,CAMOBOAN,5824
65646,CANAOCANAO,5824
65647,COMBADO,5824
65648,DAANTABOGON,5824
65649,ILIHAN,5824
65650,KAL-ANAN,5824
65651,LABANGON,5824
65652,LIBJO,5824
65653,LOONG,5824
65654,MABULI,5824
65655,MANAGASE,5824
65656,MANLAGTANG,5824
65657,MASLOG,5824
65658,MUABOG,5824
65659,PIO,5824
65660,POBLACION,5824
65661,SALAG,5824
65662,SAMBAG,5824
65663,SAN ISIDRO,5824
65664,SAN VICENTE,5824
65665,SOMOSA,5824
65666,TABA-AO,5824
65667,TAPUL,5824
65668,BONGON,5825
65669,DALID,5825
65670,KANLIM-AO,5825
65671,KANLUHANGON,5825
65672,KANTUBAON,5825
65673,MABUNAO,5825
65674,MARAVILLA,5825
65675,OLIVO,5825
65676,POBLACION,5825
65677,TABUNOK,5825
65678,TIGBAWAN,5825
65679,VILLAHERMOSA,5825
65680,BIASONG,5725
65681,BULACAO,5725
65682,CADULAWAN,5725
65683,CAMP IV,5725
65684,CANSOJONG,5725
65685,DUMLOG,5725
65686,JACLUPAN,5725
65687,LAGTANG,5725
65688,LAWAAN I,5725
65689,LAWAAN II,5725
65690,LAWAAN III,5725
65691,LINAO,5725
65692,MAGHAWAY,5725
65693,MANIPIS,5725
65694,MOHON,5725
65695,POBLACION,5725
65696,POOC,5725
65697,SAN ISIDRO,5725
65698,SAN ROQUE,5725
65699,TABUNOC,5725
65700,TANGKE,5725
65701,TAPUL,5725
65702,AWIHAO,5827
65703,BAGAKAY,5827
65704,BATO,5827
65705,BIGA,5827
65706,BULONGAN,5827
65707,BUNGA,5827
65708,CABITOONAN,5827
65709,CALONGCALONG,5827
65710,CAMBANG-UG,5827
65711,CAMP 8,5827
65712,CANLUMAMPAO,5827
65713,CANTABACO,5827
65714,CAPITAN CLAUDIO,5827
65715,CARMEN,5827
65716,DAANGLUNGSOD,5827
65717,DON ANDRES SORIANO (LUTOPAN),5827
65718,DUMLOG,5827
65719,GEN. CLIMACO (MALUBOG),5827
65720,IBO,5827
65721,ILIHAN,5827
65722,"JUAN CLIMACO, SR. (MAGDUGO)",5827
65723,LANDAHAN,5827
65724,LOAY,5827
65725,LURAY II,5827
65726,MATAB-ANG,5827
65727,MEDIA ONCE,5827
65728,PANGAMIHAN,5827
65729,POBLACION,5827
65730,POOG,5827
65731,PUTINGBATO,5827
65732,SAGAY,5827
65733,SAM-ANG,5827
65734,SANGI,5827
65735,SANTO NIÑO (MAINGGIT),5827
65736,SUBAYON,5827
65737,TALAVERA,5827
65738,TUBOD,5827
65739,TUNGKAY,5827
65740,ALEGRIA,5828
65741,AMATUGAN,5828
65742,ANTIPOLO,5828
65743,APALAN,5828
65744,BAGASAWE,5828
65745,BAKYAWAN,5828
65746,BANGKITO,5828
65747,BARANGAY I (POB.),5828
65748,BARANGAY II (POB.),5828
65749,BARANGAY III (POB.),5828
65750,BARANGAY IV (POB.),5828
65751,BARANGAY V (POB.),5828
65752,BARANGAY VI (POB.),5828
65753,BARANGAY VII (POB.),5828
65754,BARANGAY VIII (POB.),5828
65755,BULWANG,5828
65756,CARIDAD,5828
65757,CARMELO,5828
65758,COGON,5828
65759,COLONIA,5828
65760,DAAN LUNGSOD,5828
65761,FORTALIZA,5828
65762,GA-ANG,5828
65763,GIMAMA-A,5828
65764,JAGBUAYA,5828
65765,KABANGKALAN,5828
65766,KABKABAN,5828
65767,KAGBA-O,5828
65768,KALANGAHAN,5828
65769,KAMANSI,5828
65770,KAMPOOT,5828
65771,KAN-AN,5828
65772,KANLUNSING,5828
65773,KANSI,5828
65774,KAORASAN,5828
65775,LIBO,5828
65776,LUSONG,5828
65777,MACUPA,5828
65778,MAG-ALWA,5828
65779,MAG-ANTOY,5828
65780,MAG-ATUBANG,5828
65781,MAGHAN-AY,5828
65782,MANGGA,5828
65783,MARMOL,5828
65784,MOLOBOLO,5828
65785,MONTEALEGRE,5828
65786,PUTAT,5828
65787,SAN JUAN,5828
65788,SANDAYONG,5828
65789,SANTO NIÑO,5828
65790,SIOTES,5828
65791,SUMON,5828
65792,TOMINJAO,5828
65793,TOMUGPA,5828
65794,BUENAVISTA,5829
65795,CALMANTE,5829
65796,DAAN SECANTE,5829
65797,GENERAL,5829
65798,MCARTHUR,5829
65799,NORTHERN POBLACION,5829
65800,PUERTOBELLO,5829
65801,SANTANDER,5829
65802,SECANTE BAG-O,5829
65803,SOUTHERN POBLACION,5829
65804,VILLAHERMOSA,5829
65805,BIO-OS,5830
65806,JANTIANON,5830
65807,JUGNO,5830
65808,MAG-ABO,5830
65809,POBLACION,5830
65810,SILAB,5830
65811,TAMBOJANGIN,5830
65812,TANDAYAG,5830
65813,AMDUS,5831
65814,ANIBONG,5831
65815,ATABAY,5831
65816,AWA-AN,5831
65817,BAN-BAN,5831
65818,CALAGCALAG,5831
65819,CANDANA-AY,5831
65820,CAROL-AN,5831
65821,GOMENTOC,5831
65822,INACBAN,5831
65823,INIBAN,5831
65824,JANDALAMANON,5831
65825,KILABAN,5831
65826,LAMIGAN,5831
65827,MAASLUM,5831
65828,MABATO,5831
65829,MANOGTONG,5831
65830,NABHANG,5831
65831,POBLACION,5831
65832,TAMBO,5831
65833,TAMPOCON I,5831
65834,TAMPOCON II,5831
65835,TIBYAWAN,5831
65836,TIGUIB,5831
65837,BALAYAGMANOK,5832
65838,BANILAD,5832
65839,BUNTIS,5832
65840,BUNTOD,5832
65841,CALANGAG,5832
65842,COMBADO,5832
65843,DOLDOL,5832
65844,ISUGAN,5832
65845,LIPTONG,5832
65846,LUTAO,5832
65847,MAGSUHOT,5832
65848,MALABAGO,5832
65849,MAMPAS,5832
65850,NORTH POBLACION,5832
65851,SACSAC,5832
65852,SAN MIGUEL,5832
65853,SOUTH POBLACION,5832
65854,SULODPAN,5832
65855,TIMBANGA,5832
65856,TIMBAO,5832
65857,TUBOD,5832
65858,WEST POBLACION,5832
65859,BARANGAY I (POB.),5833
65860,BARANGAY II (POB.),5833
65861,BASAK,5833
65862,BIÑOHON,5833
65863,CABANLUTAN,5833
65864,CALASGA-AN,5833
65865,CAMBAGAHAN,5833
65866,CAMBAGUIO,5833
65867,CAMBANJAO,5833
65868,CAMBUILAO,5833
65869,CANLARGO,5833
65870,CAPIÑAHAN,5833
65871,CONSOLACION,5833
65872,DANSULAN,5833
65873,HANGYAD,5833
65874,KATACGAHAN (TACGAHAN),5833
65875,LA PAZ,5833
65876,LO-OC,5833
65877,LONOY,5833
65878,MABUNAO,5833
65879,MANLIPAC,5833
65880,MANSANGABAN,5833
65881,OKIOT,5833
65882,OLYMPIA,5833
65883,PANALA-AN,5833
65884,PANAM-ANGAN,5833
65885,ROSARIO,5833
65886,SAB-AHAN,5833
65887,SAN ISIDRO,5833
65888,TAGPO,5833
65889,TALUNGON,5833
65890,TAMISU,5833
65891,TAMOGONG,5833
65892,TANGCULOGAN,5833
65893,VALENCIA,5833
65894,ACTIN,5834
65895,BAL-OS,5834
65896,BONGALONAN,5834
65897,CABALAYONGAN,5834
65898,CABATUANAN,5834
65899,LINANTAYAN,5834
65900,MAGLINAO,5834
65901,NAGBO-ALAO,5834
65902,OLANDAO,5834
65903,POBLACION,5834
65904,ALI-IS,5835
65905,BANAYBANAY,5835
65906,BANGA,5835
65907,BOYCO,5835
65908,BUGAY,5835
65909,CANSUMALIG,5835
65910,DAWIS,5835
65911,KALAMTUKAN,5835
65912,KALUMBOYAN,5835
65913,MALABUGAS,5835
65914,MANDU-AO,5835
65915,MANINIHON,5835
65916,MINABA,5835
65917,NANGKA,5835
65918,NARRA,5835
65919,PAGATBAN,5835
65920,POBLACION,5835
65921,SAN ISIDRO,5835
65922,SAN JOSE,5835
65923,SAN MIGUEL,5835
65924,SAN ROQUE,5835
65925,SUBA (POB.),5835
65926,TABUAN,5835
65927,TAYAWAN,5835
65928,TINAGO (POB.),5835
65929,UBOS (POB.),5835
65930,VILLAREAL,5835
65931,VILLASOL (BATO),5835
65932,ATOTES,5836
65933,BATANGAN,5836
65934,BULOD,5836
65935,CABCABAN,5836
65936,CABUGAN,5836
65937,CAMUDLAS,5836
65938,CANLUTO,5836
65939,DANAO,5836
65940,DANAWAN,5836
65941,DOMOLOG,5836
65942,MALAGA,5836
65943,MANSEJE,5836
65944,MATOBATO,5836
65945,NAGCASUNOG,5836
65946,NALUNDAN,5836
65947,PANGALAYCAYAN,5836
65948,PEÑAHAN,5836
65949,POBLACION (PAYABON),5836
65950,SALONG,5836
65951,TAGAYTAY,5836
65952,TINAOGAN,5836
65953,TUBOD,5836
65954,BAYOG,5837
65955,BINALBAGAN,5837
65956,BUCALAN (EAST BUDSALAN),5837
65957,BUDLASAN (WEST BUDLASAN),5837
65958,LINOTHANGAN,5837
65959,LUMAPAO,5837
65960,MABIGO (POB.),5837
65961,MALAIBA,5837
65962,MASULOG,5837
65963,NINOY AQUINO,5837
65964,PANUBIGAN,5837
65965,PULA,5837
65966,ANAHAWAN,5838
65967,APO ISLAND,5838
65968,BAGACAY,5838
65969,BASLAY,5838
65970,BATUHON DACU,5838
65971,BOLOC-BOLOC,5838
65972,BULAK,5838
65973,BUNGA,5838
65974,CASILE,5838
65975,LIBJO,5838
65976,LIPAYO,5838
65977,MAAYONGTUBIG,5838
65978,MAG-ASO,5838
65979,MAGSAYSAY,5838
65980,MALONGCAY DACU,5838
65981,MASAPLOD NORTE,5838
65982,MASAPLOD SUR,5838
65983,PANUBTUBAN,5838
65984,POBLACION I,5838
65985,POBLACION II,5838
65986,POBLACION III,5838
65987,TUGAWE,5838
65988,TUNGA-TUNGA,5838
65989,BAGACAY,5839
65990,BAJUMPANDAN,5839
65991,BALUGO,5839
65992,BANILAD,5839
65993,BANTAYAN,5839
65994,BATINGUEL,5839
65995,BUNAO,5839
65996,CADAWINONAN,5839
65997,CALINDAGAN,5839
65998,CAMANJAC,5839
65999,CANDAU-AY,5839
66000,CANTIL-E,5839
66001,DARO,5839
66002,JUNOB,5839
66003,LOOC,5839
66004,MANGNAO-CANAL,5839
66005,MOTONG,5839
66006,PIAPI,5839
66007,POBLACION NO. 1 (BARANGAY 1),5839
66008,POBLACION NO. 2 (BARANGAY 2),5839
66009,POBLACION NO. 3 (BARANGAY 3),5839
66010,POBLACION NO. 4 (BARANGAY 4),5839
66011,POBLACION NO. 5 (BARANGAY 5),5839
66012,POBLACION NO. 6 (BARANGAY 6),5839
66013,POBLACION NO. 7 (BARANGAY 7),5839
66014,POBLACION NO. 8 (BARANGAY 8),5839
66015,PULANTUBIG,5839
66016,TABUCTUBIG,5839
66017,TACLOBO,5839
66018,TALAY,5839
66019,BAKID,5840
66020,BALOGO,5840
66021,BANWAQUE,5840
66022,BASAK,5840
66023,BINOBOHAN,5840
66024,BUENAVISTA,5840
66025,BULADO,5840
66026,CALAMBA,5840
66027,CALUPA-AN,5840
66028,HIBAIYO,5840
66029,HILAITAN,5840
66030,HINAKPAN,5840
66031,HUMAYHUMAY,5840
66032,IMELDA,5840
66033,KAGAWASAN,5840
66034,LINANTUYAN,5840
66035,LUZ,5840
66036,MABUNGA,5840
66037,MAGSAYSAY,5840
66038,MALUSAY,5840
66039,MANIAK,5840
66040,MCKINLEY,5840
66041,NAGSAHA,5840
66042,PADRE ZAMORA,5840
66043,PLAGATASANON,5840
66044,PLANAS,5840
66045,POBLACION,5840
66046,SANDAYAO,5840
66047,TACPAO,5840
66048,TINAYUNAN BEACH,5840
66049,TINAYUNAN HILL,5840
66050,TRINIDAD,5840
66051,VILLEGAS,5840
66052,AGLAHUG,5841
66053,AGUTAYON,5841
66054,APANANGON,5841
66055,BAE,5841
66056,BALA-AS,5841
66057,BANGCAL,5841
66058,BANOG,5841
66059,BUTO,5841
66060,CABANG,5841
66061,CAMANDAYON,5841
66062,CANGHARAY,5841
66063,CANLAHAO,5841
66064,DAYOYO,5841
66065,ELI,5841
66066,LACAON,5841
66067,MAHANLUD,5841
66068,MALABAGO,5841
66069,MAMBAID,5841
66070,MONGPONG,5841
66071,NORTH POBLACION,5841
66072,OWACAN,5841
66073,PACUAN,5841
66074,PANGLAYA-AN,5841
66075,POLOPANTAO,5841
66076,SAMPINITON,5841
66077,SOUTH POBLACION,5841
66078,TALAMBAN,5841
66079,TAMAO,5841
66080,ANINIAW,5842
66081,AYA,5842
66082,BAGTIC,5842
66083,BIGA-A,5842
66084,BUSILAK,5842
66085,CANGABO,5842
66086,CANTUPA,5842
66087,ELECIA (TALOSTOS),5842
66088,ELI,5842
66089,GUIHOB,5842
66090,KANSUMANDIG,5842
66091,MAMBULOD,5842
66092,MANDAPATON,5842
66093,MANGHULYAWON,5842
66094,MANLUMINSAG,5842
66095,MAPALASAN,5842
66096,MARAGONDONG,5842
66097,MARTILO,5842
66098,NASUNGAN,5842
66099,PACUAN,5842
66100,PANGCA,5842
66101,PISONG,5842
66102,PITOGO,5842
66103,POBLACION NORTH,5842
66104,POBLACION SOUTH,5842
66105,SAN JOSE,5842
66106,SOLONGON,5842
66107,TALA-ON,5842
66108,TALAYONG,5842
66109,ABIS,5843
66110,AREBASORE,5843
66111,BAGTIC,5843
66112,BANBAN,5843
66113,BARRAS,5843
66114,BATO,5843
66115,BUGNAY,5843
66116,BULIBULIHAN,5843
66117,BULWANG,5843
66118,CAMPANUN-AN,5843
66119,CANGGOHOB,5843
66120,CANSAL-ING,5843
66121,DAGBASAN,5843
66122,DAHILE,5843
66123,HAGTU,5843
66124,HIMOCDONGON,5843
66125,INAPOY,5843
66126,LAMDAS,5843
66127,LUMBANGAN,5843
66128,LUYANG,5843
66129,MANLINGAY,5843
66130,MAYAPOSI,5843
66131,NAPASU-AN,5843
66132,NEW NAMANGKA,5843
66133,OLD NAMANGKA,5843
66134,PANDANON,5843
66135,PANIABONAN,5843
66136,PANTAO,5843
66137,POBLACION,5843
66138,SAMAC,5843
66139,TADLONG,5843
66140,TARA,5843
66141,ALANGILANAN,5844
66142,BAGTIC,5844
66143,BALAAS,5844
66144,BANTOLINAO,5844
66145,BOLISONG,5844
66146,BUTONG,5844
66147,CAMPUYO,5844
66148,CANDABONG,5844
66149,CONCEPCION,5844
66150,DUNGO-AN,5844
66151,KAUSWAGAN,5844
66152,LAMOGONG,5844
66153,LIBJO,5844
66154,MAASLUM,5844
66155,MANDALUPANG,5844
66156,PANCIAO,5844
66157,POBLACION,5844
66158,SAC-SAC,5844
66159,SALVACION,5844
66160,SAN ISIDRO,5844
66161,SAN JOSE,5844
66162,SANTA MONICA,5844
66163,SUBA,5844
66164,SUNDO-AN,5844
66165,TANGLAD,5844
66166,TUBOD,5844
66167,TUPAS,5844
66168,ABANTE,5067
66169,BALAYONG,5067
66170,BANAWE,5067
66171,CALICANAN,5067
66172,DATAGON,5067
66173,FATIMA,5067
66174,INAWASAN,5067
66175,MAGSUSUNOG,5067
66176,MALALANGSI,5067
66177,MAMBURAO,5067
66178,MANGOTO,5067
66179,POBLACION,5067
66180,SAN ISIDRO,5067
66181,SANTA AGUEDA,5067
66182,SIMBORIO,5067
66183,YUPISAN,5067
66184,BASAK,5249
66185,BASIAO,5249
66186,CAMBALOCTOT,5249
66187,CANCAWAS,5249
66188,JANAYJANAY,5249
66189,JILOCON,5249
66190,NAIBA,5249
66191,POBLACION,5249
66192,SAN ROQUE,5249
66193,SANTO NIÑO,5249
66194,SEÑORA ASCION (CALO),5249
66195,SIAPO,5249
66196,TAMPI,5249
66197,TAPON NORTE,5249
66198,ALANGILAN,4964
66199,AMIO,4964
66200,BUENAVISTA,4964
66201,CAIGANGAN,4964
66202,CARANOCHE,4964
66203,CAWITAN,4964
66204,FATIMA,4964
66205,KABULACAN,4964
66206,MABUHAY,4964
66207,MANALONGON,4964
66208,MANSAGOMAYON,4964
66209,MILAGROSA,4964
66210,NAGBALAYE,4964
66211,NAGBINLOD,4964
66212,OBAT,4964
66213,POBLACION,4964
66214,SAN FRANCISCO,4964
66215,SAN JOSE,4964
66216,SAN MIGUEL,4964
66217,SAN PEDRO,4964
66218,SANTO ROSARIO,4964
66219,TALALAK,4964
66220,ALBIGA,5848
66221,APOLOY,5848
66222,BONAWON,5848
66223,BONBONON,5848
66224,CABANGAHAN,5848
66225,CANAWAY,5848
66226,CASALA-AN,5848
66227,CATICUGAN,5848
66228,DATAG,5848
66229,GILIGA-ON,5848
66230,INALAD,5848
66231,MALABUHAN,5848
66232,MALOH,5848
66233,MANTIQUIL,5848
66234,MANTUYOP,5848
66235,NAPACAO,5848
66236,POBLACION I,5848
66237,POBLACION II,5848
66238,POBLACION III,5848
66239,POBLACION IV,5848
66240,SALAG,5848
66241,SAN JOSE,5848
66242,SANDULOT,5848
66243,SI-IT,5848
66244,SUMALIRING,5848
66245,TAYAK,5848
66246,AGAN-AN,5849
66247,AJONG,5849
66248,BALUGO,5849
66249,BOLOCBOLOC,5849
66250,CALABNUGAN,5849
66251,CANGMATING,5849
66252,ENRIQUE VILLANUEVA,5849
66253,LOOC,5849
66254,MAGATAS,5849
66255,MANINGCAO,5849
66256,MASLOG,5849
66257,POBLACION,5849
66258,SAN ANTONIO,5849
66259,TUBIGON,5849
66260,TUBTUBON,5849
66261,AZAGRA,5850
66262,BAHI-AN,5850
66263,LUCA,5850
66264,MANIPIS,5850
66265,NOVALLAS,5850
66266,OBOGON,5850
66267,PAL-EW,5850
66268,POBLACION I (BARANGAY 1),5850
66269,POBLACION II (BARANGAY 2),5850
66270,POBLACION III (BARANGAY 3),5850
66271,POBLACION IV (BARANGAY 4),5850
66272,POBLACION IX (BARANGAY 9),5850
66273,POBLACION V (BARANGAY 5),5850
66274,POBLACION VI (BARANGAY 6),5850
66275,POBLACION VII (BARANGAY 7),5850
66276,POBLACION VIII (BARANGAY 8),5850
66277,POLO,5850
66278,SAN ISIDRO,5850
66279,SAN JOSE,5850
66280,SAN MIGUEL,5850
66281,SANTA CRUZ NUEVO,5850
66282,SANTA CRUZ VIEJO,5850
66283,SANTO NIÑO,5850
66284,TUGAS,5850
66285,BACONG,5851
66286,BAGO,5851
66287,BANGA,5851
66288,CABULOTAN,5851
66289,CAMBAYE,5851
66290,DALAUPON,5851
66291,GUINCALABAN,5851
66292,ILAYA-TAYASAN,5851
66293,JILABANGAN,5851
66294,LAG-IT,5851
66295,LINAO,5851
66296,LUTAY,5851
66297,MAGLIHE,5851
66298,MAGTUHAO,5851
66299,MATAUTA,5851
66300,MATUOG,5851
66301,NUMNUM,5851
66302,PALASLAN,5851
66303,PINALUBNGAN,5851
66304,PINDAHAN,5851
66305,PINOCAWAN,5851
66306,POBLACION,5851
66307,SANTA CRUZ,5851
66308,SAYING,5851
66309,SUQUIB,5851
66310,TAMAO,5851
66311,TAMBULAN,5851
66312,TANLAD,5851
66313,APOLONG,5852
66314,BALABAG EAST,5852
66315,BALABAG WEST,5852
66316,BALAYAGMANOK,5852
66317,BALILI,5852
66318,BALUGO,5852
66319,BONG-AO,5852
66320,BONGBONG,5852
66321,CAIDIOCAN,5852
66322,CALAYUGAN,5852
66323,CAMBUCAD,5852
66324,DOBDOB,5852
66325,JAWA,5852
66326,LIPTONG,5852
66327,LUNGA,5852
66328,MALABO,5852
66329,MALAUNAY,5852
66330,MAMPAS,5852
66331,NORTH POBLACION,5852
66332,PALINPINON,5852
66333,PUHAGAN,5852
66334,PULANGBATO,5852
66335,SAGBANG,5852
66336,SOUTH POBLACION,5852
66337,BAGAWINES,5853
66338,BAIRAN,5853
66339,CABULIHAN,5853
66340,DON ESPIRIDION VILLEGAS,5853
66341,GUBA,5853
66342,MACAPSO,5853
66343,MAGLAHOS,5853
66344,MALANGSA,5853
66345,MOLOBOLO,5853
66346,PINOCAWAN,5853
66347,POBLACION,5853
66348,PUAN,5853
66349,TABON,5853
66350,TAGBINO,5853
66351,ULAY,5853
66352,BASAC,5854
66353,CALANGO,5854
66354,LOTUBAN,5854
66355,MALONGCAY DIOT,5854
66356,MALUAY,5854
66357,MAYABON,5854
66358,NABAGO,5854
66359,NAJANDIG,5854
66360,NASIG-ID,5854
66361,POBLACION,5854
66362,BALOLONG,5855
66363,BINO-ONGAN,5855
66364,BITAUG,5855
66365,BOLOT,5855
66366,CAMOGAO,5855
66367,CANGMANGKI,5855
66368,LIBO,5855
66369,LOMANGCAPAN,5855
66370,LOTLOTON,5855
66371,MANAN-AO,5855
66372,OLAVE,5855
66373,PARIAN,5855
66374,POBLACION,5855
66375,TULAPOS,5855
66376,BAGACAY,5856
66377,BALOLANG,5856
66378,BASAC,5856
66379,BINTANGAN,5856
66380,BONTOD,5856
66381,CABULIHAN,5856
66382,CALUNASAN,5856
66383,CANDIGUM,5856
66384,CANG-ALLAS,5856
66385,CANG-APA,5856
66386,CANGBAGSA,5856
66387,CANGMALALAG,5856
66388,CANLAMBO,5856
66389,CANLASOG,5856
66390,CATAMBOAN,5856
66391,HELEN (DATAG),5856
66392,NONOC,5856
66393,NORTH POBLACION,5856
66394,PONONG,5856
66395,SABANG,5856
66396,SANDUGAN,5856
66397,SOUTH POBLACION,5856
66398,TACULING,5856
66399,CAMPALANAS,5857
66400,CANGCLARAN,5857
66401,CANGOMANTONG,5857
66402,CAPALASANAN,5857
66403,CATAMBOAN (POB.),5857
66404,GABAYAN,5857
66405,KIMBA,5857
66406,KINAMANDAGAN,5857
66407,LOWER CABANGCALAN,5857
66408,NAGERONG,5857
66409,PO-O,5857
66410,SIMACOLONG,5857
66411,TAGMANOCAN,5857
66412,TALAYONG,5857
66413,TIGBAWAN (POB.),5857
66414,TIGNAO,5857
66415,UPPER CABANGCALAN,5857
66416,YTAYA,5857
66417,BOGO,5858
66418,BONGA,5858
66419,CABAL-ASAN,5858
66420,CALUNASAN,5858
66421,CANDAPING A,5858
66422,CANDAPING B,5858
66423,CANTAROC A,5858
66424,CANTAROC B,5858
66425,CANTUGBAS,5858
66426,LICO-AN,5858
66427,LILO-AN,5858
66428,LOGUCAN,5858
66429,LOOC,5858
66430,MINALULAN,5858
66431,NABUTAY,5858
66432,OLANG,5858
66433,PISONG A,5858
66434,PISONG B,5858
66435,POBLACION NORTE,5858
66436,POBLACION SUR,5858
66437,SAGUING,5858
66438,SAWANG,5858
66439,CANASAGAN,4991
66440,CANDURA,4991
66441,CANGMUNAG,4991
66442,CANSAYANG,4991
66443,CATULAYAN,4991
66444,LALA-O,4991
66445,MAITE,4991
66446,NAPO,4991
66447,PALITON,4991
66448,POBLACION,4991
66449,SOLANGON,4991
66450,TAG-IBO,4991
66451,TAMBISAN,4991
66452,TIMBAON,4991
66453,TUBOD,4991
66454,BANBAN,5860
66455,BOLOS,5860
66456,CAIPILAN,5860
66457,CAITICAN,5860
66458,CALALINAN,5860
66459,CANAL,5860
66460,CANDANAY NORTE,5860
66461,CANDANAY SUR,5860
66462,CANG-ADIENG,5860
66463,CANG-AGONG,5860
66464,CANG-ALWANG,5860
66465,CANG-ASA,5860
66466,CANG-ATUYOM,5860
66467,CANG-INTE,5860
66468,CANG-ISAD,5860
66469,CANGHUNOGHUNOG,5860
66470,CANGMATNOG,5860
66471,CANGMOHAO,5860
66472,CANTABON,5860
66473,CATICUGAN,5860
66474,DUMANHOG,5860
66475,IBABAO,5860
66476,LAMBOJON,5860
66477,LUYANG,5860
66478,LUZONG,5860
66479,OLO,5860
66480,PANGI,5860
66481,PANLAUTAN,5860
66482,PASIHAGON,5860
66483,PILI,5860
66484,POBLACION,5860
66485,POLANGYUTA,5860
66486,PONONG,5860
66487,SABANG,5860
66488,SAN ANTONIO,5860
66489,SONGCULAN,5860
66490,TACDOG,5860
66491,TACLOBAN,5860
66492,TAMBISAN,5860
66493,TEBJONG,5860
66494,TINAGO,5860
66495,TONGO,5860
70886,CAUCAB,5861
70887,IYOSAN,5861
70888,JAMORAWON,5861
70889,LO-OK,5861
70890,MATANGA,5861
70891,PILI,5861
70892,POBLACION,5861
70893,PULANG BATO,5861
70894,SALANGI,5861
70895,SAMPAO,5861
70896,TABUNAN,5861
70897,TALAHID,5861
70898,TAMARINDO,5861
70899,BATO,5862
70900,BURABOD,5862
70901,BUSALI,5862
70902,CANILA,5862
70903,HUGPA,5862
70904,JULITA,5862
70905,PINANGUMHAN,5862
70906,SAN ISIDRO (POB.),5862
70907,SAN ROQUE (POB.),5862
70908,SANGGALANG,5862
70909,VILLA ENAGE (BARAS),5862
70910,BALAQUID,5863
70911,BASO,5863
70912,BUNGA,5863
70913,CAANIBONGAN,5863
70914,CASIAWAN,5863
70915,ESPERANZA (POB.),5863
70916,LANGGAO,5863
70917,LIBERTAD,5863
70918,LOOC,5863
70919,MAGBANGON (POB.),5863
70920,PAWIKAN,5863
70921,SALAWAD,5863
70922,TALIBONG,5863
70923,ALEGRIA,5864
70924,ASUG,5864
70925,BARI-IS,5864
70926,BINOHANGAN,5864
70927,CABIBIHAN,5864
70928,CAULANGOHAN (MAREVIL),5864
70929,KAWAYANON,5864
70930,LOOC,5864
70931,MANLABANG,5864
70932,MAURANG,5864
70933,PALANAY (POB.),5864
70934,PALENGKE (POB.),5864
70935,TOMALISTIS,5864
70936,UNION,5864
70937,USON,5864
70938,VICTORY (POB.),5864
70939,VILLA VICENTA (MAINIT),5864
70940,ACABAN,5865
70941,BACOLOD,5865
70942,BINONGTOAN,5865
70943,BOOL CENTRAL (POB.),5865
70944,BOOL EAST (POB.),5865
70945,BOOL WEST (POB.),5865
70946,CALIPAYAN,5865
70947,CULABA CENTRAL (POB.),5865
70948,GUINDAPUNAN,5865
70949,HABUHAB,5865
70950,LOOC,5865
70951,MARVEL (POB.),5865
70952,PATAG,5865
70953,PINAMIHAGAN,5865
70954,SALVACION,5865
70955,SAN ROQUE,5865
70956,VIRGINIA (POB.),5865
70957,BAGANITO,5866
70958,BALACSON,5866
70959,BALITE,5866
70960,BILWANG,5866
70961,BULALACAO,5866
70962,BURABOD,5866
70963,BUYO,5866
70964,INASUYAN,5866
70965,KANSANOK,5866
70966,MADA-O,5866
70967,MAPUYO,5866
70968,MASAGAOSAO,5866
70969,MASAGONGSONG,5866
70970,POBLACION,5866
70971,SAN LORENZO,5866
70972,TABUNAN NORTH,5866
70973,TUBIG GUINOO,5866
70974,TUCDAO,5866
70975,UNGALE,5866
70976,VILLA CORNEJO (LOOC),5866
70977,AGUTAY,5867
70978,BANLAS,5867
70979,BATO,5867
70980,BINALAYAN EAST,5867
70981,BINALAYAN WEST,5867
70982,BINONGTO-AN (POBLACION NORTE),5867
70983,BURABOD,5867
70984,CALBANI,5867
70985,CANDUHAO,5867
70986,CASIBANG,5867
70987,DANAO,5867
70988,ERMITA (POBLACION SUR),5867
70989,OL-OG,5867
70990,TRABUGAN,5867
70991,VIGA,5867
70992,AGPANGI,5868
70993,ANISLAGAN,5868
70994,ATIPOLO,5868
70995,BORAC,5868
70996,CABUNGAAN,5868
70997,CALUMPANG,5868
70998,CAPIÑAHAN,5868
70999,CARAYCARAY,5868
71000,CATMON,5868
71001,HAGUIKHIKAN,5868
71002,IMELDA,5868
71003,LARRAZABAL,5868
71004,LIBERTAD,5868
71005,LIBTONG,5868
71006,LICO,5868
71007,LUCSOON,5868
71008,MABINI,5868
71009,PADRE INOCENTES GARCIA (POB.),5868
71010,PADRE SERGIO EAMIGUEL,5868
71011,SABANG,5868
71012,SAN PABLO,5868
71013,SANTISSIMO ROSARIO POB. (SANTO ROSA),5868
71014,SANTO NIÑO,5868
71015,TALUSTUSAN,5868
71016,VILLA CANEJA,5868
71017,VILLA CONSUELO,5868
71018,AGUINALDO,5869
71019,BALUD (POB.),5869
71020,BATO (SAN LUIS),5869
71021,BERI,5869
71022,BIGO,5869
71023,BUENAVISTA,5869
71024,CAGSALAY,5869
71025,CAMPACION,5869
71026,CARAPDAPAN,5869
71027,CASIDMAN,5869
71028,CATUMSAN,5869
71029,CENTRAL (POB.),5869
71030,CONCEPCION,5869
71031,GARDEN (POB.),5869
71032,INAYAWAN,5869
71033,MACARTHUR,5869
71034,RAWIS (POB.),5869
71035,TANGBO,5869
71036,TAWAGAN,5869
71037,TEBALAWON,5869
71038,BACJAO,5870
71039,BARANGAY POBLACION I,5870
71040,BARANGAY POBLACION II,5870
71041,BARANGAY POBLACION III,5870
71042,BARANGAY POBLACION IV,5870
71043,BARANGAY POBLACION V,5870
71044,BARANGAY POBLACION VI,5870
71045,CAG-OLANGO,5870
71046,CANSUMANGCAY,5870
71047,GUINMAAYOHAN,5870
71048,MAYBUNGA,5870
71049,SAN MIGUEL,5870
71050,SANTA ROSA,5870
71051,BALOGO,5871
71052,BANGON,5871
71053,CABAY,5871
71054,CAISAWAN,5871
71055,CANTUBI,5871
71056,GENERAL MALVAR,5871
71057,GUINPOLIRAN,5871
71058,JULAG,5871
71059,MAGSAYSAY,5871
71060,MARAMAG,5871
71061,POBLACION I,5871
71062,POBLACION II,5871
71063,POBLACION III,5871
71064,POBLACION IV,5871
71065,POBLACION V,5871
71066,ALANG-ALANG,5872
71067,AMANTACOP,5872
71068,ANDO,5872
71069,BALACDAS,5872
71070,BALUD,5872
71071,BANUYO,5872
71072,BARAS,5872
71073,BATO,5872
71074,BAYOBAY,5872
71075,BENOWANGAN,5872
71076,BUGAS,5872
71077,CABALAGNAN,5872
71078,CABONG,5872
71079,CAGBONGA,5872
71080,CALICO-AN,5872
71081,CALINGATNGAN,5872
71082,CAMADA,5872
71083,CAMPESAO,5872
71084,CAN-ABONG,5872
71085,CAN-AGA,5872
71086,CANJAWAY,5872
71087,CANLARAY,5872
71088,CANYOPAY,5872
71089,DIVINUBO,5872
71090,HEBACONG,5872
71091,HINDANG,5872
71092,LALAWIGAN,5872
71093,LIBUTON,5872
71094,LOCSO-ON,5872
71095,MAYBACONG,5872
71096,MAYPANGDAN,5872
71097,PEPELITAN,5872
71098,PINANAG-AN,5872
71099,PUNTA MARIA,5872
71100,PUROK A (POB.),5872
71101,PUROK B (POB.),5872
71102,PUROK C (POB.),5872
71103,PUROK D1 (POB.),5872
71104,PUROK D2 (POB.),5872
71105,PUROK E (POB.),5872
71106,PUROK F (POB.),5872
71107,PUROK G (POB.),5872
71108,PUROK H (POB.),5872
71109,SABANG NORTH,5872
71110,SABANG SOUTH,5872
71111,SAN ANDRES,5872
71112,SAN GABRIEL,5872
71113,SAN GREGORIO,5872
71114,SAN JOSE,5872
71115,SAN MATEO,5872
71116,SAN PABLO,5872
71117,SAN SATURNINO,5872
71118,SANTA FE,5872
71119,SIHA,5872
71120,SOHUTAN,5872
71121,SONGCO,5872
71122,SURIBAO,5872
71123,SUROK,5872
71124,TABOC,5872
71125,TABUNAN,5872
71126,TAMOSO,5872
71127,BALAGON,5873
71128,BARANGAY 1 POBLACION,5873
71129,BARANGAY 2 POBLACION,5873
71130,BARANGAY 3 POBLACION,5873
71131,BARANGAY 4 POBLACION,5873
71132,BARANGAY 5 POBLACION,5873
71133,BARANGAY 6 POBLACION,5873
71134,BARANGAY 7 POBLACION,5873
71135,BARANGAY 8 POBLACION,5873
71136,BARANGAY 9 POBLACION,5873
71137,BARANGAY 10 POBLACION,5873
71138,BARUK,5873
71139,BOCO,5873
71140,CAGHALONG,5873
71141,CAMANTANG,5873
71142,CAN-ILAY,5873
71143,CANSANGAYA,5873
71144,CANTEROS,5873
71145,CAROLINA,5873
71146,GUIBUANGAN,5873
71147,JEPACO,5873
71148,MABUHAY,5873
71149,MALOGO,5873
71150,OBONG,5873
71151,PANDOL,5873
71152,RAWIS,5873
71153,SALVACION,5873
71154,SOLONG,5873
71155,AROGANGA,5362
71156,BARANGAY 1 (POB.),5362
71157,BARANGAY 2 (POB.),5362
71158,BARANGAY 3 (POB.),5362
71159,BARANGAY 4 (POB.),5362
71160,BARANGAY 5 (POB.),5362
71161,BARANGAY 6 (POB.),5362
71162,BARANGAY 7 (POB.),5362
71163,BARANGAY 8 (POB.),5362
71164,BARANGAY 9 (POB.),5362
71165,BARANGAY 10 (POB.),5362
71166,BARANGAY 11 (POB.),5362
71167,BARANGAY 12 (POB.),5362
71168,BARANGAY 13 (POB.),5362
71169,BARANGAY 14 (POB.),5362
71170,BARANGAY 15 (POB.),5362
71171,BONGHON,5362
71172,BUENAVISTA,5362
71173,CABAGO-AN,5362
71174,CAGLAO-AN,5362
71175,CAGTABON,5362
71176,DAMPIGAN,5362
71177,DAPDAP,5362
71178,DEL PILAR,5362
71179,DENIGPIAN,5362
71180,GAP-ANG,5362
71181,HILABAAN,5362
71182,HINOLASO,5362
71183,JAPITAN,5362
71184,JICONTOL,5362
71185,LIBERTAD,5362
71186,MAGONGBONG,5362
71187,MAGSAYSAY,5362
71188,MALAINTOS,5362
71189,MALOBAGO,5362
71190,OSMEÑA,5362
71191,RIZAL,5362
71192,SAN ISIDRO (MALABAG),5362
71193,SAN PASCUAL,5362
71194,SAN ROQUE,5362
71195,SAN VICENTE,5362
71196,SANTA CRUZ,5362
71197,SANTO NIÑO,5362
71198,TANAUAN,5362
71199,TIKLING,5362
71200,VILLAHERMOSA,5362
71201,AGUINALDO,5875
71202,ALANG-ALANG,5875
71203,BINALAY,5875
71204,CALUTAN,5875
71205,CAMCUEVAS,5875
71206,DOMROG,5875
71207,LAUREL,5875
71208,LIMBUJAN,5875
71209,MACAPAGAL,5875
71210,MAGSAYSAY,5875
71211,OSMEÑA,5875
71212,PINGAN,5875
71213,POBLACION BARANGAY 1,5875
71214,POBLACION BARANGAY 2,5875
71215,POBLACION BARANGAY 3,5875
71216,POBLACION BARANGAY 4,5875
71217,POBLACION BARANGAY 5,5875
71218,POBLACION BARANGAY 6,5875
71219,POBLACION BARANGAY 7,5875
71220,POBLACION BARANGAY 8,5875
71221,QUEZON,5875
71222,QUIRINO,5875
71223,ROXAS,5875
71224,SAN ISIDRO,5875
71225,SAN ROQUE,5875
71226,SANTA CRUZ (OPONG),5875
71227,SANTA FE,5875
71228,TANDANG SORA,5875
71229,TUGOP,5875
71230,VIGAN,5875
71231,BARANGAY 1 (POB.),5876
71232,BARANGAY 2 (POB.),5876
71233,BARANGAY 3 (POB.),5876
71234,BARANGAY 4 (POB.),5876
71235,BARANGAY 5 (POB.),5876
71236,BARANGAY 6 (POB.),5876
71237,BARANGAY 7 (POB.),5876
71238,BARANGAY 8 (POB.),5876
71239,BIGA,5876
71240,COTICOT,5876
71241,GIGOSO,5876
71242,HUKNAN,5876
71243,PARINA,5876
71244,PAYA,5876
71245,PRESIDENT ROXAS,5876
71246,SAN ISIDRO (MALABAG),5876
71247,SAN MIGUEL,5876
71248,SANTA CRUZ (CANSINGKOL),5876
71249,ALINGAROG,5877
71250,BAGUA,5877
71251,BANAAG,5877
71252,BANAHAO,5877
71253,BARAS,5877
71254,BARBO,5877
71255,BITAUGAN,5877
71256,BUCAO,5877
71257,BUENAVISTA,5877
71258,BUNGTOD,5877
71259,CAGDARA-O,5877
71260,CAGUSU-AN,5877
71261,CAMPARANG,5877
71262,CAMPOYONG,5877
71263,CANAWAYON,5877
71264,CANTAHAY,5877
71265,CASUGURAN,5877
71266,COGON,5877
71267,CULASI,5877
71268,DALARAGAN,5877
71269,GAHOY,5877
71270,HABAG,5877
71271,HAGNA,5877
71272,HAMORAWON,5877
71273,HOLLYWOOD,5877
71274,INAPULANGAN,5877
71275,LUPOK (POB.),5877
71276,MAYANA,5877
71277,NGOLOS,5877
71278,PAGBABANGNAN,5877
71279,PAGNAMITAN,5877
71280,POBLACION WARD 1,5877
71281,POBLACION WARD 2,5877
71282,POBLACION WARD 3,5877
71283,POBLACION WARD 4,5877
71284,POBLACION WARD 4-A,5877
71285,POBLACION WARD 5,5877
71286,POBLACION WARD 6,5877
71287,POBLACION WARD 7,5877
71288,POBLACION WARD 8,5877
71289,POBLACION WARD 9,5877
71290,POBLACION WARD 9-A,5877
71291,POBLACION WARD 10,5877
71292,POBLACION WARD 11,5877
71293,POBLACION WARD 12,5877
71294,SALUG,5877
71295,SAN ANTONIO,5877
71296,SAN JOSE,5877
71297,SAN JUAN,5877
71298,SAN PEDRO,5877
71299,SANTO NIÑO,5877
71300,SAPAO,5877
71301,SULANGAN,5877
71302,SULUAN,5877
71303,SUROK,5877
71304,TAGPORO,5877
71305,TAYTAY,5877
71306,TIMALA,5877
71307,TRINIDAD,5877
71308,VICTORY ISLAND,5877
71309,BARANGAY 1 (POB.),5878
71310,BARANGAY 2 (POB.),5878
71311,BARANGAY 3 (POB.),5878
71312,BARANGAY 4 (POB.),5878
71313,BATANG,5878
71314,CACATMONAN,5878
71315,CANCILEDES,5878
71316,CARMEN,5878
71317,GARAWON,5878
71318,NAGAJA,5878
71319,PADANG,5878
71320,SAN ISIDRO,5878
71321,SAN MIGUEL,5878
71322,AGSAMAN,5879
71323,BARANGAY 1 (POB.),5879
71324,BARANGAY 2 (POB.),5879
71325,BARANGAY 3 (POB.),5879
71326,BARANGAY 4 (POB.),5879
71327,CAGMANABA,5879
71328,DORILLO,5879
71329,JEWARAN,5879
71330,MABUHAY,5879
71331,MAGSAYSAY,5879
71332,RECARE,5879
71333,ROXAS,5879
71334,SAN ROQUE,5879
71335,BARANGAY POBLACION 1,5880
71336,BARANGAY POBLACION 2,5880
71337,BARANGAY POBLACION 3,5880
71338,BARANGAY POBLACION 4,5880
71339,BARANGAY POBLACION 5,5880
71340,BARANGAY POBLACION 6,5880
71341,BARANGAY POBLACION 7,5880
71342,BARANGAY POBLACION 8,5880
71343,BARANGAY POBLACION 9,5880
71344,BARANGAY POBLACION 10,5880
71345,BETAOG,5880
71346,BOLUSAO,5880
71347,GUINOB-AN,5880
71348,MASLOG,5880
71349,SAN ISIDRO,5880
71350,TAGUITE,5880
71351,ANTIPOLO,5881
71352,BABANIKHON,5881
71353,BACAYAWAN,5881
71354,BARANGAY 1 (POB.),5881
71355,BARANGAY 2 (POB.),5881
71356,BARANGAY 3 (POB.),5881
71357,BARANGAY 4 (POB.),5881
71358,BARANGAY 5 (POB.),5881
71359,BARANGAY 6 (POB.),5881
71360,BARANGAY 7 (POB.),5881
71361,BARANGAY 8 (POB.),5881
71362,BARANGAY 9 (POB.),5881
71363,BARANGAY 10 (POB.),5881
71364,BARANGAY 11 (POB.),5881
71365,BARANGAY 12 (POB.),5881
71366,BAROBO,5881
71367,BURAK,5881
71368,CAN-ATO,5881
71369,CANDOROS,5881
71370,CANLIWAG,5881
71371,CANTOMCO,5881
71372,HUGPA,5881
71373,MACA-ANGA,5881
71374,MAGTINO,5881
71375,MINA-ANOD,5881
71376,NAUBAY,5881
71377,PILIW,5881
71378,SAN JOSE,5881
71379,SAN MIGUEL,5881
71380,SAN ROQUE,5881
71381,SO-ONG,5881
71382,TABOK,5881
71383,WASO,5881
71384,BARANGAY 1 (POB.),5882
71385,BARANGAY 2 (POB.),5882
71386,BULAWAN,5882
71387,CARAYACAY,5882
71388,LIBERTAD,5882
71389,MALOBAGO,5882
71390,MAPUTI,5882
71391,SAN MIGUEL,5882
71392,SAN ROQUE,5882
71393,TANGBO,5882
71394,TAYTAY,5882
71395,TUGAS,5882
71396,BARANGAY POBLACION 1,5883
71397,BARANGAY POBLACION 2,5883
71398,BARANGAY POBLACION 3,5883
71399,BARANGAY POBLACION 4,5883
71400,BARANGAY POBLACION 5,5883
71401,BARANGAY POBLACION 6,5883
71402,BARANGAY POBLACION 7,5883
71403,CAMADA,5883
71404,CAMPAKERIT (BOTAY),5883
71405,CANLOTERIO,5883
71406,DEL PILAR,5883
71407,GUINDALITAN,5883
71408,LAPGAP,5883
71409,MALOBAGO,5883
71410,MAYBOCOG,5883
71411,MAYTIGBAO,5883
71412,OMAWAS,5883
71413,PATAG,5883
71414,SAN GABRIEL,5883
71415,TAGASLIAN,5883
71416,ANURON,5505
71417,BANUYO,5505
71418,BARANGAY 1 POBLACION,5505
71419,BARANGAY 2 POBLACION,5505
71420,BARANGAY 3 POBLACION,5505
71421,BARANGAY 4 POBLACION,5505
71422,BOBON,5505
71423,BUSAY,5505
71424,BUYAYAWON,5505
71425,CABUNGA-AN,5505
71426,CAMBANTE,5505
71427,PALAMRAG (CABILIRI-AN),5505
71428,PORT KENNEDY,5505
71429,SAN JOSE,5505
71430,SAN ROQUE,5505
71431,SUNG-AN,5505
71432,AGSAM,5885
71433,ALANG-ALANG,5885
71434,BAGACAY,5885
71435,BALINGASAG,5885
71436,BALOCAWE (POB.),5885
71437,BANTAYAN,5885
71438,BATANG,5885
71439,BATO,5885
71440,BINALAYAN,5885
71441,BUNTAY,5885
71442,BURAK,5885
71443,BUTNGA (POB.),5885
71444,CADIAN,5885
71445,CAGDINE,5885
71446,CAGPILE,5885
71447,CAGTOOG,5885
71448,CAMANGA (POB.),5885
71449,DALID,5885
71450,DAO,5885
71451,FACTORIA,5885
71452,GAMOT,5885
71453,IWAYAN,5885
71454,JAPAY,5885
71455,KALAW,5885
71456,MABUHAY,5885
71457,MALINGON,5885
71458,MINAP-OS,5885
71459,NADACPAN,5885
71460,NAGA,5885
71461,PANGUDTAN,5885
71462,PAYPAYON (POB.),5885
71463,RIVERSIDE (POB.),5885
71464,RIZAL,5885
71465,SABANG,5885
71466,SAN EDUARDO,5885
71467,SAN ROQUE (POB.),5885
71468,SANTA MONICA,5885
71469,SAUGAN,5885
71470,SAURONG,5885
71471,TAWAGAN (POB.),5885
71472,TIGUIB (POB.),5885
71473,TRINIDAD (MAYCOROT),5885
71474,ALANG-ALANG,5886
71475,ANISLAG,5886
71476,BAGTE,5886
71477,BARANGAY NO. 1 (POB.),5886
71478,BARANGAY NO. 2 (POB.),5886
71479,BARANGAY NO. 3 (POB.),5886
71480,BARANGAY NO. 4 (POB.),5886
71481,BARANGAY NO. 5 (POB.),5886
71482,BARANGAY NO. 6 (POB.),5886
71483,BARANGAY NO. 7 (POB.),5886
71484,BUENAVISTA,5886
71485,CACULANGAN,5886
71486,CAGDAJA,5886
71487,CAMBILLA,5886
71488,CANTENIO,5886
71489,NAGA,5886
71490,PACO,5886
71491,PALACTAD (VALLEY),5886
71492,RIZAL (PANA-UGAN),5886
71493,SAN ISIDRO,5886
71494,SAN PEDRO,5886
71495,SAN VICENTE,5886
71496,SANTA CRUZ (LORO DIYO),5886
71497,SANTA MARGARITA,5886
71498,SANTO NIÑO,5886
71499,ABEJAO,5887
71500,ALOG,5887
71501,ASGAD,5887
71502,BAGTONG,5887
71503,BALUD,5887
71504,BARANGAY 1 (POB.),5887
71505,BARANGAY 2 (POB.),5887
71506,BARANGAY 3 (POB.),5887
71507,BARANGAY 4 (POB.),5887
71508,BARANGAY 5 (POB.),5887
71509,BARANGAY 6 (POB.),5887
71510,BARANGAY 7 (POB.),5887
71511,BARANGAY 8 (POB.),5887
71512,BARANGAY 9 (POB.),5887
71513,BARANGAY 10 (POB.),5887
71514,BARANGAY 11 (POB.),5887
71515,BARANGAY 12 (POB.),5887
71516,BARANGAY 13 (POB.),5887
71517,BUABUA,5887
71518,BURAK,5887
71519,BUTIG,5887
71520,CAGAUT,5887
71521,CAMANGA,5887
71522,CANTOMOJA,5887
71523,CARAPDAPAN,5887
71524,CARIDAD,5887
71525,CASILI-ON,5887
71526,IBERAN,5887
71527,JAGNAYA,5887
71528,LUSOD,5887
71529,MALBOG,5887
71530,MALIWALIW,5887
71531,MATARINAO,5887
71532,NAPARAAN,5887
71533,PALANAS,5887
71534,SAN ROQUE (BUGAY),5887
71535,SANTA CRUZ,5887
71536,SEGUINON,5887
71537,TACLA-ON,5887
71538,TAGBACAN,5887
71539,TALANGDAWAN,5887
71540,BARANGAY NO. 1 POBLACION,5888
71541,BARANGAY NO. 2 POBLACION,5888
71542,BARANGAY NO. 3 POBLACION,5888
71543,BARANGAY NO. 4 POBLACION,5888
71544,BARANGAY NO. 5 POBLACION,5888
71545,BARANGAY NO. 6 POBLACION,5888
71546,BUNACAN,5888
71547,CAMPIDHAN,5888
71548,CASOROY,5888
71549,LIBAS,5888
71550,LUNANG,5888
71551,NENA (LUNA),5888
71552,PAGBABANGNAN,5888
71553,PUTONG,5888
71554,SAN ISIDRO,5888
71555,SAN MIGUEL,5888
71556,ALUGAN,5889
71557,BAHAY,5889
71558,BANGON,5889
71559,BARANGAY NO. 1 (POB.),5889
71560,BARANGAY NO. 2 (POB.),5889
71561,BARANGAY NO. 3 (POB.),5889
71562,BARANGAY NO. 4 (POB.),5889
71563,BARANGAY NO. 5 (POB.),5889
71564,BARAS (LIPATA),5889
71565,BINOGAWAN,5889
71566,CAJAGWAYAN,5889
71567,JAPUNAN,5889
71568,NATIVIDAD,5889
71569,PANGPANG,5889
71570,SANTA CRUZ,5889
71571,TABO,5889
71572,TAN-AWAN,5889
71573,A-ET,5890
71574,ABUCAY (POB.),5890
71575,BAYBAY (POB.),5890
71576,DEL REMEDIO,5890
71577,KANDALAKIT,5890
71578,LOYOLA HEIGHTS (POB.),5890
71579,MABINI,5890
71580,MAGLIPAY (POB.),5890
71581,MARAMARA (POB.),5890
71582,RIVERSIDE (POB.),5890
71583,SAN FRANCISCO,5890
71584,SAN ISIDRO,5890
71585,SAN JUAN,5890
71586,SAN MATEO,5890
71587,SAN VICENTE,5890
71588,SANTO NIÑO,5890
71589,SANTO TOMAS,5890
71590,TABI (POB.),5890
71591,BATIAWAN,5891
71592,BETO,5891
71593,BINALOAN,5891
71594,BONGDO,5891
71595,DACUL,5891
71596,DANAO,5891
71597,DEL REMEDIOS,5891
71598,GAYAM,5891
71599,LOMATUD (BURAK),5891
71600,MABUHAY,5891
71601,MALINAO,5891
71602,MANTANG,5891
71603,NATO,5891
71604,PANGABUTAN,5891
71605,POBLACION BARANGAY 1,5891
71606,POBLACION BARANGAY 2,5891
71607,POBLACION BARANGAY 3,5891
71608,POBLACION BARANGAY 4,5891
71609,POBLACION BARANGAY 5,5891
71610,POBLACION BARANGAY 6,5891
71611,POLANGI,5891
71612,SAN LUIS,5891
71613,SAN PABLO,5891
71614,SAN RAFAEL,5891
71615,ALANGILAN,5892
71616,ANIBONGAN,5892
71617,BAGACAY,5892
71618,BAHAY,5892
71619,BALINSASAYAO,5892
71620,BALOCAWE,5892
71621,BALOCAWEHAY,5892
71622,BARAYONG,5892
71623,BAYABAS,5892
71624,BITO (POB.),5892
71625,BUAYA,5892
71626,BUENAVISTA,5892
71627,BULAK,5892
71628,BUNGA,5892
71629,BUNTAY (POB.),5892
71630,BURUBUD-AN,5892
71631,CADAC-AN,5892
71632,CAGBOLO,5892
71633,CAN-APORONG,5892
71634,CAN-UGUIB (POB.),5892
71635,CANMARATING,5892
71636,CAPILIAN,5892
71637,COMBIS,5892
71638,DINGLE,5892
71639,GUINTAGBUCAN (POB.),5892
71640,HAMPIPILA,5892
71641,KATIPUNAN,5892
71642,KIKILO,5892
71643,LARAY,5892
71644,LAWA-AN,5892
71645,LIBERTAD,5892
71646,LOYONSAWANG (POB.),5892
71647,MAG-ATUBANG,5892
71648,MAHAGNA (NEW CAGBOLO),5892
71649,MAHAYAHAY,5892
71650,MAITUM,5892
71651,MALAGUICAY,5892
71652,MATAGNAO,5892
71653,NALIBUNAN (POB.),5892
71654,NEBGA,5892
71655,NEW TALIGUE,5892
71656,ODIONGAN,5892
71657,OLD TALIGUE,5892
71658,PAGSANG-AN,5892
71659,PAGUITE,5892
71660,PARASANON,5892
71661,PICAS SUR,5892
71662,PILAR,5892
71663,PINAMANAGAN,5892
71664,SALVACION,5892
71665,SAN FRANCISCO,5892
71666,SAN ISIDRO,5892
71667,SAN ROQUE,5892
71668,SANTA FE (POB.),5892
71669,SANTA LUCIA (POB.),5892
71670,SANTO NIÑO (POB.),5892
71671,TABIGUE,5892
71672,TADOC,5892
71673,TIB-O,5892
71674,TINALIAN,5892
71675,TINOCOLAN,5892
71676,TUY-A,5892
71677,VICTORY (POB.),5892
71678,ASLUM,5893
71679,ASTORGA (BURABOD),5893
71680,BATO,5893
71681,BINONGTO-AN,5893
71682,BINOTONG,5893
71683,BLUMENTRITT (POB.),5893
71684,BOBONON,5893
71685,BORSETH,5893
71686,BUENAVISTA,5893
71687,BUGHO,5893
71688,BURI,5893
71689,CABADSAN,5893
71690,CALAASAN,5893
71691,CAMBAHANON,5893
71692,CAMBOLAO,5893
71693,CANVERTUDES,5893
71694,CAPIZ,5893
71695,CAVITE,5893
71696,COGON,5893
71697,DAPDAP,5893
71698,DIVISORIA,5893
71699,EKIRAN,5893
71700,HINAPOLAN,5893
71701,HOLY CHILD I (POB.),5893
71702,HOLY CHILD II (POB.),5893
71703,HUBANG,5893
71704,HUPIT,5893
71705,LANGIT,5893
71706,LINGAYON,5893
71707,LOURDES,5893
71708,LUKAY,5893
71709,MAGSAYSAY,5893
71710,MILAGROSA (POB.),5893
71711,MUDBORON,5893
71712,P. BARRANTES,5893
71713,PEÑALOSA,5893
71714,PEPITA,5893
71715,SALVACION,5893
71716,SALVACION POBLACION,5893
71717,SAN ANTONIO,5893
71718,SAN ANTONIO POB. (PATONG NORTE),5893
71719,SAN DIEGO,5893
71720,SAN FRANCISCO EAST,5893
71721,SAN FRANCISCO WEST,5893
71722,SAN ISIDRO,5893
71723,SAN PEDRO,5893
71724,SAN ROQUE (POB.),5893
71725,SAN VICENTE,5893
71726,SANTIAGO,5893
71727,SANTO NIÑO (POB.),5893
71728,SANTOL,5893
71729,TABANGOHAY,5893
71730,TOMBO,5893
71731,VETERANOS,5893
71732,ANTIPOLO,5894
71733,BALUGO,5894
71734,BENOLHO,5894
71735,CAMBALADING,5894
71736,DAMULA-AN,5894
71737,DOÑA MARIA (KANGKUIRINA),5894
71738,MAHAYAG,5894
71739,MAHAYAHAY,5894
71740,POBLACION,5894
71741,SALVACION,5894
71742,SAN PEDRO,5894
71743,SEGUINON,5894
71744,SHERWOOD,5894
71745,TABGAS,5894
71746,TALISAYAN,5894
71747,TINAG-AN,5894
71748,BACONG,5895
71749,BAGONG SILANG,5895
71750,BIASONG,5895
71751,GOV. E. JARO (BAGAHUPI),5895
71752,GUINTIGUI-AN,5895
71753,LUKAY,5895
71754,MAGCASUANG,5895
71755,MALIBAGO,5895
71756,NAGA-ASAN,5895
71757,PAGSULHUGON,5895
71758,PLANZA,5895
71759,POBLACION DISTRICT I,5895
71760,POBLACION DISTRICT II,5895
71761,POBLACION DISTRICT III,5895
71762,POBLACION DISTRICT IV,5895
71763,RIZAL I,5895
71764,RIZAL II,5895
71765,SAN AGUSTIN,5895
71766,SAN ISIDRO,5895
71767,SAN RICARDO,5895
71768,SANGPUTAN,5895
71769,TAGUITE,5895
71770,UBAN,5895
71771,VICTORY,5895
71772,VILLA MAGSAYSAY,5895
71773,ABANGO,5896
71774,AMAHIT,5896
71775,BALIRE,5896
71776,BALUD,5896
71777,BUKID,5896
71778,BULOD,5896
71779,BUSAY,5896
71780,CABARASAN,5896
71781,CABOLO-AN,5896
71782,CALINGCAGUING,5896
71783,CAN-ISAK,5896
71784,CANOMANTAG,5896
71785,CUTA,5896
71786,DOMOGDOG,5896
71787,DUKA,5896
71788,GUINDAOHAN,5896
71789,HIAGSAM,5896
71790,HILABA,5896
71791,HINUGAYAN,5896
71792,IBAG,5896
71793,MINUHANG,5896
71794,MINUSWANG,5896
71795,PIKAS,5896
71796,PITOGO,5896
71797,POBLACION DIST. I,5896
71798,POBLACION DIST. II,5896
71799,POBLACION DIST. III,5896
71800,POBLACION DIST. IV,5896
71801,POBLACION DIST. V,5896
71802,POBLACION DIST. VI (NEW ROAD),5896
71803,PONGSO,5896
71804,ROOSEVELT,5896
71805,SAN ISIDRO,5896
71806,SAN ROQUE,5896
71807,SANTA ROSA,5896
71808,SANTARIN,5896
71809,TUTUG-AN,5896
71810,ALEGRIA,5514
71811,ALEJOS,5514
71812,AMAGOS,5514
71813,ANAHAWAN,5514
71814,BAGO,5514
71815,BAGONG BAYAN DISTRICT (POB.),5514
71816,BULI,5514
71817,CEBUANA,5514
71818,DAAN LUNGSOD,5514
71819,DAWAHON,5514
71820,DOLHO,5514
71821,DOMAGOCDOC,5514
71822,GUERRERO DISTRICT (POB.),5514
71823,HIMAMAA,5514
71824,IMELDA,5514
71825,INIGUIHAN DISTRICT (POB.),5514
71826,KALANGGAMAN DISTRICT (POB.),5514
71827,KATIPUNAN,5514
71828,LIBERTY (BINALIW),5514
71829,MABINI,5514
71830,MARCELO,5514
71831,NAGA,5514
71832,OSMEÑA,5514
71833,PLARIDEL,5514
71834,PONONG,5514
71835,RIVILLA,5514
71836,SAN AGUSTIN,5514
71837,SANTO NIÑO,5514
71838,TABUNOK,5514
71839,TAGAYTAY,5514
71840,TINAGO DISTRICT (POB.),5514
71841,TUGAS,5514
71842,ALTAVISTA,5898
71843,AMBACAN,5898
71844,AMGUHAN,5898
71845,AMPIHANON,5898
71846,BALAO,5898
71847,BANAHAO,5898
71848,BIASONG,5898
71849,BIDLINAN,5898
71850,BITANHUAN,5898
71851,BUBON,5898
71852,BUENAVISTA,5898
71853,BUNGA,5898
71854,BUTIGAN,5898
71855,CANDADAM,5898
71856,CARIDAD,5898
71857,CIABO,5898
71858,COGON,5898
71859,GA-AS,5898
71860,GABAS,5898
71861,GAKAT,5898
71862,GUADALUPE (UTOD),5898
71863,GUBANG,5898
71864,HIBUNAWAN,5898
71865,HIGULOAN,5898
71866,HILAPNITAN,5898
71867,HIPUSNGO,5898
71868,IGANG,5898
71869,IMELDA,5898
71870,JAENA,5898
71871,KABALASAN,5898
71872,KABATUAN,5898
71873,KABUNGAAN,5898
71874,KAGUMAY,5898
71875,KAMBONGGAN,5898
71876,KAN-IPA,5898
71877,KANSUNGKA,5898
71878,KANTAGNOS,5898
71879,KILIM,5898
71880,LINTAON,5898
71881,MAGANHAN,5898
71882,MAHAYAHAY,5898
71883,MAILHI,5898
71884,MAITUM,5898
71885,MAKINHAS,5898
71886,MAPGAP,5898
71887,MARCOS,5898
71888,MASLUG,5898
71889,MATAM-IS,5898
71890,MAYBOG,5898
71891,MAYPATAG,5898
71892,MONTE VERDE,5898
71893,MONTERICO,5898
71894,PALHI,5898
71895,PANGASUNGAN,5898
71896,PANSAGAN,5898
71897,PATAG,5898
71898,PLARIDEL,5898
71899,POBLACION ZONE 1,5898
71900,POBLACION ZONE 2,5898
71901,POBLACION ZONE 3,5898
71902,POBLACION ZONE 4,5898
71903,POBLACION ZONE 5,5898
71904,POBLACION ZONE 6,5898
71905,POBLACION ZONE 7,5898
71906,POBLACION ZONE 8,5898
71907,POBLACION ZONE 9,5898
71908,POBLACION ZONE 10,5898
71909,POBLACION ZONE 11,5898
71910,POBLACION ZONE 12,5898
71911,POBLACION ZONE 13,5898
71912,POBLACION ZONE 14,5898
71913,POBLACION ZONE 15,5898
71914,POBLACION ZONE 16,5898
71915,POBLACION ZONE 17,5898
71916,POBLACION ZONE 18,5898
71917,POBLACION ZONE 19,5898
71918,POBLACION ZONE 20,5898
71919,POBLACION ZONE 21,5898
71920,POBLACION ZONE 22,5898
71921,POBLACION ZONE 23,5898
71922,POMPONAN,5898
71923,PUNTA,5898
71924,SABANG,5898
71925,SAN AGUSTIN,5898
71926,SAN ISIDRO,5898
71927,SAN JUAN,5898
71928,SANTA CRUZ,5898
71929,SANTO ROSARIO,5898
71930,SAPA,5898
71931,VILLA MAG-ASO,5898
71932,VILLA SOLIDARIDAD,5898
71933,ZACARITO,5898
71934,ABUYOGON,5899
71935,ANONANG,5899
71936,ARADO,5899
71937,BALAO,5899
71938,BALATSON,5899
71939,BALORINAY,5899
71940,BOBON,5899
71941,BUENAVISTA,5899
71942,BURI,5899
71943,CAANISLAGAN,5899
71944,CADAHUNAN,5899
71945,CAGANGON,5899
71946,CALI,5899
71947,CALSADAHAY,5899
71948,CANDAG-ON,5899
71949,CANSIBOY,5899
71950,CATAGBACAN,5899
71951,DAMULO-AN,5899
71952,DINA-AYAN,5899
71953,DUMALAG (PUSOD),5899
71954,ESPERANZA,5899
71955,GAMAY,5899
71956,GITABLAN,5899
71957,HAPUNAN,5899
71958,HIBONAWAN,5899
71959,HUGPA EAST,5899
71960,HUGPA WEST,5899
71961,ILIHAN,5899
71962,KAGBANA,5899
71963,KALAO,5899
71964,KALIPAYAN,5899
71965,KAPARASANAN,5899
71966,LAGUIWAN,5899
71967,LIBAS,5899
71968,LIMBURAN,5899
71969,LOGSONGAN,5899
71970,MAABAB,5899
71971,MAGHUBAS,5899
71972,MAHAGNAO,5899
71973,MALABCA,5899
71974,MALAGUINABOT,5899
71975,MALAIHAO (SAN RAMON),5899
71976,MATIN-AO,5899
71977,MOGUING,5899
71978,PAGHUDLAN,5899
71979,PAITAN,5899
71980,PANGDAN,5899
71981,PATAG,5899
71982,PATONG,5899
71983,PAWA,5899
71984,POBLACION DISTRICT I,5899
71985,POBLACION DISTRICT II,5899
71986,POBLACION DISTRICT III,5899
71987,POBLACION DISTRICT IV,5899
71988,POBLACION DISTRICT IX,5899
71989,POBLACION DISTRICT V,5899
71990,POBLACION DISTRICT VI,5899
71991,POBLACION DISTRICT VII,5899
71992,POBLACION DISTRICT VIII,5899
71993,ROXAS,5899
71994,SAMBEL,5899
71995,SAN ESTEBAN,5899
71996,SAN FERNANDO,5899
71997,SAN JOSE EAST,5899
71998,SAN JOSE WEST,5899
71999,SAN PABLO,5899
72000,TABUANON,5899
72001,TAGADTARAN,5899
72002,TAGHUYAN,5899
72003,TAKIN,5899
72004,TAMBIS (NABOYA),5899
72005,TAMBUKO,5899
72006,TOLOYAO,5899
72007,VILLA AURORA,5899
72008,VILLA CORAZON,5899
72009,VILLA PATRIA,5899
72010,VILLA ROSAS (CABANG),5899
72011,ABANILLA,5900
72012,AGAS,5900
72013,ANISLAGAN,5900
72014,BUNACAN,5900
72015,CABALHIN,5900
72016,CABALQUINTO,5900
72017,CABRADILLA,5900
72018,CANEJA,5900
72019,CANTONGHAO,5900
72020,CAROYOCAN,5900
72021,CASIONGAN,5900
72022,CRISTINA,5900
72023,DALUMPINES,5900
72024,DON LUIS,5900
72025,DULAO,5900
72026,EFE,5900
72027,ENAGE,5900
72028,ESPINOSA,5900
72029,FERDINAND E. MARCOS,5900
72030,GARGANERA,5900
72031,GARRIDO,5900
72032,GUADALUPE (GUADALUPE MENDOZA),5900
72033,GUTOSAN,5900
72034,IGANG,5900
72035,INALAD,5900
72036,JUBAY,5900
72037,JUSON,5900
72038,KAWAYAN BOGTONG,5900
72039,KAWAYANAN,5900
72040,KOKOY ROMUALDEZ,5900
72041,LABTIC,5900
72042,LARAY,5900
72043,M. VELOSO,5900
72044,MAHAIT,5900
72045,MALOBAGO,5900
72046,MATAGOK,5900
72047,NIPA,5900
72048,OBISPO,5900
72049,PADOGA,5900
72050,PAGATPAT,5900
72051,PANGPANG,5900
72052,PATAG,5900
72053,PATES,5900
72054,PAULA,5900
72055,PETROLIO,5900
72056,POBLACION,5900
72057,RAILES,5900
72058,TABLA,5900
72059,TAGHARIGUE,5900
72060,TUBURAN,5900
72061,VILLAHERMOSA,5900
72062,VILLALON,5900
72063,VILLANUEVA,5900
72064,BALUCANAD,5901
72065,BALUD,5901
72066,BALUGO,5901
72067,CABUL-AN,5901
72068,CULASIAN,5901
72069,GAYAD,5901
72070,GUINADIONGAN,5901
72071,LEMON,5901
72072,LIBERTAD,5901
72073,MANLOY,5901
72074,NAUGUISAN,5901
72075,PINAMOPOAN,5901
72076,POBLACION ZONE I,5901
72077,POBLACION ZONE II,5901
72078,POTOT,5901
72079,SAN JOAQUIN,5901
72080,SANTO NIÑO,5901
72081,TALAIRAN,5901
72082,TALISAY,5901
72083,TOLIBAO,5901
72084,VISARES,5901
72085,BAGONG LIPUNAN,5902
72086,BALILIT,5902
72087,BARAYONG,5902
72088,BARUGOHAY CENTRAL,5902
72089,BARUGOHAY NORTE,5902
72090,BARUGOHAY SUR,5902
72091,BAYBAY (POB.),5902
72092,BINIBIHAN,5902
72093,BISLIG,5902
72094,CAGHALO,5902
72095,CAMANSI,5902
72096,CANAL,5902
72097,CANDIGAHUB,5902
72098,CANFABI,5902
72099,CANLAMPAY,5902
72100,COGON,5902
72101,CUTAY,5902
72102,EAST VISORIA,5902
72103,GUINDAPUNAN EAST,5902
72104,GUINDAPUNAN WEST,5902
72105,HILUCTOGAN,5902
72106,JUGABAN (POB.),5902
72107,LIBO,5902
72108,LOWER HIRAAN,5902
72109,LOWER SOGOD,5902
72110,MACALPI,5902
72111,MANLOY,5902
72112,NAUGUISAN,5902
72113,PAGLAUM,5902
72114,PANGNA,5902
72115,PARAG-UM,5902
72116,PARINA,5902
72117,PILORO,5902
72118,PONONG (POB.),5902
72119,RIZAL (TAGAK EAST),5902
72120,SAGKAHAN,5902
72121,SAN ISIDRO,5902
72122,SAN JUAN,5902
72123,SAN MATEO (POB.),5902
72124,SANTA FE,5902
72125,SAWANG (POB.),5902
72126,TAGAK,5902
72127,TANGNAN,5902
72128,TIGBAO,5902
72129,TINAGUBAN,5902
72130,UPPER HIRAAN,5902
72131,UPPER SOGOD,5902
72132,UYAWAN,5902
72133,WEST VISORIA,5902
72134,ABACA,5903
72135,ABRE,5903
72136,BALILIT,5903
72137,BALUGO,5903
72138,BANAYON,5903
72139,BAYABAS,5903
72140,BOLIRAO,5903
72141,BUENAVISTA,5903
72142,BUNTAY,5903
72143,CAANISLAGAN,5903
72144,CABARIWAN,5903
72145,CABULORAN,5903
72146,CABUNGA-AN,5903
72147,CALIPAYAN,5903
72148,CALSADAHAY,5903
72149,CALUCTOGAN,5903
72150,CALUTAN,5903
72151,CAMONO-AN,5903
72152,CANDAGARA,5903
72153,CANLINGGA,5903
72154,CANSAMADA EAST,5903
72155,CANSAMADA WEST,5903
72156,CAPULHAN,5903
72157,DIGAHONGAN,5903
72158,GUINARONA,5903
72159,HIABANGAN,5903
72160,HILABAGO,5903
72161,HINABUYAN,5903
72162,HINOLOGAN,5903
72163,HITUMNOG,5903
72164,KATIPUNAN,5903
72165,LAPU-LAPU POB. (DIST. 2),5903
72166,LOBE-LOBE,5903
72167,LOBE-LOBE EAST,5903
72168,LOS MARTIRES,5903
72169,LUSAD POB. (DIST. 6),5903
72170,MACAALANG,5903
72171,MALIWALIW,5903
72172,MARAGONDONG,5903
72173,ORMOCAY,5903
72174,PALACIO,5903
72175,PANDA,5903
72176,PARAISO,5903
72177,PATOC,5903
72178,PLARIDEL,5903
72179,POPONTON,5903
72180,RIZAL,5903
72181,SALVACION,5903
72182,SAMPAGUITA,5903
72183,SAMPAO EAST POB. (DIST. 9),5903
72184,SAMPAO WEST POB. (DIST. 8),5903
72185,SAN ANTONIO POB. (DIST. 5),5903
72186,SAN BENITO,5903
72187,SAN JOSE POB. (DIST. 1),5903
72188,SAN ROQUE POB. (DIST. 3),5903
72189,SANTO DOMINGO,5903
72190,SAWAHON,5903
72191,SIRAB,5903
72192,STA. MESA POB. (DIST. 7),5903
72193,TAGKIP,5903
72194,TALINHUGON,5903
72195,TIN-AO,5903
72196,TUNGA POB. (DIST. 4),5903
72197,TUYA,5903
72198,VICTORIA,5903
72199,ALEGRE,5904
72200,ARADO,5904
72201,BARBO (POB.),5904
72202,BATUG,5904
72203,BOLONGTOHAN,5904
72204,BULOD,5904
72205,BUNTAY (POB.),5904
72206,CABACUNGAN,5904
72207,CABARASAN,5904
72208,CABATO-AN,5904
72209,CALIPAYAN,5904
72210,CALUBIAN,5904
72211,CAMBULA DISTRICT (POB.),5904
72212,CAMITOC,5904
72213,CAMOTE,5904
72214,CANDAO (POB.),5904
72215,CATMONAN (POB.),5904
72216,COMBIS (POB.),5904
72217,DACAY,5904
72218,DEL CARMEN,5904
72219,DEL PILAR,5904
72220,FATIMA,5904
72221,GENERAL ROXAS,5904
72222,HIGHWAY (POB.),5904
72223,LUAN,5904
72224,MAGSAYSAY,5904
72225,MARICUM,5904
72226,MARKET SITE (POB.),5904
72227,RAWIS,5904
72228,RIZAL,5904
72229,ROMUALDEZ,5904
72230,SABANG DAGUITAN,5904
72231,SALVACION,5904
72232,SAN AGUSTIN,5904
72233,SAN ANTONIO,5904
72234,SAN ISIDRO,5904
72235,SAN JOSE,5904
72236,SAN MIGUEL (POB.),5904
72237,SAN RAFAEL,5904
72238,SAN VICENTE,5904
72239,SERRANO (POB.),5904
72240,SUNGI (POB.),5904
72241,TABU,5904
72242,TIGBAO,5904
72243,VICTORY,5904
72244,AGUTAYAN,5905
72245,ATABAY,5905
72246,BAAS,5905
72247,BAGONG LIPUNAN,5905
72248,BAGUMBAYAN,5905
72249,BALIW,5905
72250,BANTIGUE,5905
72251,BON-OT,5905
72252,BUNG-AW,5905
72253,CACAO,5905
72254,CAMPINA,5905
72255,CATANDOG 1,5905
72256,CATANDOG 2,5905
72257,CENTRAL BARANGAY (POB.),5905
72258,CONCEPCION,5905
72259,EASTERN BARANGAY (POB.),5905
72260,HAMPANGAN,5905
72261,HIMO-AW,5905
72262,HITUDPAN,5905
72263,IMELDA MARCOS (PONG-ON),5905
72264,KANG-IRAS,5905
72265,KANGHA-AS,5905
72266,LAMAK,5905
72267,LIBERTAD,5905
72268,LIBERTY,5905
72269,LUNANG,5905
72270,MAGNANGOY,5905
72271,MANAUL,5905
72272,MARANGOG,5905
72273,MATAPAY,5905
72274,NAVAL,5905
72275,OWAK,5905
72276,PA-A,5905
72277,PONTOD,5905
72278,PROTECCION,5905
72279,SAN AGUSTIN,5905
72280,SAN ANTONIO,5905
72281,SAN ISIDRO,5905
72282,SAN JUAN,5905
72283,SAN ROQUE,5905
72284,SANTA CRUZ,5905
72285,SANTA MARGARITA,5905
72286,SANTO NIÑO,5905
72287,TABUNOK,5905
72288,TAGNATE,5905
72289,TALISAY,5905
72290,TAMBIS,5905
72291,TEJERO,5905
72292,TUGUIPA,5905
72293,UTANAN,5905
72294,WESTERN BARANGAY (POB.),5905
72295,ANAHAW,5906
72296,ANOLON,5906
72297,BALDOZA,5906
72298,BONTOC,5906
72299,BULACAN,5906
72300,CANHA-AYON,5906
72301,CAPUDLOSAN,5906
72302,DOOS DEL NORTE,5906
72303,DOOS DEL SUR,5906
72304,HIMACUGO,5906
72305,HIMOKILAN ISLAND,5906
72306,KATIPUNAN,5906
72307,MAASIN,5906
72308,MABAGON,5906
72309,MAHILUM,5906
72310,POBLACION 1,5906
72311,POBLACION 2,5906
72312,SAN VICENTE,5906
72313,TABOK,5906
72314,TAGBIBI,5906
72315,APID,5907
72316,CABULISAN,5907
72317,CAMINTO,5907
72318,CAN-ANGAY,5907
72319,CAULISIHAN,5907
72320,CONALUM,5907
72321,DE LOS SANTOS (MAHILUM),5907
72322,ESPERANZA,5907
72323,GUADALUPE,5907
72324,GUINSANGA-AN,5907
72325,HINABAY,5907
72326,JUBASAN,5907
72327,LINAO,5907
72328,MACAGOCO,5907
72329,MALJO,5907
72330,MARAO,5907
72331,POBLACION,5907
72332,TAHUD,5907
72333,TAOTAON,5907
72334,TINAGO,5907
72335,ANISLAG,5908
72336,ANTIPOLO,5908
72337,APALE,5908
72338,BANTIGUE,5908
72339,BENOG,5908
72340,BILWANG,5908
72341,CAN-ANDAN,5908
72342,CANGAG,5908
72343,CONSOLACION,5908
72344,HONAN,5908
72345,LIBERTAD,5908
72346,MAHAYAG,5908
72347,MARVEL (POB.),5908
72348,MATLANG,5908
72349,MONTE ALEGRE,5908
72350,PUTING BATO,5908
72351,SAN FRANCISCO,5908
72352,SAN ROQUE,5908
72353,SANTA CRUZ,5908
72354,SANTO NIÑO (POB.),5908
72355,SANTO ROSARIO,5908
72356,TABUNOK,5908
72357,TOLINGON,5908
72358,TUBOD,5908
72359,ALAHAG,5909
72360,ANIBONGAN,5909
72361,ATIPOLO,5909
72362,BADIANG,5909
72363,BATUG,5909
72364,BIAS ZABALA,5909
72365,BUENAVISTA,5909
72366,BUKID,5909
72367,BURABOD,5909
72368,BURI,5909
72369,CANAPUAN,5909
72370,CANHANDUGAN,5909
72371,CROSSING RUBAS,5909
72372,DARO,5909
72373,DISTRICT I (POB.),5909
72374,DISTRICT II (POB.),5909
72375,DISTRICT III (POB.),5909
72376,DISTRICT IV (POB.),5909
72377,HIAGSAM,5909
72378,HIBUCAWAN,5909
72379,HIBUNAWON,5909
72380,KAGLAWAAN,5909
72381,KALINAWAN,5909
72382,LA PAZ,5909
72383,LIKOD,5909
72384,MACANIP,5909
72385,MACOPA,5909
72386,MAG-ASO,5909
72387,MALOBAGO,5909
72388,OLOTAN,5909
72389,PALANOG,5909
72390,PANGE,5909
72391,PARASAN,5909
72392,PITOGO,5909
72393,SAGKAHAN,5909
72394,SAN AGUSTIN,5909
72395,SAN PEDRO,5909
72396,SAN ROQUE,5909
72397,SANTA CRUZ,5909
72398,SANTO NIÑO,5909
72399,SARI-SARI,5909
72400,TINAMBACAN,5909
72401,TUBA,5909
72402,UGUIAO,5909
72403,VILLA PAZ,5909
72404,VILLAGONZOILO (VILLA CONSUELO),5909
72405,ABUYOGAY,5910
72406,ANDRES BONIFACIO,5910
72407,BATUG,5910
72408,BINULHO,5910
72409,CALZADA,5910
72410,CANCAYANG,5910
72411,CARANHUG,5910
72412,CARAYE,5910
72413,CASALUNGAN,5910
72414,COMATIN,5910
72415,GUINDAPUNAN,5910
72416,INAYUPAN,5910
72417,LARAY,5910
72418,MAGSAYSAY (RESPONDE),5910
72419,MALITBOGAY,5910
72420,MANARUG,5910
72421,MANLILISID,5910
72422,NALIWATAN,5910
72423,ODIONG,5910
72424,PICAS NORTE,5910
72425,PINOCAWAN,5910
72426,POBLACION ZONE 1,5910
72427,POBLACION ZONE 2,5910
72428,RIZAL,5910
72429,SAN SOTERO (TAMBIS),5910
72430,SANTA CRUZ,5910
72431,TALISAYAN,5910
72432,ULHAY,5910
72433,ALEGRIA,5911
72434,ANIBONG,5911
72435,ASLUM,5911
72436,BALANTE,5911
72437,BONGDO,5911
72438,BONIFACIO,5911
72439,BUGHO,5911
72440,CALBASAG,5911
72441,CARIDAD,5911
72442,CUYA-E,5911
72443,DITA,5911
72444,GITABLA,5911
72445,HINDANG,5911
72446,INAWANGAN,5911
72447,JURAO,5911
72448,POBLACION DISTRICT I,5911
72449,POBLACION DISTRICT II,5911
72450,POBLACION DISTRICT III,5911
72451,POBLACION DISTRICT IV,5911
72452,SAN ANDRES,5911
72453,SAN PABLO,5911
72454,SANTA CRUZ,5911
72455,SANTO NIÑO,5911
72456,TAGKIP,5911
72457,TOLOSAHAY,5911
72458,VILLA HERMOSA,5911
72459,AGUITING,5912
72460,CACAO,5912
72461,HILUCTOGAN,5912
72462,KAWAYAN,5912
72463,LIBERTAD,5912
72464,LIBONGAO,5912
72465,LIM-AO,5912
72466,LONOY,5912
72467,MAHAWAN,5912
72468,MASARAYAO,5912
72469,MONTE ALEGRE,5912
72470,MONTE BELLO,5912
72471,NAGHALIN,5912
72472,NATUBGAN,5912
72473,POBLACION,5912
72474,RIZAL,5912
72475,SAN IGNACIO,5912
72476,SAN ISIDRO,5912
72477,SANTO DOMINGO,5912
72478,SANTO NIÑO,5912
72479,TAGAYTAY,5912
72480,TONGONAN,5912
72481,TUGBONG,5912
72482,BAGACAY EAST,5242
72483,BAGACAY WEST,5242
72484,BOCAWON,5242
72485,BONGTOD,5242
72486,BURACAN,5242
72487,CAABANGAN,5242
72488,CACAO,5242
72489,CAGNGARAN,5242
72490,CALABNIAN,5242
72491,CALAGHUSAN,5242
72492,CALTAYAN,5242
72493,CANBAÑEZ,5242
72494,COGON,5242
72495,DUYOG,5242
72496,GIMENARAT EAST,5242
72497,GIMENARAT WEST,5242
72498,LIMBA,5242
72499,LUBI-LUBI,5242
72500,LUNETA,5242
72501,MAG-ASO,5242
72502,MOROBORO,5242
72503,PANSUD,5242
72504,PAWA,5242
72505,PILIWAY,5242
72506,POBLACION DISTRICT 1,5242
72507,POBLACION DISTRICT 2,5242
72508,POBLACION DISTRICT 3,5242
72509,POBLACION DISTRICT 4,5242
72510,QUIONG,5242
72511,RIZAL,5242
72512,SAN VICTORAY,5242
72513,SANTA ANA,5242
72514,SANTA ELENA,5242
72515,TABANG,5242
72516,TARUGAN,5242
72517,BACHAO,5914
72518,BACO,5914
72519,BAGABA-O,5914
72520,BASUD,5914
72521,BELEN,5914
72522,BURABOD,5914
72523,CALAGUISE,5914
72524,CONSUEGRA,5914
72525,CULASI,5914
72526,DANUS,5914
72527,ELIZABETH,5914
72528,KAWAYAN,5914
72529,LIBAS,5914
72530,MAANDA,5914
72531,MACUPA,5914
72532,MATALOTO,5914
72533,PALARAO,5914
72534,PALID I (ILAWOD),5914
72535,PALID II (IRAYA),5914
72536,PARASAN,5914
72537,POBLACION,5914
72538,SALOG,5914
72539,SAMBULAWAN,5914
72540,TAG-ABACA,5914
72541,TAPOL,5914
72542,TIGBAWAN,5914
72543,TINOCDUGAN,5914
72544,TOCTOC,5914
72545,UGBON,5914
72546,WAGUE,5914
72547,BATUG,5915
72548,BURABOD,5915
72549,CAPUDLOSAN,5915
72550,CASUNTINGAN,5915
72551,CAUSWAGAN,5915
72552,DANAO,5915
72553,DOÑA JOSEFA,5915
72554,GENERAL LUNA,5915
72555,KILING,5915
72556,LANAWAN,5915
72557,LIWAYWAY,5915
72558,MAYA,5915
72559,OGUISAN,5915
72560,OSMEÑA,5915
72561,PALALE 1,5915
72562,PALALE 2,5915
72563,POBLACION DISTRICT 1,5915
72564,POBLACION DISTRICT 2,5915
72565,POBLACION DISTRICT 3,5915
72566,PONGON,5915
72567,QUEZON,5915
72568,ROMUALDEZ,5915
72569,SALVACION,5915
72570,SAN ANTONIO,5915
72571,SAN ISIDRO,5915
72572,SAN PEDRO,5915
72573,SAN VICENTE,5915
72574,SANTA ISABEL,5915
72575,TINAWAN,5915
72576,TUYO,5915
72577,VILLA IMELDA,5915
72578,CAMPIN,5916
72579,CUATRO DE AGOSTO,5916
72580,HILUCTOGAN,5916
72581,HILUSIG,5916
72582,HIMAMARA,5916
72583,HINAGUIMITAN,5916
72584,LIBERACION,5916
72585,MABUHAY,5916
72586,MABUNGA,5916
72587,MAGSUGANAO,5916
72588,MAHAYAG,5916
72589,MAHAYAHAY,5916
72590,MALIGAYA,5916
72591,MALINAO,5916
72592,MALIPOON,5916
72593,PALAÑOGAN,5916
72594,PARIL,5916
72595,PINAMONOAN,5916
72596,POBLACION,5916
72597,POLAHONGON,5916
72598,SAN ISIDRO,5916
72599,SAN JUAN,5916
72600,SANTA CRUZ,5916
72601,SANTO NIÑO,5916
72602,TAGAYTAY,5916
72603,UGUIS,5916
72604,UNION,5916
72605,UPPER MAHAPLAG,5916
72606,BALAGTAS,5917
72607,BONOY (POB.),5917
72608,BULAK,5917
72609,CAMBADBAD,5917
72610,CANDELARIA,5917
72611,CANSOSO,5917
72612,IMELDA,5917
72613,MALAZARTE,5917
72614,MANSAHAON,5917
72615,MANSALIP (POB.),5917
72616,MASABA,5917
72617,NAULAYAN,5917
72618,RIVERSIDE (POB.),5917
72619,SAN DIONISIO,5917
72620,SAN GUILLERMO,5917
72621,SAN MARCELINO,5917
72622,SAN SEBASTIAN,5917
72623,SAN VICENTE,5917
72624,SANTA ROSA,5917
72625,SANTO ROSARIO,5917
72626,TALISAY (POB.),5917
72627,AGBANGA,5918
72628,ALTAVISTA,5918
72629,BAGONG LIPUNAN,5918
72630,CAHAGNAAN,5918
72631,CALUMPANG,5918
72632,CANINGAG,5918
72633,CARIDAD NORTE,5918
72634,CARIDAD SUR,5918
72635,ELEVADO,5918
72636,ESPERANZA,5918
72637,HITOOG,5918
72638,ITUM,5918
72639,LOWAN,5918
72640,MONTE ALEGRE,5918
72641,PRESIDENT GARCIA,5918
72642,PUNONG,5918
72643,SAN ISIDRO (POB.),5918
72644,SAN JUAN,5918
72645,SAN PEDRO (POB.),5918
72646,SAN SALVADOR,5918
72647,SAN VICENTE,5918
72648,SANTA FE,5918
72649,SANTA PAZ,5918
72650,SANTO NIÑO (POB.),5918
72651,TAG-OS,5918
72652,TAGLIBAS IMELDA,5918
72653,TEMPLANZA,5918
72654,TIGBAO,5918
72655,WATERLOO,5918
72656,ZARAGOZA,5918
72657,A. BONIFACIO,5919
72658,BURGOS,5919
72659,CALIPAYAN,5919
72660,CAMANSI,5919
72661,GENERAL ANTONIO LUNA,5919
72662,LIBERTY,5919
72663,MABINI,5919
72664,ORMOCAY,5919
72665,POBLACION ZONE 1,5919
72666,POBLACION ZONE 2,5919
72667,POBLACION ZONE 3,5919
72668,SAN ROQUE,5919
72669,SANTA CRUZ,5919
72670,TALISAY,5919
72671,UNION,5919
72672,WILSON,5919
72673,BINABAYE,5920
72674,CABALIWAN,5920
72675,CALUNANGAN,5920
72676,CALUNASAN,5920
72677,CAMBALONG,5920
72678,CAN-UNZO,5920
72679,CANBANTUG,5920
72680,CASILDA,5920
72681,LAMANOC,5920
72682,LIBAS,5920
72683,LIBJO,5920
72684,LUNDAG,5920
72685,MACARIO,5920
72686,MAHALIT,5920
72687,MAHAYAG,5920
72688,MASUMBANG,5920
72689,MAT-E,5920
72690,POBLACION,5920
72691,PUERTO BELLO,5920
72692,SAN ISIDRO,5920
72693,SAN JOSE,5920
72694,TUBOD,5920
72695,AIRPORT,5921
72696,ALEGRIA,5921
72697,ALTA VISTA,5921
72698,BAGONG,5921
72699,BAGONG BUHAY,5921
72700,BANTIGUE,5921
72701,BARANGAY 1 (POB.),5921
72702,BARANGAY 2 (POB.),5921
72703,BARANGAY 3 (POB.),5921
72704,BARANGAY 4 (POB.),5921
72705,BARANGAY 5 (POB.),5921
72706,BARANGAY 6 (POB.),5921
72707,BARANGAY 7 (POB.),5921
72708,BARANGAY 8 (POB.),5921
72709,BARANGAY 9 (POB.),5921
72710,BARANGAY 10 (POB.),5921
72711,BARANGAY 11 (POB.),5921
72712,BARANGAY 12 (POB.),5921
72713,BARANGAY 13 (POB.),5921
72714,BARANGAY 14 (POB.),5921
72715,BARANGAY 15 (POB.),5921
72716,BARANGAY 16 (POB.),5921
72717,BARANGAY 17 (POB.),5921
72718,BARANGAY 18 (POB.),5921
72719,BARANGAY 19 (POB.),5921
72720,BARANGAY 20 (POB.),5921
72721,BARANGAY 21 (POB.),5921
72722,BARANGAY 22 (POB.),5921
72723,BARANGAY 23 (POB.),5921
72724,BARANGAY 24 (POB.),5921
72725,BARANGAY 25 (POB.),5921
72726,BARANGAY 26 (POB.),5921
72727,BARANGAY 27 (POB.),5921
72728,BARANGAY 28 (POB.),5921
72729,BARANGAY 29 (POB.),5921
72730,BATUAN,5921
72731,BAYOG,5921
72732,BILIBOY,5921
72733,BOROK,5921
72734,CABAON-AN,5921
72735,CABINTAN,5921
72736,CABULIHAN,5921
72737,CAGBUHANGIN,5921
72738,CAMP DOWNES,5921
72739,CAN-ADIENG,5921
72740,CAN-UNTOG,5921
72741,CATMON,5921
72742,COGON COMBADO,5921
72743,CONCEPCION,5921
72744,CURVA,5921
72745,DANAO,5921
72746,DANHUG,5921
72747,DAYHAGAN,5921
72748,DOLORES,5921
72749,DOMONAR,5921
72750,DON FELIPE LARRAZABAL,5921
72751,DON POTENCIANO LARRAZABAL,5921
72752,DONGHOL,5921
72753,DOÑA FELIZA Z. MEJIA,5921
72754,ESPERANZA,5921
72755,GAAS,5921
72756,GREEN VALLEY,5921
72757,GUINTIGUI-AN,5921
72758,HIBUNAWON,5921
72759,HUGPA,5921
72760,IPIL,5921
72761,JUATON,5921
72762,KADAOHAN,5921
72763,LABRADOR (BALION),5921
72764,LAO,5921
72765,LEONDONI,5921
72766,LIBERTAD,5921
72767,LIBERTY,5921
72768,LICUMA,5921
72769,LILOAN,5921
72770,LINAO,5921
72771,LUNA,5921
72772,MABATO,5921
72773,MABINI,5921
72774,MACABUG,5921
72775,MAGASWI,5921
72776,MAHAYAG,5921
72777,MAHAYAHAY,5921
72778,MANLILINAO,5921
72779,MARGEN,5921
72780,MAS-IN,5921
72781,MATICA-A,5921
72782,MILAGRO,5921
72783,MONTERICO,5921
72784,NASUNOGAN,5921
72785,NAUNGAN,5921
72786,NUEVA SOCIEDAD,5921
72787,NUEVA VISTA,5921
72788,PATAG,5921
72789,PUNTA,5921
72790,"QUEZON, JR.",5921
72791,RUFINA M. TAN,5921
72792,SABANG BAO,5921
72793,SALVACION,5921
72794,SAN ANTONIO,5921
72795,SAN ISIDRO,5921
72796,SAN JOSE,5921
72797,SAN JUAN,5921
72798,SAN PABLO (SIMANGAN),5921
72799,SAN VICENTE,5921
72800,SANTO NIÑO,5921
72801,SUMANGGA,5921
72802,TAMBULILID,5921
72803,TONGONAN,5921
72804,VALENCIA,5921
72805,ANAHAWAY,5922
72806,ARADO,5922
72807,BARAS,5922
72808,BARAYONG,5922
72809,BURI (POB.),5922
72810,CABARASAN DAKU,5922
72811,CABARASAN GUTI,5922
72812,CAMPETIK,5922
72813,CANDAHUG,5922
72814,CANGUMBANG,5922
72815,CANHIDOC,5922
72816,CAPIRAWAN,5922
72817,CASTILLA,5922
72818,CAVITE EAST (POB.),5922
72819,CAVITE WEST (POB.),5922
72820,COGON (COGON SAN JOAQUIN),5922
72821,GACAO,5922
72822,GUINDAPUNAN,5922
72823,LIBERTAD,5922
72824,LUNTAD (POB.),5922
72825,NAGA-NAGA,5922
72826,PAWING,5922
72827,SALVACION,5922
72828,SAN AGUSTIN,5922
72829,SAN ANTONIO,5922
72830,SAN FERNANDO,5922
72831,SAN ISIDRO,5922
72832,SAN JOAQUIN,5922
72833,SAN JOSE,5922
72834,SAN MIGUEL (POB.),5922
72835,SANTA CRUZ (POB.),5922
72836,TACURANGA,5922
72837,TERAZA,5922
72838,BAGUINBIN,5923
72839,BELEN,5923
72840,BITAOG POB. (YPIL III),5923
72841,BUENAVISTA,5923
72842,CADUHAAN,5923
72843,CAMBAKBAK,5923
72844,CAMBINOY,5923
72845,CANGCOSME,5923
72846,CANGMUYA,5923
72847,CANIPAAN,5923
72848,CANTANDOY,5923
72849,CANTUHAON,5923
72850,CATIGAHAN,5923
72851,CENTRAL 1 (POB.),5923
72852,CENTRAL 2 (POB.),5923
72853,CRUZ,5923
72854,DULJUGAN,5923
72855,GUIWAN 1 (POB.),5923
72856,GUIWAN 2 (POB.),5923
72857,HIMARCO,5923
72858,HINABLAYAN POB. (CENTRAL 3),5923
72859,HINAGBUAN,5923
72860,LAT-OSAN,5923
72861,LIBERTY,5923
72862,LOMONON,5923
72863,MABINI,5923
72864,MAGSAYSAY,5923
72865,MASABA,5923
72866,MAZAWALO POB. (LILI-ON),5923
72867,PARILLA,5923
72868,PINAGDAIT POB. (YPIL I),5923
72869,PINAGHI-USA POB. (YPIL II),5923
72870,PLARIDEL,5923
72871,RIZAL,5923
72872,SABANG,5923
72873,SAN GUILLERMO,5923
72874,SAN ISIDRO,5923
72875,SAN JOAQUIN,5923
72876,SAN JUAN,5923
72877,SAN MIGUEL,5923
72878,SAN PABLO,5923
72879,SAN PEDRO,5923
72880,SAN ROQUE,5923
72881,SANTIAGO,5923
72882,TABERNA,5923
72883,TABUNOK,5923
72884,TAMBIS,5923
72885,TINABILAN,5923
72886,TINAGO,5923
72887,TINUBDAN,5923
72888,ARABUNOG,5924
72889,ARINGIT,5924
72890,BAHAY,5924
72891,CABAOHAN,5924
72892,CALSADAHAY,5924
72893,CANCARAJA,5924
72894,CANINOAN,5924
72895,CAPILLA,5924
72896,COLAWEN,5924
72897,DISTRICT 1 (POB.),5924
72898,DISTRICT 2 (POB.),5924
72899,DISTRICT 3 (POB.),5924
72900,DISTRICT 4 (POB.),5924
72901,DUMARAG,5924
72902,GUINDAPUNAN,5924
72903,HALABA,5924
72904,JONES,5924
72905,LANAWAN,5924
72906,LIMA,5924
72907,LOURDES,5924
72908,MACALPIAY,5924
72909,MALITBOGAY,5924
72910,MANAYBANAY,5924
72911,MARICUM,5924
72912,PATONG,5924
72913,SAPSAP,5924
72914,SOCSOCON,5924
72915,TINGIB,5924
72916,YAPAD,5924
72917,BANAT-E,5108
72918,BASUD,5108
72919,BAWOD (POB.),5108
72920,BIASONG,5108
72921,BUNACAN,5108
72922,BUSAY,5108
72923,CABUNGAAN,5108
72924,CAPIÑAHAN (POB.),5108
72925,CROSSING (POB.),5108
72926,DAJA-DAKU,5108
72927,DAJA-DIOT,5108
72928,HACIENDA MARIA,5108
72929,LINAO,5108
72930,MATUNGAO,5108
72931,PARIL,5108
72932,SAN JOSE,5108
72933,SAN MIGUEL,5108
72934,TAGLAWIGAN,5108
72935,TINAGO,5108
72936,BAGACAY,5178
72937,BAHAY,5178
72938,BAIRAN,5178
72939,CABATIANUHAN,5178
72940,CANAP,5178
72941,CAPILIHAN,5178
72942,CARAYCARAY,5178
72943,CAYARE (WEST POBLACION),5178
72944,GUINCIAMAN,5178
72945,IMPO,5178
72946,KINALUMSAN,5178
72947,LIBTONG (EAST POBLACION),5178
72948,LUKAY,5178
72949,MALAGUINABOT,5178
72950,MALPAG,5178
72951,MAWODPAWOD,5178
72952,PATONG,5178
72953,PINARIGUSAN,5178
72954,SAN ANDRES,5178
72955,SANTA CRUZ,5178
72956,SANTOL,5178
72957,BACULANAD,5128
72958,BADIANGAY,5128
72959,BULOD,5128
72960,CATOOGAN,5128
72961,CUTAY,5128
72962,GAPAS,5128
72963,KATIPUNAN,5128
72964,MILAGROSA,5128
72965,PILIT,5128
72966,PITOGO,5128
72967,SAN ISIDRO,5128
72968,SAN JUAN,5128
72969,SAN MIGUELAY,5128
72970,SAN ROQUE,5128
72971,TIBAK,5128
72972,VICTORIA,5128
72973,ZONE 1 (POB.),5128
72974,ZONE 2 (POB.),5128
72975,ZONE 3 (POB.),5128
72976,ZONE 4 POB. (CABANGCALAN),5128
72977,BUTASON I,5928
72978,BUTASON II,5928
72979,CAMPOKPOK,5928
72980,CATMON,5928
72981,GIBACUNGAN,5928
72982,GIMARCO,5928
72983,INANGATAN,5928
72984,MANLAWAAN,5928
72985,OMAGANHAN,5928
72986,POBLACION,5928
72987,SANTA ROSA,5928
72988,TABING,5928
72989,TUGAS,5928
72990,AMANDANGAY,5929
72991,ASLUM,5929
72992,BALINGASAG,5929
72993,BELISONG,5929
72994,CAMBUCAO,5929
72995,CAPAHUAN,5929
72996,DISTRICT I POB. (QUEZON),5929
72997,DISTRICT II POB. (RIZAL),5929
72998,DISTRICT III POB. (BONIFACIO),5929
72999,DISTRICT IV POB. (MACARTHUR),5929
73000,GUINGAWAN,5929
73001,JABONG,5929
73002,MERCADOHAY,5929
73003,MERING,5929
73004,MOHON,5929
73005,SAN PABLO (MOOC),5929
73006,BARANGAY 2,5930
73007,BARANGAY 5,5930
73008,BARANGAY 5-A,5930
73009,BARANGAY 6,5930
73010,BARANGAY 6-A,5930
73011,BARANGAY 7,5930
73012,BARANGAY 8,5930
73013,BARANGAY 8-A,5930
73014,BARANGAY 12 (PALANOG RESETTLEMENT),5930
73015,BARANGAY 13,5930
73016,BARANGAY 14,5930
73017,BARANGAY 15,5930
73018,BARANGAY 16,5930
73019,BARANGAY 17,5930
73020,BARANGAY 18,5930
73021,BARANGAY 19,5930
73022,BARANGAY 20,5930
73023,BARANGAY 21,5930
73024,BARANGAY 21-A,5930
73025,BARANGAY 22,5930
73026,BARANGAY 23,5930
73027,BARANGAY 23-A,5930
73028,BARANGAY 24,5930
73029,BARANGAY 25,5930
73030,BARANGAY 26,5930
73031,BARANGAY 27,5930
73032,BARANGAY 28,5930
73033,BARANGAY 29,5930
73034,BARANGAY 30,5930
73035,BARANGAY 31,5930
73036,BARANGAY 32,5930
73037,BARANGAY 33,5930
73038,BARANGAY 34,5930
73039,BARANGAY 35,5930
73040,BARANGAY 35-A,5930
73041,BARANGAY 36,5930
73042,BARANGAY 36-A,5930
73043,BARANGAY 37,5930
73044,BARANGAY 37-A,5930
73045,BARANGAY 38,5930
73046,BARANGAY 39,5930
73047,BARANGAY 40,5930
73048,BARANGAY 41,5930
73049,BARANGAY 42,5930
73050,BARANGAY 42-A,5930
73051,BARANGAY 43,5930
73052,BARANGAY 43-A,5930
73053,BARANGAY 43-B,5930
73054,BARANGAY 44,5930
73055,BARANGAY 44-A,5930
73056,BARANGAY 45,5930
73057,BARANGAY 46,5930
73058,BARANGAY 47,5930
73059,BARANGAY 48,5930
73060,BARANGAY 48-A,5930
73061,BARANGAY 48-B,5930
73062,BARANGAY 49,5930
73063,BARANGAY 50,5930
73064,BARANGAY 50-A,5930
73065,BARANGAY 50-B,5930
73066,BARANGAY 51,5930
73067,BARANGAY 51-A,5930
73068,BARANGAY 52,5930
73069,BARANGAY 53,5930
73070,BARANGAY 54,5930
73071,BARANGAY 54-A,5930
73072,BARANGAY 56,5930
73073,BARANGAY 56-A,5930
73074,BARANGAY 57,5930
73075,BARANGAY 58,5930
73076,BARANGAY 59,5930
73077,BARANGAY 59-A,5930
73078,BARANGAY 59-B,5930
73079,BARANGAY 60,5930
73080,BARANGAY 60-A,5930
73081,BARANGAY 61,5930
73082,BARANGAY 62,5930
73083,BARANGAY 62-A,5930
73084,BARANGAY 62-B,5930
73085,BARANGAY 63,5930
73086,BARANGAY 64,5930
73087,BARANGAY 65,5930
73088,BARANGAY 66,5930
73089,BARANGAY 66-A,5930
73090,BARANGAY 67,5930
73091,BARANGAY 68,5930
73092,BARANGAY 69,5930
73093,BARANGAY 70,5930
73094,BARANGAY 71,5930
73095,BARANGAY 72,5930
73096,BARANGAY 73,5930
73097,BARANGAY 74,5930
73098,BARANGAY 75,5930
73099,BARANGAY 76,5930
73100,BARANGAY 77,5930
73101,BARANGAY 78 (MARASBARAS),5930
73102,BARANGAY 79 (MARASBARAS),5930
73103,BARANGAY 80 (MARASBARAS),5930
73104,BARANGAY 81 (MARASBARAS),5930
73105,BARANGAY 82 (MARASBARAS),5930
73106,BARANGAY 83 (SAN JOSE),5930
73107,BARANGAY 83-A (SAN JOSE),5930
73108,BARANGAY 83-B,5930
73109,BARANGAY 83-C (SAN JOSE),5930
73110,BARANGAY 84 (SAN JOSE),5930
73111,BARANGAY 85 (SAN JOSE),5930
73112,BARANGAY 86,5930
73113,BARANGAY 87,5930
73114,BARANGAY 88,5930
73115,BARANGAY 89,5930
73116,BARANGAY 90 (SAN JOSE),5930
73117,BARANGAY 91 (ABUCAY),5930
73118,BARANGAY 92 (APITONG),5930
73119,BARANGAY 93 (BAGACAY),5930
73120,BARANGAY 94 (TIGBAO),5930
73121,BARANGAY 94-A,5930
73122,BARANGAY 95 (CAIBAAN),5930
73123,BARANGAY 95-A (CAIBAAN),5930
73124,BARANGAY 96 (CALANIPAWAN),5930
73125,BARANGAY 97 (CABALAWAN),5930
73126,BARANGAY 98 (CAMANSINAY),5930
73127,BARANGAY 99 (DIIT),5930
73128,BARANGAY 100 (SAN ROQUE),5930
73129,BARANGAY 101 (NEW KAWAYAN),5930
73130,BARANGAY 102 (OLD KAWAYAN),5930
73131,BARANGAY 103 (PALANOG),5930
73132,BARANGAY 103-A (SAN PAGLAUM),5930
73133,BARANGAY 104 (SALVACION),5930
73134,BARANGAY 105 (SUHI),5930
73135,BARANGAY 106 (SANTO NIÑO),5930
73136,BARANGAY 107 (SANTA ELENA),5930
73137,BARANGAY 108 (TAGAPURO),5930
73138,BARANGAY 109 (V AND G SUBD.),5930
73139,BARANGAY 109-A,5930
73140,BARANGAY 110 (UTAP),5930
73141,EL REPOSO (BARANGAYS 55 AND 55A),5930
73142,LIBERTAD (BARANGAYS 1 AND 4),5930
73143,NULA-TULA (BGYS. 3 AND 3A),5930
73144,ADA,5931
73145,AMANLURAN,5931
73146,ARADO,5931
73147,ATIPOLO,5931
73148,BALUD,5931
73149,BANGON,5931
73150,BANTAGAN,5931
73151,BARAS,5931
73152,BINOLO,5931
73153,BINONGTO-AN,5931
73154,BISLIG,5931
73155,BUNTAY (POB.),5931
73156,CABALAGNAN,5931
73157,CABARASAN GUTI,5931
73158,CABONGA-AN,5931
73159,CABUYNAN,5931
73160,CAHUMAYHUMAYAN,5931
73161,CALOGCOG,5931
73162,CALSADAHAY,5931
73163,CAMIRE,5931
73164,CANBALISARA,5931
73165,CANRAMOS (POB.),5931
73166,CATIGBIAN,5931
73167,CATMON,5931
73168,COGON,5931
73169,GUINDAG-AN,5931
73170,GUINGAWAN,5931
73171,HILAGPAD,5931
73172,KILING,5931
73173,LAPAY,5931
73174,LICOD (POB.),5931
73175,LIMBUHAN DAKU,5931
73176,LIMBUHAN GUTI,5931
73177,LINAO,5931
73178,MAGAY,5931
73179,MAGHULOD,5931
73180,MALAGUICAY,5931
73181,MARIBI,5931
73182,MOHON,5931
73183,PAGO,5931
73184,PASIL,5931
73185,PIKAS,5931
73186,SACME,5931
73187,SALVADOR,5931
73188,SAN ISIDRO,5931
73189,SAN MIGUEL (POB.),5931
73190,SAN ROQUE (POB.),5931
73191,SAN VICTOR,5931
73192,SANTA CRUZ,5931
73193,SANTA ELENA,5931
73194,SANTO NIÑO POB. (HACLAGAN),5931
73195,SOLANO,5931
73196,TALOLORA,5931
73197,TUGOP,5931
73198,BURAK,5932
73199,CANMOGSAY,5932
73200,CANTARIWIS,5932
73201,CAPANGIHAN,5932
73202,DOÑA BRIGIDA,5932
73203,IMELDA,5932
73204,MALBOG,5932
73205,OLOT,5932
73206,OPONG,5932
73207,POBLACION,5932
73208,QUILAO,5932
73209,SAN ROQUE,5932
73210,SAN VICENTE,5932
73211,TANGHAS,5932
73212,TELEGRAFO,5932
73213,ASTORGA (UPART),5933
73214,BALIRE,5933
73215,BANAWANG,5933
73216,SAN ANTONIO (POB.),5933
73217,SAN PEDRO,5933
73218,SAN ROQUE,5933
73219,SAN VICENTE (POB.),5933
73220,SANTO NIÑO (POB.),5933
73221,ABIJAO,5934
73222,BALITE,5934
73223,BANGCAL,5934
73224,BUGABUGA,5934
73225,CABUNGA-AN,5934
73226,CABUNGAHAN,5934
73227,CAGNOCOT,5934
73228,CAHIGAN,5934
73229,CALBUGOS,5934
73230,CAMPOROG,5934
73231,CANQUIASON,5934
73232,CAPINYAHAN,5934
73233,CASILI-ON,5934
73234,CATAGBACAN,5934
73235,FATIMA (POB.),5934
73236,HIBULANGAN,5934
73237,HINABUYAN,5934
73238,ILIGAY,5934
73239,JALAS,5934
73240,JORDAN,5934
73241,LIBAGONG,5934
73242,NEW BALANAC,5934
73243,PAYAO,5934
73244,POBLACION NORTE,5934
73245,POBLACION SUR,5934
73246,SAMBULAWAN,5934
73247,SAN FRANCISCO,5934
73248,SAN VICENTE,5934
73249,SANTA CRUZ,5934
73250,SILAD,5934
73251,SUBA,5934
73252,SULPA,5934
73253,TABUNOK,5934
73254,TAGBUBUNGA,5934
73255,TINGHUB,5934
73256,ALEJANDRO VILLAGE (SANTIAGO),5935
73257,BONIFACIO,5935
73258,CABACUNGAN,5935
73259,CALARAYAN,5935
73260,FREDERIC,5935
73261,GUIN-ARAWAYAN,5935
73262,IMELDA,5935
73263,JUBASAN,5935
73264,KINABRANAN ZONE I (POB.),5935
73265,KINABRANAN ZONE II (POB.),5935
73266,KINAGUITMAN,5935
73267,LAGUNDI,5935
73268,LIPATA,5935
73269,LO-OC,5935
73270,LONDRES,5935
73271,SABANG ZONE I (POB.),5935
73272,SABANG ZONE II (POB.),5935
73273,SANTA RITA,5935
73274,TASVILLA,5935
73275,VICTORIA,5935
73276,KAUSWAGAN (BASUD),5936
73277,MACARTHUR,5936
73278,PIO DEL PILAR,5936
73279,POBLACION (BIRI),5936
73280,PROGRESSO,5936
73281,SAN ANTONIO,5936
73282,SAN PEDRO,5936
73283,SANTO NIÑO,5936
73284,ACERIDA,5937
73285,ARELLANO,5937
73286,BALAT-BALUD,5937
73287,CALANTIAO (PANGOBI-AN),5937
73288,DANCALAN,5937
73289,E. DURAN,5937
73290,GEN. LUCBAN (POB.),5937
73291,JOSE ABAD SANTOS,5937
73292,JOSE P. LAUREL (CASULGAN),5937
73293,MAGSAYSAY (DOCE),5937
73294,QUEZON (PANICAYAN),5937
73295,SALVACION,5937
73296,SAN ISIDRO,5937
73297,SAN JUAN (POB.),5937
73298,SANTA CLARA (POB.),5937
73299,SANTANDER,5937
73300,SOMOROY,5937
73301,TROJELLO,5937
73302,AGUIN,5938
73303,JUBANG,5938
73304,LANDUSAN,5938
73305,OSON,5938
73306,POBLACION BARANGAY 1,5938
73307,POBLACION BARANGAY 2,5938
73308,POBLACION BARANGAY 3,5938
73309,POBLACION BARANGAY 4,5938
73310,POBLACION BARANGAY 5,5938
73311,SAGAOSAWAN,5938
73312,SAN LUIS,5938
73313,SAWANG,5938
73314,ACACIA (POB.),5939
73315,AGUINALDO,5939
73316,AIRPORT VILLAGE,5939
73317,BANGKEROHAN,5939
73318,BAYBAY,5939
73319,BOCSOL,5939
73320,CABAYHAN,5939
73321,CAG-ABACA,5939
73322,CAL-IGANG,5939
73323,CALACHUCHI (POB.),5939
73324,CAWAYAN,5939
73325,CERVANTES,5939
73326,CULARIMA,5939
73327,DAGANAS,5939
73328,DALAKIT (POB.),5939
73329,DOÑA PULQUERIA (HIMBANG),5939
73330,GALUTAN,5939
73331,GEBALAGNAN (HIBALAGNAN),5939
73332,GEBULWANGAN,5939
73333,GENERAL MALVAR,5939
73334,GUBA,5939
73335,HINATAD,5939
73336,IMELDA (ELIMBO),5939
73337,IPIL-IPIL (POB.),5939
73338,JOSE ABAD SANTOS (POB.),5939
73339,JOSE P. RIZAL (POB.),5939
73340,KASOY (POB.),5939
73341,LAPU-LAPU (POB.),5939
73342,LIBERTY,5939
73343,LIBJO (BINOG),5939
73344,MABINI,5939
73345,MABOLO (POB.),5939
73346,MACAGTAS,5939
73347,MCKINLEY,5939
73348,MOLAVE (POB.),5939
73349,NARRA (POB.),5939
73350,NEW RIZAL,5939
73351,OLD RIZAL,5939
73352,PATICUA,5939
73353,POLANGI,5939
73354,QUEZON,5939
73355,SALVACION,5939
73356,SAMPAGUITA (POB.),5939
73357,SAN JULIAN,5939
73358,SAN PASCUAL,5939
73359,SANTOL (POB.),5939
73360,SOMOGE,5939
73361,TALISAY (POB.),5939
73362,TINOWARAN,5939
73363,TRANGUE,5939
73364,UEP I,5939
73365,UEP II,5939
73366,UEP III,5939
73367,WASHINGTON,5939
73368,YAKAL (POB.),5939
73369,ANONGO,5940
73370,BARANGAY 1 (POB.),5940
73371,BARANGAY 2 (POB.),5940
73372,BARANGAY 3 (POB.),5940
73373,BARANGAY 4 (POB.),5940
73374,BARANGAY 5 (POB.),5940
73375,BARANGAY 6 (POB.),5940
73376,BARANGAY 7 (POB.),5940
73377,BARANGAY 8 (POB.),5940
73378,BONIFACIO,5940
73379,BORING,5940
73380,CAGBUGNA,5940
73381,CAGMANABA,5940
73382,CAGOGOBNGAN,5940
73383,CALINGNAN,5940
73384,CANUCTAN,5940
73385,CLARO M. RECTO (LOBEDICO),5940
73386,D. MERCADER (BONGOG),5940
73387,GUIBWANGAN,5940
73388,HINAGONOYAN,5940
73389,HIPARAYAN,5940
73390,HITAPI-AN,5940
73391,INOBURAN,5940
73392,IRAWAHAN,5940
73393,LENOYAHAN,5940
73394,LIBON,5940
73395,MAGONGON,5940
73396,MAGTUAD,5940
73397,MANERING,5940
73398,NABULO,5940
73399,NAGOOCAN,5940
73400,NAHULID,5940
73401,OPONG,5940
73402,OSANG,5940
73403,OSMEÑA,5940
73404,P. REBADULLA,5940
73405,ROXAS,5940
73406,SAGUDSURON,5940
73407,SAN ANTONIO,5940
73408,SAN FRANCISCO,5940
73409,SAN JOSE (HEBOBOLLAO),5940
73410,SAN VICENTE,5940
73411,SANTA FE,5940
73412,SULITAN,5940
73413,TANGBO,5940
73414,TUNGODNON,5940
73415,VIENNA MARIA,5940
73416,ANITO,5941
73417,BANGON,5941
73418,BATO,5941
73419,BAYBAY DISTRICT (POB.),5941
73420,BONIFACIO,5941
73421,BURABOD (POB.),5941
73422,CABARASAN,5941
73423,CADAC-AN (CALINGNAN),5941
73424,CADE-AN,5941
73425,CAGAMUTAN DEL NORTE,5941
73426,CAGAMUTAN DEL SUR,5941
73427,DAO,5941
73428,G. M. OSIAS,5941
73429,GAMAY CENTRAL (POB.),5941
73430,GAMAY OCCIDENTAL I (POB.),5941
73431,GAMAY ORIENTAL I (POB.),5941
73432,GUIBUANGAN,5941
73433,HENOGAWE,5941
73434,LIBERTAD (POB.),5941
73435,LONOY,5941
73436,LUNETA,5941
73437,MALIDONG,5941
73438,OCCIDENTAL II (POB.),5941
73439,ORIENTAL II (POB.),5941
73440,RIZAL,5941
73441,SAN ANTONIO,5941
73442,ABATON,5942
73443,AGUADAHAN,5942
73444,AROGANGA,5942
73445,ATIPOLO,5942
73446,BAWANG,5942
73447,BAYBAY (POB.),5942
73448,BINATIKLAN,5942
73449,BOBOLOSAN,5942
73450,BONGLIW,5942
73451,BURABUD,5942
73452,CABADIANGAN,5942
73453,CABAGNGAN,5942
73454,CABAGO-AN,5942
73455,CABULALOAN,5942
73456,CAGAASAN,5942
73457,CAGDARA-O,5942
73458,CAHAYAGAN,5942
73459,CALINTAAN POB. (STO. NIÑO),5942
73460,CALOMOTAN,5942
73461,CANDAWID,5942
73462,CANGCAHIPOS,5942
73463,CANYOMANAO,5942
73464,CATIGBIAN,5942
73465,E. J. DULAY,5942
73466,G. B. TAN,5942
73467,GIBATANGAN,5942
73468,GUILAOANGI (POB.),5942
73469,INAMLAN,5942
73470,LA PERLA,5942
73471,LANGOB,5942
73472,LAWAAN,5942
73473,LITTLE VENICE (POB.),5942
73474,MAGSAYSAY,5942
73475,MARUBAY,5942
73476,MUALBUAL,5942
73477,NAPOTIOCAN (SALVACION),5942
73478,OLERAS,5942
73479,ONAY (DOÑA LUISA),5942
73480,PALMERA,5942
73481,PANGDAN,5942
73482,RAWIS,5942
73483,ROMBANG,5942
73484,SAN ANTONIO (SON-OG),5942
73485,SAN MIGUEL HEIGHTS (POB.),5942
73486,SANGCOL,5942
73487,SIBUNOT,5942
73488,SIMORA,5942
73489,SUBA,5942
73490,TALISAY,5942
73491,TAN-AWAN,5942
73492,TARUSAN,5942
73493,TINOBLAN,5942
73494,TUMAGUINGTING (POB.),5942
73495,VIGO,5942
73496,YABYABAN (SAN VICENTE),5942
73497,YAPAS,5942
73498,ALANG-ALANG,5943
73499,BAGACAY,5943
73500,CAHAGWAYAN,5943
73501,CAN MARIA,5943
73502,CAN OMANIO,5943
73503,IMELDA,5943
73504,LAPINIG DEL NORTE (POB.),5943
73505,LAPINIG DEL SUR (POB.),5943
73506,LO-OK,5943
73507,MABINI,5943
73508,MAY-IGOT,5943
73509,PALANAS,5943
73510,PIO DEL PILAR,5943
73511,POTONG,5943
73512,POTONG DEL SUR,5943
73513,BALUGO,5944
73514,BUGAY,5944
73515,BUGTOSAN,5944
73516,BUKID,5944
73517,BULAO,5944
73518,CAPUTOAN,5944
73519,CATOTO-OGAN,5944
73520,CUENCO,5944
73521,DAPDAP,5944
73522,DEL PILAR,5944
73523,DOLORES,5944
73524,EPAW,5944
73525,GEGUINTA,5944
73526,GERACDO,5944
73527,GUYO,5944
73528,H. JOLEJOLE,5944
73529,H. JOLEJOLE DISTRICT (POB.),5944
73530,HANGI,5944
73531,IMELDA,5944
73532,L. EMPON,5944
73533,LAKANDULA,5944
73534,LOURDES,5944
73535,LUMALA-OG,5944
73536,MABINI,5944
73537,MACARTHUR,5944
73538,MAGSAYSAY,5944
73539,MATELARAG,5944
73540,OSMEÑA,5944
73541,PACO,5944
73542,PALANAS,5944
73543,PEREZ,5944
73544,POPONTON,5944
73545,QUEZON,5944
73546,QUIRINO,5944
73547,QUIRINO DISTRICT (POB.),5944
73548,REBONG,5944
73549,RIZAL,5944
73550,ROXAS,5944
73551,RUFINO,5944
73552,SAG-OD,5944
73553,SAN ANDRES,5944
73554,SAN ANTONIO,5944
73555,SAN FERNANDO,5944
73556,SAN FRANCISCO,5944
73557,SAN ISIDRO,5944
73558,SAN JORGE,5944
73559,SAN JOSE,5944
73560,SAN MIGUEL,5944
73561,SANTO TOMAS,5944
73562,TAGAB-IRAN,5944
73563,TAGAN-AYAN,5944
73564,TAYLOR,5944
73565,VICTORY,5944
73566,BALICUATRO,5945
73567,BANI,5945
73568,BAROBAYBAY,5945
73569,CABURIHAN (POB.),5945
73570,CARAGAS (POB.),5945
73571,CATAOGAN (POB.),5945
73572,CHANSVILLA,5945
73573,DATAG,5945
73574,ENRIQUETA,5945
73575,LIBAS,5945
73576,LIBERTAD,5945
73577,MACARTHUR,5945
73578,MAGSAYSAY,5945
73579,MARAVILLA,5945
73580,OCAD (POB.),5945
73581,SABONG-TABOK,5945
73582,SALVACION,5945
73583,SAN AGUSTIN,5945
73584,SAN ISIDRO,5945
73585,SAN JOSE,5945
73586,SAN JUAN,5945
73587,SAN MIGUEL,5945
73588,TO-OG,5945
73589,URDANETA,5945
73590,VILLA,5945
73591,VILLAHERMOSA,5945
73592,BAYHO,5946
73593,BONIFACIO,5946
73594,CAG-AGUINGAY,5946
73595,CAGAMESARAG,5946
73596,CURRY,5946
73597,GEBONAWAN,5946
73598,GEN. LUNA,5946
73599,GETIGO,5946
73600,HENARONAGAN,5946
73601,LOPE DE VEGA (POB.),5946
73602,LOWER CAYNAGA,5946
73603,MAGHIPID,5946
73604,MAGSAYSAY,5946
73605,OSMEÑA,5946
73606,PAGUITE,5946
73607,ROXAS,5946
73608,SAMPAGUITA,5946
73609,SAN FRANCISCO,5946
73610,SAN JOSE,5946
73611,SAN MIGUEL,5946
73612,SOMOROY,5946
73613,UPPER CAYNAGA,5946
73614,BURGOS,5947
73615,DEL NORTE (POB.),5947
73616,DEL SUR (POB.),5947
73617,E. LAODENIO,5947
73618,JUBASAN,5947
73619,MAGSAYSAY,5947
73620,MAGTAON,5947
73621,MANAYBANAY,5947
73622,NAPARASAN,5947
73623,QUEZON,5947
73624,SAN JOSE,5947
73625,SANTA POTENCIANA (POB.),5947
73626,SILJAGON,5947
73627,BAGASBAS,5948
73628,BUGKO,5948
73629,CABLANGAN,5948
73630,CAGMANABA,5948
73631,CAHICSAN,5948
73632,CHITONGCO (POB.),5948
73633,DE MARIA,5948
73634,DOÑA LUCIA,5948
73635,ECO (POB.),5948
73636,FLORMINA,5948
73637,HINABANGAN,5948
73638,IMELDA,5948
73639,LA TRINIDAD,5948
73640,MAKIWALO,5948
73641,MIRADOR,5948
73642,NENITA,5948
73643,ROXAS,5948
73644,SAN AGUSTIN,5948
73645,SAN ANTONIO,5948
73646,SAN ISIDRO,5948
73647,SAN JOSE,5948
73648,SAN JUAN,5948
73649,SANTA CATALINA,5948
73650,TALOLORA,5948
73651,ASUM (POB.),5949
73652,BAGACAY,5949
73653,BANGON,5949
73654,"BENIGNO S. AQUINO, JR.",5949
73655,BINAY,5949
73656,CABARIWAN,5949
73657,CABATUAN,5949
73658,CAMPEDICO,5949
73659,CAPACUJAN,5949
73660,JANGTUD,5949
73661,LANIWAN (POB.),5949
73662,MABARAS,5949
73663,MAGSAYSAY,5949
73664,MANAJAO,5949
73665,MAPNO,5949
73666,MARAGANO,5949
73667,MATAMBAG,5949
73668,MONBON,5949
73669,NAGBOBTAC,5949
73670,NAPO,5949
73671,NATAWO,5949
73672,NIPA,5949
73673,OSMEÑA,5949
73674,PANGPANG,5949
73675,PAYSUD,5949
73676,SANGAY,5949
73677,SIMORA,5949
73678,SINALARAN,5949
73679,SUMOROY,5949
73680,TALOLORA,5949
73681,TAMBANGAN (POB.),5949
73682,TINAMPO (POB.),5949
73683,CABABTO-AN,5950
73684,CABARI-AN,5950
73685,CAGBIGAJO,5950
73686,CAMPARANGA,5950
73687,CANJUMADAL,5950
73688,DOÑA ANECITA,5950
73689,GE-ADGAWAN,5950
73690,GEPARAYAN,5950
73691,GINULGAN,5950
73692,IGOT,5950
73693,INANAHAWAN,5950
73694,MANAHAO,5950
73695,PANINIRONGAN,5950
73696,POBLACION DISTRICT 1,5950
73697,POBLACION DISTRICT 2,5950
73698,POBLACION DISTRICT 3,5950
73699,POBLACION DISTRICT 4,5950
73700,POBLACION DISTRICT 5,5950
73701,POBLACION DISTRICT 6,5950
73702,POBLACION DISTRICT 7,5950
73703,POBLACION DISTRICT 8,5950
73704,SAN RAMON,5950
73705,SENONOGAN,5950
73706,"SIXTO T. BALANGUIT, SR.",5950
73707,TULA,5950
73708,YNAGUINGAYAN,5950
73709,AGUADA,4989
73710,BANTOLINAO,4989
73711,BUENAVISTA,4989
73712,COMMONWEALTH,4989
73713,GUINDAULAN,4989
73714,JAMOOG,4989
73715,KAILINGAN,4989
73716,LIGAYA,4989
73717,POBLACION,4989
73718,SALHAG,4989
73719,SAN LORENZO,4989
73720,BURABOD,5203
73721,DALUPIRIT,5203
73722,MANRAYA,5203
73723,PILAR,5203
73724,RIZAL,5203
73725,SAN NICOLAS,5203
73726,VINISITAHAN,5203
73727,WARD I (POB.),5203
73728,WARD II (POB.),5203
73729,WARD III (POB.),5203
73730,ALEGRIA,5108
73731,BALITE,5108
73732,BUENAVISTA,5108
73733,CAGLANIPAO,5108
73734,HAPPY VALLEY,5108
73735,MABUHAY,5108
73736,PALANIT,5108
73737,POBLACION NORTE,5108
73738,POBLACION SUR,5108
73739,SALVACION,5108
73740,SAN JUAN,5108
73741,SAN ROQUE,5108
73742,SEVEN HILLS,5108
73743,VERIATO,5108
73744,AGUADAHAN,5249
73745,BAGONG SABANG,5249
73746,BALITE,5249
73747,BARANGAY EAST (POB.),5249
73748,BARANGAY NORTH (POB.),5249
73749,BARANGAY SOUTH (POB.),5249
73750,BARANGAY WEST (POB.),5249
73751,BONGLAS,5249
73752,DA-O,5249
73753,GENGAROG,5249
73754,GERATAG,5249
73755,LAYUHAN,5249
73756,MANDUGANG,5249
73757,P. TINGZON,5249
73758,SAN LORENZO,5249
73759,TUBIGDANAO,5249
73760,BALNASAN,5955
73761,BALUD,5955
73762,BANTAYAN,5955
73763,COROCONOG,5955
73764,DALE,5955
73765,GINAGDANAN,5955
73766,LAO-ANGAN,5955
73767,LAWAAN,5955
73768,MALOBAGO,5955
73769,PAGSANG-AN,5955
73770,ZONE 1 (POB.),5955
73771,ZONE 2 (POB.),5955
73772,ZONE 3 (POB.),5955
73773,ZONE 4 (POB.),5955
73774,ZONE 5 (POB.),5955
73775,ZONE 6 (POB.),5955
73776,DESTACADO POB. (BGY.2),4962
73777,MARAGAT,4962
73778,MONGOL BONGOL POB. (BGY.1),4962
73779,PUNTA POB. (BGY.3),4962
73780,SANGPUTAN,4962
73781,SILA,4962
73782,TARNATE,4962
73783,BALUD,5957
73784,CABABAYOGAN,5957
73785,CABUNGA-AN,5957
73786,CAGDA-O,5957
73787,CAGHILOT,5957
73788,CAMANGGARAN,5957
73789,CAMAYA-AN,5957
73790,DEIT DE SUBA,5957
73791,DEIT DE TURAG,5957
73792,GEBOLWANGAN,5957
73793,GEBONAWAN,5957
73794,GECBO-AN,5957
73795,GENAGASAN,5957
73796,GEPARAYAN DE TURAG,5957
73797,GIGUIMITAN,5957
73798,GUSARAN,5957
73799,IMELDA,5957
73800,MONTALBAN,5957
73801,POBLACION I,5957
73802,POBLACION II,5957
73803,SAN ANTONIO,5957
73804,SAN ISIDRO,5957
73805,SENONOGAN DE TUBANG,5957
73806,SUBA (POB.),5957
73807,TOBGON,5957
73808,VICTORY,5957
73809,ACEDILLO,5252
73810,BUENASUERTE,5252
73811,BUENOS AIRES,5252
73812,COLAB-OG,5252
73813,ERENAS,5252
73814,LIBERTAD,5252
73815,LUISITA,5252
73816,LUNGIB,5252
73817,MAXVILLA,5252
73818,PASABUENA,5252
73819,SAN LAZARO,5252
73820,SAN MIGUEL,5252
73821,SAN ROMAN,5252
73822,ZONE I (POB.),5252
73823,ZONE II (POB.),5252
73824,ZONE III (POB.),5252
73825,BACJAO,5959
73826,BIASONG I,5959
73827,BIASONG II,5959
73828,COSTA RICA,5959
73829,COSTA RICA II,5959
73830,GUIN-ANSAN,5959
73831,IMELDA (BADJANG),5959
73832,KERIKITE,5959
73833,LUNANG I (LOOK),5959
73834,LUNANG II,5959
73835,MABUHAY,5959
73836,MAGSAYSAY,5959
73837,MALOBAGO,5959
73838,MARASBARAS,5959
73839,PANJOBJOBAN I,5959
73840,PANJOBJOBAN II,5959
73841,POBLACION,5959
73842,ROÑO,5959
73843,SAN ISIDRO,5959
73844,SAN JOSE,5959
73845,TALAHID,5959
73846,TONGA-TONGA,5959
73847,VELOSO,5959
73848,AMANDAYEHAN,5960
73849,ANGLIT,5960
73850,BACUBAC,5960
73851,BALANTE,5960
73852,BALOOG,5960
73853,BASIAO,5960
73854,BAYBAY (POB.),5960
73855,BINONGTU-AN,5960
73856,BUENAVISTA,5960
73857,BULAO,5960
73858,BURGOS,5960
73859,BUSCADA (POB.),5960
73860,CAMBAYAN,5960
73861,CAN-ABAY,5960
73862,CANCAIYAS,5960
73863,CANMANILA,5960
73864,CATADMAN,5960
73865,COGON,5960
73866,DEL PILAR,5960
73867,DOLONGAN,5960
73868,GUINTIGUI-AN,5960
73869,GUIRANG,5960
73870,IBA,5960
73871,INUNTAN,5960
73872,LAWA-AN (POB.),5960
73873,LOOG,5960
73874,LOYO (POB.),5960
73875,MABINI,5960
73876,MAGALLANES,5960
73877,MANLILINAB,5960
73878,MAY-IT,5960
73879,MERCADO (POB.),5960
73880,MONGABONG,5960
73881,NEW SAN AGUSTIN,5960
73882,NOUVELAS OCCIDENTAL,5960
73883,OLD SAN AGUSTIN,5960
73884,PALAYPAY (POB.),5960
73885,PANUGMONON,5960
73886,PELIT,5960
73887,ROXAS,5960
73888,SALVACION,5960
73889,SAN ANTONIO,5960
73890,SAN FERNANDO (NOUVELAS ORIENTAL),5960
73891,SAWA,5960
73892,SERUM,5960
73893,SUGCA,5960
73894,SUGPONON,5960
73895,SULOD (POB.),5960
73896,TINAOGAN,5960
73897,TINGIB,5960
73898,VILLA AURORA,5960
73899,ACEDILLO,5961
73900,AGUIT-ITAN (POB.),5961
73901,ALIBABA,5961
73902,AMAMPACANG,5961
73903,ANISLAG,5961
73904,AWANG EAST (POB.),5961
73905,AWANG WEST (POB.),5961
73906,BA-AY,5961
73907,BAGACAY,5961
73908,BAGONG LIPUNAN,5961
73909,BAJA,5961
73910,BALUD (POB.),5961
73911,BANTE,5961
73912,BANTIAN,5961
73913,BASUD,5961
73914,BAYO,5961
73915,BEGAHO,5961
73916,BINALIW,5961
73917,BONTAY,5961
73918,BUENAVISTA,5961
73919,BUGTONG,5961
73920,CABACUNGAN,5961
73921,CABATUAN,5961
73922,CABICAHAN,5961
73923,CABUGAWAN,5961
73924,CACARANSAN,5961
73925,CAG-ANAHAW,5961
73926,CAG-ANIBONG,5961
73927,CAG-OLANGO,5961
73928,CAGBANAYACAO,5961
73929,CAGBAYANG,5961
73930,CAGBILWANG,5961
73931,CAGBOBORAC,5961
73932,CAGLANIPAO SUR,5961
73933,CAGMANIPES NORTE,5961
73934,CAGMANIPES SUR,5961
73935,CAGNIPA,5961
73936,CAGSALAOSAO,5961
73937,CAHUMPAN,5961
73938,CALOCNAYAN,5961
73939,CANGOMAOD,5961
73940,CANHUMADAC,5961
73941,CAPACUHAN,5961
73942,CAPOOCAN,5961
73943,CARAYMAN,5961
73944,CARMEN,5961
73945,CATABUNAN,5961
73946,CAYBAGO,5961
73947,CENTRAL (POB.),5961
73948,COGON,5961
73949,DAGUM,5961
73950,DANAO I,5961
73951,DANAO II,5961
73952,DAWO,5961
73953,DE VICTORIA,5961
73954,DINABONGAN,5961
73955,DINAGAN,5961
73956,DINAWACAN,5961
73957,ESPERANZA,5961
73958,GABAY,5961
73959,GADGARAN,5961
73960,GASDO,5961
73961,GERAGA-AN,5961
73962,GUIMBAOYAN NORTE,5961
73963,GUIMBAOYAN SUR,5961
73964,GUIN-ON,5961
73965,HAMORAWON,5961
73966,HELINO,5961
73967,HIBABNGAN,5961
73968,HIBATANG,5961
73969,HIGASAAN,5961
73970,HIMALANDROG,5961
73971,HUGON ROSALES,5961
73972,JACINTO,5961
73973,JIMAUTAN,5961
73974,JOSE A. ROÑO,5961
73975,KALILIHAN,5961
73976,KILIKILI,5961
73977,LA PAZ,5961
73978,LANGOYON,5961
73979,LAPAAN,5961
73980,LIBERTAD,5961
73981,LIMARAYON,5961
73982,LONGSOB,5961
73983,LONOY,5961
73984,LOOC,5961
73985,MABINI I (CALBAYOG DISTRICT),5961
73986,MABINI II (OQUENDO DISTRICT),5961
73987,MACATINGOG,5961
73988,MAG-UBAY,5961
73989,MAGUINO-O,5961
73990,MALAGA,5961
73991,MALAJOG,5961
73992,MALAYOG,5961
73993,MALOPALO,5961
73994,MANCOL,5961
73995,MANTAONG (OQUENDO DISTRICT),5961
73996,"MANUEL BARRAL, SR.",5961
73997,MARCATUBIG,5961
73998,MATOBATO,5961
73999,MAWACAT,5961
74000,MAYBOG,5961
74001,MAYSALONG,5961
74002,MIGARA,5961
74003,NABANG,5961
74004,NAGA,5961
74005,NAGUMA,5961
74006,NAVARRO,5961
74007,NIJAGA,5961
74008,OBOOB,5961
74009,OBRERO,5961
74010,OLERA,5961
74011,OQUENDO (POB.),5961
74012,OSMEÑA,5961
74013,PAGBALICAN,5961
74014,PALANAS,5961
74015,PALANOGAN,5961
74016,PANLAYAHAN,5961
74017,PANONONGAN,5961
74018,PANOYPOY,5961
74019,PATONG,5961
74020,PAYAHAN,5961
74021,PEÑA,5961
74022,PILAR,5961
74023,PINAMOROTAN,5961
74024,QUEZON,5961
74025,RAWIS,5961
74026,RIZAL I (CALBAYOG DISTRICT),5961
74027,RIZAL II (OQUENDO DISTRICT),5961
74028,ROXAS I (CALBAYOG DISTRICT),5961
74029,ROXAS II (OQUENDO DISTRICT),5961
74030,SALJAG (BAUT),5961
74031,SALVACION,5961
74032,SAN ANTONIO,5961
74033,SAN ISIDRO,5961
74034,SAN JOAQUIN,5961
74035,SAN JOSE,5961
74036,SAN POLICARPIO,5961
74037,SAN RUFINO,5961
74038,SAPUTAN,5961
74039,SIGO,5961
74040,SINANTAN,5961
74041,SINIDMAN OCCIDENTAL,5961
74042,SINIDMAN ORIENTAL,5961
74043,TABAWAN,5961
74044,TALAHIBAN,5961
74045,TANVAL,5961
74046,TAPA-E,5961
74047,TARABUCAN,5961
74048,TIGBE,5961
74049,TINAMBACAN NORTE,5961
74050,TINAMBACAN SUR,5961
74051,TINAPLACAN,5961
74052,TOMALIGUEZ,5961
74053,TRINIDAD (SABANG),5961
74054,VICTORY,5961
74055,VILLAHERMOSA,5961
74056,ANTOL,5962
74057,BACYARAN,5962
74058,BARANGAY 1 (POB.),5962
74059,BARANGAY 2 (POB.),5962
74060,BARANGAY 3 (POB.),5962
74061,BARANGAY 4 (POB.),5962
74062,BARANGAY 5 (POB.),5962
74063,BARANGAY 6 (POB.),5962
74064,BARANGAY 7 (POB.),5962
74065,BAROBAYBAY,5962
74066,BERI,5962
74067,BINANGGARAN,5962
74068,BORONG,5962
74069,BULAO,5962
74070,BULUAN,5962
74071,CAAMLONGAN,5962
74072,CALAYAAN,5962
74073,CALINGONAN,5962
74074,CANBAGTIC,5962
74075,CANTICUM,5962
74076,DALIGAN,5962
74077,GUINBANGA,5962
74078,HINDANG,5962
74079,HUBASAN,5962
74080,LITERON,5962
74081,LUBANG,5962
74082,MACAALAN,5962
74083,MAHANGCAO,5962
74084,MALABAL,5962
74085,MINATA,5962
74086,OTOC,5962
74087,PANAYURAN,5962
74088,PASIGAY,5962
74089,PATONG,5962
74090,POLANGI,5962
74091,RAWIS,5962
74092,SAN IGNACIO,5962
74093,SAN MAURICIO,5962
74094,SINALANGTAN,5962
74095,TIMBANGAN,5962
74096,TINAGO,5962
74097,ALBALATE,5963
74098,BAGONGON,5963
74099,BANGON,5963
74100,BASIAO,5963
74101,BULUAN,5963
74102,BUNUANAN,5963
74103,CABUGAWAN,5963
74104,CAGUDALO,5963
74105,CAGUSIPAN,5963
74106,CAGUTIAN,5963
74107,CAGUTSAN,5963
74108,CANHAWAN GOTE,5963
74109,CANLAPWAS (POB.),5963
74110,CAWAYAN,5963
74111,CINCO,5963
74112,DARAHUWAY DACO,5963
74113,DARAHUWAY GOTE,5963
74114,ESTAKA,5963
74115,GUINDAPONAN,5963
74116,GUINSORONGAN,5963
74117,IBOL,5963
74118,IGUID,5963
74119,LAGUNDI,5963
74120,LIBAS,5963
74121,LOBO,5963
74122,MANGUEHAY,5963
74123,MAULONG,5963
74124,MERCEDES,5963
74125,MOMBON,5963
74126,MUÑOZ (POBLACION 14),5963
74127,NEW MAHAYAG,5963
74128,OLD MAHAYAG,5963
74129,PALANYOGON,5963
74130,PANGDAN,5963
74131,PAYAO,5963
74132,POBLACION 1 (BARANGAY 1),5963
74133,POBLACION 2 (BARANGAY 2),5963
74134,POBLACION 3 (BARANGAY 3),5963
74135,POBLACION 4 (BARANGAY 4),5963
74136,POBLACION 5 (BARANGAY 5),5963
74137,POBLACION 6 (BARANGAY 6),5963
74138,POBLACION 7 (BARANGAY 7),5963
74139,POBLACION 8 (BARANGAY 8),5963
74140,POBLACION 9 (BARANGAY 9),5963
74141,POBLACION 10 (BARANGAY 10),5963
74142,POBLACION 11 (BARANGAY 11),5963
74143,POBLACION 12 (BARANGAY 12),5963
74144,POBLACION 13 (BARANGAY 13),5963
74145,PUPUA,5963
74146,RAMA,5963
74147,SAN ANDRES,5963
74148,SAN PABLO,5963
74149,SAN ROQUE,5963
74150,SAN VICENTE,5963
74151,SILANGA,5963
74152,SOCORRO,5963
74153,TOTORINGON,5963
74154,ARAWANE,5964
74155,ASTORGA,5964
74156,BACHAO,5964
74157,BACLAYAN,5964
74158,BAGACAY,5964
74159,BAYOG,5964
74160,BETAUG,5964
74161,BIRAWAN,5964
74162,BONO-ANON,5964
74163,BUENAVISTA,5964
74164,BURGOS,5964
74165,CABAC,5964
74166,CABIL-ISAN,5964
74167,CABITON-AN,5964
74168,CABUGAO,5964
74169,CAGBOBOTO,5964
74170,CALAWAN-AN,5964
74171,CAMBUHAY,5964
74172,CAMPELIPA,5964
74173,CANDUGUE,5964
74174,CANLOLOY,5964
74175,CANSAGANAY,5964
74176,CASAB-AHAN,5964
74177,GUINDAPUNAN,5964
74178,GUINTAMPILAN,5964
74179,IQUIRAN,5964
74180,JACOPON,5964
74181,LOSA,5964
74182,LUCOB-LUCOB,5964
74183,MABINI,5964
74184,MACALPE,5964
74185,MANDOYUCAN,5964
74186,MARUPANGDAN,5964
74187,MAYABAY,5964
74188,MONGOLBONGOL,5964
74189,NIPA,5964
74190,PARASAN,5964
74191,POBLACION 1 (HILABA),5964
74192,POBLACION 2 (MALINGON),5964
74193,POBLACION 3 (CANTI-IL),5964
74194,PONDANG,5964
74195,POSO,5964
74196,REAL,5964
74197,RIZAL,5964
74198,SAN ANTONIO,5964
74199,SAN JOSE,5964
74200,SAN MIGUEL,5964
74201,SAN ROQUE,5964
74202,SAN VICENTE,5964
74203,SAUGAN,5964
74204,SO-ONG,5964
74205,SUA,5964
74206,SUGOD,5964
74207,TALISAY,5964
74208,TUGAS,5964
74209,UBO,5964
74210,VALLES-BELLO,5964
74211,YANGTA,5964
74212,ADELA HEIGHTS (POB.),5965
74213,ARONG,5965
74214,BALOCAWE,5965
74215,BANGAHON,5965
74216,BESLIG,5965
74217,BUAO,5965
74218,BUNYAGAN,5965
74219,BURABOD I (POB.),5965
74220,BURABOD II (POB.),5965
74221,CALIROCAN,5965
74222,CANHUMAWID,5965
74223,CAPARANGASAN,5965
74224,CARANAS,5965
74225,CARMONA,5965
74226,CASAB-AHAN,5965
74227,CASANDIG,5965
74228,CATORSE DE AGOSTO,5965
74229,CAUGBUSAN,5965
74230,CONCEPCION,5965
74231,DIAZ,5965
74232,DUMALO-ONG (POB.),5965
74233,ELCANO,5965
74234,GERALI,5965
74235,GEREGANAN,5965
74236,GIABOC,5965
74237,HAMPTON,5965
74238,HETEBAC,5965
74239,HIMAMALOTO,5965
74240,HINAYAGAN,5965
74241,HINUGACAN,5965
74242,HIPARAYAN (KINONONGAN),5965
74243,JASMINEZ,5965
74244,LUNGIB,5965
74245,MABUHAY,5965
74246,MACUGO,5965
74247,MALAYOG,5965
74248,MARCOS,5965
74249,MINDA (POB.),5965
74250,NACUBE,5965
74251,NALIHUGAN,5965
74252,NAPALISAN,5965
74253,NATIMONAN,5965
74254,NGOSO,5965
74255,PALAMBRAG,5965
74256,PALANAS,5965
74257,PIÑAPLATA,5965
74258,PIZARRO,5965
74259,POLOGON,5965
74260,PUROG,5965
74261,RAWIS,5965
74262,RIZAL,5965
74263,SAMOYAO,5965
74264,SAN AGUSTIN,5965
74265,SAN ANTONIO,5965
74266,SAN ENRIQUE,5965
74267,SAN FRANCISCO,5965
74268,SAN ISIDRO (DAO),5965
74269,SAN JOSE,5965
74270,SAN MIGUEL,5965
74271,SAN PELAYO,5965
74272,SAN RAMON,5965
74273,SANTA ELENA,5965
74274,SANTO NIÑO,5965
74275,SENIBARAN (VILLA LEONA),5965
74276,SIDMON,5965
74277,TAGNAO,5965
74278,TAMBONGAN,5965
74279,TAWIRAN,5965
74280,TIGBAWON,5965
74281,BAGACAY,5966
74282,BINOBUCALAN,5966
74283,BUCALAN,5966
74284,CABALAGNAN,5966
74285,CABANG,5966
74286,CANANO,5966
74287,CONCORD,5966
74288,CONSOLABAO,5966
74289,DALOSDOSON,5966
74290,FATIMA,5966
74291,LIM-AO,5966
74292,MALIHAO,5966
74293,MUGDO,5966
74294,OSMEÑA,5966
74295,POBLACION 1 (BARANGAY 1),5966
74296,POBLACION 2 (BARANGAY 2),5966
74297,RAWIS,5966
74298,SAN JOSE,5966
74299,SAN RAFAEL,5966
74300,TABAY,5966
74301,YABON,5966
74302,BARANGAY NO. 1 (POB.),5967
74303,BARANGAY NO. 2 (POB.),5967
74304,BARANGAY NO. 3 (POB.),5967
74305,BARANGAY NO. 4 (POB.),5967
74306,BARANGAY NO. 5 (POB.),5967
74307,BARANGAY NO. 6 (POB.),5967
74308,BARANGAY NO. 7 (POB.),5967
74309,BARANGAY NO. 8 (POB.),5967
74310,BAWANG,5967
74311,BUGHO,5967
74312,CAMAROBO-AN,5967
74313,CANDAYAO,5967
74314,CANTONGTONG,5967
74315,CASAPA,5967
74316,CATALINA,5967
74317,CRISTINA,5967
74318,DOGONGAN,5967
74319,GARCIA,5967
74320,HINAGA,5967
74321,JIA-AN,5967
74322,JIDANAO,5967
74323,LULUGAYAN,5967
74324,MACABETAS,5967
74325,MALINO,5967
74326,MALOBAGO (VILLALINDA),5967
74327,MERCEDES,5967
74328,NAGBAC,5967
74329,PARINA,5967
74330,SALVACION,5967
74331,SAN ANDRES,5967
74332,SAN FERNANDO,5967
74333,SAN MIGUEL,5967
74334,TAGBAYAON,5967
74335,VICTORY,5967
74336,AMAMBUCALE,5968
74337,AMANTILLO,5968
74338,BINUKYAHAN,5968
74339,CALUWAYAN,5968
74340,CANYOYO,5968
74341,CATATO POB. (DIST. I),5968
74342,FERRERAS,5968
74343,LEGASPI,5968
74344,LIPATA,5968
74345,LOGERO,5968
74346,MABUHAY,5968
74347,MALOBAGO,5968
74348,ODOC,5968
74349,OSMEÑA,5968
74350,PANAN-AWAN,5968
74351,PINALANGA,5968
74352,PINAMITINAN (POB.),5968
74353,ROÑO,5968
74354,SAN ROQUE,5968
74355,SANTA RITA,5968
74356,SANTO NIÑO POB. (DIST. II),5968
74357,TAGALAG,5968
74358,TINABANAN,5968
74359,VELOSO,5968
74360,ANGYAP,5969
74361,BAG-OTAN,5969
74362,BARRUZ (BARANGAY NO. 1),5969
74363,CAMONOAN,5969
74364,CAROLINA,5969
74365,DEIT,5969
74366,DEL ROSARIO,5969
74367,INUBOD,5969
74368,LIBERTAD,5969
74369,LIGAYA,5969
74370,MABULIGON POB. (BARANGAY NO. 2),5969
74371,MADUROTO POB. (BARANGAY NO. 3),5969
74372,MAHANUD,5969
74373,MAHAYAG,5969
74374,NAGPAPACAO,5969
74375,RIZAL,5969
74376,SALVACION,5969
74377,SAN ISIDRO,5969
74378,SAN ROQUE (MABUHAY),5969
74379,SANTA CRUZ,5969
74380,ANGYAP,5970
74381,BARAYONG,5970
74382,BAYOG,5970
74383,BERI,5970
74384,BONGA,5970
74385,CALANTAWAN,5970
74386,CALAPI,5970
74387,CALUYAHAN,5970
74388,CANATUAN,5970
74389,CANDOMACOL,5970
74390,CANVAIS,5970
74391,CAPAYSAGAN,5970
74392,CARANAS,5970
74393,CAULAYANAN,5970
74394,HINICA-AN,5970
74395,INALAD,5970
74396,LINONOBAN,5970
74397,MALOBAGO,5970
74398,MALONOY,5970
74399,MARARANGSI,5970
74400,MAYPANGE,5970
74401,NEW MINAROG,5970
74402,OYANDIC,5970
74403,PAMAMASAN,5970
74404,POBLACION I,5970
74405,POBLACION I-A,5970
74406,PUSONGAN,5970
74407,SAN ANDRES,5970
74408,SANTO NIÑO,5970
74409,SARAO,5970
74410,BANGON,5971
74411,BUENOS AIRES,5971
74412,CALANYUGAN,5971
74413,CALOLOMA,5971
74414,CAMBAYE,5971
74415,CANLAPWAS (POB.),5971
74416,LIBERTAD,5971
74417,PAÑGE,5971
74418,SAN LUIS,5971
74419,SANTO NIÑO,5971
74420,VIEJO,5971
74421,VILLAHERMOSA OCCIDENTAL,5971
74422,VILLAHERMOSA ORIENTAL,5971
74423,ANAGASI,5972
74424,APOLONIA,5972
74425,BAGSA,5972
74426,BALBAGAN,5972
74427,BATO,5972
74428,BURAY (BINOGHO),5972
74429,CANTAGUIC,5972
74430,CANTAO-AN,5972
74431,CANTATO (CANTURAB),5972
74432,CASANDIG I,5972
74433,CASANDIG II,5972
74434,CAWAYAN,5972
74435,CONCEPCION,5972
74436,JOSE ROÑO,5972
74437,LAWAAN I,5972
74438,LAWAAN II,5972
74439,LIPATA,5972
74440,LOKILOKON,5972
74441,MANGCAL,5972
74442,MAYLOBE,5972
74443,MINAROG,5972
74444,NAWI,5972
74445,PABANOG,5972
74446,PACO,5972
74447,PAGSA-OGAN,5972
74448,PAGSANJAN (PAGSAN-AN),5972
74449,PATAG,5972
74450,PEQUIT,5972
74451,POBLACION 1,5972
74452,POBLACION 2,5972
74453,POBLACION 3,5972
74454,POBLACION 4,5972
74455,POBLACION 5,5972
74456,POBLACION 6,5972
74457,SALAY,5972
74458,SAN ISIDRO,5972
74459,SANTO NIÑO,5972
74460,SULOPAN,5972
74461,TABUCAN,5972
74462,TAPUL,5972
74463,TENANI,5972
74464,TIGBAWON,5972
74465,TULA,5972
74466,TUTUBIGAN,5972
74467,BANGON,5973
74468,BARANGAY I (POB.),5973
74469,BARANGAY II (POB.),5973
74470,BOTOC,5973
74471,BUGHO,5973
74472,CALAMPONG,5973
74473,CANLOBO,5973
74474,CATIGAWAN,5973
74475,DOLORES,5973
74476,LALE,5973
74477,LAWAAN,5973
74478,LAYGAYON,5973
74479,LAYO,5973
74480,LOCTOB,5973
74481,MADALUNOT,5973
74482,MAGDAWAT,5973
74483,MAMBOG,5973
74484,MANAING,5973
74485,NABONG,5973
74486,OBAYAN,5973
74487,PAHUG,5973
74488,PARASANON,5973
74489,PELAON,5973
74490,SAN ISIDRO,5973
74491,ANQUIANA (ANGKIANA),5974
74492,AURORA,5974
74493,BAY-ANG,5974
74494,BLANCA AURORA,5974
74495,BUENAVISTA I,5974
74496,BUENAVISTA II,5974
74497,BULAO,5974
74498,BUNGLIW,5974
74499,CABUGAO,5974
74500,CAG-OLO-OLO,5974
74501,CALUNDAN,5974
74502,CANTAGUIC,5974
74503,CANYAKI,5974
74504,COGTOTO-OG,5974
74505,ERENAS,5974
74506,GAYONDATO,5974
74507,GUADALUPE,5974
74508,GUINDAPUNAN,5974
74509,HERNANDEZ,5974
74510,HIMAY,5974
74511,JANIPON,5974
74512,LA PAZ,5974
74513,LIBERTAD,5974
74514,LINCORO,5974
74515,MABUHAY,5974
74516,MANCOL (POB.),5974
74517,MATALUD,5974
74518,MOBO-OB,5974
74519,MOMBON,5974
74520,PUHAGAN,5974
74521,QUEZON,5974
74522,RANERA,5974
74523,RAWIS,5974
74524,ROSALIM,5974
74525,SAN ISIDRO,5974
74526,SAN JORGE I (POB.),5974
74527,SAN JORGE II (POB.),5974
74528,SAN JUAN,5974
74529,SAPINIT,5974
74530,SINIT-AN,5974
74531,TOMOGBONG,5974
74532,AGUINGAYAN,5975
74533,BABACLAYON,5975
74534,BARANGAY 1 (POB.),5975
74535,BARANGAY 2 (POB.),5975
74536,BARANGAY 3 (POB.),5975
74537,BARANGAY 4 (POB.),5975
74538,CAN-APONTE,5975
74539,CATAYDONGAN,5975
74540,GUSA,5975
74541,HAGBAY,5975
74542,HIBACA-AN,5975
74543,HIDUROMA,5975
74544,HILUMOT,5975
74545,SAN NICOLAS,5975
74546,BALOGO,5976
74547,BONTOD,5976
74548,CABAYWA,5976
74549,CAMANHAGAY,5976
74550,CAMPIYAK,5976
74551,CANDUYUCAN,5976
74552,DOLORES,5976
74553,HITA-ASAN I,5976
74554,HITA-ASAN II,5976
74555,INOBONGAN,5976
74556,POBLACION BARANGAY 1,5976
74557,POBLACION BARANGAY 2,5976
74558,POBLACION BARANGAY 3,5976
74559,POBLACION BARANGAY 4,5976
74560,AGRUPACION,5977
74561,ARAPISON,5977
74562,AVELINO,5977
74563,BAHAY,5977
74564,BALUD,5977
74565,BANA-AO,5977
74566,BURABOD,5977
74567,CAGSUMJI,5977
74568,CAMPEIG,5977
74569,CAMPERITO,5977
74570,CAN-IPULAN,5977
74571,CANMOROS,5977
74572,CAUTOD (POB.),5977
74573,CINCO,5977
74574,CURRY,5977
74575,GAJO,5977
74576,HINDANG,5977
74577,ILO,5977
74578,IMELDA,5977
74579,INORAGUIAO,5977
74580,JOLACAO,5977
74581,LAMBAO,5977
74582,MABUHAY,5977
74583,MAHAYAG,5977
74584,MATAYONAS,5977
74585,MONBON (POB.),5977
74586,NABULO,5977
74587,NAPURO,5977
74588,NAPURO II,5977
74589,PALALE,5977
74590,PANABATAN,5977
74591,PANARUAN,5977
74592,ROXAS,5977
74593,SALVACION,5977
74594,SOLSOGON,5977
74595,SUNDARA,5977
74596,ALEGRIA,5232
74597,ANIBONGAN,5232
74598,ASLUM,5232
74599,BAGOLIBAS,5232
74600,BINANALAN,5232
74601,BOKINGGAN POB. (ZONE I),5232
74602,BOUGAINVILLA POB. (ZONE II),5232
74603,CABACUNGAN,5232
74604,CABUNGA-AN,5232
74605,CAMAYSE,5232
74606,CANSADONG,5232
74607,CATICUGAN,5232
74608,DAMPIGAN,5232
74609,GUINBALOT-AN,5232
74610,GUMAMELA POB. (ZONE III),5232
74611,HINANGUDTAN,5232
74612,IGANG-IGANG,5232
74613,LA PAZ,5232
74614,LUPIG,5232
74615,MAGSAYSAY,5232
74616,MALIGAYA,5232
74617,NEW MANUNCA,5232
74618,OLD MANUNCA,5232
74619,PAGSULHOGON,5232
74620,ROSAL POB. (ZONE IV),5232
74621,SALVACION,5232
74622,SAN EDUARDO,5232
74623,SAN ISIDRO,5232
74624,SAN JUAN,5232
74625,SAN PASCUAL (CROSSING),5232
74626,SAN PEDRO,5232
74627,SAN ROQUE,5232
74628,SANTA ELENA,5232
74629,SANTAN POB. (ZONE V),5232
74630,TAGACAY,5232
74631,TOMINAMOS,5232
74632,TULAY,5232
74633,UNION,5232
74634,BALATGUTI,5979
74635,BARAS,5979
74636,BASUD (POB.),5979
74637,BUENAVISTA,5979
74638,CABUNGA-AN,5979
74639,COROCAWAYAN,5979
74640,ILIJAN,5979
74641,ILO (POB.),5979
74642,LOBELOBE,5979
74643,PINANANGNAN,5979
74644,SEVILLA,5979
74645,TAKUT,5979
74646,VILLAHERMOSA,5979
74647,BAGUIW,5980
74648,BALOCAWE,5980
74649,GUINBARUCAN,5980
74650,LABANGBAYBAY,5980
74651,LUNA,5980
74652,MATALUTO,5980
74653,NIPA,5980
74654,PANTALAN,5980
74655,PULANGBATO,5980
74656,SAN JOSE (POB.),5980
74657,SAN VICENTE,5980
74658,SUAREZ (MANLANGIT),5980
74659,SUGOD (POB.),5980
74660,TRINIDAD,5980
74661,BO. INDEPENDENCIA,5981
74662,MALAGUINING,5981
74663,MALLORGA,5981
74664,NAVATAS DAKU,5981
74665,NAVATAS GUTI,5981
74666,PLACER,5981
74667,POBLACION BARANGAY 1,5981
74668,POBLACION BARANGAY 2,5981
74669,SAN JUAN,5981
74670,TATABUNAN,5981
74671,VICTORY,5981
74672,ALCAZAR,5982
74673,AWANG,5982
74674,BAHAY,5982
74675,BALONGA-AS,5982
74676,BALUGO,5982
74677,BANGON GOTE,5982
74678,BARAS,5982
74679,BINALAYAN,5982
74680,BISITAHAN,5982
74681,BONGA,5982
74682,CABUNGA-AN,5982
74683,CAGTUTULO,5982
74684,CAMBATUTAY NUEVO,5982
74685,CAMBATUTAY VIEJO,5982
74686,CANUNGHAN,5982
74687,CATAN-AGAN,5982
74688,DAPDAP,5982
74689,GALLEGO,5982
74690,IMELDA POB. (POSGO),5982
74691,LAHONG,5982
74692,LIBUCAN DACU,5982
74693,LIBUCAN GOTE,5982
74694,LUCERDONI (IRONG-IRONG),5982
74695,MAJACOB,5982
74696,MANCARES,5982
74697,MARABUT,5982
74698,OESTE - A,5982
74699,OESTE - B,5982
74700,PAJO,5982
74701,PALENCIA,5982
74702,POBLACION A,5982
74703,POBLACION B,5982
74704,POBLACION C,5982
74705,POBLACION D,5982
74706,POBLACION E,5982
74707,SAN VICENTE,5982
74708,SANTA CRUZ,5982
74709,SUGOD,5982
74710,TALINGA,5982
74711,TIGDARANAO,5982
74712,TIZON,5982
74713,BANQUIL,5983
74714,BINO-ONGAN,5983
74715,BURABOD,5983
74716,CAMBAGUIO,5983
74717,CANMUCAT,5983
74718,CENTRAL (POB.),5983
74719,CONANT,5983
74720,GUINTARCAN,5983
74721,HIMYANGAN,5983
74722,IGOT,5983
74723,INARUMBACAN,5983
74724,INASUDLAN,5983
74725,LAM-AWAN,5983
74726,LAMINGAO,5983
74727,LAWA-AN,5983
74728,MACOPA,5983
74729,MAHAYAG,5983
74730,MALONOY,5983
74731,MERCADO (POB.),5983
74732,MIRAMAR (POB.),5983
74733,NAGCADUHA,5983
74734,PACAO,5983
74735,PACOYOY,5983
74736,PANGPANG,5983
74737,PATAG,5983
74738,PLARIDEL,5983
74739,POLANGI,5983
74740,SAN ANDRES,5983
74741,SAN FERNANDO,5983
74742,SAN RAFAEL (BUAYA),5983
74743,SAN ROQUE,5983
74744,SANTA ROSA,5983
74745,SANTO NIÑO,5983
74746,SOLEDAD (POB.),5983
74747,TAYUD (POB.),5983
74748,TOMABE,5983
74749,ULAYAN,5983
74750,VILLAROSA POB. (CAMPIATOT),5983
74751,ALEGRIA,5984
74752,ARTECHE,5984
74753,BIOSO,5984
74754,BOBLARAN,5984
74755,BOTAERA,5984
74756,BUNTAY,5984
74757,CAMAYSE,5984
74758,CANWARAK,5984
74759,IBARRA,5984
74760,LUMALANTANG,5984
74761,MACALUNOD,5984
74762,MAGA-AN,5984
74763,MAPUTI,5984
74764,MARAPILIT,5984
74765,MONBON,5984
74766,MUALBUAL,5984
74767,PANGDAN,5984
74768,POBLACION 1 (BARANGAY 1),5984
74769,POBLACION 2 (BARANGAY 2),5984
74770,PORO,5984
74771,SAN ISIDRO,5984
74772,SUGOD,5984
74773,TALIB,5984
74774,TINAUGAN,5984
74775,TUBIGAN,5984
74776,AMAGUSAN,5985
74777,CALINTAAN,5985
74778,CANLABIAN,5985
74779,CAPACUHAN,5985
74780,COGON,5985
74781,KAGINGKINGAN,5985
74782,LEWING,5985
74783,LO-OK,5985
74784,MAHALO,5985
74785,MAINIT,5985
74786,MANIGAWONG,5985
74787,POBLACION,5985
74788,SAN VICENTE,5985
74789,TAGUP-ON,5985
74790,ANAHAO,5986
74791,BANAHAO,5986
74792,BAUGO,5986
74793,BENITON,5986
74794,BUENAVISTA,5986
74795,BUNGA,5986
74796,CASAO,5986
74797,CATMON,5986
74798,CATOOGAN,5986
74799,CAWAYANAN,5986
74800,DAO,5986
74801,DIVISORIA,5986
74802,ESPERANZA,5986
74803,GUINSANGAAN,5986
74804,HIBAGWAN,5986
74805,HILAAN,5986
74806,HIMAKILO,5986
74807,HITAWOS,5986
74808,LANAO,5986
74809,LAWGAWAN,5986
74810,MAHAYAHAY,5986
74811,MALBAGO,5986
74812,MAUYLAB,5986
74813,OLISIHAN,5986
74814,PAKU,5986
74815,PAMAHAWAN,5986
74816,PAMIGSIAN,5986
74817,PANGI,5986
74818,POBLACION,5986
74819,PONG-ON,5986
74820,SAMPONGON,5986
74821,SAN RAMON,5986
74822,SAN VICENTE,5986
74823,SANTA CRUZ,5986
74824,SANTO NIÑO,5986
74825,TAA,5986
74826,TALISAY,5986
74827,TAYTAGAN,5986
74828,TUBURAN,5986
74829,UNION,5986
74830,AMBACON,5987
74831,BADIANGON,5987
74832,BANGCAS A,5987
74833,BANGCAS B,5987
74834,BIASONG,5987
74835,BUGHO,5987
74836,CALAG-ITAN,5987
74837,CALAYUGAN,5987
74838,CALINAO,5987
74839,CANIPAAN,5987
74840,CATUBLIAN,5987
74841,ILAYA,5987
74842,INGAN,5987
74843,LABRADOR,5987
74844,LIBAS,5987
74845,LUMBOG,5987
74846,MANALOG,5987
74847,MANLICO,5987
74848,MATIN-AO,5987
74849,NAVA,5987
74850,NUEVA ESPERANZA,5987
74851,OTAMA,5987
74852,PALONGPONG,5987
74853,PANALARON,5987
74854,PATONG,5987
74855,POBLACION,5987
74856,PONDOL,5987
74857,SALOG,5987
74858,SALVACION,5987
74859,SAN PABLO ISLAND,5987
74860,SAN PEDRO ISLAND,5987
74861,SANTO NIÑO I,5987
74862,SANTO NIÑO II,5987
74863,TAHUSAN,5987
74864,TALISAY,5987
74865,TAWOG,5987
74866,TOPTOP,5987
74867,TUBURAN,5987
74868,UNION,5987
74869,UPPER BANTAWON,5987
74870,AMAGA,5988
74871,AMBAO,5988
74872,AN-AN,5988
74873,BACULOD,5988
74874,BIASONG,5988
74875,BUGHO,5988
74876,CABULISAN,5988
74877,CAT-IWING,5988
74878,DISTRICT I (POB.),5988
74879,DISTRICT II (POB.),5988
74880,DISTRICT III (POB.),5988
74881,HUBASAN,5988
74882,LUNGSODAAN,5988
74883,NAVALITA,5988
74884,PLARIDEL,5988
74885,SABANG,5988
74886,SAGBOK,5988
74887,BIASONG,5989
74888,BOGASONG,5989
74889,CAWAYAN,5989
74890,GAKAT,5989
74891,JUBAS (POB.),5989
74892,MAGKASAG,5989
74893,MAYUGA,5989
74894,NAHAONG,5989
74895,NAHULID,5989
74896,OTIKON,5989
74897,PANGI,5989
74898,PUNTA,5989
74899,TALISAY (POB.),5989
74900,TIGBAO,5989
74901,AMAGA,5803
74902,ANILAO,5803
74903,BAHAY,5803
74904,CAGBUNGALON,5803
74905,CALIAN,5803
74906,CALIGANGAN,5803
74907,CANDAYUMAN,5803
74908,CATIG,5803
74909,ESTELA,5803
74910,FATIMA,5803
74911,GUD-AN,5803
74912,GUINTOYLAN,5803
74913,HIMAYANGAN,5803
74914,ILAG,5803
74915,MAGAUPAS,5803
74916,MALANGSA,5803
74917,MOLOPOLO,5803
74918,PANDAN,5803
74919,POBLACION,5803
74920,PRES. QUEZON (MAUGOC),5803
74921,PRESIDENT ROXAS,5803
74922,SAN ISIDRO,5803
74923,SAN ROQUE,5803
74924,TABUGON,5803
74925,CABULIHAN,5991
74926,LUGSONGAN,5991
74927,MAGALLANES,5991
74928,SAN AGUSTIN,5991
74929,SAN BERNARDO,5991
74930,TRIANA,5991
74931,ABGAO (POB.),5992
74932,ACASIA,5992
74933,ASUNCION,5992
74934,BACTUL I,5992
74935,BACTUL II,5992
74936,BADIANG,5992
74937,BAGTICAN,5992
74938,BASAK,5992
74939,BATO I,5992
74940,BATO II,5992
74941,BATUAN,5992
74942,BAUGO,5992
74943,BILIBOL,5992
74944,BOGO,5992
74945,CABADIANGAN,5992
74946,CABULIHAN,5992
74947,CAGNITUAN,5992
74948,CAMBOOC,5992
74949,CANSIRONG,5992
74950,CANTURING,5992
74951,CANYUOM,5992
74952,COMBADO,5992
74953,DONGON,5992
74954,GAWISAN,5992
74955,GUADALUPE,5992
74956,HANGINAN,5992
74957,HANTAG,5992
74958,HINAPU DAKU,5992
74959,HINAPU GAMAY,5992
74960,IBARRA,5992
74961,ISAGANI,5992
74962,LABOON,5992
74963,LANAO,5992
74964,LIB-OG,5992
74965,LIBERTAD,5992
74966,LIBHU,5992
74967,LONOY,5992
74968,LUNAS,5992
74969,MAHAYAHAY,5992
74970,MALAPOC NORTE,5992
74971,MALAPOC SUR,5992
74972,MAMBAJAO (POB.),5992
74973,MANHILO,5992
74974,MANTAHAN (POB.),5992
74975,MARIA CLARA,5992
74976,MATIN-AO,5992
74977,NASAUG,5992
74978,NATI,5992
74979,NONOK NORTE,5992
74980,NONOK SUR,5992
74981,PANAN-AWAN,5992
74982,PANSAAN,5992
74983,PASAY,5992
74984,PINASCOHAN,5992
74985,RIZAL,5992
74986,SAN AGUSTIN,5992
74987,SAN ISIDRO,5992
74988,SAN JOSE,5992
74989,SAN RAFAEL,5992
74990,SANTA CRUZ,5992
74991,SANTA ROSA,5992
74992,SANTO NIÑO,5992
74993,SANTO ROSARIO,5992
74994,SORO-SORO,5992
74995,TAGNIPA (POB.),5992
74996,TAM-IS,5992
74997,TAWID,5992
74998,TIGBAWAN,5992
74999,TOMOY-TOMOY,5992
75000,TUNGA-TUNGA (POB.),5992
75001,AGUINALDO,5993
75002,AMPARO,5993
75003,ASUNCION,5993
75004,BAGONG SILANG,5993
75005,BUSCAYAN,5993
75006,CAMBARO,5993
75007,CANLUSAY,5993
75008,DANAO,5993
75009,FLORDELIZ,5993
75010,GUADALUPE,5993
75011,ICHON,5993
75012,ILIHAN,5993
75013,LARAY,5993
75014,LOWER VILLA JACINTA,5993
75015,MABINI,5993
75016,MOHON,5993
75017,MOLOPOLO,5993
75018,RIZAL,5993
75019,SALVADOR (MANGYANG),5993
75020,SAN ISIDRO,5993
75021,SAN JOAQUIN,5993
75022,SAN ROQUE,5993
75023,SAN VICENTE (UPPER SAN ROQUE),5993
75024,SAN VICENTE POBLACION,5993
75025,SANTA CRUZ (POB.),5993
75026,SANTO NIÑO,5993
75027,SANTO ROSARIO (POB.),5993
75028,SINDANGAN,5993
75029,UPPER ICHON,5993
75030,UPPER VILLA JACINTA,5993
75031,ABGAO,5994
75032,ASUNCION,5994
75033,AURORA,5994
75034,BENIT,5994
75035,CAAGA,5994
75036,CABUL-ANONAN (POB.),5994
75037,CADARUHAN,5994
75038,CADARUHAN SUR,5994
75039,CANDATAG,5994
75040,CANTAMUAC,5994
75041,CARAATAN,5994
75042,CONCEPCION,5994
75043,FATIMA,5994
75044,GUINABONAN,5994
75045,IBA,5994
75046,JUANGON,5994
75047,KAUSWAGAN,5994
75048,LAMBONAO,5994
75049,MAHAYAHAY,5994
75050,MANINGNING,5994
75051,MAUJO,5994
75052,NEW KATIPUNAN,5994
75053,PANCIL,5994
75054,PASIL (POB.),5994
75055,SABANG,5994
75056,SAN ANTONIO (POB.),5994
75057,SAN ISIDRO,5994
75058,SAN JOSE,5994
75059,SAN ROQUE,5994
75060,SAN VICENTE,5994
75061,SANGAHON,5994
75062,SANTA CRUZ,5994
75063,SANTO NIÑO,5994
75064,TALIWA (POB.),5994
75065,TIGBAWAN I,5994
75066,TIGBAWAN II,5994
75067,TIMBA,5994
75068,BUENAVISTA,5375
75069,BUNGA,5375
75070,CANTUTANG,5375
75071,DINAHUGAN,5375
75072,LACA,5375
75073,LUNGSODAAN,5375
75074,POBLACION,5375
75075,SAN JUAN,5375
75076,SANTA SOFIA,5375
75077,SANTO ROSARIO,5375
75078,TANGKAAN,5375
75079,BADIANG,5996
75080,BALONGBALONG,5996
75081,BUENAVISTA,5996
75082,BULAWAN,5996
75083,CANLAWIS,5996
75084,CATBAWAN,5996
75085,CAUBANG,5996
75086,COGON,5996
75087,DAN-AN,5996
75088,LOBO,5996
75089,MAINIT,5996
75090,MANGLIT,5996
75091,NUEVA ESTRELLA NORTE,5996
75092,NUEVA ESTRELLA SUR,5996
75093,POBLACION IBABAO,5996
75094,POBLACION UBOS,5996
75095,POCIANO D. EQUIPILAG,5996
75096,PONOD,5996
75097,SAN ROQUE,5996
75098,SANTA CRUZ,5996
75099,SON-OK I,5996
75100,SON-OK II,5996
75101,TAUTAG,5996
75102,ATUYAN,5997
75103,AYAHAG,5997
75104,BANTAWON,5997
75105,BOLODBOLOD,5997
75106,CABAGAWAN,5997
75107,CARNAGA,5997
75108,CATMON,5997
75109,GUINSAUGON,5997
75110,HIMATAGON (POB.),5997
75111,HIMBANGAN,5997
75112,HIMOS-ONAN,5997
75113,HINABIAN,5997
75114,HINDAG-AN,5997
75115,KAUSWAGAN,5997
75116,LIBAS,5997
75117,LIPANTO,5997
75118,MAGATAS,5997
75119,MAGBAGACAY,5997
75120,MAHAYAG,5997
75121,MAHAYAHAY,5997
75122,MALIBAGO,5997
75123,MALINAO,5997
75124,NUEVA ESPERANZA (CABAC-AN),5997
75125,PANIAN,5997
75126,SAN ISIDRO,5997
75127,SANTA CRUZ,5997
75128,SUG-ANGON,5997
75129,TABONTABON,5997
75130,TAMBIS I,5997
75131,TAMBIS II,5997
75132,ANISLAGON,5818
75133,BONGAWISAN,5818
75134,BONGBONG,5818
75135,CAHAYAG,5818
75136,CAUSI,5818
75137,CENTRAL (POB.),5818
75138,DAKIT (POB.),5818
75139,GABI,5818
75140,HABAY,5818
75141,MALICO,5818
75142,MARAYAG,5818
75143,NAPANTAO,5818
75144,PASANON,5818
75145,PINAMUDLAN,5818
75146,PUNTA,5818
75147,SANTA CRUZ,5818
75148,SANTA PAZ NORTE,5818
75149,SANTA PAZ SUR,5818
75150,SUDMON,5818
75151,TINAAN,5818
75152,TUNO,5818
75153,UBOS (POB.),5818
75154,AGAY-AY,5999
75155,BASAK,5999
75156,BOBON A,5999
75157,BOBON B,5999
75158,DAYANOG,5999
75159,GARRIDO,5999
75160,MINOYHO,5999
75161,OSAO,5999
75162,PONG-OY,5999
75163,SAN JOSE (POB.),5999
75164,SAN ROQUE,5999
75165,SAN VICENTE,5999
75166,SANTA CRUZ (POB.),5999
75167,SANTA FILOMENA,5999
75168,SANTO NIÑO (POB.),5999
75169,SOMOJE,5999
75170,SUA,5999
75171,TIMBA,5999
75172,BENIT,6000
75173,BITOON,6000
75174,CABUTAN,6000
75175,CAMANG,6000
75176,ESPERANZA,6000
75177,ESPERANZA DOS,6000
75178,INOLINAN,6000
75179,KINACHAWA,6000
75180,LOOC,6000
75181,PINUT-AN,6000
75182,POBLACION,6000
75183,SAN ANTONIO (ALANGALANG),6000
75184,SAN RAMON,6000
75185,SAUB,6000
75186,TIMBA,6000
75187,BALAGAWAN,6001
75188,CATMON,6001
75189,HINGATUNGAN,6001
75190,IMELDA,6001
75191,KATIPUNAN,6001
75192,LAGUMA,6001
75193,MERCEDES,6001
75194,POB. DISTRICT I,6001
75195,POB. DISTRICT II,6001
75196,PUNTANA,6001
75197,SALVACION,6001
75198,SAP-ANG,6001
75199,SUDMON,6001
75200,TUBA-ON,6001
75201,TUBOD,6001
75202,BENIT,5823
75203,BUAC DAKU,5823
75204,BUAC GAMAY,5823
75205,CABADBARAN,5823
75206,CONCEPCION,5823
75207,CONSOLACION,5823
75208,DAGSA,5823
75209,HIBOD-HIBOD,5823
75210,HINDANGAN,5823
75211,HIPANTAG,5823
75212,JAVIER,5823
75213,KAHUPIAN,5823
75214,KANANGKAAN,5823
75215,KAUSWAGAN,5823
75216,LA PURISIMA CONCEPCION,5823
75217,LIBAS,5823
75218,LUM-AN,5823
75219,MABICAY,5823
75220,MAC,5823
75221,MAGATAS,5823
75222,MAHAYAHAY,5823
75223,MALINAO,5823
75224,MARIA PLANA,5823
75225,MILAGROSO,5823
75226,OLISIHAN,5823
75227,PANCHO VILLA,5823
75228,PANDAN,5823
75229,RIZAL,5823
75230,SALVACION,5823
75231,SAN FRANCISCO MABUHAY,5823
75232,SAN ISIDRO,5823
75233,SAN JOSE,5823
75234,SAN JUAN (AGATA),5823
75235,SAN MIGUEL,5823
75236,SAN PEDRO,5823
75237,SAN ROQUE,5823
75238,SAN VICENTE,5823
75239,SANTA MARIA,5823
75240,SUBA,5823
75241,TAMPOONG,5823
75242,ZONE I (POB.),5823
75243,ZONE II (POB.),5823
75244,ZONE III (POB.),5823
75245,ZONE IV (POB.),5823
75246,ZONE V (POB.),5823
75247,ANAHAWAN,6003
75248,BANDAY (POB.),6003
75249,BIASONG,6003
75250,BOGO (POB.),6003
75251,CABASCAN,6003
75252,CAMANSI,6003
75253,CAMBITE (POB.),6003
75254,CANLUPAO,6003
75255,CARNAGA,6003
75256,CAWAYAN,6003
75257,HIGOSOAN,6003
75258,HINAGTIKAN,6003
75259,HINAPO,6003
75260,HUGPA,6003
75261,INIGUIHAN POB. (SALVACION),6003
75262,LOOC,6003
75263,LUAN,6003
75264,MAANYAG,6003
75265,MAG-ATA,6003
75266,MAPGAP,6003
75267,MASLOG,6003
75268,PONONG,6003
75269,RIZAL,6003
75270,SAN AGUSTIN,6003
75271,SAN ANTONIO,6003
75272,SAN ISIDRO,6003
75273,SAN MIGUEL,6003
75274,SAN ROQUE,6003
75275,TINAGO,6003
78994,BACUNGAN (POB.),6004
78995,BOGABONGAN,6004
78996,DELUSOM,6004
78997,MANGOP,6004
78998,MANIL,6004
78999,MAWAL,6004
79000,MIDATAG,6004
79001,MOROB,6004
79002,NASIBAC,6004
79003,RIZON,6004
79004,SANTA MARIA,6004
79005,SIPACONG,6004
79006,TALINGA,6004
79007,TINAPLAN,6004
79008,TINIGUIBAN,6004
79009,TINUYOP,6004
79010,TIOGAN,6004
79011,TITIK,6004
79012,ALEGRIA,6005
79013,DIANGAS,6005
79014,DICULOM,6005
79015,GUIMOTAN,6005
79016,KAUSWAGAN,6005
79017,KILALABAN,6005
79018,LINAY,6005
79019,LUMAY,6005
79020,MALINAO,6005
79021,MAMAD,6005
79022,MAMAWAN,6005
79023,MILIDAN,6005
79024,NONOYAN,6005
79025,POBLACION,6005
79026,SAN JOSE,6005
79027,TAMAO,6005
79028,TAN-AWAN,6005
79029,ALIGUAY,6006
79030,ANTIPOLO,6006
79031,ASENIERO,6006
79032,BA-AO,6006
79033,BAGTING (POB.),6006
79034,BANBANAN,6006
79035,BANONONG (POB.),6006
79036,BARCELONA,6006
79037,BAYLIMANGO,6006
79038,BURGOS,6006
79039,CANLUCANI,6006
79040,CARANG,6006
79041,CAWA-CAWA (POB.),6006
79042,DAMPALAN,6006
79043,DARO,6006
79044,DAWO (POB.),6006
79045,DIWA-AN,6006
79046,GUIMPUTLAN,6006
79047,HILLTOP,6006
79048,ILAYA,6006
79049,KAUSWAGAN (TALISAY),6006
79050,LARAYAN,6006
79051,LINABO (POB.),6006
79052,LIYANG,6006
79053,MARIA CRISTINA,6006
79054,MARIA URAY,6006
79055,MASIDLAKON,6006
79056,MATAGOBTOB POB. (TALISAY),6006
79057,NAPO,6006
79058,OPAO,6006
79059,ORO,6006
79060,OWAON,6006
79061,OYAN,6006
79062,POLO,6006
79063,POTOL (POB.),6006
79064,POTUNGAN,6006
79065,SAN FRANCISCO,6006
79066,SAN NICOLAS,6006
79067,SAN PEDRO,6006
79068,SAN VICENTE,6006
79069,SANTA CRUZ (POB.),6006
79070,SANTO NIÑO,6006
79071,SICAYAB BOCANA,6006
79072,SIGAYAN,6006
79073,SILINOG,6006
79074,SINONOC,6006
79075,SULANGON,6006
79076,TAG-OLO,6006
79077,TAGUILON,6006
79078,TAMION,6006
79079,BARRA (POB.),6007
79080,BIASONG (POB.),6007
79081,CENTRAL (POB.),6007
79082,COGON,6007
79083,DICAYAS,6007
79084,DIWAN,6007
79085,ESTACA (POB.),6007
79086,GALAS,6007
79087,GULAYON,6007
79088,LUGDUNGAN,6007
79089,MINAOG,6007
79090,MIPUTAK (POB.),6007
79091,OLINGAN,6007
79092,PUNTA,6007
79093,SAN JOSE,6007
79094,SANGKOL,6007
79095,SANTA FILOMENA,6007
79096,SANTA ISABEL,6007
79097,SICAYAB,6007
79098,SINAMAN,6007
79099,TURNO,6007
79100,BALUNO,6008
79101,BANUANGAN,6008
79102,BUNAWAN,6008
79103,DILUCOT,6008
79104,DIPOPOR,6008
79105,GUISAPONG,6008
79106,LIMBONGA (LIMBOANGAN),6008
79107,LOMOGOM,6008
79108,MAUSWAGON,6008
79109,MIAMPIC,6008
79110,POBLACION,6008
79111,RABA,6008
79112,RAMBON,6008
79113,SAN PEDRO,6008
79114,SARAWAGAN,6008
79115,SIANAN,6008
79116,SIORAN,6008
79117,BACONG,6009
79118,BAGONG SILANG,6009
79119,BANGANON,6009
79120,BAYANIHAN,6009
79121,BUENAVISTA,6009
79122,CANUPONG,6009
79123,COCOB,6009
79124,DATAGAN,6009
79125,IMELDA,6009
79126,IMMACULADA CONCEPCION,6009
79127,LA LIBERTAD,6009
79128,LOAY,6009
79129,LOWER LUX,6009
79130,LUX,6009
79131,MALIAN,6009
79132,MAMAWAN,6009
79133,MAP,6009
79134,MATUNOY,6009
79135,NEW DAPITAN,6009
79136,PANGANURAN,6009
79137,PITAWE,6009
79138,PITOGO,6009
79139,POBLACION (GUTALAC),6009
79140,SALVADOR,6009
79141,SAN ISIDRO,6009
79142,SAN JUAN,6009
79143,SAN ROQUE,6009
79144,SAN VICENTE,6009
79145,SANTO NIÑO,6009
79146,SAS,6009
79147,SIBALIC,6009
79148,TIPAN,6009
79149,UPPER GUTALAC,6009
79150,BALATAKAN,6010
79151,BITOON,6010
79152,DINASAN,6010
79153,ILIHAN,6010
79154,LABAKID,6010
79155,LIPAY,6010
79156,LITALIP,6010
79157,LOPERO,6010
79158,LUMANPING,6010
79159,MADALAG,6010
79160,MANAWAN,6010
79161,MARUPAY,6010
79162,POBLACION (PONOT),6010
79163,SIGAMOK,6010
79164,SIPAROK,6010
79165,TABON,6010
79166,TAMAROK,6010
79167,TAMIL,6010
79168,BATAYAN,6011
79169,BOTONG,6011
79170,CONCEPCION,6011
79171,DANIEL MAING (DOMINOLOG),6011
79172,FATIMA (LACSUTAN),6011
79173,GATAS,6011
79174,KALAWIT (POB.),6011
79175,MARCELO,6011
79176,NEW CALAMBA,6011
79177,PALALIAN,6011
79178,PARAISO,6011
79179,PIANON,6011
79180,SAN JOSE,6011
79181,TUGOP,6011
79182,BALOK,6012
79183,BARANGAY DOS (POB.),6012
79184,BARANGAY UNO (POB.),6012
79185,BASAGAN,6012
79186,BINIRAY,6012
79187,BULAWAN,6012
79188,CARUPAY,6012
79189,DAANGLUNGSOD,6012
79190,DABIAK,6012
79191,DR. JOSE RIZAL (LOWER MIAS),6012
79192,FIMAGAS,6012
79193,LOYURAN,6012
79194,MALASAY,6012
79195,MALUGAS,6012
79196,MATAM,6012
79197,MIAS,6012
79198,MIATAN,6012
79199,NANGINAN,6012
79200,NEW TAMBO,6012
79201,PATIK,6012
79202,SAN ANTONIO (LOOY),6012
79203,SAN VICENTE,6012
79204,SANAO,6012
79205,SANTO NIÑO,6012
79206,SERES,6012
79207,SEROAN,6012
79208,SINGATONG,6012
79209,SINUYAK,6012
79210,SITOG,6012
79211,TUBURAN,6012
79212,EL PARAISO,5842
79213,LA UNION,5842
79214,LA VICTORIA,5842
79215,MAUSWAGON,5842
79216,MERCEDES,5842
79217,NEW ARGAO,5842
79218,NEW BATAAN,5842
79219,NEW CARCAR,5842
79220,POBLACION,5842
79221,SAN JOSE,5842
79222,SANTA CATALINA,5842
79223,SANTA CRUZ,5842
79224,SINGARAN,5842
79225,ANTONINO (POB.),6014
79226,BALAS,6014
79227,BOBONGAN,6014
79228,DANSALAN,6014
79229,GABU,6014
79230,GIL SANCHEZ,6014
79231,IMELDA,6014
79232,IMMACULADA,6014
79233,KIPIT,6014
79234,LA UNION,6014
79235,LAPATAN,6014
79236,LAWAGAN,6014
79237,LAWIGAN,6014
79238,LOPOC (POB.),6014
79239,MALINTUBOAN,6014
79240,NEW SALVACION,6014
79241,OSUKAN,6014
79242,PATAWAG,6014
79243,SAN ISIDRO,6014
79244,UBAY,6014
79245,BANIGAN,6015
79246,BAYBAY (POB.),6015
79247,CABANGCALAN,6015
79248,CANAAN,6015
79249,CANDELARIA,6015
79250,CAUSWAGAN,6015
79251,COMMUNAL,6015
79252,COMPRA,6015
79253,DELA PAZ,6015
79254,EL PARAISO,6015
79255,FATIMA,6015
79256,GANASE,6015
79257,GOAW,6015
79258,GOIN,6015
79259,KAYOK,6015
79260,LA LIBERTAD (MAWAL),6015
79261,LAMAO,6015
79262,MABUHAY,6015
79263,MAIGANG,6015
79264,MALILA,6015
79265,MAUSWAGON,6015
79266,NEW BETHLEHEM,6015
79267,OVERVIEW,6015
79268,PANABANG,6015
79269,PATAWAG,6015
79270,PUNTA,6015
79271,SAN FRANCISCO,6015
79272,SAN ISIDRO,6015
79273,SAN MIGUEL,6015
79274,SAN ROQUE,6015
79275,SANTA CRUZ,6015
79276,SANTO NIÑO,6015
79277,SILUCAP,6015
79278,TAPICAN,6015
79279,TIMAN,6015
79280,VILLA CALIXTO SUDIACAL,6015
79281,VILLA M. TEJERO,6015
79282,DIPANE,6016
79283,DISAKAN,6016
79284,DON JOSE AGUIRRE,6016
79285,EAST POBLACION,6016
79286,GUPOT,6016
79287,LIBUTON,6016
79288,LINAY,6016
79289,LINGATONGAN,6016
79290,LUPASANG,6016
79291,MATE,6016
79292,MESES,6016
79293,PALARANAN,6016
79294,PANGANDAO,6016
79295,PATAGAN,6016
79296,POBLACION,6016
79297,PUNTA BLANCA,6016
79298,SALUYONG,6016
79299,SAN ANTONIO,6016
79300,SERONGAN,6016
79301,SUISAYAN,6016
79302,UPPER DISAKAN,6016
79303,VILLARAMOS,6016
79304,ALVENDA,6017
79305,BUENASUERTE,6017
79306,DILAND,6017
79307,DIOLEN,6017
79308,HEAD TIPAN,6017
79309,NEW CASUL,6017
79310,NEW SIQUIJOR,6017
79311,NEWLAND,6017
79312,PASO RIO,6017
79313,POBLACION,6017
79314,SAN MIGUEL,6017
79315,SANTO TOMAS,6017
79316,TINGLAN,6017
79317,TOTONGON,6017
79318,TUBAC,6017
79319,UNIDOS,6017
79320,ADANTE,6018
79321,BACUYONG,6018
79322,BAGONG SILANG,6018
79323,CALICAN,6018
79324,DEL PILAR,6018
79325,DESIN,6018
79326,DILAWA,6018
79327,DIONUM,6018
79328,LAPU-LAPU,6018
79329,LOWER GUMAY,6018
79330,LUZVILLA,6018
79331,POBLACION NORTH,6018
79332,POBLACION SOUTH,6018
79333,SANTA FE,6018
79334,SEGABE,6018
79335,SIKITAN,6018
79336,SILANO,6018
79337,TERESITA,6018
79338,TINAYTAYAN,6018
79339,UBAY (DAAN TIPAN),6018
79340,UPPER GUMAY,6018
79341,VILLARICO,6018
79342,ANASTACIO,6019
79343,BANDERA,6019
79344,BETHLEHEM,6019
79345,DANGI,6019
79346,DANSULLAN,6019
79347,DE VENTA PERLA,6019
79348,GUINLES,6019
79349,ISIS,6019
79350,LABRADOR (PRINDA),6019
79351,LAPAYANBAJA,6019
79352,LETAPAN,6019
79353,LINABO,6019
79354,LINGASAD,6019
79355,MACLEODES,6019
79356,MAGANGON,6019
79357,MALIGAYA,6019
79358,MILAD,6019
79359,NEW LEBANGON,6019
79360,NEW SICAYAB,6019
79361,OBAY,6019
79362,PIAN,6019
79363,POBLACION NORTH,6019
79364,POBLACION SOUTH,6019
79365,SAN ANTONIO (PAETAN),6019
79366,SAN MIGUEL (LOBOC),6019
79367,SAN PEDRO,6019
79368,SANTO NIÑO (LANTOY),6019
79369,SIANIB,6019
79370,SILAWE,6019
79371,VILLAHERMOSA,6019
79372,BALUBO,6020
79373,BANBANAN,6020
79374,CANIBONGAN,6020
79375,CAPASE,6020
79376,CAPE,6020
79377,DENOMAN,6020
79378,DOHINOB,6020
79379,GALOKSO,6020
79380,GUBAT,6020
79381,IRASAN,6020
79382,LABAKID,6020
79383,LANGATIAN,6020
79384,LIPAKAN,6020
79385,MARUPAY,6020
79386,MOLITON,6020
79387,NABILID,6020
79388,PANAMPALAY,6020
79389,PANGOLOGON,6020
79390,PIAO,6020
79391,PIÑALAN,6020
79392,PIÑAMAR,6020
79393,PONGOLAN,6020
79394,SALISIG,6020
79395,SEBOD,6020
79396,SIBATOG,6020
79397,SITUBO,6020
79398,TANAYAN,6020
79399,TANTINGON,6020
79400,UPPER IRASAN,6020
79401,UPPER MINANG,6020
79402,VILLAHERMOSO,6020
79403,BALUBOHAN,5070
79404,BIRAYAN,5070
79405,DAMASING,5070
79406,EAST POBLACION,5070
79407,LA ESPERANZA,5070
79408,MABUHAY,5070
79409,MABUNAO,5070
79410,MITIMOS,5070
79411,NANGCA,5070
79412,NANGCAAN,5070
79413,NAPILAN,5070
79414,NASIPANG,5070
79415,NEW DAPITAN,5070
79416,NILABO,5070
79417,NORTH MAPANG,5070
79418,RIZALINA,5070
79419,SAN ROQUE,5070
79420,SEBACA,5070
79421,SIPAON,5070
79422,SOUTH MAPANG,5070
79423,TOLON,5070
79424,WEST POBLACION,5070
79425,BACONG,6022
79426,BALAKAN,6022
79427,BINONI,6022
79428,CALUCAP,6022
79429,CANAWAN,6022
79430,CARACOL,6022
79431,DANAO,6022
79432,DINOAN,6022
79433,DIPOLOD,6022
79434,FATIMA (POGAN),6022
79435,IPILAN,6022
79436,LANAWAN,6022
79437,LIGUAC,6022
79438,LIPAKAN,6022
79439,MUCAS,6022
79440,PACUHAN,6022
79441,POBLACION (SALUG),6022
79442,POBLACION EAST,6022
79443,PUKAY,6022
79444,RAMON MAGSAYSAY,6022
79445,SANTO NIÑO,6022
79446,TAMBALANG,6022
79447,TAPALAN,6022
79448,ANTONINO,6023
79449,BAGONG BAGUIO,6023
79450,BAGUMBAYAN,6023
79451,BIAYON,6023
79452,BUENAVISTA,6023
79453,DAMPALAN,6023
79454,DANAO,6023
79455,DON ELENO,6023
79456,KAUSWAGAN,6023
79457,LABIRAY,6023
79458,LIWANAG,6023
79459,MABUHAY,6023
79460,MACALIBRE,6023
79461,MAHAYAHAY,6023
79462,MARAPONG,6023
79463,NAZARETH,6023
79464,NEBO,6023
79465,NEW RIZAL,6023
79466,NEW TANGUB,6023
79467,NUEVAVISTA,6023
79468,PEDAGAN,6023
79469,PENACIO,6023
79470,POBLACION ALTO,6023
79471,POBLACION BAJO,6023
79472,PRINCESA FRESHIA,6023
79473,PRINCESA LAMAYA,6023
79474,SAN ANTONIO,6023
79475,SAN FRANCISCO,6023
79476,SAN ISIDRO,6023
79477,SAN JOSE,6023
79478,SAN JUAN,6023
79479,SINAAD,6023
79480,SINAI,6023
79481,SITUBO,6023
79482,TINAGO,6023
79483,TININDUGAN,6023
79484,TUBURAN,6023
79485,VENUS,6023
79486,WILBEN,6023
79487,BALOK,6024
79488,BALUNOKAN,6024
79489,DATAGAN,6024
79490,DENOYAN,6024
79491,DIONGAN,6024
79492,DOMOGOK,6024
79493,DUMPILAS,6024
79494,GONAYEN,6024
79495,GUIBO,6024
79496,GUNYAN,6024
79497,LITOLET,6024
79498,MACASING,6024
79499,MANGILAY,6024
79500,MOYO,6024
79501,MUÑOZ,6024
79502,PANGE,6024
79503,PARANGLUMBA (POB.),6024
79504,POLAYO,6024
79505,SAYAW,6024
79506,SERIAC,6024
79507,SIAYAN PROPER (POB.),6024
79508,SUGUILON,6024
79509,ANONGAN,6025
79510,BASAK,6025
79511,BONGALAO,6025
79512,CABBUNAN,6025
79513,CAWIT-CAWIT,6025
79514,CULAGUAN,6025
79515,CUSIPAN,6025
79516,DINULAN,6025
79517,JATIAN,6025
79518,KAMARANGAN,6025
79519,LAKIKI,6025
79520,LAMBAGOAN,6025
79521,LIMPAPA,6025
79522,LINGAYON,6025
79523,LINTANGAN,6025
79524,LITAWAN,6025
79525,LUNDAY,6025
79526,MALAYAL,6025
79527,MANTIVO,6025
79528,NALA (POB.),6025
79529,PANGANURAN,6025
79530,PANGIAN,6025
79531,PANIRAN,6025
79532,PASILNAHUT,6025
79533,POBLACION,6025
79534,PULIRAN,6025
79535,SANTO NIÑO (CULABOG),6025
79536,TANGARAK,6025
79537,BAGACAY,6026
79538,CALILIC,6026
79539,CALUBE,6026
79540,DELAPA,6026
79541,KANIM,6026
79542,LIBAY,6026
79543,MAGSAYSAY,6026
79544,MARAPONG,6026
79545,MINLASAG,6026
79546,OYAN,6026
79547,PANGANURAN,6026
79548,POBLACION (SIBUTAD),6026
79549,SAWANG,6026
79550,SIBULOC,6026
79551,SINIPAY,6026
79552,SIPALOC,6026
79553,BAGO,6027
79554,BALOK,6027
79555,BANTAYAN,6027
79556,BATO,6027
79557,BENIGNO AQUINO JR.,6027
79558,BINUANGAN,6027
79559,BITOON,6027
79560,BUCANA,6027
79561,CALATUNAN,6027
79562,CALUAN,6027
79563,CALUBIAN,6027
79564,DAGOHOY,6027
79565,DAPAON,6027
79566,DATAGAN,6027
79567,DATU TANGKILAN,6027
79568,DICOYONG,6027
79569,DISUD,6027
79570,DON RICARDO MACIAS (DINOBOT),6027
79571,DOÑA JOSEFA,6027
79572,DUMALOGDOG,6027
79573,FATIMA,6027
79574,GAMPIS,6027
79575,GOLEO,6027
79576,IMELDA,6027
79577,INUMAN,6027
79578,JOAQUIN MACIAS,6027
79579,LA CONCEPCION,6027
79580,LA ROCHE SAN MIGUEL,6027
79581,LABAKID,6027
79582,LAGAG,6027
79583,LAPERO,6027
79584,LAWIS,6027
79585,MAGSAYSAY,6027
79586,MANDIH,6027
79587,MARAS,6027
79588,MAWAL,6027
79589,MISOK,6027
79590,MOTIBOT,6027
79591,NATO,6027
79592,NIPAAN,6027
79593,PANGALALAN,6027
79594,PIAO,6027
79595,POBLACION,6027
79596,SANTO NIÑO,6027
79597,SANTO ROSARIO,6027
79598,SIARE,6027
79599,TALINGA,6027
79600,TIGBAO,6027
79601,TINAPLAN,6027
79602,TITIK,6027
79603,UPPER INUMAN,6027
79604,UPPER NIPAAN,6027
79605,ANDRES MICUBO JR. (BALILI),6028
79606,BALAGUNAN,6028
79607,BUCANA,6028
79608,BULACAN,6028
79609,CANDIZ,6028
79610,DATU SAILILA,6028
79611,DIONISIO RICONALLA,6028
79612,"JOSE P. BRILLANTES, SR. (OLD LITUBAN)",6028
79613,LATABON,6028
79614,MAKIANG,6028
79615,MALAMBUHANGIN,6028
79616,MALIPOT,6028
79617,MANAOL,6028
79618,MATEO FRANCISCO,6028
79619,MATIAG,6028
79620,NEW LITUBAN,6028
79621,PANGIAN,6028
79622,PISAWAK,6028
79623,POBLACION,6028
79624,S. CABRAL,6028
79625,SANTA MARIA,6028
79626,SIAY,6028
79627,SUHAILE ARABI,6028
79628,TABAYO,6028
79629,TAGAYTAY,6028
79630,TIBANGAO,6028
79631,BALATAKAN,6029
79632,BALONKAN,6029
79633,BALUBUAN,6029
79634,BITUGAN,6029
79635,BONGON,6029
79636,CATUYAN,6029
79637,CULASIAN,6029
79638,DANGANON,6029
79639,DOÑA CECILIA,6029
79640,GUBAN,6029
79641,LAGUNDI,6029
79642,LIBUCON,6029
79643,LUBOK,6029
79644,MACUYON,6029
79645,MINANGA,6029
79646,MOTONG,6029
79647,NAPULAN,6029
79648,PANABUTAN,6029
79649,PIACAN,6029
79650,PIÑA,6029
79651,PISA ITOM,6029
79652,PISA PUTI,6029
79653,PUGOS,6029
79654,PULA BATO,6029
79655,PULANG LUPA,6029
79656,SAINT MARY (POB.),6029
79657,SAN NICOLAS (POB.),6029
79658,SAN ROQUE (POB.),6029
79659,SAN VICENTE (POB.),6029
79660,SIPAKIT,6029
79661,SIPAWA,6029
79662,SIRAWAI PROPER (POB.),6029
79663,TALABIGA,6029
79664,TAPANAYAN,6029
79665,BALACBAAN,6030
79666,BANBANAN,6030
79667,BARILI,6030
79668,CABONG,6030
79669,CAMUL,6030
79670,FARMINGTON,6030
79671,GALINGON,6030
79672,LAWAAN,6030
79673,LUMBAYAO,6030
79674,MALILA-T,6030
79675,MOLOS,6030
79676,NEW DAPITAN,6030
79677,POBLACION (TAMPILISAN),6030
79678,SANDAYONG,6030
79679,SANTO NIÑO,6030
79680,SITUBO,6030
79681,TILUBOG,6030
79682,TININGGAAN,6030
79683,TUBOD,6030
79684,ZNAC,6030
79685,ACAD,5081
79686,ALANG-ALANG,5081
79687,ALEGRIA,5081
79688,ANONANG,5081
79689,BAGONG MANDAUE,5081
79690,BAGONG MASLOG,5081
79691,BAGONG OSLOB,5081
79692,BAGONG PITOGO,5081
79693,BAKI,5081
79694,BALAS,5081
79695,BALIDE,5081
79696,BALINTAWAK,5081
79697,BAYABAS,5081
79698,BEMPOSA,5081
79699,CABILINAN,5081
79700,CAMPO UNO,5081
79701,CEBONEG,5081
79702,COMMONWEALTH,5081
79703,GUBAAN,5081
79704,INASAGAN,5081
79705,INROAD,5081
79706,KAHAYAGAN EAST (KATIPUNAN),5081
79707,KAHAYAGAN WEST,5081
79708,KAUSWAGAN,5081
79709,LA PAZ (TINIBTIBAN),5081
79710,LA VICTORIA,5081
79711,LANTUNGAN,5081
79712,LIBERTAD,5081
79713,LINTUGOP,5081
79714,LUBID,5081
79715,MAGUIKAY,5081
79716,MAHAYAHAY,5081
79717,MONTE ALEGRE,5081
79718,MONTELA,5081
79719,NAPO,5081
79720,PANAGHIUSA,5081
79721,POBLACION,5081
79722,RESTHOUSE,5081
79723,ROMARATE,5081
79724,SAN JOSE,5081
79725,SAN JUAN,5081
79726,SAPA LOBOC,5081
79727,TAGULALO,5081
79728,WATERFALL,5081
79729,BAKING,6032
79730,BALUKBAHAN,6032
79731,BALUMBUNAN,6032
79732,BANTAL,6032
79733,BOBUAN,6032
79734,CAMP BLESSING,6032
79735,CANOAYAN,6032
79736,CONACON,6032
79737,DAGUM,6032
79738,DAMIT,6032
79739,DATAGAN,6032
79740,DEPASE,6032
79741,DEPILI,6032
79742,DEPORE,6032
79743,DEPOREHAN,6032
79744,DIMALINAO,6032
79745,KAHAYAGAN,6032
79746,KANIPAAN,6032
79747,LAMARE,6032
79748,LIBA,6032
79749,MATIN-AO,6032
79750,MATUN-OG,6032
79751,PANGI (SAN ISIDRO),6032
79752,POBLACION,6032
79753,PULANG BATO,6032
79754,SALAWAGAN,6032
79755,SIGACAD,6032
79756,SUPON,6032
79757,BACAYAWAN,6033
79758,BAHA,6033
79759,BALANAGAN,6033
79760,BALUNO,6033
79761,BINUAY,6033
79762,BUBURAY,6033
79763,GRAP,6033
79764,JOSEFINA,6033
79765,KAGAWASAN,6033
79766,LALAB,6033
79767,LIBERTAD,6033
79768,MAGAHIS,6033
79769,MAHAYAG,6033
79770,MERCEDES,6033
79771,POBLACION,6033
79772,SALOAGAN,6033
79773,SAN ROQUE,6033
79774,SUGBAY UNO,6033
79775,SUMBATO,6033
79776,SUMPOT,6033
79777,TINGGABULONG,6033
79778,TINIGUANGAN,6033
79779,TIPANGI,6033
79780,UPPER LUDIONG,6033
79781,BACAWAN,6034
79782,BENUATAN,6034
79783,BERAY,6034
79784,DON JOSE,6034
79785,DONGOS,6034
79786,EAST MIGPULAO,6034
79787,GUINICOLALAY,6034
79788,IGNACIO GARRATA (NEW MIRAPAO),6034
79789,KINACAP,6034
79790,LEGARDA 1,6034
79791,LEGARDA 2,6034
79792,LEGARDA 3,6034
79793,LOWER DIMAYA,6034
79794,LUCOBAN,6034
79795,LUDIONG,6034
79796,NANGKA,6034
79797,NIAN,6034
79798,OLD MIRAPAO,6034
79799,PISA-AN,6034
79800,POBLACION,6034
79801,PROPER DIMAYA,6034
79802,SAGACAD,6034
79803,SAMBULAWAN,6034
79804,SAN ISIDRO,6034
79805,SONGAYAN,6034
79806,SUMPOTAN,6034
79807,TARAKAN,6034
79808,UPPER DIMAYA,6034
79809,UPPER SIBUL,6034
79810,WEST MIGPULAO,6034
79811,ANONANG,6035
79812,BAG-ONG MISAMIS,6035
79813,BAG-ONG SILAO,6035
79814,BAGA,6035
79815,BALOBOAN,6035
79816,BANTA-AO,6035
79817,BIBILIK,6035
79818,CALINGAYAN,6035
79819,CAMALIG,6035
79820,CAMANGA,6035
79821,CUATRO-CUATRO,6035
79822,LOCUBAN,6035
79823,MALASIK,6035
79824,MAMA (SAN JUAN),6035
79825,MATAB-ANG,6035
79826,MECOLONG,6035
79827,METOKONG,6035
79828,MOTOSAWA,6035
79829,PAG-ASA (POB.),6035
79830,PAGLAUM (POB.),6035
79831,PANTAD,6035
79832,PINIGLIBANO,6035
79833,REBOKON,6035
79834,SAN AGUSTIN,6035
79835,SIBUCAO,6035
79836,SUMADAT,6035
79837,TIKWAS,6035
79838,TINA,6035
79839,TUBO-PAIT,6035
79840,UPPER DUMALINAO,6035
79841,BAG-ONG VALENCIA,6036
79842,BAGONG KAUSWAGAN,6036
79843,BAGONG SILANG,6036
79844,BUCAYAN,6036
79845,CALUMANGGI,6036
79846,CANIBONGAN,6036
79847,CARIDAD,6036
79848,DANLUGAN,6036
79849,DAPIWAK,6036
79850,DATU TOTOCAN,6036
79851,DILUD,6036
79852,DITULAN,6036
79853,DULIAN,6036
79854,DULOP,6036
79855,GUINTANANAN,6036
79856,GUITRAN,6036
79857,GUMPINGAN,6036
79858,LA FORTUNA,6036
79859,LABANGON,6036
79860,LIBERTAD,6036
79861,LICABANG,6036
79862,LIPAWAN,6036
79863,LOWER LANDING,6036
79864,LOWER TIMONAN,6036
79865,MACASING,6036
79866,MAHAYAHAY,6036
79867,MALAGALAD,6036
79868,MANLABAY,6036
79869,MARALAG,6036
79870,MARANGAN,6036
79871,NEW BASAK,6036
79872,SAAD,6036
79873,SALVADOR,6036
79874,SAN JUAN,6036
79875,SAN PABLO (POB.),6036
79876,SAN PEDRO (POB.),6036
79877,SAN VICENTE,6036
79878,SENOTE,6036
79879,SINONOK,6036
79880,SUNOP,6036
79881,TAGUN,6036
79882,TAMURAYAN,6036
79883,UPPER LANDING,6036
79884,UPPER TIMONAN,6036
79885,BAGONG OROQUIETA,6037
79886,BAGUITAN,6037
79887,BALONGATING,6037
79888,CANUNAN,6037
79889,DACSOL,6037
79890,DAGOHOY,6037
79891,DALAPANG,6037
79892,DATAGAN,6037
79893,GULING,6037
79894,KATIPUNAN,6037
79895,LINTUM,6037
79896,LITAN,6037
79897,MAGTING,6037
79898,POBLACION (GUIPOS),6037
79899,REGLA,6037
79900,SIKATUNA,6037
79901,SINGCLOT,6037
79902,BOGO CALABAT,6038
79903,DAWA (DIWA),6038
79904,EBARLE,6038
79905,GUMAHAN (POB.),6038
79906,LEONARDO,6038
79907,LITAPAN,6038
79908,LOWER BAGONG TUDELA,6038
79909,MANSANAS,6038
79910,MORADJI,6038
79911,NEMEÑO,6038
79912,NOPULAN,6038
79913,SEBUKANG,6038
79914,TAGAYTAY HILL,6038
79915,UPPER BAGONG TUDELA (POB.),6038
79916,BOGAYO,6039
79917,BOLISONG,6039
79918,BOYUGAN EAST,6039
79919,BOYUGAN WEST,6039
79920,BUALAN,6039
79921,DIPLO,6039
79922,GAWIL,6039
79923,GUSOM,6039
79924,KITAAN DAGAT,6039
79925,LANTAWAN,6039
79926,LIMAMAWAN,6039
79927,MAHAYAHAY,6039
79928,PANGI,6039
79929,PICANAN,6039
79930,POBLACION,6039
79931,SALAGMANOK,6039
79932,SECADE,6039
79933,SUMINALUM,6039
79934,BAGALUPA,6040
79935,BALIMBINGAN (WEST LUYA),6040
79936,BINAYAN,6040
79937,BOKONG,6040
79938,BULANIT,6040
79939,COGONAN,6040
79940,COMBO,6040
79941,DALAPANG,6040
79942,DIMASANGCA,6040
79943,DIPAYA,6040
79944,LANGAPOD,6040
79945,LANTIAN,6040
79946,LOWER CAMPO ISLAM (POB.),6040
79947,LOWER PULACAN,6040
79948,LOWER SANG-AN,6040
79949,NEW LABANGAN,6040
79950,NOBORAN,6040
79951,OLD LABANGAN,6040
79952,SAN ISIDRO,6040
79953,SANTA CRUZ,6040
79954,TAPODOC,6040
79955,TAWAGAN NORTE,6040
79956,UPPER CAMPO ISLAM (POB.),6040
79957,UPPER PULACAN,6040
79958,UPPER SANG-AN,6040
79959,BAGONG KAHAYAG,6041
79960,BAKING,6041
79961,BISWANGAN,6041
79962,BULULAWAN,6041
79963,DAGUM,6041
79964,GASA,6041
79965,GATUB,6041
79966,LUKUAN,6041
79967,MATALANG,6041
79968,POBLACION (LAKEWOOD),6041
79969,SAPANG PINOLES,6041
79970,SEBUGUEY,6041
79971,TIWALES,6041
79972,TUBOD,6041
79973,BULAWAN,6042
79974,CARPOC,6042
79975,DANGANAN,6042
79976,DANSAL,6042
79977,DUMARA,6042
79978,LINOKMADALUM,6042
79979,LUANAN,6042
79980,LUBUSAN,6042
79981,MAHALINGEB,6042
79982,MANDEG,6042
79983,MARALAG,6042
79984,MARUING,6042
79985,MOLUM,6042
79986,PAMPANG,6042
79987,PANTAD,6042
79988,PINGALAY,6042
79989,POBLACION,6042
79990,SALAMBUYAN,6042
79991,SAN JOSE,6042
79992,SAYOG,6042
79993,TABON,6042
79994,TALABAB,6042
79995,TIGUHA,6042
79996,TININGHALANG,6042
79997,TIPASAN,6042
79998,TUGAYA,6042
79999,BAG-ONG BALAMBAN,6043
80000,BAG-ONG DALAGUETE,6043
80001,BONIAO,6043
80002,DELUSOM,6043
80003,DIWAN,6043
80004,GURIPAN,6043
80005,KAANGAYAN,6043
80006,KABUHI,6043
80007,LOURMAH (LOWER MAHAYAG),6043
80008,LOWER SALUG DAKU,6043
80009,LOWER SANTO NIÑO,6043
80010,MALUBO,6043
80011,MANGUILES,6043
80012,MARABANAN (BALANAN),6043
80013,PANAGAAN,6043
80014,PARAISO,6043
80015,PEDAGAN,6043
80016,POBLACION (UPPER MAHAYAG),6043
80017,PUGWAN,6043
80018,SAN ISIDRO,6043
80019,SAN JOSE,6043
80020,SAN VICENTE,6043
80021,SANTA CRUZ,6043
80022,SICPAO,6043
80023,TUBORAN,6043
80024,TULAN,6043
80025,TUMAPIC,6043
80026,UPPER SALUG DAKU,6043
80027,UPPER SANTO NIÑO,6043
80028,BALINTAWAK,6044
80029,BULARONG,6044
80030,DIGON,6044
80031,GUINIMANAN,6044
80032,IGAT ISLAND,6044
80033,JOSEFINA,6044
80034,KALIAN,6044
80035,KOLOT,6044
80036,LIMABATONG,6044
80037,LIMAMAWAN,6044
80038,LUMBOG,6044
80039,MAGAHIS,6044
80040,POBLACION,6044
80041,SAGUA,6044
80042,TALANUSA,6044
80043,TIGUIAN,6044
80044,TULAPOC,6044
80045,BACAHAN,6045
80046,BALONAI,6045
80047,BIBILOP,6045
80048,BULORON,6045
80049,CABALORAN,6045
80050,CANIPAY NORTE,6045
80051,CANIPAY SUR,6045
80052,CUMARON,6045
80053,DAKAYAKAN,6045
80054,DUELIC,6045
80055,DUMALINAO,6045
80056,ECUAN,6045
80057,GOLICTOP,6045
80058,GUINABOT,6045
80059,GUITALOS,6045
80060,GUMA,6045
80061,KAHAYAGAN,6045
80062,LICURO-AN,6045
80063,LUMPUNID,6045
80064,MATALANG,6045
80065,NEW KATIPUNAN,6045
80066,NEW UNIDOS,6045
80067,PALILI,6045
80068,PAWAN,6045
80069,PILI,6045
80070,PISOMPONGAN,6045
80071,PIWAN,6045
80072,POBLACION A,6045
80073,POBLACION B,6045
80074,SIGAPOD,6045
80075,TIMBABOY,6045
80076,TULBONG,6045
80077,TULUAN,6045
80078,ALICIA,6046
80079,ARIOSA,6046
80080,BAGONG ARGAO,6046
80081,BAGONG GUTLANG,6046
80082,BLANCIA,6046
80083,BOGO CAPALARAN,6046
80084,CULO,6046
80085,DALAON,6046
80086,DIPOLO,6046
80087,DONTULAN,6046
80088,GONOSAN,6046
80089,LOWER DIMALINAO,6046
80090,LOWER DIMOROK,6046
80091,MABUHAY,6046
80092,MADASIGON (POB.),6046
80093,MAKUGUIHON (POB.),6046
80094,MALOLOY-ON (POB.),6046
80095,MILIGAN,6046
80096,PARASAN,6046
80097,RIZAL,6046
80098,SANTO ROSARIO,6046
80099,SILANGIT,6046
80100,SIMATA,6046
80101,SUDLON,6046
80102,UPPER DIMOROK,6046
80103,ALEGRIA,6047
80104,BALANGASAN (POB.),6047
80105,BALINTAWAK,6047
80106,BALOYBOAN,6047
80107,BANALE,6047
80108,BOGO,6047
80109,BOMBA,6047
80110,BUENAVISTA,6047
80111,BULATOK,6047
80112,BULAWAN,6047
80113,DAMPALAN,6047
80114,DANLUGAN,6047
80115,DAO,6047
80116,DATAGAN,6047
80117,DEBOROK,6047
80118,DITORAY,6047
80119,DUMAGOC,6047
80120,GATAS (POB.),6047
80121,GUBAC,6047
80122,GUBANG,6047
80123,KAGAWASAN,6047
80124,KAHAYAGAN,6047
80125,KALASAN,6047
80126,KAWIT,6047
80127,LA SUERTE,6047
80128,LALA,6047
80129,LAPIDIAN,6047
80130,LENIENZA,6047
80131,LIZON VALLEY,6047
80132,LOURDES,6047
80133,LOWER SIBATANG,6047
80134,LUMAD,6047
80135,LUMBIA,6047
80136,MACASING,6047
80137,MANGA,6047
80138,MURICAY,6047
80139,NAPOLAN,6047
80140,PALPALAN,6047
80141,PEDULONAN,6047
80142,POLOYAGAN,6047
80143,SAN FRANCISCO (POB.),6047
80144,SAN JOSE (POB.),6047
80145,SAN PEDRO (POB.),6047
80146,SANTA LUCIA (POB.),6047
80147,SANTA MARIA,6047
80148,SANTIAGO (POB.),6047
80149,SANTO NIÑO,6047
80150,TAWAGAN SUR,6047
80151,TIGUMA,6047
80152,TUBURAN (POB.),6047
80153,TULANGAN,6047
80154,TULAWAS,6047
80155,UPPER SIBATANG,6047
80156,WHITE BEACH,6047
80157,BALABAWAN,5380
80158,BALONG-BALONG,5380
80159,COLOJO,5380
80160,LIASAN,5380
80161,LIGUAC,5380
80162,LIMBAYAN,5380
80163,LOWER PANIKI-AN,5380
80164,MATIN-AO,5380
80165,PANUBIGAN,5380
80166,POBLACION (PITOGO),5380
80167,PUNTA FLECHA,5380
80168,SAN ISIDRO,5380
80169,SUGBAY DOS,5380
80170,TONGAO,5380
80171,UPPER PANIKI-AN,5380
80172,BAGONG OPON,6049
80173,BAMBONG DAKU,6049
80174,BAMBONG DIUT,6049
80175,BOBONGAN,6049
80176,CAMPO IV,6049
80177,CAMPO V,6049
80178,CANIANGAN,6049
80179,DIPALUSAN,6049
80180,EASTERN BOBONGAN,6049
80181,ESPERANZA,6049
80182,GAPASAN,6049
80183,KATIPUNAN,6049
80184,KAUSWAGAN,6049
80185,LOWER SAMBULAWAN,6049
80186,MABINI,6049
80187,MAGSAYSAY,6049
80188,MALATING,6049
80189,PARADISE,6049
80190,PASINGKALAN,6049
80191,POBLACION,6049
80192,SAN FERNANDO,6049
80193,SANTO ROSARIO,6049
80194,SAPA ANDING,6049
80195,SINAGUING,6049
80196,SWITCH,6049
80197,UPPER LAPERIAN,6049
80198,WAKAT,6049
80199,BETINAN,5178
80200,BULAWAN,5178
80201,CALUBE,5178
80202,CONCEPCION,5178
80203,DAO-AN,5178
80204,DUMALIAN,5178
80205,FATIMA,5178
80206,LANGILAN,5178
80207,LANTAWAN,5178
80208,LAPERIAN,5178
80209,LIBUGANAN,5178
80210,LIMONAN,5178
80211,MATI,5178
80212,OCAPAN,5178
80213,POBLACION,5178
80214,SAN ISIDRO,5178
80215,SAYOG,5178
80216,TAPIAN,5178
80217,BAG-ONG MISAMIS,5112
80218,BUBUAL,5112
80219,BUTON,5112
80220,CULASIAN,5112
80221,DAPLAYAN,5112
80222,KALILANGAN,5112
80223,KAPAMANOK,5112
80224,KONDUM,5112
80225,LUMBAYAO,5112
80226,MABUHAY,5112
80227,MARCOS VILLAGE,5112
80228,MIASIN,5112
80229,MOLANSONG,5112
80230,PANTAD,5112
80231,PAO,5112
80232,PAYAG,5112
80233,POBLACION (SAN PABLO),5112
80234,PONGAPONG,5112
80235,SACBULAN,5112
80236,SAGASAN,5112
80237,SAN JUAN,5112
80238,SENIOR,5112
80239,SONGGOY,5112
80240,TANDUBUAY,5112
80241,TANIAPAN,5112
80242,TICALA ISLAND,5112
80243,TUBO-PAIT,5112
80244,VILLAKAPA,5112
80245,BAG-ONG BAROY,6052
80246,BAG-ONG OROQUIETA,6052
80247,BARUBUHAN,6052
80248,BULANAY,6052
80249,DATAGAN,6052
80250,EASTERN POBLACION,6052
80251,LANTAWAN,6052
80252,LIBERTAD,6052
80253,LUMANGOY,6052
80254,NEW CARMEN,6052
80255,PICTURAN,6052
80256,POBLACION,6052
80257,RIZAL,6052
80258,SAN MIGUEL,6052
80259,SANTO NIÑO,6052
80260,SAWA,6052
80261,TUNGAWAN,6052
80262,UPPER SICPAO,6052
80263,ABONG-ABONG,6053
80264,BAGANIAN,6053
80265,BAYA-BAYA,6053
80266,CAPISAN,6053
80267,CONCEPCION,6053
80268,CULABAY,6053
80269,DOÑA JOSEFINA,6053
80270,LUMBIA,6053
80271,MABUHAY,6053
80272,MALIM,6053
80273,MANIKAAN,6053
80274,NEW OROQUIETA,6053
80275,POBLACION,6053
80276,SAN FRANCISCO,6053
80277,TULTOLAN,6053
80278,ALANG-ALANG,6054
80279,ANGELES,6054
80280,BAG-ONG KAUSWAGAN,6054
80281,BAG-ONG TABOGON,6054
80282,BALUGO,6054
80283,CABGAN,6054
80284,CALOLOT,6054
80285,DIMALINAO,6054
80286,FABIAN (BALUCOT),6054
80287,GABUNON,6054
80288,HAPPY VALLEY (POB.),6054
80289,KAPALARAN,6054
80290,LIBATO,6054
80291,LIMAMAWAN,6054
80292,LOWER LIASAN,6054
80293,LOWER LODIONG (POB.),6054
80294,LOWER TIPARAK,6054
80295,LOWER USOGAN,6054
80296,MAYA-MAYA,6054
80297,NEW VILLAGE (POB.),6054
80298,PELOCOBAN,6054
80299,RIVERSIDE (POB.),6054
80300,SAGRADA FAMILIA,6054
80301,SAN JOSE,6054
80302,SAN VICENTE,6054
80303,SUMALIG,6054
80304,TULUAN,6054
80305,TUNGAWAN,6054
80306,UPPER LIASON,6054
80307,UPPER LODIONG,6054
80308,UPPER TIPARAK,6054
80309,BEGONG,6055
80310,BUSOL,6055
80311,CALUMA,6055
80312,DIANA COUNTRYSIDE,6055
80313,GUINLIN,6055
80314,LACARAYAN,6055
80315,LACUPAYAN,6055
80316,LIBAYOY,6055
80317,LIMAS,6055
80318,LONGMOT,6055
80319,MARAGANG,6055
80320,MATE,6055
80321,NANGAN-NANGAN,6055
80322,NEW TUBURAN,6055
80323,NILO,6055
80324,TIGBAO,6055
80325,TIMOLAN,6055
80326,UPPER NILO,6055
80327,ALINDAHAW,6056
80328,BACLAY,6056
80329,BALIMBINGAN,6056
80330,BUENASUERTE,6056
80331,CAMANGA,6056
80332,CURVADA,6056
80333,LAPERIAN,6056
80334,LIBERTAD,6056
80335,LOWER BAYAO,6056
80336,LUY-A,6056
80337,MANILAN,6056
80338,MANLAYAG,6056
80339,MILITAR,6056
80340,NAVALAN,6056
80341,PANDUMA SENIOR,6056
80342,SAMBULAWAN,6056
80343,SAN ANTONIO,6056
80344,SAN CARLOS (POB.),6056
80345,SANTO NIÑO (POB.),6056
80346,SANTO ROSARIO,6056
80347,SUGOD,6056
80348,TABUAN,6056
80349,TAGULO,6056
80350,TINOTUNGAN,6056
80351,UPPER BAYAO,6056
80352,AMBULON,6057
80353,BUI-OS,6057
80354,COGON,6057
80355,DANAN,6057
80356,KABATAN,6057
80357,KAPATAGAN,6057
80358,LIMASON,6057
80359,LINOGUAYAN,6057
80360,LUMBAL,6057
80361,LUNIB,6057
80362,MACULAY,6057
80363,MARAYA,6057
80364,SAGUCAN,6057
80365,WALING-WALING,6057
80366,ARENA BLANCO,6058
80367,AYALA,6058
80368,BALIWASAN,6058
80369,BALUNO,6058
80370,BARANGAY ZONE I (POB.),6058
80371,BARANGAY ZONE II (POB.),6058
80372,BARANGAY ZONE III (POB.),6058
80373,BARANGAY ZONE IV (POB.),6058
80374,BOALAN,6058
80375,BOLONG,6058
80376,BUENAVISTA,6058
80377,BUNGUIAO,6058
80378,BUSAY (SACOL ISLAND),6058
80379,CABALUAY,6058
80380,CABATANGAN,6058
80381,CACAO,6058
80382,CALABASA,6058
80383,CALARIAN,6058
80384,CAMINO NUEVO,6058
80385,CAMPO ISLAM,6058
80386,CANELAR,6058
80387,CAPISAN,6058
80388,CAWIT,6058
80389,CULIANAN,6058
80390,CURUAN,6058
80391,DITA,6058
80392,DIVISORIA,6058
80393,DULIAN (UPPER BUNGUIAO),6058
80394,DULIAN (UPPER PASONANCA),6058
80395,GUISAO,6058
80396,GUIWAN,6058
80397,KASANYANGAN,6058
80398,LA PAZ,6058
80399,LABUAN,6058
80400,LAMISAHAN,6058
80401,LANDANG GUA,6058
80402,LANDANG LAUM,6058
80403,LANZONES,6058
80404,LAPAKAN,6058
80405,LATUAN (CURUAN),6058
80406,LICOMO,6058
80407,LIMAONG,6058
80408,LIMPAPA,6058
80409,LUBIGAN,6058
80410,LUMAYANG,6058
80411,LUMBANGAN,6058
80412,LUNZURAN,6058
80413,MAASIN,6058
80414,MALAGUTAY,6058
80415,MAMPANG,6058
80416,MANALIPA,6058
80417,MANGUSU,6058
80418,MANICAHAN,6058
80419,MARIKI,6058
80420,MERCEDES,6058
80421,MUTI,6058
80422,PAMUCUTAN,6058
80423,PANGAPUYAN,6058
80424,PANUBIGAN,6058
80425,PASILMANTA (SACOL ISLAND),6058
80426,PASOBOLONG,6058
80427,PASONANCA,6058
80428,PATALON,6058
80429,PUTIK,6058
80430,QUINIPUT,6058
80431,RECODO,6058
80432,RIO HONDO,6058
80433,SALAAN,6058
80434,SAN JOSE CAWA-CAWA,6058
80435,SAN JOSE GUSU,6058
80436,SAN ROQUE,6058
80437,SANGALI,6058
80438,SANTA BARBARA,6058
80439,SANTA CATALINA,6058
80440,SANTA MARIA,6058
80441,SANTO NIÑO,6058
80442,SIBULAO (CARUAN),6058
80443,SINUBUNG,6058
80444,SINUNOC,6058
80445,TAGASILAY,6058
80446,TAGUITI,6058
80447,TALABAAN,6058
80448,TALISAYAN,6058
80449,TALON-TALON,6058
80450,TALUKSANGAY,6058
80451,TETUAN,6058
80452,TICTAPUL,6058
80453,TIGBALABAG,6058
80454,TIGTABON,6058
80455,TOLOSA,6058
80456,TUGBUNGAN,6058
80457,TULUNGATUNG,6058
80458,TUMAGA,6058
80459,TUMALUTAB,6058
80460,TUMITUS,6058
80461,VICTORIA,6058
80462,VITALI,6058
80463,ZAMBOWOOD,6058
80464,ALEGRIA,5079
80465,BAGONG BUHAY,5079
80466,BELLA,5079
80467,CALADES,5079
80468,CONCEPCION,5079
80469,DAWA-DAWA,5079
80470,GULAYON,5079
80471,ILISAN,5079
80472,KAPATAGAN,5079
80473,KAUSWAGAN,5079
80474,KAWAYAN,5079
80475,LA PAZ,5079
80476,LAMBUYOGAN,5079
80477,LAPIRAWAN,5079
80478,LITAYON,5079
80479,LUTIMAN,5079
80480,MILAGROSA (BALUNO),5079
80481,NAGA-NAGA,5079
80482,PANDAN-PANDAN,5079
80483,PAYONGAN,5079
80484,POBLACION,5079
80485,SANTA MARIA,5079
80486,SANTO NIÑO,5079
80487,TALAPTAP,5079
80488,TAMPALAN,5079
80489,TANDIONG MUSLIM,5079
80490,TIMBANG-TIMBANG,5079
80491,AGUTAYAN,6060
80492,BAGONG BORBON,6060
80493,BASALEM,6060
80494,BAWANG,6060
80495,BLISS,6060
80496,BULAAN,6060
80497,COMPOSTELA,6060
80498,DANLUGAN,6060
80499,DATU PANAS,6060
80500,DEL MONTE,6060
80501,GUINTULOAN,6060
80502,GUITOM,6060
80503,GUMINTA,6060
80504,LABRADOR,6060
80505,LANTAWAN,6060
80506,MABUHAY,6060
80507,MAGANAY,6060
80508,MANLIN,6060
80509,MUYO,6060
80510,PAMINTAYAN,6060
80511,PLING,6060
80512,POBLACION,6060
80513,PULOG,6060
80514,SAN JOSE,6060
80515,TALAIRAN,6060
80516,TALAMIMI,6060
80517,VILLACASTOR (GALIT),6060
80518,BALANGAO,6061
80519,BUTONG,6061
80520,DITAY,6061
80521,GAULAN,6061
80522,GOLING,6061
80523,GUINOMAN,6061
80524,KAUSWAGAN,6061
80525,LINDANG,6061
80526,LOBING,6061
80527,LUOP,6061
80528,MANANGON,6061
80529,MEJO,6061
80530,NATAN,6061
80531,PARADISE,6061
80532,PILAR,6061
80533,POBLACION (DIPLAHAN),6061
80534,SAMPOLI A,6061
80535,SAMPOLI B,6061
80536,SANTA CRUZ,6061
80537,SONGCUYA,6061
80538,TINONGTONGAN,6061
80539,TUNO,6061
80540,BALUGO,6062
80541,BALUNGISAN,6062
80542,BALUYAN,6062
80543,CANA-AN,6062
80544,DUMPOC,6062
80545,GANDIANGAN,6062
80546,ISRAEL (BALIAN ISRAEL),6062
80547,LA VICTORIA,6062
80548,LITTLE BAGUIO,6062
80549,LOWER BALURAN,6062
80550,LUMBOG,6062
80551,LUMPANAC,6062
80552,MALI LITTLE BAGUIO,6062
80553,POBLACION (SANTA FE),6062
80554,PULAWAN (MT. VIEW),6062
80555,SAN JOSE,6062
80556,SANTA BARBARA,6062
80557,UPPER BALURAN,6062
80558,BACALAN,6063
80559,BANGKEROHAN,6063
80560,BULU-AN,6063
80561,CAPARAN,6063
80562,DOMANDAN,6063
80563,DON ANDRES,6063
80564,DOÑA JOSEFA,6063
80565,GUITUAN,6063
80566,IPIL HEIGHTS,6063
80567,LABI,6063
80568,LOGAN,6063
80569,LOWER IPIL HEIGHTS,6063
80570,LOWER TAWAY,6063
80571,LUMBIA,6063
80572,MAASIN,6063
80573,MAGDAUP,6063
80574,MAKILAS,6063
80575,PANGI,6063
80576,POBLACION,6063
80577,SANITO,6063
80578,SUCLEMA,6063
80579,TAWAY,6063
80580,TENAN,6063
80581,TIAYON,6063
80582,TIMALANG,6063
80583,TOMITOM,6063
80584,UPPER PANGI,6063
80585,VETERAN'S VILLAGE (RUIZ),6063
80586,BANKER,6064
80587,BOLO BATALLION,6064
80588,BUAYAN,6064
80589,CAINGLET,6064
80590,CALAPAN,6064
80591,CALUBIHAN,6064
80592,CONCEPCION (BALUNGIS),6064
80593,DIAMPAK,6064
80594,DIPALA,6064
80595,GACBUSAN,6064
80596,GOODYEAR,6064
80597,LACNAPAN,6064
80598,LITTLE BAGUIO,6064
80599,LUMBAYAO,6064
80600,NAZARETH,6064
80601,PALINTA,6064
80602,PEÑARANDA,6064
80603,POBLACION,6064
80604,RIVERSIDE,6064
80605,SANGHANAN,6064
80606,SANTA CRUZ,6064
80607,SAYAO,6064
80608,SHIOLAN,6064
80609,SIMBOL,6064
80610,SININAN,6064
80611,TAMIN,6064
80612,TAMPILISAN,6064
80613,TIGBANGAGAN,6064
80614,TIMUAY DANDA (MANGAHAS),6064
80615,ABUNDA,6065
80616,BAGONG SILANG,6065
80617,BANGKAW-BANGKAW,6065
80618,CALIRAN,6065
80619,CATIPAN,6065
80620,KAUSWAGAN,6065
80621,LIGAYA,6065
80622,LOOC-BARLAK,6065
80623,MALINAO,6065
80624,PAMANSAAN,6065
80625,PINALIM (SAN ROQUE),6065
80626,POBLACION,6065
80627,PUNAWAN,6065
80628,SANTO NIÑO (CALIRAN),6065
80629,SAWA,6065
80630,SIOTON,6065
80631,TAGUISIAN,6065
80632,TANDU-COMOT (KATIPUNAN),6065
80633,BACAO,6066
80634,BASAK-BAWANG,6066
80635,BONTONG,6066
80636,CAMANGA,6066
80637,CANDIIS,6066
80638,CATITUAN,6066
80639,DANSULAO,6066
80640,DEL PILAR,6066
80641,GUILAWA,6066
80642,KIGAY,6066
80643,LA DICHA,6066
80644,LIPACAN,6066
80645,LOGPOND,6066
80646,MABINI,6066
80647,MALUNGON,6066
80648,MULOM,6066
80649,OVERLAND,6066
80650,PALALIAN,6066
80651,PAYAG,6066
80652,POBLACION,6066
80653,REBOCON,6066
80654,SAN VICENTE,6066
80655,SINUSAYAN,6066
80656,TACKLING,6066
80657,TIGABON,6066
80658,AGUINALDO,6067
80659,BAGA,6067
80660,BALUNO,6067
80661,BANGKAW-BANGKAW,6067
80662,CABONG,6067
80663,CROSSING STA. CLARA,6067
80664,GUBAWANG,6067
80665,GUINTOLOAN,6067
80666,KALIANTANA,6067
80667,LA PAZ,6067
80668,LOWER SULITAN,6067
80669,MAMAGON,6067
80670,MARSOLO,6067
80671,POBLACION,6067
80672,SAN ISIDRO,6067
80673,SANDAYONG,6067
80674,SANTA CLARA,6067
80675,SULO,6067
80676,TAMBANAN,6067
80677,TAYTAY MANUBO,6067
80678,TILUBOG,6067
80679,TIPAN,6067
80680,UPPER SULITAN,6067
80681,BATERIA,6068
80682,CALAIS (KALINES),6068
80683,ESPERANZA,6068
80684,FAMA,6068
80685,GALAS,6068
80686,GANDAAN,6068
80687,KAHAYAGAN,6068
80688,LOOC SAPI,6068
80689,MATIM,6068
80690,NOQUE,6068
80691,PULO LAUM,6068
80692,PULO MABAO,6068
80693,SAN ISIDRO,6068
80694,SAN JOSE,6068
80695,SANTA MARIA,6068
80696,SOLAR (POB.),6068
80697,TAMBANAN,6068
80698,VILLACORTE,6068
80699,VILLAGONZALO,6068
80700,BALIAN,6069
80701,BALOGO,6069
80702,BALUNGISAN,6069
80703,BINANGONAN,6069
80704,BULACAN,6069
80705,BULAWAN,6069
80706,CALAPE,6069
80707,DALAMA,6069
80708,FATIMA (SILAL),6069
80709,GUINTOLAN,6069
80710,GUIWAN,6069
80711,KATIPUNAN,6069
80712,KIMA,6069
80713,KULASIAN,6069
80714,KULISAP,6069
80715,LA FORTUNA,6069
80716,LABATAN,6069
80717,MAYABO (SANTA MARIA),6069
80718,MINUNDAS (SANTO. NIÑO),6069
80719,MOUNTAIN VIEW (PULUAN),6069
80720,NANAN,6069
80721,POBLACION (PAYAO),6069
80722,SAN ISIDRO,6069
80723,SAN ROQUE,6069
80724,SAN VICENTE (BINANGONAN),6069
80725,SILAL,6069
80726,SUMILONG,6069
80727,TALAPTAP,6069
80728,UPPER SUMILONG,6069
80729,ALI ALSREE,6070
80730,BALANSAG,6070
80731,CALULA,6070
80732,CASACON,6070
80733,DON PERFECTO,6070
80734,GANGO,6070
80735,KATIPUNAN,6070
80736,KULAMBUGAN,6070
80737,MABINI,6070
80738,MAGSAYSAY,6070
80739,MALUBAL,6070
80740,NEW ANTIQUE,6070
80741,NEW SAGAY,6070
80742,PALMERA,6070
80743,PRES. ROXAS,6070
80744,REMEDIOS,6070
80745,SAN ANTONIO,6070
80746,SAN FERNANDINO,6070
80747,SAN JOSE,6070
80748,SANTO ROSARIO,6070
80749,SIAWANG,6070
80750,SILINGAN,6070
80751,SURABAY,6070
80752,TARUC,6070
80753,TILASAN,6070
80754,TUPILAC,6070
80755,BAGONG SILANG,6071
80756,BALAGON,6071
80757,BALINGASAN,6071
80758,BALUCANAN,6071
80759,BATAAN,6071
80760,BATU,6071
80761,BUYOGAN,6071
80762,CAMANGA,6071
80763,COLORAN,6071
80764,KIMOS (KIMA),6071
80765,LABASAN,6071
80766,LAGTING,6071
80767,LAIH,6071
80768,LOGPOND,6071
80769,MAGSAYSAY,6071
80770,MAHAYAHAY,6071
80771,MALIGAYA,6071
80772,MANIHA,6071
80773,MINSULAO,6071
80774,MIRANGAN,6071
80775,MONCHING,6071
80776,PARUK,6071
80777,POBLACION,6071
80778,PRINCESA SUMAMA,6071
80779,SALINDING,6071
80780,SAN ISIDRO,6071
80781,SIBUGUEY,6071
80782,SILOH,6071
80783,VILLAGRACIA,6071
80784,AURORA,6072
80785,BAGANIPAY,6072
80786,BOLINGAN,6072
80787,BUALAN,6072
80788,CAWILAN,6072
80789,FLORIDA,6072
80790,KASIGPITAN,6072
80791,LAPARAY,6072
80792,MAHAYAHAY,6072
80793,MOALBOAL,6072
80794,POBLACION (TALUSAN),6072
80795,SAGAY,6072
80796,SAMONTE,6072
80797,TUBURAN,6072
80798,ACHASOL,6073
80799,AZUSANO,6073
80800,BANGCO,6073
80801,CAMANGA,6073
80802,CULASIAN,6073
80803,DALANGIN,6073
80804,DALANGIN MUSLIM,6073
80805,DALISAY,6073
80806,GOMOTOC,6073
80807,IMELDA (UPPER CAMANGA),6073
80808,KIPIT,6073
80809,KITABOG,6073
80810,LA LIBERTAD,6073
80811,LONGILOG,6073
80812,MABINI,6073
80813,MALAGANDIS,6073
80814,MATE,6073
80815,MOALBOAL,6073
80816,NAMNAMA,6073
80817,NEW CANAAN,6073
80818,PALOMOC,6073
80819,POBLACION (TITAY),6073
80820,POBLACION MUSLIM,6073
80821,PULIDAN,6073
80822,SAN ANTONIO,6073
80823,SAN ISIDRO,6073
80824,SANTA FE,6073
80825,SUPIT,6073
80826,TUGOP,6073
80827,TUGOP MUSLIM,6073
80828,BALURAN,6074
80829,BATUNGAN,6074
80830,CAYAMCAM,6074
80831,DATU TUMANGGONG,6074
80832,GAYCON,6074
80833,LANGON,6074
80834,LIBERTAD (POB.),6074
80835,LINGUISAN,6074
80836,LITTLE MARGOS,6074
80837,LOBOC,6074
80838,LOOC-LABUAN,6074
80839,LOWER TUNGAWAN,6074
80840,MALUNGON,6074
80841,MASAO,6074
80842,SAN ISIDRO,6074
80843,SAN PEDRO,6074
80844,SAN VICENTE,6074
80845,SANTO NIÑO,6074
80846,SISAY,6074
80847,TAGLIBAS,6074
80848,TIGBANUANG,6074
80849,TIGBUCAY,6074
80850,TIGPALAY,6074
80851,TIMBABAUAN,6074
80852,UPPER TUNGAWAN,6074
84897,BALINTAD,6075
84898,BUENAVISTA,6075
84899,DANATAG,6075
84900,IMBATUG (POB.),6075
84901,KALILANGAN,6075
84902,LACOLAC,6075
84903,LANGAON,6075
84904,LIBORAN,6075
84905,LINGATING,6075
84906,MABUHAY,6075
84907,MABUNGA,6075
84908,NICDAO,6075
84909,PUALAS,6075
84910,SALIMBALAN,6075
84911,SAN MIGUEL,6075
84912,SAN VICENTE,6075
84913,ANLOGAN,6076
84914,CABULOHAN,6076
84915,CANANGAAN,6076
84916,CAPINONAN,6076
84917,DALACUTAN,6076
84918,FREEDOM,6076
84919,IBA,6076
84920,IMBATUG,6076
84921,JASAAN,6076
84922,LAMBANGAN,6076
84923,MANDAHIKAN,6076
84924,MANDAING,6076
84925,MAUSWAGON,6076
84926,PARADISE,6076
84927,POBLACION,6076
84928,AGLAYAN,6077
84929,APO MACOTE,6077
84930,BANGCUD,6077
84931,BARANGAY 1 (POB.),6077
84932,BARANGAY 2 (POB.),6077
84933,BARANGAY 3 (POB.),6077
84934,BARANGAY 4 (POB.),6077
84935,BARANGAY 5 (POB.),6077
84936,BARANGAY 6 (POB.),6077
84937,BARANGAY 7 (POB.),6077
84938,BARANGAY 8 (POB.),6077
84939,BARANGAY 9 (POB.),6077
84940,BARANGAY 10 (POB.),6077
84941,BARANGAY 11 (POB.),6077
84942,BUSDI,6077
84943,CABANGAHAN,6077
84944,CABURACANAN,6077
84945,CANAYAN,6077
84946,CAPITAN ANGEL,6077
84947,CASISANG,6077
84948,DALWANGAN,6077
84949,IMBAYAO,6077
84950,INDALAZA,6077
84951,KABALABAG,6077
84952,KALASUNGAY,6077
84953,KULAMAN,6077
84954,LAGUITAS,6077
84955,LINABO,6077
84956,MAGSAYSAY,6077
84957,MALIGAYA,6077
84958,MANAGOK,6077
84959,MANALOG,6077
84960,MAPAYAG,6077
84961,MAPULO,6077
84962,MIGLAMIN,6077
84963,PATPAT (LAPU-LAPU),6077
84964,SAINT PETER,6077
84965,SAN JOSE,6077
84966,SAN MARTIN,6077
84967,SANTO NIÑO,6077
84968,SILAE,6077
84969,SIMAYA,6077
84970,SINANGLANAN,6077
84971,SUMPONG,6077
84972,VIOLETA,6077
84973,ZAMBOANGUITA,6077
84974,ALUDAS,6078
84975,ANGGA-AN,6078
84976,KINAPAT,6078
84977,KIRAON,6078
84978,KITINGTING,6078
84979,LAGANDANG,6078
84980,MACAPARI,6078
84981,MAICAN,6078
84982,MIGCAWAYAN,6078
84983,NEW COMPOSTELA,6078
84984,OLD DAMULOG,6078
84985,OMONAY,6078
84986,POBLACION (NEW DAMULOG),6078
84987,POCOPOCO,6078
84988,SAMPAGAR,6078
84989,SAN ISIDRO,6078
84990,TANGKULAN (JOSE RIZAL),6078
84991,BARONGCOT,6079
84992,BUGWAK,6079
84993,DOLOROSA,6079
84994,KAPALARAN,6079
84995,KIANGGAT,6079
84996,LOURDES,6079
84997,MACARTHUR,6079
84998,MIARAY,6079
84999,MIGCUYA,6079
85000,NEW VISAYAS,6079
85001,OSMEÑA,6079
85002,POBLACION,6079
85003,SAGBAYAN,6079
85004,SAN VICENTE,6079
85005,BISMARTZ,6080
85006,BOCBOC,6080
85007,BUYOT,6080
85008,CABADIANGAN,6080
85009,CALAOCALAO,6080
85010,DON CARLOS NORTE,6080
85011,DON CARLOS SUR (POB.),6080
85012,EMBAYAO,6080
85013,KALUBIHON,6080
85014,KASIGKOT,6080
85015,KAWILIHAN,6080
85016,KIARA,6080
85017,KIBATANG,6080
85018,MAHAYAHAY,6080
85019,MANLAMONAY,6080
85020,MARAYMARAY,6080
85021,MAUSWAGON,6080
85022,MINSALAGAN,6080
85023,NEW NONGNONGAN (MASIMAG),6080
85024,NEW VISAYAS,6080
85025,OLD NONGNONGAN,6080
85026,PINAMALOY,6080
85027,PUALAS,6080
85028,SAN ANTONIO EAST,6080
85029,SAN ANTONIO WEST,6080
85030,SAN FRANCISCO,6080
85031,SAN NICOLAS (BANBAN),6080
85032,SAN ROQUE,6080
85033,SINANGGUYAN,6080
85034,BONTONGON,6081
85035,BULONAY,6081
85036,CAPITAN BAYONG,6081
85037,CAWAYAN,6081
85038,DUMALAGUING,6081
85039,GUIHEAN,6081
85040,HAGPA,6081
85041,IMPALUTAO,6081
85042,KALABUGAO,6081
85043,KIBENTON,6081
85044,LA FORTUNA,6081
85045,POBLACION,6081
85046,SAYAWAN,6081
85047,BAGONGBAYAN,6082
85048,BAGOR,6082
85049,BALAORO,6082
85050,BAROY,6082
85051,CABADIANGAN,6082
85052,HUSAYAN,6082
85053,KIBALAGON,6082
85054,KIBOGTOK,6082
85055,MABUHAY,6082
85056,MALINAO,6082
85057,MATAMPAY,6082
85058,PAY-AS,6082
85059,PINAMANGUHAN,6082
85060,POBLACION,6082
85061,SALVACION,6082
85062,SAN ANDRES,6082
85063,SIBONGA,6082
85064,BABORAWON,6083
85065,BANGBANG,6083
85066,CANITUAN,6083
85067,KIBANING,6083
85068,KINURA,6083
85069,LAMPANUSAN,6083
85070,MACA-OPAO,6083
85071,MALINAO,6083
85072,NINOY AQUINO,6083
85073,PAMOTOLON (PAMOTDON),6083
85074,POBLACION,6083
85075,PUBLIC,6083
85076,SAN VICENTE FERRER,6083
85077,WEST POBLACION,6083
85078,BALINTAWAK,6084
85079,BUKANG LIWAYWAY,6084
85080,CAGAWASAN,6084
85081,EAST KIBAWE (POB.),6084
85082,GUTAPOL,6084
85083,KIORAO,6084
85084,KISAWA,6084
85085,LABUAGON,6084
85086,MAGSAYSAY,6084
85087,MARAPANGI,6084
85088,MASCARIÑAS,6084
85089,NATULONGAN,6084
85090,NEW KIDAPAWAN,6084
85091,OLD KIBAWE,6084
85092,PALMA,6084
85093,PINAMULA,6084
85094,ROMAGOOC,6084
85095,SAMPAGUITA,6084
85096,SANIPON,6084
85097,SPRING,6084
85098,TALAHIRON,6084
85099,TUMARAS,6084
85100,WEST KIBAWE (POB.),6084
85101,BALANGIGAY,6085
85102,BALUKBUKAN,6085
85103,BERSHIBA,6085
85104,BINOONGAN,6085
85105,BOBONG,6085
85106,BOLOCAON,6085
85107,CABALANTIAN,6085
85108,CALAPATON,6085
85109,DIGONGAN,6085
85110,EAST DALURONG,6085
85111,KAHUSAYAN,6085
85112,KALUMIHAN,6085
85113,KAUYONAN,6085
85114,KIMOLONG,6085
85115,KIPILAS,6085
85116,KITAIHON,6085
85117,KITOBO,6085
85118,KIULOM,6085
85119,MAGSAYSAY,6085
85120,MALOBALO,6085
85121,METEBAGAO,6085
85122,NAPALICO,6085
85123,PAGAN,6085
85124,PANGANAN,6085
85125,POBLACION,6085
85126,SAGUNDANON,6085
85127,SAN ISIDRO,6085
85128,SAN LORENZO,6085
85129,SANTO ROSARIO,6085
85130,SINAYSAYAN (DALURONG),6085
85131,SINUDA (SIMOD),6085
85132,TANDONG,6085
85133,TAWAS,6085
85134,WEST DALURONG,6085
85135,WHITE KULAMAN,6085
85136,ALANIB,6086
85137,BACLAYON,6086
85138,BALILA,6086
85139,BANTUANON,6086
85140,BASAK,6086
85141,BUGCAON,6086
85142,CAPITAN JUAN,6086
85143,CAWAYAN,6086
85144,KA-ATOAN (KAATUAN),6086
85145,KIBANGAY,6086
85146,KULASIHAN,6086
85147,POBLACION,6086
85148,SONGCO,6086
85149,VICTORY,6086
85150,CAPIHAN,6087
85151,CROSSING,6087
85152,GANGO,6087
85153,KILIOG,6087
85154,KINAWE,6087
85155,LATURAN,6087
85156,MAAMBONG,6087
85157,NANGKA,6087
85158,PALABUCAN,6087
85159,POBLACION,6087
85160,PONGOL,6087
85161,SAN JOSE,6087
85162,SANTA FE,6087
85163,SIL-IPON,6087
85164,KALINGKING,5994
85165,KIABO,5994
85166,MINDAGAT,5994
85167,OMAGLING,5994
85168,PATPAT,5994
85169,POBLACION,5994
85170,SAMPIANO,5994
85171,SAN LUIS,5994
85172,SANTA INES,5994
85173,SILO-O,5994
85174,SUMALSAG,5994
85175,AGUSAN CANYON,6089
85176,ALAE,6089
85177,DAHILAYAN,6089
85178,DALIRIG,6089
85179,DAMILAG,6089
85180,DICLUM,6089
85181,GUILANG-GUILANG,6089
85182,KALUGMANAN,6089
85183,LINDABAN,6089
85184,LINGION,6089
85185,LUNOCAN,6089
85186,MALUKO,6089
85187,MAMBATANGAN,6089
85188,MAMPAYAG,6089
85189,MANTIBUGAO,6089
85190,MINSURO,6089
85191,SAN MIGUEL,6089
85192,SANKANAN,6089
85193,SANTIAGO,6089
85194,SANTO NIÑO,6089
85195,TANKULAN (POB.),6089
85196,TICALA,6089
85197,ANAHAWON,6090
85198,BAGONGSILANG,6090
85199,BASE CAMP,6090
85200,BAYABASON (SPRING),6090
85201,CAMP I,6090
85202,COLAMBUGAN,6090
85203,DAGUMBA-AN,6090
85204,DANGGAWAN,6090
85205,DOLOGON,6090
85206,KIHARONG,6090
85207,KISANDAY,6090
85208,KUYA,6090
85209,LA ROXAS,6090
85210,NORTH POBLACION,6090
85211,PANADTALAN,6090
85212,PANALSALAN,6090
85213,SAN MIGUEL,6090
85214,SAN ROQUE,6090
85215,SOUTH POBLACION,6090
85216,TUBIGON,6090
85217,ADTUYON,6091
85218,BACUSANON,6091
85219,BANGAHAN,6091
85220,BARANDIAS,6091
85221,CONCEPCION,6091
85222,GANDINGAN,6091
85223,KIMANAIT,6091
85224,KIPADUKAN,6091
85225,LANGCATAON,6091
85226,LANTAY,6091
85227,MADAYA,6091
85228,MALIPAYON,6091
85229,MENDIS,6091
85230,NABALIWA,6091
85231,NEW EDEN,6091
85232,PAYAD,6091
85233,PIGTAURANAN,6091
85234,POBLACION,6091
85235,PORTULIN,6091
85236,BUTONG,5101
85237,C-HANDUMANAN,5101
85238,CAWAYAN,5101
85239,CEBOLE,5101
85240,DELAPA,5101
85241,DUMALAMA,5101
85242,KIBURIAO,5101
85243,KIPAYPAYON,5101
85244,LIBERTAD,5101
85245,LINABO,5101
85246,LIPA,5101
85247,LUMINTAO,5101
85248,MAGSAYSAY,5101
85249,MAHAYAG,5101
85250,MANUTO,5101
85251,MERANGERANG,5101
85252,MIBANTANG,5101
85253,MINONGAN,5101
85254,MINSALIRAK,5101
85255,MINSAMONGAN,5101
85256,PAITAN,5101
85257,PALACAPAO,5101
85258,PINILAYAN,5101
85259,POBLACION (KIOKONG),5101
85260,PUNTIAN,5101
85261,SALAWAGAN,5101
85262,SAN ISIDRO,5101
85263,SAN JOSE,5101
85264,SAN ROQUE,5101
85265,SANTA CRUZ,5101
85266,SANTA FILOMENA,5101
85267,BONACAO,5478
85268,BULALANG,5478
85269,CABULING,5478
85270,CANDELARIA,5478
85271,CAYAGA,5478
85272,DAO,5478
85273,DURIAN,5478
85274,HALAPITAN (POB.),5478
85275,IGLUGSAD,5478
85276,KALAGANGAN,5478
85277,KAWAYAN,5478
85278,KIBONGCOG,5478
85279,LITTLE BAGUIO,5478
85280,MABUHAY,5478
85281,MAGKALUNGAY,5478
85282,MALAYANAN,5478
85283,MATUPE,5478
85284,NACABUKLAD,5478
85285,NAMNAM,5478
85286,PALACPACAN,5478
85287,SACRAMENTO VALLEY,5478
85288,SAN JOSE,5478
85289,SANTO DOMINGO,5478
85290,TUGOP,5478
85291,CULASI,6094
85292,KISOLON,6094
85293,LICOAN,6094
85294,LUPIAGAN,6094
85295,OCASION,6094
85296,POBLACION,6094
85297,PUNTIAN,6094
85298,SAN ROQUE,6094
85299,SAN VICENTE,6094
85300,VISTA VILLA,6094
85301,BARANGAY 1 (POB.),6095
85302,BARANGAY 2 (POB.),6095
85303,BARANGAY 3 (POB.),6095
85304,BARANGAY 4 (POB.),6095
85305,BARANGAY 5 (POB.),6095
85306,BASAK,6095
85307,BAYLANAN,6095
85308,CACAON,6095
85309,COLAWINGON,6095
85310,COSINA,6095
85311,DAGUMBAAN,6095
85312,DAGUNDALAHON,6095
85313,DOMINOROG,6095
85314,INDULANG,6095
85315,LANTUD,6095
85316,LAPOK,6095
85317,LIGURON,6095
85318,LINGI-ON,6095
85319,LIRONGAN,6095
85320,MIARAYON,6095
85321,SAGARAN,6095
85322,SALUCOT,6095
85323,SAN ANTONIO,6095
85324,SAN ISIDRO,6095
85325,SAN MIGUEL,6095
85326,SAN RAFAEL,6095
85327,SANTO NIÑO (LUMBAYAWA),6095
85328,TAGBAK,6095
85329,TIKALAAN,6095
85330,BAGONTAAS,6096
85331,BANLAG,6096
85332,BAROBO,6096
85333,BATANGAN,6096
85334,CATUMBALON,6096
85335,COLONIA,6096
85336,CONCEPCION,6096
85337,DAGAT-KIDAVAO,6096
85338,GUINOYURAN,6096
85339,KAHAPUNAN,6096
85340,LALIGAN,6096
85341,LILINGAYON,6096
85342,LOURDES,6096
85343,LUMBAYAO,6096
85344,LUMBO,6096
85345,LUROGAN,6096
85346,MAAPAG,6096
85347,MABUHAY,6096
85348,MAILAG,6096
85349,MT. NEBO,6096
85350,NABAGO,6096
85351,PINATILAN,6096
85352,POBLACION,6096
85353,SAN CARLOS,6096
85354,SAN ISIDRO,6096
85355,SINABUAGAN,6096
85356,SINAYAWAN,6096
85357,SUGOD,6096
85358,TONGANTONGAN,6096
85359,TUGAYA,6096
85360,VINTAR,6096
85361,ALGA,5939
85362,BONBON,5939
85363,BURA,5939
85364,CATIBAC,5939
85365,COMPOL,5939
85366,LAWIGAN,5939
85367,LILOAN,5939
85368,LOOC,5939
85369,MAINIT,5939
85370,MANDUAO,5939
85371,PANGHIAWAN,5939
85372,POBLACION,5939
85373,SANTO NIÑO,5939
85374,TANGARO,5939
85375,BUTAY,6098
85376,CABUAN,6098
85377,CANTAAN,6098
85378,LIONG,6098
85379,MAAC,6098
85380,NORTH POBLACION,6098
85381,SOUTH POBLACION,6098
85382,BENONI,6099
85383,BINATUBO (BINALIWAN),6099
85384,CATOHUGAN,6099
85385,HUBANGON,6099
85386,OWAKAN,6099
85387,POBLACION,6099
85388,PUNTOD,6099
85389,SAN ISIDRO,6099
85390,SAN JOSE,6099
85391,SAN MIGUEL,6099
85392,SAN ROQUE,6099
85393,TUBOD,6099
85394,TUPSAN PEQUEÑO,6099
85395,AGOHO,6100
85396,ANITO,6100
85397,BALBAGON,6100
85398,BAYLAO,6100
85399,BENHAAN,6100
85400,BUG-ONG,6100
85401,KUGUITA,6100
85402,MAGTING,6100
85403,NAASAG,6100
85404,PANDAN,6100
85405,POBLACION,6100
85406,SORO-SORO,6100
85407,TAGDO,6100
85408,TUPSAN,6100
85409,YUMBING,6100
85410,ALANGILAN,6101
85411,BACNIT,6101
85412,BALITE,6101
85413,BONBON,6101
85414,BUGANG,6101
85415,CUNA,6101
85416,MANUYOG,6101
85417,MAYANA,6101
85418,POBLACION,6101
85419,ALEGRIA,6102
85420,BABALAYA,6102
85421,BABALAYAN TOWNSITE,6102
85422,BINUNI,6102
85423,DELABAYAN WEST,6102
85424,DEMOLOGAN,6102
85425,DIMARAO,6102
85426,ESPERANZA,6102
85427,KAHAYAG,6102
85428,LIANGAN EAST,6102
85429,MATI,6102
85430,MINAULON,6102
85431,PAGAYAWAN,6102
85432,POBLACION BACOLOD,6102
85433,PUNOD (MALIWANAG),6102
85434,RUPAGAN,6102
85435,ABAGA,6103
85436,ADAPUN-ALI (DARIAT),6103
85437,ANGANDOG (BULAO),6103
85438,ANGAYEN (BALUT),6103
85439,BANGKO,6103
85440,BATOLACONGAN (BASAGAD),6103
85441,BUENAVISTA,6103
85442,CADAYONAN,6103
85443,LANDA (GADONGAN),6103
85444,LUMBAC,6103
85445,MAMAANUN,6103
85446,MARIA-CRISTINA,6103
85447,MATAMPAY,6103
85448,NANGKA,6103
85449,PACALUNDO,6103
85450,POBLACION EAST,6103
85451,POBLACION WEST,6103
85452,SANDOR (DADUAN),6103
85453,SANGCAD (CORMATAN ),6103
85454,SARIP-ALAWI (PAYAWAN),6103
85455,SIGAYAN,6103
85456,ANDIL,6104
85457,BAGONG DAWIS,6104
85458,BAROY DAKU,6104
85459,BATO,6104
85460,CABASAGAN,6104
85461,DALAMA,6104
85462,LIBERTAD,6104
85463,LIMWAG,6104
85464,LINDONGAN,6104
85465,MALIWANAG,6104
85466,MANAN-AO,6104
85467,PANGE,6104
85468,PINDOLONAN,6104
85469,POBLACION,6104
85470,PRINCESA,6104
85471,RAWAN POINT,6104
85472,RIVERSIDE,6104
85473,SAGADAN (SAGADAN LOWER),6104
85474,SAGADAN UPPER,6104
85475,SALONG,6104
85476,SAN JUAN,6104
85477,TINUBDAN,6104
85478,VILLAGE,6104
85479,ABUNO,6105
85480,ACMAC,6105
85481,BAGONG SILANG,6105
85482,BONBONON,6105
85483,BUNAWAN,6105
85484,BURU-UN,6105
85485,DALIPUGA,6105
85486,DEL CARMEN,6105
85487,DIGKILAAN,6105
85488,DITUCALAN,6105
85489,DULAG,6105
85490,HINAPLANON,6105
85491,HINDANG,6105
85492,KABACSANAN,6105
85493,KALILANGAN,6105
85494,KIWALAN,6105
85495,LANIPAO,6105
85496,LUINAB,6105
85497,MAHAYHAY,6105
85498,MAINIT,6105
85499,MANDULOG,6105
85500,MARIA CRISTINA,6105
85501,PALAO,6105
85502,PANOROGANAN,6105
85503,POBLACION,6105
85504,PUGA-AN,6105
85505,ROGONGON,6105
85506,SAN MIGUEL,6105
85507,SAN ROQUE,6105
85508,SANTA ELENA,6105
85509,SANTA FILOMENA,6105
85510,SANTIAGO,6105
85511,SANTO ROSARIO,6105
85512,SARAY-TIBANGA,6105
85513,SUAREZ,6105
85514,TAMBACAN,6105
85515,TIBANGA,6105
85516,TIPANOY,6105
85517,TOMINOBO PROPER,6105
85518,TOMINOBO UPPER,6105
85519,TUBOD,6105
85520,UBALDO LAYA,6105
85521,UPPER HINAPLANON,6105
85522,VILLA VERDE,6105
85523,BAGONG BADIAN,6106
85524,BAGONG SILANG,6106
85525,BALILI,6106
85526,BANSARVIL,6106
85527,BELIS,6106
85528,BUENAVISTA,6106
85529,BUTADON,6106
85530,CATHEDRAL FALLS,6106
85531,CONCEPCION,6106
85532,CURVADA,6106
85533,DE ASIS,6106
85534,DONGGOAN,6106
85535,DURANO,6106
85536,KAHAYAGAN,6106
85537,KIDALOS,6106
85538,LA LIBERTAD,6106
85539,LAPINIG,6106
85540,MAHAYAHAY,6106
85541,MALINAS,6106
85542,MARANDING,6106
85543,MARGOS,6106
85544,POBLACION,6106
85545,PULANG YUTA,6106
85546,SAN ISIDRO,6106
85547,SAN VICENTE,6106
85548,SANTA CRUZ,6106
85549,SANTO TOMAS,6106
85550,SUSO,6106
85551,TAGUITIC,6106
85552,TIACONGAN,6106
85553,TIPOLO,6106
85554,TULATULAHAN,6106
85555,WATERFALLS,6106
85556,BAGUMBAYAN (POB.),6107
85557,BARA-ASON,6107
85558,CAYONTOR,6107
85559,DELABAYAN,6107
85560,INUDARAN,6107
85561,KAWIT OCCIDENTAL,6107
85562,KAWIT ORIENTAL,6107
85563,LIBERTAD,6107
85564,PAITON,6107
85565,POBLACION,6107
85566,TACUB,6107
85567,TINGINTINGIN,6107
85568,TUGAR,6107
85569,AUSTIN HEIGHTS,6108
85570,BAYBAY,6108
85571,BUBONG,6108
85572,CAROMATAN,6108
85573,INUDARAN,6108
85574,KULASIHAN,6108
85575,LIBERTAD,6108
85576,LUMBAC,6108
85577,MANGA,6108
85578,MATAMPAY,6108
85579,MUKAS,6108
85580,MUNTAY,6108
85581,PAGALUNGAN,6108
85582,PALAO,6108
85583,PANTAON,6108
85584,PANTAR,6108
85585,POBLACION,6108
85586,REBUCON,6108
85587,RIVERSIDE,6108
85588,SAN ROQUE,6108
85589,SANTO NIÑO,6108
85590,SIMBUCO,6108
85591,SMALL BANISILAN,6108
85592,SUCODAN,6108
85593,TABIGUE,6108
85594,TITUNOD,6108
85595,ABAGA,6109
85596,ANDIL,6109
85597,CABASAGAN,6109
85598,CAMALAN,6109
85599,DARUMAWANG BUCANA,6109
85600,DARUMAWANG ILAYA,6109
85601,EL SALVADOR,6109
85602,GUMAGAMOT,6109
85603,LALA PROPER (POB.),6109
85604,LANIPAO,6109
85605,MAGPATAO,6109
85606,MARANDING,6109
85607,MATAMPAY BUCANA,6109
85608,MATAMPAY ILAYA,6109
85609,PACITA,6109
85610,PENDOLONAN,6109
85611,PINOYAK,6109
85612,RAW-AN,6109
85613,REBE,6109
85614,SAN ISIDRO LOWER,6109
85615,SAN ISIDRO UPPER,6109
85616,SAN MANUEL,6109
85617,SANTA CRUZ LOWER,6109
85618,SANTA CRUZ UPPER,6109
85619,SIMPAK,6109
85620,TENAZAS,6109
85621,TUNA-AN,6109
85622,BUSQUE,6110
85623,LARAPAN,6110
85624,MAGOONG,6110
85625,NAPO,6110
85626,POBLACION,6110
85627,PURAKAN,6110
85628,ROBOCON,6110
85629,SAMBURON,6110
85630,BABASALON,5419
85631,BAGUIGUICON,5419
85632,DAAN CAMPO,5419
85633,DURIANON,5419
85634,ILIHAN,5419
85635,LAMIGADATO,5419
85636,LEMONCRET,5419
85637,LOWER CANINGAG (PERIMBANGAN),5419
85638,LUBO,5419
85639,LUMBAC,5419
85640,MALABAOGAN,5419
85641,MAPANTAO,5419
85642,OLANGO,5419
85643,PANGAO,5419
85644,PELINGKINGAN,5419
85645,POBLACION (BAGO-A-INGUD),5419
85646,RARAB,5419
85647,SOMIORANG,5419
85648,TALAMBO,5419
85649,TAMBACON,5419
85650,TAWINIAN,5419
85651,TIPAAN,5419
85652,TOMBADOR,5419
85653,UPPER CANINGAG (TAGUITINGAN),5419
85654,BALAGATASA,6112
85655,CAMP 1,6112
85656,CLARO M. RECTO,6112
85657,INOMA,6112
85658,KULASIHAN (VILLANUEVA),6112
85659,LABUAY,6112
85660,LIANGAN WEST,6112
85661,MAHAYAHAY,6112
85662,MALIWANAG,6112
85663,MENTRING,6112
85664,POBLACION,6112
85665,SANTA CRUZ,6112
85666,SOGAPOD,6112
85667,BANGCO,6113
85668,BATAL,6113
85669,BATANGAN,6113
85670,BUBONG RADAPAN,6113
85671,CADAYONAN,6113
85672,MATAMPAY,6113
85673,PANGI,6113
85674,PASAYANON,6113
85675,POBLACION (MATUNGAO),6113
85676,PUNTOD,6113
85677,SANTA CRUZ,6113
85678,SOMIORANG,6113
85679,BACAYAWAN,6114
85680,BALABACUN,6114
85681,BALINTAD,6114
85682,DALAMA,6114
85683,KADAYONAN,6114
85684,LINDONGAN,6114
85685,LINGCO-AN,6114
85686,LININDING,6114
85687,LUMBA-BAYABAO,6114
85688,MADAYA,6114
85689,MAGANDING,6114
85690,MATAMPAY,6114
85691,NORTH CADULAWAN,6114
85692,OLD POBLACION,6114
85693,PANGGAO,6114
85694,PANTAO,6114
85695,PANTAO-A-MUNAI,6114
85696,PANTAON,6114
85697,PINDOLONAN,6114
85698,PUNONG,6114
85699,RAMAIN,6114
85700,SANDIGAMUNAI,6114
85701,TAGORANAO,6114
85702,TAMBO,6114
85703,TAMPARAN (MANDAYA),6114
85704,TAPOROG,6114
85705,ABAGA,6115
85706,BANGCO,6115
85707,CABASARAN (LAYA),6115
85708,CANIBONGAN,6115
85709,DIMAYON,6115
85710,INAYAWAN,6115
85711,KALUDAN,6115
85712,KARCUM,6115
85713,KATUBUAN,6115
85714,LIANGAN,6115
85715,LUPITAN,6115
85716,MALAIG,6115
85717,MANGAN,6115
85718,MASIBAY,6115
85719,NOTONGAN,6115
85720,PANGANAPAN,6115
85721,PANTAR,6115
85722,PARIDI,6115
85723,PETADUN,6115
85724,POBLACION (NUNUNGAN PROPER),6115
85725,RARAB,6115
85726,RARABAN,6115
85727,REBUCON,6115
85728,SONGGOD,6115
85729,TARAKA,6115
85730,ALOON,6116
85731,BANDAY,6116
85732,BOBONGA PANTAO RAGAT,6116
85733,BOBONGA RADAPAN,6116
85734,CABASAGAN,6116
85735,CALAWE,6116
85736,CULUBUN,6116
85737,DILIMBAYAN,6116
85738,DIMAYON,6116
85739,LOMIDONG,6116
85740,MADAYA,6116
85741,MALIWANAG,6116
85742,MATAMPAY,6116
85743,NATANGCOPAN,6116
85744,PANSOR,6116
85745,PANTAO MARUG,6116
85746,POBLACION EAST,6116
85747,POBLACION WEST,6116
85748,TANGCAL,6116
85749,TONGCOPAN,6116
85750,BANGCAL,6117
85751,BOWI,6117
85752,BUBONG MADAYA,6117
85753,CABASARAN,6117
85754,CADAYONAN,6117
85755,CAMPONG,6117
85756,DIBAROSAN,6117
85757,KALANGANAN EAST,6117
85758,KALANGANAN LOWER,6117
85759,KALILANGAN,6117
85760,LUMBA-PUNOD,6117
85761,PANTAO-MARUG,6117
85762,PANTAO-RANAO,6117
85763,PANTAR EAST,6117
85764,PITUBO,6117
85765,POBLACION,6117
85766,POONA-PUNOD,6117
85767,PUNOD,6117
85768,SUNDIGA-PUNOD,6117
85769,TAWANAN,6117
85770,WEST PANTAR,6117
85771,ALOWIN,6118
85772,BUBONG-DINAIG,6118
85773,CABASARAN,6118
85774,CADAYONAN,6118
85775,CAROMATAN,6118
85776,DARAMBA,6118
85777,DINAIG,6118
85778,KABLANGAN,6118
85779,LININDINGAN,6118
85780,LUMBATAN,6118
85781,LUPITAN,6118
85782,MADAMBA,6118
85783,MADAYA,6118
85784,MALIWANAG,6118
85785,NUNANG,6118
85786,NUNUNGAN,6118
85787,PANTAO RAYA,6118
85788,PANTAON,6118
85789,PENDOLONAN,6118
85790,PENED,6118
85791,PIANGAMANGAAN,6118
85792,POBLACION (LUMBACAINGUD),6118
85793,SULO,6118
85794,TAGORANAO,6118
85795,TANGCLAO,6118
85796,TIMBANGALAN,6118
85797,BARANDIA,6119
85798,BULACON,6119
85799,BUNTONG,6119
85800,CALIMODAN,6119
85801,CAMP III,6119
85802,CURVA-MIAGAO,6119
85803,DALIGDIGAN,6119
85804,INASAGAN,6119
85805,KILALA,6119
85806,MABATAO,6119
85807,MADAYA,6119
85808,MAMAANON,6119
85809,MAPANTAO,6119
85810,MINDALANO,6119
85811,PADIANAN,6119
85812,PAGALONGAN,6119
85813,PAGAYAWAN,6119
85814,PANALIWAD-ON,6119
85815,PANGANTAPAN,6119
85816,PANSOR,6119
85817,PATIDON,6119
85818,PAWAK,6119
85819,POBLACION,6119
85820,SAUMAY,6119
85821,SUDLON,6119
85822,BANING,6120
85823,BURIASAN (POB.),6120
85824,DANSALAN,6120
85825,GAMAL,6120
85826,INUDARAN I,6120
85827,INUDARAN II,6120
85828,KARKUM,6120
85829,KATIPUNAN,6120
85830,MABUGNAO,6120
85831,MAITO SALUG,6120
85832,MALA SALUG,6120
85833,MAMA-ANON,6120
85834,MAPUROG,6120
85835,PANCILAN,6120
85836,PANOLOON,6120
85837,PILI,6120
85838,SAPAD,6120
85839,BANGAAN,6121
85840,BANGCO,6121
85841,BANSARVIL II,6121
85842,BAUYAN,6121
85843,CABONGBONGAN,6121
85844,CALIBAO,6121
85845,CALIPAPA,6121
85846,CALUBE,6121
85847,CAMPO ISLAM,6121
85848,CAPOCAO,6121
85849,DABLISTON,6121
85850,DALAMA,6121
85851,DANGULAAN,6121
85852,DITAGO,6121
85853,ILIAN,6121
85854,KAUSWAGAN,6121
85855,KIRAPAN,6121
85856,KOREO,6121
85857,LANTAWAN,6121
85858,MABUHAY,6121
85859,MAGUINDANAO,6121
85860,MAHAYAHAY,6121
85861,MAMAGUM,6121
85862,MINA,6121
85863,PANDANAN,6121
85864,PAYONG,6121
85865,PIKALAWAG,6121
85866,PIKINIT,6121
85867,PIRAKA,6121
85868,POBLACION,6121
85869,RAMAIN,6121
85870,REBUCON,6121
85871,SIGAYAN,6121
85872,SUGOD,6121
85873,TAGULO,6121
85874,TANTAON,6121
85875,TOPOCON (CAPOCGO),6121
85876,DALAMAS,6122
85877,DARIMBANG,6122
85878,DIMAYON,6122
85879,INAGONGAN,6122
85880,KIAZAR (POB.),6122
85881,MALIMBATO,6122
85882,PANALAWAN,6122
85883,BAYABAO,6123
85884,BERWAR,6123
85885,BIG BANISILON,6123
85886,BIG MELADOC,6123
85887,BUBONG,6123
85888,LAMAOSA,6123
85889,LINAO,6123
85890,LINDONGAN,6123
85891,LINGCO-AN,6123
85892,PAPAN,6123
85893,PELINGKINGAN,6123
85894,POBLACION,6123
85895,POONA KAPATAGAN,6123
85896,PUNOD,6123
85897,SMALL BANISILON,6123
85898,SMALL MELADOC,6123
85899,SOMIORANG,6123
85900,TANGCAL PROPER,6123
85901,BARAKANAS,6124
85902,BARIS (LUMANGCULOB),6124
85903,BUALAN,6124
85904,BULOD,6124
85905,CAMP V,6124
85906,CANDIS,6124
85907,CANIOGAN,6124
85908,DALAMA,6124
85909,KAKAI RENABOR,6124
85910,KALILANGAN,6124
85911,LICAPAO,6124
85912,MALINGAO,6124
85913,PALAO,6124
85914,PATUDAN,6124
85915,PIGCARANGAN,6124
85916,PINPIN,6124
85917,POBLACION,6124
85918,PUALAS,6124
85919,SAN ANTONIO,6124
85920,SANTO NIÑO,6124
85921,TADEN,6124
85922,TAGURANAO,6124
85923,TANGUEGUIRON,6124
85924,TUBARAN,6124
85925,BALINTONGA,6125
85926,BANISILON,6125
85927,BURGOS,6125
85928,CALUBE,6125
85929,CAPUTOL,6125
85930,CASUSAN,6125
85931,CONAT,6125
85932,CULPAN,6125
85933,DALISAY,6125
85934,DULLAN,6125
85935,IBABAO,6125
85936,LABO,6125
85937,LAWA-AN,6125
85938,LOBOGON,6125
85939,LUMBAYAO,6125
85940,MACUBON (SINA-AD),6125
85941,MAKAWA,6125
85942,MANAMONG,6125
85943,MATIPAZ,6125
85944,MAULAR,6125
85945,MITAZAN,6125
85946,MOHON,6125
85947,MONTERICO,6125
85948,NABUNA,6125
85949,OSPITAL (POB.),6125
85950,PALAYAN,6125
85951,PELONG,6125
85952,ROXAS,6125
85953,SAN PEDRO,6125
85954,SANTA ANA,6125
85955,SINAMPONGAN,6125
85956,TAGUANAO,6125
85957,TAWI-TAWI,6125
85958,TORIL,6125
85959,TUBOD (JUAN BACAYO),6125
85960,TUBURAN,6125
85961,TUGAYA,6125
85962,ZAMORA,6125
85963,DEL PILAR,6126
85964,LANDING,6126
85965,LUMIPAC,6126
85966,LUSOT,6126
85967,MABINI,6126
85968,MAGSAYSAY,6126
85969,MISOM,6126
85970,MITACAS,6126
85971,NABUROS,6126
85972,NORTHERN POBLACION,6126
85973,PUNTA MIRAY,6126
85974,PUNTA SULONG,6126
85975,SINIAN,6126
85976,SOUTHERN POBLACION,6126
85977,TUGAS,6126
85978,BAG-ONG ANONANG,6127
85979,BAGUMBANG,6127
85980,BAYBAY,6127
85981,BOLINSONG,6127
85982,BUENAVISTA,6127
85983,BURACAN,6127
85984,CALOLOT,6127
85985,DEMETRIO FERNAN,6127
85986,DIGSON,6127
85987,DIMALCO,6127
85988,DULLAN,6127
85989,KANAOKANAO,6127
85990,LILOAN,6127
85991,LINCONAN,6127
85992,LODIONG,6127
85993,LOWER USUGAN,6127
85994,MAPUROG (MIGSALE),6127
85995,MIGPANGE,6127
85996,MONTOL,6127
85997,PISA-AN,6127
85998,POBLACION (CENTRO),6127
85999,REMEDIOS,6127
86000,RUFINO LUMAPAS,6127
86001,SIBUYON,6127
86002,TANGAB,6127
86003,TIAMAN,6127
86004,TUSIK,6127
86005,UPPER USOGAN,6127
86006,BONIFACIO,6128
86007,BUNAWAN,6128
86008,CALARAN,6128
86009,DAPACAN ALTO,6128
86010,DAPACAN BAJO,6128
86011,DON BERNARDO NERI POB. (TRES DE MAYO),6128
86012,LANGUB,6128
86013,LIBERTAD,6128
86014,MAGCAMIGUING,6128
86015,MAMALAD,6128
86016,MAUSWAGON,6128
86017,NORTHERN POBLACION,6128
86018,SALVADOR,6128
86019,SAN ISIDRO (SAN ISIDRO-SAN PEDRO),6128
86020,SILOY,6128
86021,SINGALAT,6128
86022,SOLINOG,6128
86023,SOUTHWESTERN POBLACION,6128
86024,SULIPAT,6128
86025,BERNAD,5743
86026,BITO-ON,5743
86027,CABUNGA-AN,5743
86028,CANIBUNGAN DAKU,5743
86029,CANIBUNGAN PUTOL,5743
86030,CANIPACAN,5743
86031,DALINGAP,5743
86032,DELA PAZ,5743
86033,DOLORES,5743
86034,GATA DAKU,5743
86035,GATA DIOT,5743
86036,GUBA (OZAMIS),5743
86037,KINANGAY NORTE,5743
86038,KINANGAY SUR,5743
86039,LAPASAN,5743
86040,LUPAGAN,5743
86041,MALIBANGCAO,5743
86042,MASABUD,5743
86043,MIALEN,5743
86044,PAN-AY,5743
86045,PENACIO,5743
86046,POBLACION I,5743
86047,POBLACION II,5743
86048,POBLACION III,5743
86049,POBLACION IV,5743
86050,SEBASI,5743
86051,SEGATIC DAKU,5743
86052,SEGATIC DIOT,5743
86053,TINACLA-AN,5743
86054,BAGONG NAYON,5240
86055,CAPULE,5240
86056,GUIBAN,5240
86057,LAYA-AN,5240
86058,LINGATONGAN,5240
86059,MALIGUBAAN,5240
86060,MANTUKOY,5240
86061,MARUGANG,5240
86062,NEW CASUL,5240
86063,POBLACION,5240
86064,POGAN,5240
86065,SMALL POTONGAN,5240
86066,SOSO-ON,5240
86067,UPPER DAPITAN,5240
86068,UPPER DIOYO,5240
86069,UPPER POTONGAN,5240
86070,UPPER SALIMPONO,5240
86071,VIRAYAN,5240
86072,BAGONG CLARIN,6131
86073,GANDAWAN,6131
86074,LAKE DUMINAGAT,6131
86075,LALUD,6131
86076,LAMPASAN,6131
86077,LIBORON,6131
86078,MARAMARA,6131
86079,NAPANGAN,6131
86080,NUEVA VISTA (MASAWAN),6131
86081,PETIANAN,6131
86082,TUNO,6131
86083,ADORABLE,6132
86084,BUTUAY,6132
86085,CARMEN,6132
86086,CORRALES,6132
86087,DICOLOC,6132
86088,GATA,6132
86089,GUINTOMOYAN,6132
86090,MACABAYAO,6132
86091,MALIBACSAN,6132
86092,MATUGAS ALTO,6132
86093,MATUGAS BAJO,6132
86094,MIALEM,6132
86095,NACIONAL (POB.),6132
86096,NAGA (POB.),6132
86097,PALILAN,6132
86098,RIZAL (POB.),6132
86099,SAN ISIDRO,6132
86100,SANTA CRUZ (POB.),6132
86101,SETI,6132
86102,SIBAROC,6132
86103,SINARA ALTO,6132
86104,SINARA BAJO,6132
86105,TABO-O,6132
86106,TARAKA (POB.),6132
86107,ALEGRIA,6133
86108,BAGONG SILANG,6133
86109,BIASONG,6133
86110,BONIFACIO,6133
86111,BURGOS,6133
86112,DALACON,6133
86113,DAMPALAN,6133
86114,DON ANDRES SORIANO,6133
86115,EASTERN POBLACION,6133
86116,ESTANTE,6133
86117,JASA-AN,6133
86118,KATIPA,6133
86119,LUZARAN,6133
86120,MABAS,6133
86121,MACALIBRE ALTO,6133
86122,MACALIBRE BAJO,6133
86123,MAHAYAHAY,6133
86124,MANGUEHAN,6133
86125,MANSABAY ALTO,6133
86126,MANSABAY BAJO,6133
86127,MOLATUHAN ALTO,6133
86128,MOLATUHAN BAJO,6133
86129,PENIEL,6133
86130,PUNTOD,6133
86131,RIZAL,6133
86132,SIBUGON,6133
86133,SIBULA,6133
86134,WESTERN POBLACION,6133
86135,APIL,6134
86136,BINUANGAN,6134
86137,BOLIBOL,6134
86138,BUENAVISTA,6134
86139,BUNGA,6134
86140,BUNTAWAN,6134
86141,BURGOS,6134
86142,CANUBAY,6134
86143,CIRIACO C. PASTRANO (NILABO),6134
86144,CLARIN SETTLEMENT,6134
86145,DOLIPOS ALTO,6134
86146,DOLIPOS BAJO,6134
86147,DULAPO,6134
86148,DULLAN NORTE,6134
86149,DULLAN SUR,6134
86150,LAMAC LOWER,6134
86151,LAMAC UPPER,6134
86152,LANGCANGAN LOWER,6134
86153,LANGCANGAN PROPER,6134
86154,LANGCANGAN UPPER,6134
86155,LAYAWAN,6134
86156,LOBOC LOWER,6134
86157,LOBOC UPPER,6134
86158,MALINDANG,6134
86159,MIALEN,6134
86160,MOBOD,6134
86161,PAYPAYAN,6134
86162,PINES,6134
86163,POBLACION I,6134
86164,POBLACION II,6134
86165,RIZAL LOWER,6134
86166,RIZAL UPPER,6134
86167,SAN VICENTE ALTO,6134
86168,SAN VICENTE BAJO,6134
86169,SEBUCAL,6134
86170,SENOTE,6134
86171,TABOC NORTE,6134
86172,TABOC SUR,6134
86173,TALAIRON,6134
86174,TALIC,6134
86175,TIPAN,6134
86176,TOLIYOK,6134
86177,TUYABANG ALTO,6134
86178,TUYABANG BAJO,6134
86179,TUYABANG PROPER,6134
86180,VICTORIA,6134
86181,VILLAFLOR,6134
86182,50TH DISTRICT (POB.),6135
86183,AGUADA (POB.),6135
86184,BACOLOD,6135
86185,BAGAKAY,6135
86186,BALINTAWAK,6135
86187,BANADERO (POB.),6135
86188,BAYBAY SAN ROQUE,6135
86189,BAYBAY SANTA CRUZ,6135
86190,BAYBAY TRIUNFO,6135
86191,BONGBONG,6135
86192,CALABAYAN,6135
86193,CAPUCAO C.,6135
86194,CAPUCAO P.,6135
86195,CARANGAN,6135
86196,CARMEN (MISAMIS ANNEX),6135
86197,CATADMAN-MANABAY,6135
86198,CAVINTE,6135
86199,COGON,6135
86200,DALAPANG,6135
86201,DIGUAN,6135
86202,DIMALUNA,6135
86203,DOÑA CONSUELO,6135
86204,EMBARGO,6135
86205,GALA,6135
86206,GANGO,6135
86207,GOTOKAN DAKU,6135
86208,GOTOKAN DIOT,6135
86209,GUIMAD,6135
86210,GUINGONA,6135
86211,KINUMAN NORTE,6135
86212,KINUMAN SUR,6135
86213,LABINAY,6135
86214,LABO,6135
86215,LAM-AN,6135
86216,LIPOSONG,6135
86217,LITAPAN,6135
86218,MALAUBANG,6135
86219,MANAKA,6135
86220,MANINGCOL,6135
86221,MENTERING,6135
86222,MOLICAY,6135
86223,PANTAON,6135
86224,PULOT,6135
86225,SAN ANTONIO,6135
86226,SANGAY DAKU,6135
86227,SANGAY DIOT,6135
86228,SINUZA,6135
86229,STIMSON ABORDO (MONTOL),6135
86230,TABID,6135
86231,TINAGO,6135
86232,TRIGOS,6135
86233,BAGA,6136
86234,BANGKO,6136
86235,CAMANUCAN,6136
86236,DELA PAZ,6136
86237,LUTAO,6136
86238,MAGSAYSAY,6136
86239,MAP-AN,6136
86240,MOHON,6136
86241,POBLACION,6136
86242,PUNTA,6136
86243,SALIMPUNO,6136
86244,SAN ANDRES,6136
86245,SAN JUAN,6136
86246,SAN ROQUE,6136
86247,SUMASAP,6136
86248,VILLALIN,6136
86249,AGUNOD,5174
86250,BATO,5174
86251,BUENA VOLUNTAD,5174
86252,CALACA-AN,5174
86253,CARTAGENA PROPER,5174
86254,CATARMAN,5174
86255,CEBULIN,5174
86256,CLARIN,5174
86257,DANAO,5174
86258,DEBOLOC,5174
86259,DIVISORIA,5174
86260,EASTERN LOOC,5174
86261,ILISAN,5174
86262,KATIPUNAN,5174
86263,KAUSWAGAN,5174
86264,LAO PROPER,5174
86265,LAO SANTA CRUZ,5174
86266,LOOC PROPER,5174
86267,MAMANGA DAKU,5174
86268,MAMANGA GAMAY,5174
86269,MANGIDKID,5174
86270,NEW CARTAGENA,5174
86271,NEW LOOK,5174
86272,NORTHERN POBLACION,5174
86273,PANALSALAN,5174
86274,PUNTOD,5174
86275,QUIRINO,5174
86276,SANTA CRUZ,5174
86277,SOUTHERN LOOC,5174
86278,SOUTHERN POBLACION,5174
86279,TIPOLO,5174
86280,UNIDOS,5174
86281,USOCAN,5174
86282,"AGAPITO YAP, SR. (NAPILAN)",6138
86283,BAUTISTA,6138
86284,BITIBUT,6138
86285,BOUNDARY,6138
86286,CALUYA,6138
86287,CAPUNDAG,6138
86288,CASUL,6138
86289,DALUMPINAS,6138
86290,DASA,6138
86291,DIOYO,6138
86292,DISOY,6138
86293,EL PARAISO,6138
86294,GUINABOT,6138
86295,LIBERTAD,6138
86296,LOCUS,6138
86297,MACABIBO,6138
86298,MANLA,6138
86299,MASUBONG,6138
86300,MEDALLO,6138
86301,POBLACION,6138
86302,SALIMPUNO,6138
86303,SAN AGUSTIN,6138
86304,SAPANG AMA,6138
86305,SINAAD,6138
86306,SIPAC,6138
86307,"SIXTO VELEZ, SR.",6138
86308,UPPER BAUTISTA,6138
86309,VENTURA,6138
86310,CAGAY-ANON,6139
86311,CAMANSE,6139
86312,COLUPAN ALTO,6139
86313,COLUPAN BAJO,6139
86314,DINAS,6139
86315,ESTRELLA,6139
86316,KATIPUNAN,6139
86317,LIBERTAD ALTO,6139
86318,LIBERTAD BAJO,6139
86319,POBLACION,6139
86320,SAN ISIDRO ALTO,6139
86321,SAN ISIDRO BAJO,6139
86322,SAN LORENZO RUIZ (SUNGAN),6139
86323,SAN VICENTE,6139
86324,SEÑOR,6139
86325,SINONOC,6139
86326,TIPAN,6139
86327,AQUINO (MARCOS),6140
86328,BALATACAN,6140
86329,BALUK,6140
86330,BANGLAY,6140
86331,BARANGAY I - CITY HALL (POB.),6140
86332,BARANGAY II - MARILOU ANNEX (POB.),6140
86333,BARANGAY III- MARKET KALUBIAN (POB.),6140
86334,BARANGAY IV - ST. MICHAEL (POB.),6140
86335,BARANGAY V - MALUBOG (POB.),6140
86336,BARANGAY VI - LOWER POLAO (POB.),6140
86337,BARANGAY VII - UPPER POLAO (POB.),6140
86338,BINTANA,6140
86339,BOCATOR,6140
86340,BONGABONG,6140
86341,CANIANGAN,6140
86342,CAPALARAN,6140
86343,CATAGAN,6140
86344,GARANG,6140
86345,GUINABOT,6140
86346,GUINALABAN,6140
86347,HUYOHOY,6140
86348,ISIDRO D. TAN (DIMALOC-OC),6140
86349,KAUSWAGAN,6140
86350,KIMAT,6140
86351,LABUYO,6140
86352,LORENZO TAN,6140
86353,LUMBAN,6140
86354,MALORO,6140
86355,MANGA,6140
86356,MANTIC,6140
86357,MAQUILAO,6140
86358,MATUGNAW,6140
86359,MIGCANAWAY,6140
86360,MINSUBONG,6140
86361,OWAYAN,6140
86362,PAITON,6140
86363,PANALSALAN,6140
86364,PANGABUAN,6140
86365,PRENZA,6140
86366,SALIMPUNO,6140
86367,SAN ANTONIO,6140
86368,SAN APOLINARIO,6140
86369,SAN VICENTE,6140
86370,SANTA CRUZ,6140
86371,SANTA MARIA (BAGA),6140
86372,SANTO NIÑO,6140
86373,SICOT,6140
86374,SILANGA,6140
86375,SILANGIT,6140
86376,SIMASAY,6140
86377,SUMIRAP,6140
86378,TAGUITE,6140
86379,TITURON,6140
86380,TUGAS,6140
86381,VILLABA,6140
86382,BALON,5829
86383,BARRA,5829
86384,BASIRANG,5829
86385,BONGABONG,5829
86386,BUENAVISTA,5829
86387,CABOL-ANONAN,5829
86388,CAHAYAG,5829
86389,CALAMBUTAN BAJO,5829
86390,CALAMBUTAN SETTLEMENT,5829
86391,CAMATING,5829
86392,CANIBUNGAN PROPER,5829
86393,CASILAK SAN AGUSTIN,5829
86394,CENTRO HULPA (POB.),5829
86395,CENTRO NAPU (POB.),5829
86396,CENTRO UPPER (POB.),5829
86397,DUANGUICAN,5829
86398,GALA,5829
86399,GUMBIL,5829
86400,LOCSO-ON,5829
86401,MAIKAY,5829
86402,MARIBOJOC,5829
86403,MITUGAS,5829
86404,NAILON,5829
86405,NAMUT,5829
86406,NAPUROG,5829
86407,PAN-AY DIOT,5829
86408,SAN NICOLAS,5829
86409,SEBAC,5829
86410,SILONGON,5829
86411,SINUZA,5829
86412,TAGUIMA,5829
86413,TIGDOK,5829
86414,YAHONG,5829
86415,BAYBAY,6142
86416,BENIGWAYAN,6142
86417,CALATCAT,6142
86418,LAGTANG,6142
86419,LANAO,6142
86420,LOGUILO,6142
86421,LOURDES,6142
86422,LUMBO,6142
86423,MOLOCBOLOC,6142
86424,POBLACION,6142
86425,SAMPATULOG,6142
86426,SUNGAY,6142
86427,TALABA,6142
86428,TAPARAK,6142
86429,TUGASNON,6142
86430,TULA,6142
86431,BALAGNAN,6143
86432,BALIWAGAN,6143
86433,BARANGAY 1 (POB.),6143
86434,BARANGAY 2 (POB.),6143
86435,BARANGAY 3 (POB.),6143
86436,BARANGAY 4 (POB.),6143
86437,BARANGAY 5 (POB.),6143
86438,BARANGAY 6 (POB.),6143
86439,BINITINAN,6143
86440,BLANCO,6143
86441,CALAWAG,6143
86442,CAMUAYAN,6143
86443,COGON,6143
86444,DANSULI,6143
86445,DUMARAIT,6143
86446,HERMANO,6143
86447,KIBANBAN,6143
86448,LINABU,6143
86449,LINGGANGAO,6143
86450,MAMBAYAAN,6143
86451,MANDANGOA,6143
86452,NAPALIRAN,6143
86453,QUEZON,6143
86454,ROSARIO,6143
86455,SAMAY,6143
86456,SAN FRANCISCO,6143
86457,SAN ISIDRO,6143
86458,SAN JUAN,6143
86459,TALUSAN,6143
86460,WATERFALL,6143
86461,BAUKBAUK POB. (G.E. ANTONINO),6144
86462,DAHILIG,6144
86463,KABANGASAN,6144
86464,KABULAKAN,6144
86465,KAUSWAGAN,6144
86466,LAPINIG (POB.),6144
86467,MANTANGALE,6144
86468,MAPUA,6144
86469,SAN ALONZO,6144
86470,DAMPIAS,6145
86471,KITAMBAN,6145
86472,KITAMBIS,6145
86473,MABINI,6145
86474,MOSANGOT,6145
86475,NABATAAN,6145
86476,POBLACION,6145
86477,VALDECONCHA,6145
86478,AGUSAN,6146
86479,BAIKINGON,6146
86480,BALUBAL,6146
86481,BALULANG,6146
86482,BARANGAY 1 (POB.),6146
86483,BARANGAY 2 (POB.),6146
86484,BARANGAY 3 (POB.),6146
86485,BARANGAY 4 (POB.),6146
86486,BARANGAY 5 (POB.),6146
86487,BARANGAY 6 (POB.),6146
86488,BARANGAY 7 (POB.),6146
86489,BARANGAY 8 (POB.),6146
86490,BARANGAY 9 (POB.),6146
86491,BARANGAY 10 (POB.),6146
86492,BARANGAY 11 (POB.),6146
86493,BARANGAY 12 (POB.),6146
86494,BARANGAY 13 (POB.),6146
86495,BARANGAY 14 (POB.),6146
86496,BARANGAY 15 (POB.),6146
86497,BARANGAY 16 (POB.),6146
86498,BARANGAY 17 (POB.),6146
86499,BARANGAY 18 (POB.),6146
86500,BARANGAY 19 (POB.),6146
86501,BARANGAY 20 (POB.),6146
86502,BARANGAY 21 (POB.),6146
86503,BARANGAY 22 (POB.),6146
86504,BARANGAY 23 (POB.),6146
86505,BARANGAY 24 (POB.),6146
86506,BARANGAY 25 (POB.),6146
86507,BARANGAY 26 (POB.),6146
86508,BARANGAY 27 (POB.),6146
86509,BARANGAY 28 (POB.),6146
86510,BARANGAY 29 (POB.),6146
86511,BARANGAY 30 (POB.),6146
86512,BARANGAY 31 (POB.),6146
86513,BARANGAY 32 (POB.),6146
86514,BARANGAY 33 (POB.),6146
86515,BARANGAY 34 (POB.),6146
86516,BARANGAY 35 (POB.),6146
86517,BARANGAY 36 (POB.),6146
86518,BARANGAY 37 (POB.),6146
86519,BARANGAY 38 (POB.),6146
86520,BARANGAY 39 (POB.),6146
86521,BARANGAY 40 (POB.),6146
86522,BAYABAS,6146
86523,BAYANGA,6146
86524,BESIGAN,6146
86525,BONBON,6146
86526,BUGO,6146
86527,BULUA,6146
86528,CAMAMAN-AN,6146
86529,CANITO-AN,6146
86530,CARMEN,6146
86531,CONSOLACION,6146
86532,CUGMAN,6146
86533,DANSOLIHON,6146
86534,F. S. CATANICO,6146
86535,GUSA,6146
86536,INDAHAG,6146
86537,IPONAN,6146
86538,KAUSWAGAN,6146
86539,LAPASAN,6146
86540,LUMBIA,6146
86541,MACABALAN,6146
86542,MACASANDIG,6146
86543,MAMBUAYA,6146
86544,NAZARETH,6146
86545,PAGALUNGAN,6146
86546,PAGATPAT,6146
86547,PATAG,6146
86548,PIGSAG-AN,6146
86549,PUERTO,6146
86550,PUNTOD,6146
86551,SAN SIMON,6146
86552,TABLON,6146
86553,TAGLIMAO,6146
86554,TAGPANGI,6146
86555,TIGNAPOLOAN,6146
86556,TUBURAN,6146
86557,TUMPAGON,6146
86558,ANI-E,5060
86559,APOSKAHOY,5060
86560,BULAHAN,5060
86561,CABACUNGAN,5060
86562,GUMAOD,5060
86563,HINAPLANAN,5060
86564,KALAWITAN,5060
86565,LANISE,5060
86566,LUNA,5060
86567,MADAGUING,5060
86568,MALAGANA,5060
86569,MAT-I,5060
86570,MINALWANG,5060
86571,PAMBUGAS,5060
86572,PANAMPAWAN,5060
86573,PATROCENIO,5060
86574,PELAEZ (DON GREGORIO PELAEZ),5060
86575,PLARIDEL,5060
86576,POBLACION,5060
86577,PUNONG,5060
86578,RIZAL,5060
86579,SANTA CRUZ,5060
86580,TAMBOBOAN,5060
86581,TIPOLOHON,5060
86582,AMOROS,6148
86583,BOLISONG,6148
86584,BOLOBOLO,6148
86585,CALONGONAN,6148
86586,COGON,6148
86587,HIMAYA,6148
86588,HINIGDAAN,6148
86589,KALABAYLABAY,6148
86590,KIBONBON,6148
86591,MOLUGAN,6148
86592,POBLACION,6148
86593,SAMBULAWAN,6148
86594,SINALOC,6148
86595,TAYTAY,6148
86596,ULALIMAN,6148
86597,AGAY-AYAN,6149
86598,ALAGATAN,6149
86599,ANAKAN,6149
86600,BAGUBAD,6149
86601,BAKIDBAKID,6149
86602,BAL-ASON,6149
86603,BANTAAWAN,6149
86604,BARANGAY 1 (POB.),6149
86605,BARANGAY 2 (POB.),6149
86606,BARANGAY 3 (POB.),6149
86607,BARANGAY 4 (POB.),6149
86608,BARANGAY 5 (POB.),6149
86609,BARANGAY 6 (POB.),6149
86610,BARANGAY 7 (POB.),6149
86611,BARANGAY 8 (POB.),6149
86612,BARANGAY 9 (POB.),6149
86613,BARANGAY 10 (POB.),6149
86614,BARANGAY 11 (POB.),6149
86615,BARANGAY 12 (POB.),6149
86616,BARANGAY 13 (POB.),6149
86617,BARANGAY 14 (POB.),6149
86618,BARANGAY 15 (POB.),6149
86619,BARANGAY 16 (POB.),6149
86620,BARANGAY 17 (POB.),6149
86621,BARANGAY 18 (POB.),6149
86622,BARANGAY 18-A (POB.),6149
86623,BARANGAY 19 (POB.),6149
86624,BARANGAY 20 (POB.),6149
86625,BARANGAY 21 (POB.),6149
86626,BARANGAY 22 (POB.),6149
86627,BARANGAY 22-A (POB.),6149
86628,BARANGAY 23 (POB.),6149
86629,BARANGAY 24 (POB.),6149
86630,BARANGAY 24-A (POB.),6149
86631,BARANGAY 25 (POB.),6149
86632,BARANGAY 26 (POB.),6149
86633,BINAKALAN,6149
86634,CAPITULANGAN,6149
86635,DAAN-LUNGSOD,6149
86636,DINAWEHAN,6149
86637,EUREKA,6149
86638,HINDANGON,6149
86639,KALAGONOY,6149
86640,KALIPAY,6149
86641,KAMANIKAN,6149
86642,KIANLAGAN,6149
86643,KIBUGING,6149
86644,KIPUNTOS,6149
86645,LAWAAN,6149
86646,LAWIT,6149
86647,LIBERTAD,6149
86648,LIBON,6149
86649,LUNAO,6149
86650,LUNOTAN,6149
86651,MALIBUD,6149
86652,MALINAO,6149
86653,MARIBUCAO,6149
86654,MIMBALAGON,6149
86655,MIMBUNGA,6149
86656,MIMBUNTONG,6149
86657,MINSAPINIT,6149
86658,MURALLON,6149
86659,ODIONGAN,6149
86660,PANGASIHAN,6149
86661,PIGSALUHAN,6149
86662,PUNONG,6149
86663,RICORO,6149
86664,SAMAY,6149
86665,SAN JOSE,6149
86666,SAN JUAN,6149
86667,SAN LUIS,6149
86668,SAN MIGUEL,6149
86669,SANGALAN,6149
86670,SANTIAGO,6149
86671,TAGPAKO,6149
86672,TALISAY,6149
86673,TALON,6149
86674,TINABALAN,6149
86675,TINULONGAN,6149
86676,BURNAY,6150
86677,CARLOS P. GARCIA,6150
86678,COGON,6150
86679,GREGORIO PELAEZ (LAGUTAY),6150
86680,KILANGIT,6150
86681,MATANGAD,6150
86682,PANGAYAWAN,6150
86683,POBLACION,6150
86684,QUEZON,6150
86685,TALA-O,6150
86686,ULAB,6150
86687,ALUNA,6151
86688,ANDALES,6151
86689,APAS,6151
86690,CALACAPAN,6151
86691,GIMANGPANG,6151
86692,JAMPASON,6151
86693,KAMELON,6151
86694,KANITOAN,6151
86695,OGUIS,6151
86696,PAGAHAN,6151
86697,POBLACION,6151
86698,PONTACON,6151
86699,SAN PEDRO,6151
86700,SINALAC,6151
86701,TAWANTAWAN,6151
86702,TUBIGAN,6151
86703,APLAYA,6152
86704,BOBONTUGAN,6152
86705,CORRALES,6152
86706,DANAO,6152
86707,I. S. CRUZ,6152
86708,JAMPASON,6152
86709,KIMAYA,6152
86710,LOWER JASAAN (POB.),6152
86711,LUZ BANZON,6152
86712,NATUBO,6152
86713,SAN ANTONIO,6152
86714,SAN ISIDRO,6152
86715,SAN NICOLAS,6152
86716,SOLANA,6152
86717,UPPER JASAAN (POB.),6152
86718,BERAY,6153
86719,BOLISONG,6153
86720,BUKO,6153
86721,CALUBO,6153
86722,CAMPO,6153
86723,ESPERANZA,6153
86724,KAGUMAHAN,6153
86725,KALITIAN,6153
86726,KITOTOK,6153
86727,PANABOL,6153
86728,POBLACION,6153
86729,SALICAPAWAN,6153
86730,SALUBSOB,6153
86731,SUAREZ,6153
86732,SUMALAG,6153
86733,BANGLAY,6154
86734,DAMPIL,6154
86735,GASTON,6154
86736,KABULAWAN,6154
86737,KAUSWAGAN,6154
86738,LUMBO,6154
86739,MANAOL,6154
86740,POBLACION,6154
86741,TABOK,6154
86742,UMAGOS,6154
86743,AROMAHON,6155
86744,GASI,6155
86745,KIBAGHOT,6155
86746,LAPAD,6155
86747,LIBERTY,6155
86748,MAUSWAGON,6155
86749,MOOG,6155
86750,POBLACION,6155
86751,SAMBULAWAN,6155
86752,SINAI,6155
86753,TUBAJON,6155
86754,DULONG,5621
86755,GIMAYLAN,5621
86756,KIMALOK,5621
86757,LUBLUBAN,5621
86758,POBLACION,5621
86759,RETABLO,5621
86760,SANTO NIÑO,5621
86761,TANGCUB,5621
86762,TAYTAYAN,5621
86763,AYA-AYA,6157
86764,BETAHON,6157
86765,BIGA,6157
86766,CALANGAHAN,6157
86767,KALUKNAYAN,6157
86768,LOWER TALACOGON,6157
86769,POBLACION,6157
86770,UPPER TALACOGON,6157
86771,ABUNDA,6158
86772,ARTADI,6158
86773,BONIFACIO AQUINO,6158
86774,CABALAWAN,6158
86775,CABANTIAN,6158
86776,CABUBUHAN,6158
86777,CANDIIS,6158
86778,CONSUELO,6158
86779,DAMAYUHAN,6158
86780,GUMABON,6158
86781,KATIPUNAN,6158
86782,KAUSWAGAN,6158
86783,KIBUNGSOD,6158
86784,MAHAYAHAY,6158
86785,MINDULAO,6158
86786,PAG-ASA,6158
86787,POBLACION,6158
86788,SAN ISIDRO,6158
86789,SAN VICENTE,6158
86790,SANTA CRUZ,6158
86791,TAMA,6158
86792,TIBON-TIBON,6158
86793,TINAAN,6158
86794,TULANG (CADENA DE AMOR),6158
86795,VILLA FELIPA,6158
86796,ARGAYOSO,6159
86797,BALINTAD,6159
86798,CABALANTIAN,6159
86799,CAMANGA,6159
86800,DIGKILAAN,6159
86801,MAHAYAHAY,6159
86802,PAGAWAN,6159
86803,PANIANGAN,6159
86804,PATAG,6159
86805,POBLACION,6159
86806,PUNTA SILUM,6159
86807,TUOD,6159
86808,UPPER MALUBOG,6159
86809,BANGBANG,6160
86810,BULWA,6160
86811,CABUG,6160
86812,DIG-AGUYAN,6160
86813,DUKA,6160
86814,GASA,6160
86815,MAANAS,6160
86816,MANANUM BAG-O,6160
86817,MANANUM DAAN,6160
86818,NORTH POBLACION,6160
86819,PAHINDONG,6160
86820,PORTULIN,6160
86821,SAN ISIDRO,6160
86822,SAN JOSE,6160
86823,SAN ROQUE,6160
86824,SAN VICENTE,6160
86825,SOUTH POBLACION,6160
86826,TAMBAGAN,6160
86827,TUP-ON,6160
86828,DON PEDRO,6161
86829,LINANGKAYAN,6161
86830,LUBILAN,6161
86831,MAPULOG,6161
86832,MAPUTI,6161
86833,MAT-I,6161
86834,PATAG,6161
86835,POBLACION,6161
86836,TAGBALOGO,6161
86837,TUBORAN,6161
86838,AWANG,6162
86839,BAGOCBOC,6162
86840,BARRA,6162
86841,BONBON,6162
86842,CAUYONAN,6162
86843,IGPIT,6162
86844,LIMONDA,6162
86845,LUYONGBONBON,6162
86846,MALANANG,6162
86847,NANGCAON,6162
86848,PATAG,6162
86849,POBLACION,6162
86850,TABOC,6162
86851,TINGALAN,6162
86852,ALIPUATON,6163
86853,AMPENICAN,6163
86854,BUNAL,6163
86855,CASULOG,6163
86856,DINAGSAAN,6163
86857,GUINALABAN,6163
86858,ILI-ILIHON,6163
86859,INOBULAN,6163
86860,LOOC,6163
86861,MATAMPA,6163
86862,MEMBULI,6163
86863,POBLACION,6163
86864,SALAGSAG,6163
86865,SALAY RIVER I,6163
86866,SALAY RIVER II,6163
86867,SARAY,6163
86868,TINAGAAN,6163
86869,YUNGOD,6163
86870,ALICOMOHAN,6164
86871,AMPIANGA,6164
86872,KAULAYANAN,6164
86873,KIDAMPAS,6164
86874,KIRAGING,6164
86875,MANGGA,6164
86876,MIMBUAHAN,6164
86877,POBLACION,6164
86878,SANTA CRUZ (MABINI),6164
86879,SILAD,6164
86880,BALUARTE,6122
86881,CASINGLOT,6122
86882,GRACIA,6122
86883,MOHON,6122
86884,NATUMOLAN,6122
86885,POBLACION,6122
86886,ROSARIO,6122
86887,SANTA ANA,6122
86888,SANTA CRUZ,6122
86889,SUGBONGCOGON,6122
86890,BUGDANG,6166
86891,CALAMCAM,6166
86892,CASIBOLE,6166
86893,MACOPA,6166
86894,MAGKARILA,6166
86895,MAHAYAG,6166
86896,MANDAHILAG,6166
86897,MINTABON,6166
86898,PANGPANGON,6166
86899,POBLACION,6166
86900,POOK,6166
86901,PUNTA SANTIAGO,6166
86902,PUTING BALAS,6166
86903,SAN JOSE,6166
86904,SANTA INES,6166
86905,SIBANTANG,6166
86906,SINDANGAN,6166
86907,TAGBOCBOC,6166
86908,BALACANAS,6167
86909,DAYAWAN,6167
86910,IMELDA,6167
86911,KATIPUNAN,6167
86912,KIMAYA,6167
86913,LOOC,6167
86914,POBLACION 1,6167
86915,POBLACION 2,6167
86916,POBLACION 3,6167
86917,SAN MARTIN,6167
86918,TAMBOBONG,6167
89243,AURORA,5794
89244,BAGONGON,5794
89245,GABI,5794
89246,LAGAB,5794
89247,MANGAYON,5794
89248,MAPACA,5794
89249,MAPARAT,5794
89250,NEW ALEGRIA,5794
89251,NGAN,5794
89252,OSMEÑA,5794
89253,PANANSALAN,5794
89254,POBLACION,5794
89255,SAN JOSE,5794
89256,SAN MIGUEL,5794
89257,SIOCON,5794
89258,TAMIA,5794
89259,AGUINALDO,6169
89260,AMOR CRUZ,6169
89261,AMPAWID,6169
89262,ANDAP,6169
89263,ANITAP,6169
89264,BAGONG SILANG,6169
89265,BANBANON,6169
89266,BELMONTE,6169
89267,BINASBAS,6169
89268,BULLUCAN,6169
89269,CEBULIDA,6169
89270,CONCEPCION,6169
89271,DATU AMPUNAN,6169
89272,DATU DAVAO,6169
89273,DOÑA JOSEFA,6169
89274,EL KATIPUNAN,6169
89275,IL PAPA,6169
89276,IMELDA,6169
89277,INACAYAN,6169
89278,KALIGUTAN,6169
89279,KAPATAGAN,6169
89280,KIDAWA,6169
89281,KILAGDING,6169
89282,KIOKMAY,6169
89283,LAAC (POB.),6169
89284,LANGTUD,6169
89285,LONGANAPAN,6169
89286,MABUHAY,6169
89287,MACOPA,6169
89288,MALINAO,6169
89289,MANGLOY,6169
89290,MELALE,6169
89291,NAGA,6169
89292,NEW BETHLEHEM,6169
89293,PANAMOREN,6169
89294,SABUD,6169
89295,SAN ANTONIO,6169
89296,SANTA EMILIA,6169
89297,SANTO NIÑO,6169
89298,SISIMON,6169
89299,ANITAPAN,6170
89300,CABUYUAN,6170
89301,CADUNAN,6170
89302,CUAMBOG (POB.),6170
89303,DEL PILAR,6170
89304,GOLDEN VALLEY (MARAUT),6170
89305,LIBODON,6170
89306,PANGIBIRAN,6170
89307,PINDASAN,6170
89308,SAN ANTONIO,6170
89309,TAGNANAN (MAMPISING),6170
89310,ANIBONGAN,6171
89311,ANISLAGAN,6171
89312,BINUANGAN,6171
89313,BUCANA,6171
89314,CALABCAB,6171
89315,CONCEPCION,6171
89316,DUMLAN,6171
89317,ELIZALDE (SOMIL),6171
89318,GUBATAN,6171
89319,HIJO,6171
89320,KINUBAN,6171
89321,LANGGAM,6171
89322,LAPU-LAPU,6171
89323,LIBAY-LIBAY,6171
89324,LIMBO,6171
89325,LUMATAB,6171
89326,MAGANGIT,6171
89327,MAINIT,6171
89328,MALAMODAO,6171
89329,MANIPONGOL,6171
89330,MAPAANG,6171
89331,MASARA,6171
89332,NEW ASTURIAS,6171
89333,NEW BARILI,6171
89334,NEW LEYTE,6171
89335,NEW VISAYAS,6171
89336,PANANGAN,6171
89337,PANGI (GAUDENCIO ANTONIO),6171
89338,PANIBASAN,6171
89339,PANORAON,6171
89340,POBLACION,6171
89341,SAN JUAN,6171
89342,SAN ROQUE,6171
89343,SANGAB,6171
89344,TAGBAROS,6171
89345,TAGLAWIG,6171
89346,TERESA,6171
89347,BAGONG SILANG,6172
89348,BAHI,6172
89349,CAMBAGANG,6172
89350,CORONOBE,6172
89351,KATIPUNAN,6172
89352,LAHI,6172
89353,LANGGAWISAN,6172
89354,MABUGNAO,6172
89355,MAGCAGONG,6172
89356,MAHAYAHAY,6172
89357,MAPAWA,6172
89358,MARAGUSAN (POB.),6172
89359,MAUSWAGON,6172
89360,NEW ALBAY,6172
89361,NEW KATIPUNAN,6172
89362,NEW MAN-AY,6172
89363,NEW PANAY,6172
89364,PALOC,6172
89365,PAMINTARAN,6172
89366,PARASANON,6172
89367,TALIAN,6172
89368,TANDIK,6172
89369,TIGBAO,6172
89370,TUPAZ,6172
89371,ANDILI,6173
89372,BAWANI,6173
89373,CONCEPCION,6173
89374,MALINAWON,6173
89375,NUEVA VISAYAS,6173
89376,NUEVO ILOCO,6173
89377,POBLACION,6173
89378,SALVACION,6173
89379,SAOSAO,6173
89380,SAWANGAN,6173
89381,TUBORAN,6173
89382,AWAO,6174
89383,BABAG,6174
89384,BANLAG,6174
89385,BAYLO,6174
89386,CASOON,6174
89387,HAGUIMITAN,6174
89388,INAMBATAN,6174
89389,MACOPA,6174
89390,MAMUNGA,6174
89391,MOUNT DIWATA,6174
89392,NABOC,6174
89393,OLAYCON,6174
89394,PASIAN (SANTA FILOMENA),6174
89395,POBLACION,6174
89396,RIZAL,6174
89397,SALVACION,6174
89398,SAN ISIDRO,6174
89399,SAN JOSE,6174
89400,TUBO-TUBO (NEW DEL MONTE),6174
89401,UNION,6174
89402,UPPER ULIP,6174
89403,BANAGBANAG,6175
89404,BANGLASAN,6175
89405,BANKEROHAN NORTE,6175
89406,BANKEROHAN SUR,6175
89407,CAMANSI,6175
89408,CAMANTANGAN,6175
89409,CANIDKID,6175
89410,CONCEPCION,6175
89411,DAUMAN,6175
89412,LEBANON,6175
89413,LINOAN,6175
89414,MAYAON,6175
89415,NEW CALAPE,6175
89416,NEW CEBULAN (SAMBAYON),6175
89417,NEW DALAGUETE,6175
89418,NEW VISAYAS,6175
89419,PROSPERIDAD,6175
89420,SAN JOSE (POB.),6175
89421,SAN VICENTE,6175
89422,TAPIA,6175
89423,ANISLAGAN,6176
89424,ANTIQUERA,6176
89425,BASAK,6176
89426,BAYABAS,6176
89427,BUKAL,6176
89428,CABACUNGAN,6176
89429,CABIDIANAN,6176
89430,KATIPUNAN,6176
89431,LIBASAN,6176
89432,LINDA,6176
89433,MAGADING,6176
89434,MAGSAYSAY,6176
89435,MAINIT,6176
89436,MANAT,6176
89437,MATILO,6176
89438,MIPANGI,6176
89439,NEW DAUIS,6176
89440,NEW SIBONGA,6176
89441,OGAO,6176
89442,PANGUTOSAN,6176
89443,POBLACION,6176
89444,SAN ISIDRO,6176
89445,SAN ROQUE,6176
89446,SAN VICENTE,6176
89447,SANTA MARIA,6176
89448,SANTO NIÑO (KAO),6176
89449,SASA,6176
89450,TAGNOCON,6176
89451,ANDAP,6177
89452,BANTACAN,6177
89453,BATINAO,6177
89454,CABINUANGAN (POB.),6177
89455,CAMANLANGAN,6177
89456,COGONON,6177
89457,FATIMA,6177
89458,KAHAYAG,6177
89459,KATIPUNAN,6177
89460,MAGANGIT,6177
89461,MAGSAYSAY,6177
89462,MANURIGAO,6177
89463,PAGSABANGAN,6177
89464,PANAG,6177
89465,SAN ROQUE,6177
89466,TANDAWAN,6177
89467,ARAIBO,6178
89468,BONGABONG,6178
89469,BONGBONG,6178
89470,KINGKING (POB.),6178
89471,LAS ARENAS,6178
89472,MAGNAGA,6178
89473,MATIAO,6178
89474,NAPNAPAN,6178
89475,P. FUENTES,6178
89476,TAG-UGPO,6178
89477,TAGDANGUA,6178
89478,TAMBONGON,6178
89479,TIBAGON,6178
89480,BINANCIAN,6179
89481,BUAN,6179
89482,BUCLAD,6179
89483,CABAYWA,6179
89484,CAMANSA,6179
89485,CAMBANOGOY (POB.),6179
89486,CAMONING,6179
89487,CANATAN,6179
89488,CONCEPCION,6179
89489,DOÑA ANDREA,6179
89490,MAGATOS,6179
89491,NAPUNGAS,6179
89492,NEW BANTAYAN,6179
89493,NEW LOON,6179
89494,NEW SANTIAGO,6179
89495,PAMACAUN,6179
89496,SAGAYEN,6179
89497,SAN VICENTE,6179
89498,SANTA FILOMENA,6179
89499,SONLON,6179
89500,CABAY-ANGAN,6180
89501,DUJALI,6180
89502,MAGUPISING,6180
89503,NEW CASAY,6180
89504,TANGLAW,6180
89505,ALEJAL,5741
89506,ANIBONGAN,5741
89507,ASUNCION (CUATRO-CUATRO),5741
89508,CEBULANO,5741
89509,GUADALUPE,5741
89510,ISING (POB.),5741
89511,LA PAZ,5741
89512,MABAUS,5741
89513,MABUHAY,5741
89514,MAGSAYSAY,5741
89515,MANGALCAL,5741
89516,MINDA,5741
89517,NEW CAMILING,5741
89518,SALVACION,5741
89519,SAN ISIDRO,5741
89520,SANTO NIÑO,5741
89521,TABA,5741
89522,TIBULAO,5741
89523,TUBOD,5741
89524,TUGANAY,5741
89525,APOKON,6182
89526,BINCUNGAN,6182
89527,BUSAON,6182
89528,CANOCOTAN,6182
89529,CUAMBOGAN,6182
89530,LA FILIPINA,6182
89531,LIBOGANON,6182
89532,MADAUM,6182
89533,MAGDUM,6182
89534,MAGUGPO EAST,6182
89535,MAGUGPO NORTH,6182
89536,MAGUGPO POBLACION,6182
89537,MAGUGPO SOUTH,6182
89538,MAGUGPO WEST,6182
89539,MANKILAM,6182
89540,NEW BALAMBAN,6182
89541,NUEVA FUERZA,6182
89542,PAGSABANGAN,6182
89543,PANDAPAN,6182
89544,SAN AGUSTIN,6182
89545,SAN ISIDRO,6182
89546,SAN MIGUEL (CAMP 4),6182
89547,VISAYAN VILLAGE,6182
89548,ADECOR,6183
89549,ANONANG,6183
89550,AUMBAY,6183
89551,AUNDANAO,6183
89552,BALET,6183
89553,BANDERA,6183
89554,CALICLIC (DANGCA-AN),6183
89555,CAMUDMUD,6183
89556,CATAGMAN,6183
89557,CAWAG,6183
89558,COGON,6183
89559,COGON (TALICOD),6183
89560,DADATAN,6183
89561,DEL MONTE,6183
89562,GUILON,6183
89563,KANAAN,6183
89564,KINAWITNON,6183
89565,LIBERTAD,6183
89566,LIBUAK,6183
89567,LICUP,6183
89568,LIMAO,6183
89569,LINOSUTAN,6183
89570,MAMBAGO-A,6183
89571,MAMBAGO-B,6183
89572,MIRANDA (POB.),6183
89573,MONCADO (POB.),6183
89574,PANGUBATAN (TALICOD I),6183
89575,PEÑAPLATA (POB.),6183
89576,POBLACION (KAPUTIAN),6183
89577,SAN AGUSTIN,6183
89578,SAN ANTONIO,6183
89579,SAN ISIDRO (BABAK),6183
89580,SAN ISIDRO (KAPUTIAN),6183
89581,SAN JOSE (SAN LAPUZ),6183
89582,SAN MIGUEL (MAGAMONO),6183
89583,SAN REMIGIO,6183
89584,SANTA CRUZ (TALICOD II),6183
89585,SANTO NIÑO,6183
89586,SION (ZION),6183
89587,TAGBAOBO,6183
89588,TAGBAY,6183
89589,TAGBITAN-AG,6183
89590,TAGDALIAO,6183
89591,TAGPOPONGAN,6183
89592,TAMBO,6183
89593,TORIL,6183
89594,CAPUNGAGAN,6184
89595,FLORIDA,6184
89596,GABUYAN,6184
89597,GUPITAN,6184
89598,KATIPUNAN,6184
89599,LUNA,6184
89600,MABANTAO,6184
89601,MAMACAO,6184
89602,MANIKI (POBLACION),6184
89603,PAG-ASA,6184
89604,SAMPAO,6184
89605,SEMONG,6184
89606,SUA-ON,6184
89607,TIBURCIA,6184
89608,CABIDIANAN,6185
89609,CARCOR,6185
89610,DEL MONTE,6185
89611,DEL PILAR,6185
89612,EL SALVADOR,6185
89613,LIMBA-AN,6185
89614,MACGUM,6185
89615,MAMBING,6185
89616,MESAOY,6185
89617,NEW BOHOL,6185
89618,NEW CORTEZ,6185
89619,NEW SAMBOG,6185
89620,PATROCENIO,6185
89621,POBLACION,6185
89622,SAN JOSE,6185
89623,SAN ROQUE,6185
89624,SANTA CRUZ,6185
89625,SANTA FE,6185
89626,SANTO NIÑO,6185
89627,SUAWON,6185
89628,A. O. FLOIRENDO,6186
89629,BUENAVISTA,6186
89630,CACAO,6186
89631,CAGANGOHAN,6186
89632,CONSOLACION,6186
89633,DAPCO,6186
89634,DATU ABDUL DADIA,6186
89635,GREDU (POB.),6186
89636,J.P. LAUREL,6186
89637,KASILAK,6186
89638,KATIPUNAN,6186
89639,KATUALAN,6186
89640,KAUSWAGAN,6186
89641,KIOTOY,6186
89642,LITTLE PANAY,6186
89643,LOWER PANAGA (ROXAS),6186
89644,MABUNAO,6186
89645,MADUAO,6186
89646,MALATIVAS,6186
89647,MANAY,6186
89648,NANYO,6186
89649,NEW MALAGA (DALISAY),6186
89650,NEW MALITBOG,6186
89651,NEW PANDAN (POB.),6186
89652,NEW VISAYAS,6186
89653,QUEZON,6186
89654,SALVACION,6186
89655,SAN FRANCISCO (POB.),6186
89656,SAN NICOLAS,6186
89657,SAN PEDRO,6186
89658,SAN ROQUE,6186
89659,SAN VICENTE,6186
89660,SANTA CRUZ,6186
89661,SANTO NIÑO (POB.),6186
89662,SINDATON,6186
89663,SOUTHERN DAVAO,6186
89664,TAGPORE,6186
89665,TIBUNGOL,6186
89666,UPPER LICANAN,6186
89667,WATERFALL,6186
89668,DACUDAO,5108
89669,DATU BALONG,5108
89670,IGANGON,5108
89671,KIPALILI,5108
89672,LIBUTON,5108
89673,LINAO,5108
89674,MAMANGAN,5108
89675,MONTE DUJALI,5108
89676,PINAMUNO,5108
89677,SABANGAN,5108
89678,SAN MIGUEL,5108
89679,SANTO NIÑO,5108
89680,SAWATA,5108
89681,BALAGUNAN,4992
89682,BOBONGON,4992
89683,CASIG-ANG,4992
89684,ESPERANZA,4992
89685,KIMAMON,4992
89686,KINAMAYAN,4992
89687,LA LIBERTAD,4992
89688,LUNGAOG,4992
89689,MAGWAWA,4992
89690,NEW KATIPUNAN,4992
89691,NEW VISAYAS,4992
89692,PANTARON,4992
89693,SALVACION,4992
89694,SAN JOSE,4992
89695,SAN MIGUEL,4992
89696,SAN VICENTE,4992
89697,TALOMO,4992
89698,TIBAL-OG (POB.),4992
89699,TULALIAN,4992
89700,DAGOHOY,6189
89701,PALMA GIL,6189
89702,SANTO NIÑO,6189
89703,ALEGRE,6190
89704,ALTA VISTA,6190
89705,ANONANG,6190
89706,BITAUG,6190
89707,BONIFACIO,6190
89708,BUENAVISTA,6190
89709,DARAPUAY,6190
89710,DOLO,6190
89711,EMAN,6190
89712,KINUSKUSAN,6190
89713,LIBERTAD,6190
89714,LINAWAN,6190
89715,MABUHAY,6190
89716,MABUNGA,6190
89717,MANAGA,6190
89718,MARBER,6190
89719,NEW CLARIN (MIRAL),6190
89720,POBLACION,6190
89721,POBLACION DOS,6190
89722,RIZAL,6190
89723,SANTO NIÑO,6190
89724,SIBAYAN,6190
89725,TINONGTONGAN,6190
89726,TUBOD,6190
89727,UNION,6190
89728,ACACIA,6191
89729,AGDAO,6191
89730,ALAMBRE,6191
89731,ALEJANDRA NAVARRO (LASANG),6191
89732,ALFONSO ANGLIONGTO SR.,6191
89733,ANGALAN,6191
89734,ATAN-AWE,6191
89735,BAGANIHAN,6191
89736,BAGO APLAYA,6191
89737,BAGO GALLERA,6191
89738,BAGO OSHIRO,6191
89739,BAGUIO (POB.),6191
89740,BALENGAENG,6191
89741,BALIOK,6191
89742,BANGKAS HEIGHTS,6191
89743,BANTOL,6191
89744,BARACATAN,6191
89745,BARANGAY 1-A (POB.),6191
89746,BARANGAY 2-A (POB.),6191
89747,BARANGAY 3-A (POB.),6191
89748,BARANGAY 4-A (POB.),6191
89749,BARANGAY 5-A (POB.),6191
89750,BARANGAY 6-A (POB.),6191
89751,BARANGAY 7-A (POB.),6191
89752,BARANGAY 8-A (POB.),6191
89753,BARANGAY 9-A (POB.),6191
89754,BARANGAY 10-A (POB.),6191
89755,BARANGAY 11-B (POB.),6191
89756,BARANGAY 12-B (POB.),6191
89757,BARANGAY 13-B (POB.),6191
89758,BARANGAY 14-B (POB.),6191
89759,BARANGAY 15-B (POB.),6191
89760,BARANGAY 16-B (POB.),6191
89761,BARANGAY 17-B (POB.),6191
89762,BARANGAY 18-B (POB.),6191
89763,BARANGAY 19-B (POB.),6191
89764,BARANGAY 20-B (POB.),6191
89765,BARANGAY 21-C (POB.),6191
89766,BARANGAY 22-C (POB.),6191
89767,BARANGAY 23-C (POB.),6191
89768,BARANGAY 24-C (POB.),6191
89769,BARANGAY 25-C (POB.),6191
89770,BARANGAY 26-C (POB.),6191
89771,BARANGAY 27-C (POB.),6191
89772,BARANGAY 28-C (POB.),6191
89773,BARANGAY 29-C (POB.),6191
89774,BARANGAY 30-C (POB.),6191
89775,BARANGAY 31-D (POB.),6191
89776,BARANGAY 32-D (POB.),6191
89777,BARANGAY 33-D (POB.),6191
89778,BARANGAY 34-D (POB.),6191
89779,BARANGAY 35-D (POB.),6191
89780,BARANGAY 36-D (POB.),6191
89781,BARANGAY 37-D (POB.),6191
89782,BARANGAY 38-D (POB.),6191
89783,BARANGAY 39-D (POB.),6191
89784,BARANGAY 40-D (POB.),6191
89785,BATO,6191
89786,BAYABAS,6191
89787,BIAO ESCUELA,6191
89788,BIAO GUIANGA,6191
89789,BIAO JOAQUIN,6191
89790,BINUGAO,6191
89791,BUCANA,6191
89792,BUDA,6191
89793,BUHANGIN (POB.),6191
89794,BUNAWAN (POB.),6191
89795,CABANTIAN,6191
89796,CADALIAN,6191
89797,CALINAN (POB.),6191
89798,CALLAWA,6191
89799,CAMANSI,6191
89800,CARMEN,6191
89801,CATALUNAN GRANDE,6191
89802,CATALUNAN PEQUEÑO,6191
89803,CATIGAN,6191
89804,CAWAYAN,6191
89805,CENTRO (SAN JUAN),6191
89806,COLOSAS,6191
89807,COMMUNAL,6191
89808,CROSSING BAYABAS,6191
89809,DACUDAO,6191
89810,DALAG,6191
89811,DALAGDAG,6191
89812,DALIAO,6191
89813,DALIAON PLANTATION,6191
89814,DATU SALUMAY,6191
89815,DOMINGA,6191
89816,DUMOY,6191
89817,EDEN,6191
89818,FATIMA (BENOWANG),6191
89819,GATUNGAN,6191
89820,GOV. PACIANO BANGOY,6191
89821,GOV. VICENTE DUTERTE,6191
89822,GUMALANG,6191
89823,GUMITAN,6191
89824,ILANG,6191
89825,INAYANGAN,6191
89826,INDANGAN,6191
89827,"KAP. TOMAS MONTEVERDE, SR.",6191
89828,KILATE,6191
89829,LACSON,6191
89830,LAMANAN,6191
89831,LAMPIANAO,6191
89832,LANGUB,6191
89833,LAPU-LAPU,6191
89834,"LEON GARCIA, SR.",6191
89835,LIZADA,6191
89836,LOS AMIGOS,6191
89837,LUBOGAN,6191
89838,LUMIAD,6191
89839,MA-A,6191
89840,MABUHAY,6191
89841,MAGSAYSAY,6191
89842,MAGTUOD,6191
89843,MAHAYAG,6191
89844,MALABOG,6191
89845,MALAGOS,6191
89846,MALAMBA,6191
89847,MANAMBULAN,6191
89848,MANDUG,6191
89849,MANUEL GUIANGA,6191
89850,MAPULA,6191
89851,MARAPANGI,6191
89852,MARILOG,6191
89853,MATINA APLAYA,6191
89854,MATINA BIAO,6191
89855,MATINA CROSSING,6191
89856,MATINA PANGI,6191
89857,MEGKAWAYAN,6191
89858,MINTAL,6191
89859,MUDIANG,6191
89860,MULIG,6191
89861,NEW CARMEN,6191
89862,NEW VALENCIA,6191
89863,PAMPANGA,6191
89864,PANACAN,6191
89865,PANALUM,6191
89866,PANDAITAN,6191
89867,PANGYAN,6191
89868,PAQUIBATO (POB.),6191
89869,PARADISE EMBAK,6191
89870,RAFAEL CASTILLO,6191
89871,RIVERSIDE,6191
89872,SALAPAWAN,6191
89873,SALAYSAY,6191
89874,SALOY,6191
89875,SAN ANTONIO,6191
89876,SAN ISIDRO (LICANAN),6191
89877,SANTO NIÑO,6191
89878,SASA,6191
89879,SIBULAN,6191
89880,SIRAWAN,6191
89881,SIRIB,6191
89882,SUAWAN (TULI),6191
89883,SUBASTA,6191
89884,SUMIMAO,6191
89885,TACUNAN,6191
89886,TAGAKPAN,6191
89887,TAGLUNO,6191
89888,TAGURANO,6191
89889,TALANDANG,6191
89890,TALOMO (POB.),6191
89891,TALOMO RIVER,6191
89892,TAMAYONG,6191
89893,TAMBOBONG,6191
89894,TAMUGAN,6191
89895,TAPAK,6191
89896,TAWAN-TAWAN,6191
89897,TIBULOY,6191
89898,TIBUNGCO,6191
89899,TIGATTO,6191
89900,TORIL (POB.),6191
89901,TUGBOK (POB.),6191
89902,TUNGAKALAN,6191
89903,UBALDE,6191
89904,ULA,6191
89905,VICENTE HIZON SR.,6191
89906,WAAN,6191
89907,WANGAN,6191
89908,WILFREDO AQUINO,6191
89909,WINES,6191
89910,APLAYA,6192
89911,BALABAG,6192
89912,BINATON,6192
89913,COGON,6192
89914,COLORADO,6192
89915,DAWIS,6192
89916,DULANGAN,6192
89917,GOMA,6192
89918,IGPIT,6192
89919,KAPATAGAN (RIZAL),6192
89920,KIAGOT,6192
89921,LUNGAG,6192
89922,MAHAYAHAY,6192
89923,MATTI,6192
89924,RUPARAN,6192
89925,SAN AGUSTIN,6192
89926,SAN JOSE (BALUTAKAY),6192
89927,SAN MIGUEL (ODACA),6192
89928,SAN ROQUE,6192
89929,SINAWILAN,6192
89930,SOONG,6192
89931,TIGUMAN,6192
89932,TRES DE MAYO,6192
89933,ZONE 1 (POB.),6192
89934,ZONE 2 (POB.),6192
89935,ZONE 3 (POB.),6192
89936,BALUTAKAY,5166
89937,CLIB,5166
89938,GUIHING,5166
89939,GUIHING APLAYA,5166
89940,HAGONOY CROSSING,5166
89941,KIBUAYA,5166
89942,LA UNION,5166
89943,LANURO,5166
89944,LAPULABAO,5166
89945,LELING,5166
89946,MAHAYAHAY,5166
89947,MALABANG DAMSITE,5166
89948,MALIIT DIGOS,5166
89949,NEW QUEZON,5166
89950,PALIGUE,5166
89951,POBLACION,5166
89952,SACUB,5166
89953,SAN GUILLERMO,5166
89954,SAN ISIDRO,5166
89955,SINAYAWAN,5166
89956,TOLOGAN,5166
89957,ABNATE,6194
89958,BAGONG NEGROS,6194
89959,BAGONG SILANG,6194
89960,BAGUMBAYAN,6194
89961,BALASIAO,6194
89962,BONIFACIO,6194
89963,BULOL-SALO,6194
89964,BUNOT,6194
89965,COGON-BACACA,6194
89966,DAPOK,6194
89967,IHAN,6194
89968,KIBONGBONG,6194
89969,KIMLAWIS,6194
89970,KISULAN,6194
89971,LATI-AN,6194
89972,MANUAL,6194
89973,MARAGA-A,6194
89974,MOLOPOLO,6194
89975,NEW SIBONGA,6194
89976,PANAGLIB,6194
89977,PASIG,6194
89978,POBLACION,6194
89979,POCALEEL,6194
89980,SAN ISIDRO,6194
89981,SAN JOSE,6194
89982,SAN PEDRO,6194
89983,SANTO NIÑO,6194
89984,TACUB,6194
89985,TACUL,6194
89986,WATERFALL,6194
89987,BACUNGAN,5419
89988,BALNATE,5419
89989,BARAYONG,5419
89990,BLOCON,5419
89991,DALAWINON,5419
89992,DALUMAY,5419
89993,GLAMANG,5419
89994,KANAPULO,5419
89995,KASUGA,5419
89996,LOWER BALA,5419
89997,MABINI,5419
89998,MAIBO,5419
89999,MALAWANIT,5419
90000,MALONGON,5419
90001,NEW ILOCOS,5419
90002,NEW OPON,5419
90003,POBLACION,5419
90004,SAN ISIDRO,5419
90005,SAN MIGUEL,5419
90006,TACUL,5419
90007,TAGAYTAY,5419
90008,UPPER BALA,5419
90009,BAGUMBAYAN,6196
90010,BAYBAY,6196
90011,BOLTON,6196
90012,BULACAN,6196
90013,CAPUTIAN,6196
90014,IBO,6196
90015,KIBLAGON,6196
90016,LAPLA,6196
90017,MABINI,6196
90018,NEW BACLAYON,6196
90019,PITU,6196
90020,POBLACION,6196
90021,RIZAL (PARAME),6196
90022,SAN ISIDRO,6196
90023,TAGANSULE,6196
90024,ASBANG,6197
90025,ASINAN,6197
90026,BAGUMBAYAN,6197
90027,BANGKAL,6197
90028,BUAS,6197
90029,BURI,6197
90030,CABLIGAN (MANAGA),6197
90031,CAMANCHILES,6197
90032,CEBOZA,6197
90033,COLONSABAK,6197
90034,DONGAN-PEKONG,6197
90035,KABASAGAN,6197
90036,KAPOK,6197
90037,KAUSWAGAN,6197
90038,KIBAO,6197
90039,LA SUERTE,6197
90040,LANGA-AN,6197
90041,LOWER MARBER,6197
90042,MANGA,6197
90043,NEW KATIPUNAN,6197
90044,NEW MURCIA,6197
90045,NEW VISAYAS,6197
90046,POBLACION,6197
90047,SABOY,6197
90048,SAN JOSE,6197
90049,SAN MIGUEL,6197
90050,SAN VICENTE,6197
90051,SAUB,6197
90052,SINARAGAN,6197
90053,SINAWILAN,6197
90054,TAMLANGON,6197
90055,TIBONGBONG,6197
90056,TOWAK,6197
90057,ALMENDRAS (POB.),6198
90058,"DON SERGIO OSMEÑA, SR.",6198
90059,HARADA BUTAI,6198
90060,LOWER KATIPUNAN,6198
90061,LOWER LIMONZO,6198
90062,LOWER MALINAO,6198
90063,N C ORDANEZA DISTRICT (POB.),6198
90064,NORTHERN PALIGUE,6198
90065,PALILI,6198
90066,PIAPE,6198
90067,PUNTA PIAPE,6198
90068,QUIRINO DISTRICT (POB.),6198
90069,SAN ISIDRO,6198
90070,SOUTHERN PALIGUE,6198
90071,TULOGAN,6198
90072,UPPER LIMONZO,6198
90073,UPPER MALINAO,6198
90074,ASTORGA,4965
90075,BATO,4965
90076,CORONON,4965
90077,DARONG,4965
90078,INAWAYAN,4965
90079,JOSE RIZAL,4965
90080,MATUTUNGAN,4965
90081,MELILIA,4965
90082,SALIDUCON,4965
90083,SIBULAN,4965
90084,SINORON,4965
90085,TAGABULI,4965
90086,TIBOLO,4965
90087,TUBAN,4965
90088,ZONE I (POB.),4965
90089,ZONE II (POB.),4965
90090,ZONE III (POB.),4965
90091,ZONE IV (POB.),4965
90092,BALASINON,6200
90093,BUGUIS,6200
90094,CARRE,6200
90095,CLIB,6200
90096,HARADA BUTAI,6200
90097,KATIPUNAN,6200
90098,KIBLAGON,6200
90099,LABON,6200
90100,LAPERAS,6200
90101,LAPLA,6200
90102,LITOS,6200
90103,LUPARAN,6200
90104,MCKINLEY,6200
90105,NEW CEBU,6200
90106,OSMEÑA,6200
90107,PALILI,6200
90108,PARAME,6200
90109,POBLACION,6200
90110,ROXAS,6200
90111,SOLONGVALE,6200
90112,TAGOLILONG,6200
90113,TALA-O,6200
90114,TALAS,6200
90115,TANWALANG,6200
90116,WATERFALL,6200
90117,BALUNTAYA,6201
90118,CALIAN,6201
90119,DALUPAN,6201
90120,KINANGA,6201
90121,KIOBOG,6201
90122,LANAO,6201
90123,LAPUAN,6201
90124,LAWA (POB.),6201
90125,LINADASAN,6201
90126,MABUHAY,6201
90127,NORTH LAMIDAN,6201
90128,NUEVA VILLA,6201
90129,SOUTH LAMIDAN,6201
90130,TALAGUTONG (POB.),6201
90131,WEST LAMIDAN,6201
90132,BALANGONAN,6202
90133,BUGUIS,6202
90134,BUKID,6202
90135,BUTUAN,6202
90136,BUTULAN,6202
90137,CABURAN BIG,6202
90138,CABURAN SMALL (POB.),6202
90139,CAMALIAN,6202
90140,CARAHAYAN,6202
90141,CAYAPONGA,6202
90142,CULAMAN,6202
90143,KALBAY,6202
90144,KITAYO,6202
90145,MAGULIBAS,6202
90146,MALALAN,6202
90147,MANGILE,6202
90148,MARABUTUAN,6202
90149,MEYBIO,6202
90150,MOLMOL,6202
90151,NUING,6202
90152,PATULANG,6202
90153,QUIAPO,6202
90154,SAN ISIDRO,6202
90155,SUGAL,6202
90156,TABAYON,6202
90157,TANUMAN,6202
90158,BITO,6203
90159,BOLILA,6203
90160,BUHANGIN,6203
90161,CULAMAN,6203
90162,DATU DANWATA,6203
90163,DEMOLOC,6203
90164,FELIS,6203
90165,FISHING VILLAGE (FISHERMAN'S VILLAGE),6203
90166,KIBALATONG,6203
90167,KIDALAPONG,6203
90168,KILALAG,6203
90169,KINANGAN,6203
90170,LACARON,6203
90171,LAGUMIT,6203
90172,LAIS,6203
90173,LITTLE BAGUIO,6203
90174,MACOL,6203
90175,MANA,6203
90176,MANUEL PERALTA,6203
90177,NEW ARGAO,6203
90178,PANGALEON,6203
90179,PANGIAN,6203
90180,PINALPALAN,6203
90181,POBLACION,6203
90182,SANGAY,6203
90183,TALOGOY,6203
90184,TICAL,6203
90185,TICULON,6203
90186,TINGOLO,6203
90187,TUBALAN,6203
90188,BASIAWAN,4967
90189,BUCA,4967
90190,CADAATAN,4967
90191,DATU DALIGASAO,4967
90192,DATU INTAN,4967
90193,KIDADAN,4967
90194,KINILIDAN,4967
90195,KISULAD,4967
90196,MALALAG TUBIG,4967
90197,MAMACAO,4967
90198,OGPAO,4967
90199,POBLACION,4967
90200,PONGPONG,4967
90201,SAN AGUSTIN,4967
90202,SAN ANTONIO,4967
90203,SAN ISIDRO,4967
90204,SAN JUAN,4967
90205,SAN PEDRO,4967
90206,SAN ROQUE,4967
90207,SANTO NIÑO,4967
90208,SANTO ROSARIO,4967
90209,TANGLAD,4967
90210,BATUGANDING,6205
90211,CAMAHUAL,6205
90212,CAMALIG,6205
90213,GOMTAGO,6205
90214,KONEL,6205
90215,LAKER (SARANGANI SUR),6205
90216,LIPOL,6205
90217,MABILA (POB.),6205
90218,PATUCO (SARANGANI NORTE),6205
90219,TAGEN,6205
90220,TININA,6205
90221,TUCAL,6205
90222,BACULIN,6206
90223,BANAO,6206
90224,BATAWAN,6206
90225,BATIANO,6206
90226,BINONDO,6206
90227,BOBONAO,6206
90228,CAMPAWAN,6206
90229,CENTRAL (POB.),6206
90230,DAPNAN,6206
90231,KINABLANGAN,6206
90232,LAMBAJON,6206
90233,LUCOD,6206
90234,MAHANUB,6206
90235,MIKIT,6206
90236,SALINGCOMOT,6206
90237,SAN ISIDRO,6206
90238,SAN VICTOR,6206
90239,SAOQUEGUE,6206
90240,CABANGCALAN,6207
90241,CAGANGANAN,6207
90242,CALUBIHAN,6207
90243,CAUSWAGAN,6207
90244,MAHAYAG,6207
90245,MAPUTI,6207
90246,MOGBONGCOGON,6207
90247,PANIKIAN,6207
90248,PINTATAGAN,6207
90249,PISO PROPER,6207
90250,POBLACION,6207
90251,PUNTA LINAO,6207
90252,RANG-AY,6207
90253,SAN VICENTE,6207
90254,CAATIHAN,6208
90255,CABASAGAN,6208
90256,CARMEN,6208
90257,CAWAYANAN,6208
90258,POBLACION,6208
90259,SAN JOSE,6208
90260,SIBAJAY,6208
90261,SIMULAO,6208
90262,ALVAR,6209
90263,CANINGAG,6209
90264,DON LEON BALANTE,6209
90265,LAMIAWAN,6209
90266,MANORIGAO,6209
90267,MERCEDES,6209
90268,PALMA GIL,6209
90269,PICHON,6209
90270,POBLACION,6209
90271,SAN ANTONIO,6209
90272,SAN JOSE,6209
90273,SAN LUIS,6209
90274,SAN MIGUEL,6209
90275,SAN PEDRO,6209
90276,SANTA FE,6209
90277,SANTIAGO,6209
90278,SOBRECAREY,6209
90279,ABIJOD,6210
90280,ALEGRIA,6210
90281,ALIWAGWAG,6210
90282,ARAGON,6210
90283,BAYBAY,6210
90284,MAGLAHUS,6210
90285,MAINIT,6210
90286,MALIBAGO,6210
90287,POBLACION,6210
90288,SAN ALFONSO,6210
90289,SAN ANTONIO,6210
90290,SAN MIGUEL,6210
90291,SAN RAFAEL,6210
90292,SAN VICENTE,6210
90293,SANTA FILOMENA,6210
90294,TAYTAYAN,6210
90295,ANITAP,6211
90296,CRISPIN DELA CRUZ,6211
90297,DON AURELIO CHICOTE,6211
90298,LAVIGAN,6211
90299,LUZON,6211
90300,MAGDUG,6211
90301,MANUEL ROXAS,6211
90302,MONSERRAT,6211
90303,NANGAN,6211
90304,OREGON,6211
90305,POBLACION,6211
90306,PUNDAGUITAN,6211
90307,SERGIO OSMEÑA,6211
90308,SUROP,6211
90309,TAGABEBE,6211
90310,TAMBAN,6211
90311,TANDANG SORA,6211
90312,TIBANBAN,6211
90313,TIBLAWAN,6211
90314,UPPER TIBANBAN,6211
90315,BAGUMBAYAN,6212
90316,CABADIANGAN,6212
90317,CALAPAGAN,6212
90318,COCORNON,6212
90319,CORPORACION,6212
90320,DON MARIANO MARCOS,6212
90321,ILANGAY,6212
90322,LANGKA,6212
90323,LANTAWAN,6212
90324,LIMBAHAN,6212
90325,MACANGAO,6212
90326,MAGSAYSAY,6212
90327,MAHAYAHAY,6212
90328,MARAGATAS,6212
90329,MARAYAG,6212
90330,NEW VISAYAS,6212
90331,POBLACION,6212
90332,SAN ISIDRO,6212
90333,SAN JOSE,6212
90334,TAGBOA,6212
90335,TAGUGPO,6212
90336,CAPASNAN,6213
90337,CAYAWAN,6213
90338,CENTRAL (POB.),6213
90339,CONCEPCION,6213
90340,DEL PILAR,6213
90341,GUZA,6213
90342,HOLY CROSS,6213
90343,LAMBOG,6213
90344,MABINI,6213
90345,MANREZA,6213
90346,NEW TAOKANGA,6213
90347,OLD MACOPA,6213
90348,RIZAL,6213
90349,SAN FERMIN,6213
90350,SAN IGNACIO,6213
90351,SAN ISIDRO,6213
90352,ZARAGOSA,6213
90353,BADAS,6214
90354,BOBON,6214
90355,BUSO,6214
90356,CABUAYA,6214
90357,CENTRAL (POB.),6214
90358,CULIAN,6214
90359,DAHICAN,6214
90360,DANAO,6214
90361,DAWAN,6214
90362,DON ENRIQUE LOPEZ,6214
90363,DON MARTIN MARUNDAN,6214
90364,"DON SALVADOR LOPEZ, SR.",6214
90365,LANGKA,6214
90366,LAWIGAN,6214
90367,LIBUDON,6214
90368,LUBAN,6214
90369,MACAMBOL,6214
90370,MAMALI,6214
90371,MATIAO,6214
90372,MAYO,6214
90373,SAINZ,6214
90374,SANGHAY,6214
90375,TAGABAKID,6214
90376,TAGBINONGA,6214
90377,TAGUIBO,6214
90378,TAMISAN,6214
90379,BAON,5108
90380,BATOBATO (POB.),5108
90381,BITAOGAN,5108
90382,CAMBALEON,5108
90383,DUGMANON,5108
90384,IBA,5108
90385,LA UNION,5108
90386,LAPU-LAPU,5108
90387,MAAG,5108
90388,MANIKLING,5108
90389,MAPUTI,5108
90390,SAN MIGUEL,5108
90391,SAN ROQUE,5108
90392,SANTO ROSARIO,5108
90393,SUDLON,5108
90394,TALISAY,5108
90395,CABAGAYAN,6216
90396,CENTRAL (POB.),6216
90397,DADONG,6216
90398,JOVELLAR,6216
90399,LIMOT,6216
90400,LUCATAN,6216
90401,MAGANDA,6216
90402,OMPAO,6216
90403,TOMOAONG,6216
90404,TUBAON,6216
92721,BAO,6217
92722,BARANGIRAN,6217
92723,CAMANSI,6217
92724,DADO,6217
92725,GUILING,6217
92726,KITACUBONG (POB.),6217
92727,LOWER DADO,6217
92728,MACABASA,6217
92729,MALITUBOG,6217
92730,MAPUROK,6217
92731,MIRASOL,6217
92732,PACAO,6217
92733,PARUAYAN,6217
92734,PIGCAWARAN,6217
92735,POLAYAGAN,6217
92736,RANGAYEN,6217
92737,RARADANGAN,6217
92738,BAGOLIBAS,6218
92739,CAWILIHAN,6218
92740,DUALING,6218
92741,DUNGUAN,6218
92742,KATALICANAN,6218
92743,LAWILI,6218
92744,LOWER MINGADING,6218
92745,LUANAN,6218
92746,MALAPANG,6218
92747,NEW LEON,6218
92748,NEW PANAY,6218
92749,PAGANGAN,6218
92750,PALACAT,6218
92751,PENTIL,6218
92752,SAN MATEO,6218
92753,SANTA CRUZ,6218
92754,TAPODOC,6218
92755,TOMADO,6218
92756,UPPER MINGADING,6218
92757,B. CADUNGON,6219
92758,CAMUTAN,6219
92759,CANAAN,6219
92760,DATU AGOD,6219
92761,DOLORES,6219
92762,KIYAAB,6219
92763,LUHONG,6219
92764,MAGSAYSAY,6219
92765,MALANGAG,6219
92766,MALATAD,6219
92767,MALIRE,6219
92768,NEW PONTEVEDRA,6219
92769,POBLACION,6219
92770,ALLAB,6220
92771,ANAPOLON,6220
92772,BADIANGON,6220
92773,BINOONGAN,6220
92774,DALLAG,6220
92775,DATU LADAYON,6220
92776,DATU MATANGKIL,6220
92777,DOROLUMAN,6220
92778,GAMBODES,6220
92779,GANATAN,6220
92780,GREENFIELD,6220
92781,KABALANTIAN,6220
92782,KATIPUNAN,6220
92783,KINAWAYAN,6220
92784,KULAMAN VALLEY,6220
92785,LANAO KURAN,6220
92786,LIBERTAD,6220
92787,MAKALANGOT,6220
92788,MALIBATUAN,6220
92789,MARIA CARIDAD,6220
92790,MEOCAN,6220
92791,NAJE,6220
92792,NAPALICO,6220
92793,SALASANG,6220
92794,SAN MIGUEL,6220
92795,SANTO NIÑO,6220
92796,SUMALILI,6220
92797,TUMANDING,6220
92798,BANISILAN POBLACION,6221
92799,BUSAON,6221
92800,CAPAYANGAN,6221
92801,CARUGMANAN,6221
92802,GASTAY,6221
92803,KALAWAIG,6221
92804,KIARING,6221
92805,MALAGAP,6221
92806,MALINAO,6221
92807,MIGUEL MACASARTE,6221
92808,PANTAR,6221
92809,PARADISE,6221
92810,PINAMULAAN,6221
92811,POBLACION II,6221
92812,PUTING-BATO,6221
92813,SOLAMA,6221
92814,THAILAND,6221
92815,TINIMBACAN,6221
92816,TUMBAO-CAMALIG,6221
92817,WADYA,6221
92818,AROMAN,5741
92819,BENTANGAN,5741
92820,CADIIS,5741
92821,GENERAL LUNA,5741
92822,KATANAYANAN,5741
92823,KIB-AYAO,5741
92824,KIBENES,5741
92825,KIBUGTONGAN,5741
92826,KILALA,5741
92827,KIMADZIL,5741
92828,KITULAAN,5741
92829,LANGOGAN,5741
92830,LANOON,5741
92831,LILIONGAN,5741
92832,MACABENBAN,5741
92833,MALAPAG,5741
92834,MANARAPAN,5741
92835,MANILI,5741
92836,NASAPIAN,5741
92837,PALANGGALAN,5741
92838,PEBPOLOAN,5741
92839,POBLACION,5741
92840,RANZO,5741
92841,TACUPAN,5741
92842,TAMBAD,5741
92843,TONGANON,5741
92844,TUPIG,5741
92845,UGALINGAN (LUMAYONG),5741
92846,AMAS,6223
92847,AMAZION,6223
92848,BALABAG,6223
92849,BALINDOG,6223
92850,BENOLIGAN,6223
92851,BERADA,6223
92852,GAYOLA,6223
92853,GINATILAN,6223
92854,ILOMAVIS,6223
92855,INDANGAN,6223
92856,JUNCTION,6223
92857,KALAISAN,6223
92858,KALASUYAN,6223
92859,KATIPUNAN,6223
92860,LANAO,6223
92861,LINANGCOB,6223
92862,LUVIMIN,6223
92863,MACABOLIG,6223
92864,MAGSAYSAY,6223
92865,MALINAN,6223
92866,MANONGOL,6223
92867,MARBEL (EMBAC),6223
92868,MATEO,6223
92869,MEOCHAO,6223
92870,MUA-AN,6223
92871,NEW BOHOL,6223
92872,NUANGAN,6223
92873,ONICA,6223
92874,PACO,6223
92875,PATADON (PATADON EAST),6223
92876,PEREZ,6223
92877,POBLACION,6223
92878,SAN ISIDRO,6223
92879,SAN ROQUE,6223
92880,SANTO NIÑO,6223
92881,SIBAWAN,6223
92882,SIKITAN,6223
92883,SINGAO,6223
92884,SUDAPIN,6223
92885,SUMBAO,6223
92886,ARINGAY,6224
92887,BANGILAN,6224
92888,BANNAWAG,6224
92889,BULUAN,6224
92890,CUYAPON,6224
92891,DAGUPAN,6224
92892,KATIDTUAN,6224
92893,KAYAGA,6224
92894,KILAGASAN,6224
92895,MAGATOS,6224
92896,MALAMOTE,6224
92897,MALANDUAGUE,6224
92898,NANGA-AN,6224
92899,OSIAS,6224
92900,PAATAN LOWER,6224
92901,PAATAN UPPER,6224
92902,PEDTAD,6224
92903,PISAN,6224
92904,POBLACION,6224
92905,SALAPUNGAN,6224
92906,SANGGADONG,6224
92907,SIMBUHAY,6224
92908,SIMONE,6224
92909,TAMPED,6224
92910,ABAGA,6225
92911,BAGUER,6225
92912,BARONGIS,6225
92913,BATIOCAN,6225
92914,CABARUYAN,6225
92915,CABPANGI,6225
92916,DEMAPACO,6225
92917,GREBONA,6225
92918,GUMAGA,6225
92919,KAPAYAWI,6225
92920,KILOYAO,6225
92921,KITUBOD,6225
92922,MALENGEN,6225
92923,MONTAY,6225
92924,NICA-AN,6225
92925,PALAO,6225
92926,POBLACION,6225
92927,SINAPANGAN,6225
92928,SINAWINGAN,6225
92929,ULAMIAN,6225
92930,BAGONTAPAY,6226
92931,BIALONG,6226
92932,BUAYAN,6226
92933,CALUNASAN,6226
92934,DAGONG,6226
92935,DALIPE,6226
92936,DUNGO-AN,6226
92937,GAUNAN,6226
92938,INAS,6226
92939,KATIPUNAN,6226
92940,LA FORTUNA,6226
92941,LA SUERTE,6226
92942,LANGKONG,6226
92943,LEPAGA,6226
92944,LIBOO,6226
92945,LIKA,6226
92946,LUZ VILLAGE,6226
92947,MAGALLON,6226
92948,MALAYAN,6226
92949,NEW ANTIQUE,6226
92950,NEW BARBAZA,6226
92951,NEW CONSOLACION,6226
92952,NEW ESPERANZA,6226
92953,NEW JANIUAY,6226
92954,NEW KALIBO,6226
92955,NEW LAWA-AN,6226
92956,NEW RIZAL,6226
92957,NUEVA VIDA,6226
92958,PAG-ASA,6226
92959,PALMA-PEREZ,6226
92960,POBLACION,6226
92961,POBLACION B,6226
92962,PULANG-LUPA,6226
92963,SANGAT,6226
92964,TAWANTAWAN,6226
92965,TIBAO,6226
92966,UGPAY,6226
92967,ALIBAYON,6227
92968,AMABEL,6227
92969,BAGUMBAYAN,6227
92970,BALETE,6227
92971,BANGKAL,6227
92972,BANTAC,6227
92973,BASAK,6227
92974,BINAY,6227
92975,BONGOLANON,6227
92976,DATU CELO,6227
92977,DEL PILAR,6227
92978,DOLES,6227
92979,DON PANACA,6227
92980,GUBATAN,6227
92981,ILIAN,6227
92982,IMAMALING,6227
92983,INAC,6227
92984,KAMADA,6227
92985,KAUSWAGAN,6227
92986,KINARUM,6227
92987,KISANDAL,6227
92988,MAGCAALAM,6227
92989,MAHONGCOG,6227
92990,MANOBISA,6227
92991,MANOBO,6227
92992,NOA,6227
92993,OWAS,6227
92994,PANGAO-AN,6227
92995,POBLACION,6227
92996,SALLAB,6227
92997,TAGBAC,6227
92998,TEMPORAN,6227
92999,BATASAN,6228
93000,BATO,6228
93001,BIANGAN,6228
93002,BUENA VIDA,6228
93003,BUHAY,6228
93004,BULAKANON,6228
93005,CABILAO,6228
93006,CONCEPCION,6228
93007,DAGUPAN,6228
93008,GARSIKA,6228
93009,GUANGAN,6228
93010,INDANGAN,6228
93011,JOSE RIZAL,6228
93012,KATIPUNAN II,6228
93013,KAWAYANON,6228
93014,KISANTE,6228
93015,LEBOCE,6228
93016,LIBERTAD,6228
93017,LUAYON,6228
93018,LUNA NORTE,6228
93019,LUNA SUR,6228
93020,MALABUAN,6228
93021,MALASILA,6228
93022,MALUNGON,6228
93023,NEW BAGUIO,6228
93024,NEW BULATUKAN,6228
93025,NEW CEBU,6228
93026,NEW ISRAEL,6228
93027,OLD BULATUKAN,6228
93028,POBLACION,6228
93029,RODERO,6228
93030,SAGUING,6228
93031,SAN VICENTE,6228
93032,SANTA FELOMINA,6228
93033,SANTO NIÑO,6228
93034,SINKATULAN,6228
93035,TALUNTALUNAN,6228
93036,VILLAFLORES,6228
93037,ARAKAN,6229
93038,BANGBANG,6229
93039,BATO,6229
93040,CENTRAL MALAMOTE,6229
93041,DALAPITAN,6229
93042,ESTADO,6229
93043,ILIAN,6229
93044,KABULACAN,6229
93045,KIBIA,6229
93046,KIBUDOC,6229
93047,KIDAMA,6229
93048,KILADA,6229
93049,LAMPAYAN,6229
93050,LATAGAN,6229
93051,LINAO,6229
93052,LOWER MALAMOTE,6229
93053,MANUBUAN,6229
93054,MANUPAL,6229
93055,MARBEL,6229
93056,MINAMAING,6229
93057,NATUTUNGAN,6229
93058,NEW ABRA,6229
93059,NEW ALIMODIAN,6229
93060,NEW BUGASONG,6229
93061,NEW PANDAN,6229
93062,PATADON WEST,6229
93063,PINAMATON,6229
93064,POBLACION,6229
93065,SALVACION,6229
93066,SANTA MARIA,6229
93067,SARAYAN,6229
93068,TACULEN,6229
93069,TAGURANAO,6229
93070,TAMPED (TAMPAD),6229
93071,AGRICULTURE,6230
93072,ANONANG,6230
93073,ARIZONA,6230
93074,BAGUMBA,6230
93075,BALIKI,6230
93076,BARANGAY POBLACION 1,6230
93077,BARANGAY POBLACION 2,6230
93078,BARANGAY POBLACION 3,6230
93079,BARANGAY POBLACION 4,6230
93080,BARANGAY POBLACION 5,6230
93081,BARANGAY POBLACION 6,6230
93082,BARANGAY POBLACION 7,6230
93083,BARANGAY POBLACION 8,6230
93084,BITOKA,6230
93085,BUAL NORTE,6230
93086,BUAL SUR,6230
93087,BULANAN UPPER,6230
93088,CENTRAL BULANAN,6230
93089,CENTRAL GLAD,6230
93090,CENTRAL KATINGAWAN,6230
93091,CENTRAL LABAS,6230
93092,DAMATULAN,6230
93093,ILBOCEAN,6230
93094,KADIGASAN,6230
93095,KADINGILAN,6230
93096,KAPINPILAN,6230
93097,KIMAGANGO,6230
93098,KIWANAN,6230
93099,KUDARANGAN,6230
93100,LAGUMBINGAN,6230
93101,LOMOPOG,6230
93102,LOWER GLAD,6230
93103,LOWER KATINGAWAN,6230
93104,MACASENDEG,6230
93105,MALAMOTE,6230
93106,MALINGAO,6230
93107,MILAYA,6230
93108,MUDSENG,6230
93109,NABALAWAG,6230
93110,NALIN,6230
93111,NES,6230
93112,OLANDANG,6230
93113,PALONGOGUEN,6230
93114,PATINDEGUEN,6230
93115,RANGABAN,6230
93116,SADAAN,6230
93117,SALUNAYAN,6230
93118,SAMBULAWAN,6230
93119,SAN ISIDRO,6230
93120,SAN PEDRO,6230
93121,SANTA CRUZ,6230
93122,TUGAL,6230
93123,TUMBRAS,6230
93124,UPPER GLAD I,6230
93125,UPPER GLAD II,6230
93126,UPPER LABAS,6230
93127,VILLARICA,6230
93128,ANICK (UPPER BALOGO),6231
93129,BALACAYON,6231
93130,BALOGO,6231
93131,BANUCAGON,6231
93132,BULUAN,6231
93133,BULUCAON,6231
93134,BURICAIN,6231
93135,CABPANGI,6231
93136,CAPAYURAN,6231
93137,CENTRAL PANATAN,6231
93138,DATU BINASING,6231
93139,DATU MANTIL,6231
93140,KADINGILAN,6231
93141,KIMARAYANG,6231
93142,LIBUNGAN TORRETA,6231
93143,LOWER BAGUER,6231
93144,LOWER PANGANGKALAN,6231
93145,MALAGAKIT,6231
93146,MALUAO,6231
93147,MATILAC,6231
93148,MIDPAPAN I,6231
93149,MIDPAPAN II,6231
93150,MULOK,6231
93151,NEW CULASI,6231
93152,NEW IGBARAS,6231
93153,NEW PANAY,6231
93154,NORTH MANUANGAN,6231
93155,PATOT,6231
93156,PAYONG-PAYONG,6231
93157,POBLACION I,6231
93158,POBLACION II,6231
93159,POBLACION III,6231
93160,PRESBITERO,6231
93161,RENIBON,6231
93162,SIMSIMAN,6231
93163,SOUTH MANUANGAN,6231
93164,TIGBAWAN,6231
93165,TUBON,6231
93166,UPPER BAGUER (BAGUER),6231
93167,UPPER PANGANGKALAN,6231
93168,BAGOAINGUD (BAGOINGED),6232
93169,BALABAK,6232
93170,BALATICAN,6232
93171,BALONG,6232
93172,BALUNGIS,6232
93173,BARUNGIS,6232
93174,BATULAWAN,6232
93175,BUALAN,6232
93176,BULIOK,6232
93177,BULOD,6232
93178,BULOL,6232
93179,CALAWAG,6232
93180,DALINGAOEN (LALINGAON),6232
93181,DAMALASAK,6232
93182,FORT PIKIT,6232
93183,GINATILAN,6232
93184,GLIGLI,6232
93185,GOKOTON (GOKOTAN),6232
93186,INUG-UG,6232
93187,KABASALAN,6232
93188,KALACACAN,6232
93189,KATILACAN,6232
93190,KOLAMBOG,6232
93191,LADTINGAN,6232
93192,LAGUNDE,6232
93193,LANGAYEN,6232
93194,MACABUAL,6232
93195,MACASENDEG,6232
93196,MANAULANAN,6232
93197,NABUNDAS,6232
93198,NALAPAAN,6232
93199,NUNGUAN,6232
93200,PAIDU PULANGI,6232
93201,PAMALIAN,6232
93202,PANICUPAN,6232
93203,POBLACION,6232
93204,PUNOL,6232
93205,RAJAH MUDA,6232
93206,SILIK,6232
93207,TAKIPAN,6232
93208,TALITAY,6232
93209,TINUTULAN,6232
93210,ALEGRIA,5643
93211,BATO-BATO,5643
93212,CABANGBANGAN,5643
93213,CAMASI,5643
93214,DATU INDANG,5643
93215,DATU SANDONGAN,5643
93216,DEL CARMEN,5643
93217,F. CAJELO (NEW MAASIN),5643
93218,GREENHILL,5643
93219,IDAOMAN,5643
93220,ILUSTRE,5643
93221,KAMARAHAN,5643
93222,KIMARUHING,5643
93223,KISUPAAN,5643
93224,LA ESPERANZA,5643
93225,LABU-O,5643
93226,LAMALAMA,5643
93227,LOMONAY,5643
93228,MABUHAY,5643
93229,NEW CEBU,5643
93230,POBLACION,5643
93231,SAGCUNGAN,5643
93232,SALAT,5643
93233,SARAYAN,5643
93234,TUAEL,5643
93235,BACONG,6234
93236,BAGUMBAYAN,6234
93237,BANAYAL,6234
93238,BATANG,6234
93239,BITUAN,6234
93240,BUAL,6234
93241,BUNAWAN,6234
93242,DAIG,6234
93243,DAMAWATO,6234
93244,DUNGOS,6234
93245,F. CAJELO,6234
93246,GALIDAN,6234
93247,GENOVEVA BAYNOSA,6234
93248,KANIBONG,6234
93249,LA ESPERANZA,6234
93250,LAMPAGANG,6234
93251,MAGBOK,6234
93252,MAYBULA,6234
93253,MINAPAN,6234
93254,NABUNDASAN,6234
93255,NEW CARIDAD,6234
93256,NEW CULASI,6234
93257,NEW PANAY,6234
93258,PARAISO,6234
93259,POBLACION,6234
93260,POPOYON,6234
93261,SIBSIB,6234
93262,TAMBAC,6234
93263,TUBURAN,6234
93264,ALEGRIA,6235
93265,BAGACAY,6235
93266,BALUNTAY,6235
93267,DATAL ANGGAS,6235
93268,DOMOLOK,6235
93269,KAWAS,6235
93270,LADOL,6235
93271,MARIBULAN,6235
93272,PAG-ASA,6235
93273,PARAISO,6235
93274,POBLACION (ALABEL),6235
93275,SPRING,6235
93276,TOKAWAL,6235
93277,BALITON,6236
93278,BATOTULING,6236
93279,BATULAKI,6236
93280,BIG MARGUS,6236
93281,BURIAS,6236
93282,CABLALAN,6236
93283,CALABANIT,6236
93284,CALPIDONG,6236
93285,CONGAN,6236
93286,CROSS,6236
93287,DATALBUKAY,6236
93288,E. ALEGADO,6236
93289,GLAN PADIDU,6236
93290,GUMASA,6236
93291,ILAYA,6236
93292,KALTUAD,6236
93293,KAPATAN,6236
93294,LAGO,6236
93295,LAGUIMIT,6236
93296,MUDAN,6236
93297,NEW AKLAN,6236
93298,PANGYAN,6236
93299,POBLACION,6236
93300,RIO DEL PILAR,6236
93301,SAN JOSE,6236
93302,SAN VICENTE,6236
93303,SMALL MARGUS,6236
93304,SUFATUBO,6236
93305,TALUYA,6236
93306,TANGO,6236
93307,TAPON,6236
93308,BADTASAN,6237
93309,DATU DANI,6237
93310,GASI,6237
93311,KAPATE,6237
93312,KATUBAO,6237
93313,KAYUPO,6237
93314,KLING (LUMIT),6237
93315,LAGUNDI,6237
93316,LEBE,6237
93317,LOMUYON,6237
93318,LUMA,6237
93319,MALIGANG,6237
93320,NALUS,6237
93321,POBLACION,6237
93322,SALAKIT,6237
93323,SULI,6237
93324,TABLAO,6237
93325,TAMADANG,6237
93326,TAMBILIL,6237
93327,AMSIPIT,6238
93328,BALES,6238
93329,COLON,6238
93330,DALIAO,6238
93331,KABATIOL,6238
93332,KABLACAN,6238
93333,KAMANGA,6238
93334,KANALO,6238
93335,LUMASAL,6238
93336,LUMATIL,6238
93337,MALBANG,6238
93338,NOMOH,6238
93339,PANANAG,6238
93340,POBLACION (MAASIM),6238
93341,SEVEN HILLS,6238
93342,TINOTO,6238
93343,BATI-AN,6239
93344,KALANEG,6239
93345,KALAONG,6239
93346,KIAMBING,6239
93347,KIAYAP,6239
93348,MABAY,6239
93349,MAGULING,6239
93350,MALALAG (POB.),6239
93351,MINDUPOK,6239
93352,NEW LA UNION,6239
93353,OLD POBLACION (MAITUM),6239
93354,PANGI (LINAO),6239
93355,PINOL,6239
93356,SISON (EDENTON),6239
93357,TICULAB,6239
93358,TUANADATU,6239
93359,UPO (LANAO),6239
93360,WALI (KAMBUHAN),6239
93361,ZION,6239
93362,DAAN SUYAN,6240
93363,KIHAN,6240
93364,KINAM,6240
93365,LIBI,6240
93366,LUN MASLA,6240
93367,LUN PADIDU,6240
93368,PATAG,6240
93369,POBLACION (MALAPATAN),6240
93370,SAPU MASLA,6240
93371,SAPU PADIDU,6240
93372,TUYAN,6240
93373,UPPER SUYAN,6240
93374,ALKIKAN,6241
93375,AMPON,6241
93376,ATLAE,6241
93377,B'LAAN,6241
93378,BANAHAW,6241
93379,BANATE,6241
93380,DATAL BATONG,6241
93381,DATAL BILA,6241
93382,DATAL TAMPAL,6241
93383,J.P. LAUREL,6241
93384,KAWAYAN,6241
93385,KIBALA,6241
93386,KIBLAT,6241
93387,KINABALAN,6241
93388,LOWER MAINIT,6241
93389,LUTAY,6241
93390,MALABOD,6241
93391,MALALAG COGON,6241
93392,MALANDAG,6241
93393,MALUNGON GAMAY,6241
93394,NAGPAN,6241
93395,PANAMIN,6241
93396,POBLACION,6241
93397,SAN JUAN,6241
93398,SAN MIGUEL,6241
93399,SAN ROQUE,6241
93400,TALUS,6241
93401,TAMBAN,6241
93402,UPPER BIANGAN,6241
93403,UPPER LUMABAT,6241
93404,UPPER MAINIT,6241
93405,BENITEZ (POB.),5598
93406,CABUDIAN,5598
93407,CABULING,5598
93408,CINCO (BARRIO 5),5598
93409,DERILON,5598
93410,EL NONOK,5598
93411,IMPROGO VILLAGE (POB.),5598
93412,KUSAN (BARRIO 8),5598
93413,LAM-APOS,5598
93414,LAMBA,5598
93415,LAMBINGI,5598
93416,LAMPARI,5598
93417,LIWANAY (BARRIO 1),5598
93418,MALAYA (BARRIO 9),5598
93419,PUNONG GRANDE (BARRIO 2),5598
93420,RANG-AY (BARRIO 4),5598
93421,REYES (POB.),5598
93422,RIZAL (BARRIO 3),5598
93423,RIZAL POBLACION,5598
93424,SAN JOSE (BARRIO 7),5598
93425,SAN VICENTE (BARRIO 6),5598
93426,YANGCO POBLACION,5598
93427,APOPONG,6243
93428,BALUAN,6243
93429,BATOMELONG,6243
93430,BUAYAN,6243
93431,BULA,6243
93432,CALUMPANG,6243
93433,CITY HEIGHTS,6243
93434,CONEL,6243
93435,DADIANGAS EAST (POB.),6243
93436,DADIANGAS NORTH,6243
93437,DADIANGAS SOUTH,6243
93438,DADIANGAS WEST,6243
93439,FATIMA,6243
93440,KATANGAWAN,6243
93441,LABANGAL,6243
93442,LAGAO (1ST AND 3RD),6243
93443,LIGAYA,6243
93444,MABUHAY,6243
93445,OLYMPOG,6243
93446,SAN ISIDRO (LAGAO 2ND),6243
93447,SAN JOSE,6243
93448,SIGUEL,6243
93449,SINAWAL,6243
93450,TAMBLER,6243
93451,TINAGACAN,6243
93452,UPPER LABAY,6243
93453,ASSUMPTION (BULOL),6244
93454,AVANCEÑA (BO. 3),6244
93455,CACUB,6244
93456,CALOOCAN,6244
93457,CARPENTER HILL,6244
93458,CONCEPCION (BO. 6),6244
93459,ESPERANZA,6244
93460,GENERAL PAULINO SANTOS (BO. 1),6244
93461,MABINI,6244
93462,MAGSAYSAY,6244
93463,MAMBUCAL,6244
93464,MORALES,6244
93465,NAMNAMA,6244
93466,NEW PANGASINAN (BO. 4),6244
93467,PARAISO,6244
93468,ROTONDA,6244
93469,SAN ISIDRO,6244
93470,SAN JOSE (BO. 5),6244
93471,SAN ROQUE,6244
93472,SANTA CRUZ,6244
93473,SANTO NIÑO (BO. 2),6244
93474,SARABIA (BO. 8),6244
93475,ZONE I (POB.),6244
93476,ZONE II (POB.),6244
93477,ZONE III (POB.),6244
93478,ZONE IV (POB.),6244
93479,ZULUETA (BO. 7),6244
93480,BACDULONG,6245
93481,DENLAG,6245
93482,HALILAN,6245
93483,HANOON,6245
93484,KLUBI,6245
93485,LAKE LAHIT,6245
93486,LAMCADE,6245
93487,LAMDALAG,6245
93488,LAMFUGON,6245
93489,LAMLAHAK,6245
93490,LOWER MACULAN,6245
93491,LUHIB,6245
93492,NED,6245
93493,POBLACION,6245
93494,SILUTON,6245
93495,TAKUNEL,6245
93496,TALISAY,6245
93497,TASIMAN,6245
93498,UPPER MACULAN,6245
93499,"BENIGNO AQUINO, JR.",6246
93500,DUMAGUIL,6246
93501,ESPERANZA,6246
93502,KIBID,6246
93503,LAPUZ,6246
93504,LIBERTY,6246
93505,LOPEZ JAENA,6246
93506,MATAPOL,6246
93507,POBLACION,6246
93508,PUTI,6246
93509,SAN JOSE,6246
93510,SAN MIGUEL,6246
93511,SIMSIMAN,6246
93512,TINAGO,6246
93513,BENTUNG,6247
93514,CANNERY SITE,6247
93515,CROSSING PALKAN,6247
93516,GLAMANG,6247
93517,KINILIS,6247
93518,KLINAN 6,6247
93519,KORONADAL PROPER,6247
93520,LAM-CALIAF,6247
93521,LANDAN,6247
93522,LAPU,6247
93523,LUMAKIL,6247
93524,MAGSAYSAY,6247
93525,MALIGO,6247
93526,PAGALUNGAN,6247
93527,PALKAN,6247
93528,POBLACION,6247
93529,POLO,6247
93530,RUBBER,6247
93531,SILWAY 7,6247
93532,SILWAY 8,6247
93533,SULIT,6247
93534,SUMBAKIL,6247
93535,UPPER KLINAN,6247
93536,AMBALGAN,5979
93537,GUINSANG-AN,5979
93538,KATIPUNAN,5979
93539,MANUEL ROXAS,5979
93540,PANAY,5979
93541,POBLACION,5979
93542,SAJANEBA,5979
93543,SAN ISIDRO,5979
93544,SAN VICENTE,5979
93545,TERESITA,5979
93546,BUENAVISTA,6249
93547,CANAHAY (GODWINO),6249
93548,CENTRALA,6249
93549,COLONGULO,6249
93550,DAJAY,6249
93551,DUENGAS,6249
93552,LAMBONTONG,6249
93553,LAMIAN,6249
93554,LAMSUGOD,6249
93555,LIBERTAD (POB.),6249
93556,LITTLE BAGUIO,6249
93557,MOLOY,6249
93558,NACI (DOCE),6249
93559,TALAHIK,6249
93560,TUBIALA,6249
93561,UPPER SEPAKA,6249
93562,VETERANS,6249
93563,AFLEK,6250
93564,AFUS,6250
93565,BASAG,6250
93566,DATAL BOB,6250
93567,DESAWO,6250
93568,DLANAG,6250
93569,EDWARDS (POB.),6250
93570,KEMATU,6250
93571,LACONON,6250
93572,LAMBANGAN,6250
93573,LAMBULING,6250
93574,LAMHAKO,6250
93575,LAMSALOME,6250
93576,LEMSNOLON,6250
93577,MAAN,6250
93578,MALUGONG,6250
93579,MONGOCAYO,6250
93580,NEW DUMANGAS,6250
93581,POBLACION,6250
93582,SALACAFE,6250
93583,SINOLON,6250
93584,T'BOLOK,6250
93585,TALCON,6250
93586,TALUFO,6250
93587,TUDOK,6250
93588,ALBAGAN,6251
93589,BUTO,6251
93590,DANLAG,6251
93591,KIPALBIG,6251
93592,LAMBAYONG,6251
93593,LAMPITAK,6251
93594,LIBERTY,6251
93595,MALTANA,6251
93596,PALO,6251
93597,POBLACION,6251
93598,PULA-BATO,6251
93599,SAN ISIDRO,6251
93600,SANTA CRUZ,6251
93601,TABLU,6251
93602,BUKAY PAIT,6252
93603,CABULING,6252
93604,DUMADALIG,6252
93605,LIBAS,6252
93606,MAGON,6252
93607,MAIBO,6252
93608,MANGILALA,6252
93609,NEW CUYAPO,6252
93610,NEW ILOILO,6252
93611,NEW LAMBUNAO,6252
93612,POBLACION,6252
93613,SAN FELIPE,6252
93614,TINONGCOP,6252
93615,ACMONAN,6253
93616,BOLOLMALA,6253
93617,BUNAO,6253
93618,CEBUANO,6253
93619,CROSSING RUBBER,6253
93620,KABLON,6253
93621,KALKAM,6253
93622,LINAN,6253
93623,LUNEN,6253
93624,MIASONG,6253
93625,PALIAN,6253
93626,POBLACION,6253
93627,POLONULING,6253
93628,SIMBO,6253
93629,TUBENG,6253
93630,BAI SARIFINANG,6254
93631,BIWANG,6254
93632,BUSOK,6254
93633,CHUA,6254
93634,DAGUMA,6254
93635,DALUGA,6254
93636,KABULANAN,6254
93637,KANULAY,6254
93638,KAPAYA,6254
93639,KINAYAO,6254
93640,MASIAG,6254
93641,MONTEVERDE,6254
93642,POBLACION,6254
93643,SANTO NIÑO,6254
93644,SISON,6254
93645,SOUTH SEPAKA,6254
93646,SUMILIL,6254
93647,TITULOK,6254
93648,TUKA,6254
93649,BANTANGAN (LASAK),6255
93650,DATABLAO,6255
93651,EDAY,6255
93652,ELBEBE,6255
93653,LASAK,6255
93654,LIBERTAD,6255
93655,LOMOYON,6255
93656,MAKAT (SUMALI PAS),6255
93657,MALIGAYA,6255
93658,MAYO,6255
93659,NATIVIDAD,6255
93660,POBLACION,6255
93661,POLOMOLOK,6255
93662,SINAPULAN,6255
93663,SUCOB,6255
93664,TELAFAS,6255
93665,ALA,5568
93666,DALADAP,5568
93667,DUKAY,5568
93668,GUIAMALIA,5568
93669,ILIAN,5568
93670,KANGKONG,5568
93671,LAGUINDING,5568
93672,MAGSAYSAY,5568
93673,MARGUES,5568
93674,NEW PANAY,5568
93675,NUMO,5568
93676,PAITAN,5568
93677,PAMANTINGAN,5568
93678,POBLACION,5568
93679,SAGASA,5568
93680,SALABACA,5568
93681,SALIAO,5568
93682,SALUMPING,5568
93683,VILLAMOR,5568
93684,BAMBAD,6257
93685,BUAL,6257
93686,D'LOTILLA,6257
93687,DANSULI,6257
93688,IMPAO,6257
93689,KALAWAG I (POB.),6257
93690,KALAWAG II (POB.),6257
93691,KALAWAG III (POB.),6257
93692,KENRAM,6257
93693,KOLAMBOG,6257
93694,KUDANDING,6257
93695,LAGANDANG,6257
93696,LAGUILAYAN,6257
93697,MAPANTIG,6257
93698,NEW PANGASINAN,6257
93699,SAMPAO,6257
93700,TAYUGO,6257
93701,BANTOGON (SANTA CLARA),6258
93702,CADIZ,6258
93703,DATU ITO ANDONG,6258
93704,DATU WASAY,6258
93705,DUMANGAS NUEVO,6258
93706,HINALAAN,6258
93707,LIMULAN,6258
93708,NALILIDAN,6258
93709,OBIAL,6258
93710,PAG-ASA,6258
93711,PARIL,6258
93712,POBLACION,6258
93713,SABANAL,6258
93714,SANGAY,6258
93715,SANTA MARIA,6258
93716,CARIDAD (CUYAPON),6259
93717,DIDTARAS,6259
93718,GANSING (BILUMEN),6259
93719,KABULAKAN,6259
93720,KAPINGKONG,6259
93721,KATITISAN,6259
93722,LAGAO,6259
93723,LILIT,6259
93724,MADANDING,6259
93725,MALIGAYA,6259
93726,MAMALI,6259
93727,MATIOMPONG,6259
93728,MIDTAPOK,6259
93729,NEW CEBU,6259
93730,PALUMBI,6259
93731,PIDTIGUIAN,6259
93732,PIMBALAYAN,6259
93733,PINGUIAMAN,6259
93734,POBLACION (LAMBAYONG),6259
93735,SADSALAN,6259
93736,SENEBEN,6259
93737,SIGAYAN,6259
93738,TAMBAK,6259
93739,TINUMIGUES,6259
93740,TUMIAO (TINAGA),6259
93741,UDTONG,6259
93742,AURELIO F. FREIRES SR. ( POBLACION II),6260
93743,BARURAO,6260
93744,BARURAO II,6260
93745,BASAK,6260
93746,BOLEBOK,6260
93747,BULULAWAN,6260
93748,CAPILAN,6260
93749,CHRISTIANNUEVO,6260
93750,DATU KARON,6260
93751,KALAMONGOG,6260
93752,KEYTODAC,6260
93753,KINODALAN,6260
93754,NEW CALINOG,6260
93755,NULING,6260
93756,PANSUD,6260
93757,PASANDALAN,6260
93758,POBLACION,6260
93759,POBLACION III,6260
93760,POLOY-POLOY,6260
93761,PURIKAY,6260
93762,RAGANDANG,6260
93763,SALAMAN,6260
93764,SALANGSANG,6260
93765,TAGUISA,6260
93766,TIBPUAN,6260
93767,TRAN,6260
93768,VILLAMONTE,6260
93769,ANTONG,6261
93770,BAYASONG,6261
93771,BLINGKONG,6261
93772,LUTAYAN PROPER,6261
93773,MAINDANG,6261
93774,MAMALI,6261
93775,MANILI,6261
93776,PALAVILLA,6261
93777,SAMPAO,6261
93778,SISIMAN,6261
93779,TAMNAG (POB.),6261
93780,AKOL,6262
93781,BADIANGON,6262
93782,BALIANGO,6262
93783,BALWAN (BULAN),6262
93784,BAMBANEN,6262
93785,BARANAYAN,6262
93786,BARONGIS,6262
93787,BATANG-BAGLAS,6262
93788,BUTRIL,6262
93789,COLOBE (TAGADTAL),6262
93790,DATU MAGUIALES,6262
93791,DOMOLOL,6262
93792,KABULING,6262
93793,KALIBUHAN,6262
93794,KANIPAAN,6262
93795,KIDAYAN,6262
93796,KIPONGET,6262
93797,KISEK,6262
93798,KRAAN,6262
93799,KULONG-KULONG,6262
93800,LANGALI,6262
93801,LIBUA,6262
93802,LIGAO,6262
93803,LOPOKEN (LEPOLON),6262
93804,LUMITAN,6262
93805,MAGANAO,6262
93806,MAGUID,6262
93807,MALATUNENG (MALATUNOL),6262
93808,MALISBONG,6262
93809,MEDOL,6262
93810,MILBUK,6262
93811,MINA,6262
93812,MOLON,6262
93813,NAMAT MASLA,6262
93814,NAPNAPON,6262
93815,POBLACION,6262
93816,SAN ROQUE,6262
93817,TIBUHOL (EAST BADIANGON),6262
93818,WAL,6262
93819,WASAG,6262
93820,BAGUMBAYAN,6263
93821,BANNAWAG,6263
93822,BAYAWA,6263
93823,C. MANGILALA,6263
93824,ESTRELLA,6263
93825,KALANAWE I,6263
93826,KALANAWE II,6263
93827,KATICO,6263
93828,MALINGON,6263
93829,MANGALEN,6263
93830,PEDTUBO,6263
93831,POBLACION (SAMBULAWAN),6263
93832,ROMUALDEZ,6263
93833,SAN JOSE,6263
93834,SAN PEDRO (TUATO),6263
93835,SINAKULAY,6263
93836,SUBEN,6263
93837,TINAUNGAN,6263
93838,TUAL (LIGUASAN),6263
93839,BANALI,6264
93840,BASAG,6264
93841,BUENAFLORES,6264
93842,BUGSO,6264
93843,BUKLOD,6264
93844,GAPOK,6264
93845,KADI,6264
93846,KAPATAGAN,6264
93847,KIADSAM,6264
93848,KUDEN,6264
93849,KULAMAN,6264
93850,LAGUBANG,6264
93851,LANGGAL,6264
93852,LIMUHAY,6264
93853,MALEGDEG,6264
93854,MIDTUNGOK,6264
93855,NATI,6264
93856,SEWOD,6264
93857,TACUPIS,6264
93858,TINALON,6264
93859,BARAS,6265
93860,BUENAFLOR,6265
93861,CALEAN,6265
93862,CARMEN,6265
93863,D'LEDESMA,6265
93864,GANSING,6265
93865,KALANDAGAN,6265
93866,LANCHETA,6265
93867,LOWER KATUNGAL,6265
93868,NEW ISABELA,6265
93869,NEW LAGAO,6265
93870,NEW PASSI,6265
93871,POBLACION,6265
93872,RAJAH NUDA,6265
93873,SAN ANTONIO,6265
93874,SAN EMMANUEL,6265
93875,SAN PABLO,6265
93876,SAN RAFAEL,6265
93877,TINA,6265
93878,UPPER KATUNGAL,6265
96501,ABILAN,5357
96502,AGONG-ONG,5357
96503,ALUBIJID,5357
96504,GUINABSAN,5357
96505,LOWER OLAVE,5357
96506,MACALANG,5357
96507,MALAPONG,5357
96508,MALPOC,5357
96509,MANAPA,5357
96510,MATABAO,5357
96511,POBLACION 1,5357
96512,POBLACION 2,5357
96513,POBLACION 3,5357
96514,POBLACION 4,5357
96515,POBLACION 5,5357
96516,POBLACION 6,5357
96517,POBLACION 7,5357
96518,POBLACION 8,5357
96519,POBLACION 9,5357
96520,POBLACION 10,5357
96521,RIZAL,5357
96522,SACOL,5357
96523,SANGAY,5357
96524,SIMBALAN,5357
96525,TALO-AO,5357
96526,AGAO POB. (BGY. 3),6267
96527,AGUSAN PEQUEÑO,6267
96528,AMBAGO,6267
96529,AMPARO,6267
96530,AMPAYON,6267
96531,ANTICALA,6267
96532,ANTONGALON,6267
96533,AUPAGAN,6267
96534,BAAN KM 3,6267
96535,BAAN RIVERSIDE POB. (BGY. 20),6267
96536,BABAG,6267
96537,BADING POB. (BGY. 22),6267
96538,BANCASI,6267
96539,BANZA,6267
96540,BAOBAOAN,6267
96541,BASAG,6267
96542,BAYANIHAN POB. (BGY. 27),6267
96543,BILAY,6267
96544,BIT-OS,6267
96545,BITAN-AGAN,6267
96546,BOBON,6267
96547,BONBON,6267
96548,BUGABUS,6267
96549,BUGSUKAN,6267
96550,BUHANGIN POB. (BGY. 19),6267
96551,CABCABON,6267
96552,CAMAYAHAN,6267
96553,DAGOHOY POB. (BGY. 7),6267
96554,DANKIAS,6267
96555,DE ORO,6267
96556,DIEGO SILANG POB. (BGY. 6),6267
96557,DON FRANCISCO,6267
96558,DOONGAN,6267
96559,DULAG,6267
96560,DUMALAGAN,6267
96561,FLORIDA,6267
96562,GOLDEN RIBBON POB. (BGY. 2),6267
96563,HOLY REDEEMER POB. (BGY. 23),6267
96564,HUMABON POB. (BGY. 11),6267
96565,IMADEJAS POB. (BGY. 24),6267
96566,JOSE RIZAL POB. (BGY. 25),6267
96567,KINAMLUTAN,6267
96568,LAPU-LAPU POB. (BGY. 8),6267
96569,LEMON,6267
96570,LEON KILAT POB. (BGY. 13),6267
96571,LIBERTAD,6267
96572,LIMAHA POB. (BGY. 14),6267
96573,LOS ANGELES,6267
96574,LUMBOCAN,6267
96575,MAGUINDA,6267
96576,MAHAY,6267
96577,MAHOGANY POB. (BGY. 21),6267
96578,MAIBU,6267
96579,MANDAMO,6267
96580,MANILA DE BUGABUS,6267
96581,MAON POB. (BGY. 1),6267
96582,MASAO,6267
96583,MAUG,6267
96584,NEW SOCIETY VILLAGE POB. (BGY. 26),6267
96585,NONG-NONG,6267
96586,OBRERO POB. (BGY. 18),6267
96587,ONG YIU POB. (BGY. 16),6267
96588,PAGATPATAN,6267
96589,PANGABUGAN,6267
96590,PIANING,6267
96591,PIGDAULAN,6267
96592,PINAMANCULAN,6267
96593,PORT POYOHON POB. (BGY. 17 - NEW ASIA),6267
96594,RAJAH SOLIMAN POB. (BGY. 4),6267
96595,SALVACION,6267
96596,SAN IGNACIO POB. (BGY. 15),6267
96597,SAN MATEO,6267
96598,SAN VICENTE,6267
96599,SANTO NIÑO,6267
96600,SIKATUNA POB. (BGY. 10),6267
96601,SILONGAN POB. (BGY. 5),6267
96602,SUMILE,6267
96603,SUMILIHON,6267
96604,TAGABACA,6267
96605,TAGUIBO,6267
96606,TALIGAMAN,6267
96607,TANDANG SORA POB. (BGY. 12),6267
96608,TINIWISAN,6267
96609,TUNGAO,6267
96610,URDUJA POB. (BGY. 9),6267
96611,VILLA KANANGA,6267
96612,ANTONIO LUNA,6268
96613,BAY-ANG,6268
96614,BAYABAS,6268
96615,CAASINAN,6268
96616,CABINET,6268
96617,CALAMBA,6268
96618,CALIBUNAN,6268
96619,COMAGASCAS,6268
96620,CONCEPCION,6268
96621,DEL PILAR,6268
96622,KATUGASAN,6268
96623,KAUSWAGAN,6268
96624,LA UNION,6268
96625,MABINI,6268
96626,MAHABA,6268
96627,POBLACION 1,6268
96628,POBLACION 2,6268
96629,POBLACION 3,6268
96630,POBLACION 4,6268
96631,POBLACION 5,6268
96632,POBLACION 6,6268
96633,POBLACION 7,6268
96634,POBLACION 8,6268
96635,POBLACION 9,6268
96636,POBLACION 10,6268
96637,POBLACION 11,6268
96638,POBLACION 12,6268
96639,PUTING BATO,6268
96640,SANGHAN,6268
96641,SORIANO,6268
96642,TOLOSA,6268
96643,CAHAYAGAN,5741
96644,GOSOON,5741
96645,MANOLIGAO,5741
96646,POBLACION (CARMEN),5741
96647,ROJALES,5741
96648,SAN AGUSTIN,5741
96649,TAGCATONG,5741
96650,VINAPOR,5741
96651,A. BELTRAN (CAMALIG),6270
96652,BALEGUIAN,6270
96653,BANGONAY,6270
96654,BUNGA,6270
96655,COLORADO,6270
96656,CUYAGO,6270
96657,LIBAS,6270
96658,MAGDAGOOC,6270
96659,MAGSAYSAY,6270
96660,MARAIGING,6270
96661,POBLACION (JABONGA),6270
96662,SAN JOSE,6270
96663,SAN PABLO,6270
96664,SAN VICENTE,6270
96665,SANTO NIÑO,6270
96666,BANGAYAN,6271
96667,CANAWAY,6271
96668,CROSSING,6271
96669,HINIMBANGAN,6271
96670,JALIOBONG,6271
96671,MAHAYAHAY,6271
96672,POBLACION,6271
96673,SAN ISIDRO,6271
96674,SAN ROQUE,6271
96675,SANGAY,6271
96676,SONGKOY,6271
96677,AMBACON,6272
96678,BALUNGAGAN,6272
96679,BONIFACIO,6272
96680,CASIKLAN,6272
96681,CONSORCIA,6272
96682,DURIAN,6272
96683,EDUARDO G. MONTILLA (CAMBOAYON),6272
96684,IBUAN,6272
96685,KATIPUNAN,6272
96686,LINGAYAO,6272
96687,MALICATO,6272
96688,MANINGALAO,6272
96689,MARCOS CALO,6272
96690,MAT-I,6272
96691,PINANA-AN,6272
96692,POBLACION,6272
96693,ROSARIO,6272
96694,SAN ISIDRO,6272
96695,SAN ROQUE,6272
96696,TINUCORAN,6272
96697,BUHANG,5313
96698,CALOC-AN,5313
96699,GUIASAN,5313
96700,MARCOS,5313
96701,POBLACION,5313
96702,SANTO NIÑO,5313
96703,SANTO ROSARIO,5313
96704,TAOD-OY,5313
96705,ACLAN,6274
96706,AMONTAY,6274
96707,ATA-ATAHON,6274
96708,BARANGAY 1 (POB.),6274
96709,BARANGAY 2 (POB.),6274
96710,BARANGAY 3 (POB.),6274
96711,BARANGAY 4 (POB.),6274
96712,BARANGAY 5 (POB.),6274
96713,BARANGAY 6 (POB.),6274
96714,BARANGAY 7 (POB.),6274
96715,CAMAGONG,6274
96716,CUBI-CUBI,6274
96717,CULIT,6274
96718,JAGUIMITAN,6274
96719,KINABJANGAN,6274
96720,PUNTA,6274
96721,SANTA ANA,6274
96722,TALISAY,6274
96723,TRIANGULO,6274
96724,BALANGBALANG,6275
96725,BASILISA,6275
96726,HUMILOG,6275
96727,PANAYTAYON,6275
96728,POBLACION I (AGAY),6275
96729,POBLACION II,6275
96730,SAN ANTONIO,6275
96731,TAGBONGABONG,6275
96732,CURVA,4968
96733,ESTANISLAO MORGADO,4968
96734,JAGUPIT,4968
96735,LA PAZ,4968
96736,PANGAYLAN-IP,4968
96737,POBLACION I,4968
96738,POBLACION II,4968
96739,SAN ISIDRO,4968
96740,TAGBUYACAN,4968
96741,BINUANGAN,6277
96742,CABAYAWA,6277
96743,DOÑA ROSARIO,6277
96744,DOÑA TELESFORA,6277
96745,LA FRATERNIDAD,6277
96746,LAWIGAN,6277
96747,POBLACION 1,6277
96748,POBLACION 2,6277
96749,SANTA ANA,6277
96750,TAGMAMARKAY,6277
96751,TAGPANGAHOY,6277
96752,TINIGBASAN,6277
96753,VICTORY,6277
96754,BERSEBA,6278
96755,BUCAC,6278
96756,CAGBAS,6278
96757,CALAITAN,6278
96758,CANAYUGAN,6278
96759,CHARITO,6278
96760,CLARO CORTEZ,6278
96761,FILI,6278
96762,GAMAO,6278
96763,GETSEMANE,6278
96764,GRACE ESTATE,6278
96765,HAMOGAWAY,6278
96766,KATIPUNAN,6278
96767,MABUHAY,6278
96768,MAGKIANGKANG,6278
96769,MAHAYAG,6278
96770,MARCELINA,6278
96771,MAYGATASAN,6278
96772,MONTIVESTA,6278
96773,MT. ARARAT,6278
96774,MT. CARMEL,6278
96775,MT. OLIVE,6278
96776,NEW SALEM,6278
96777,NOLI,6278
96778,OSMEÑA,6278
96779,PANAYTAY,6278
96780,PINAGALAAN,6278
96781,POBLACION,6278
96782,SAGMONE,6278
96783,SAGUMA,6278
96784,SALVACION,6278
96785,SAN AGUSTIN,6278
96786,SAN ISIDRO,6278
96787,SAN JUAN,6278
96788,SANTA IRENE,6278
96789,SANTA TERESITA,6278
96790,SANTO NIÑO,6278
96791,TAGLATAWAN,6278
96792,TAGLIBAS,6278
96793,TAGUBAY,6278
96794,VERDU,6278
96795,VILLA UNDAYON,6278
96796,WAWA,6278
96797,BUNAWAN BROOK,6279
96798,CONSUELO,6279
96799,IMELDA,6279
96800,LIBERTAD,6279
96801,MAMBALILI,6279
96802,NUEVA ERA,6279
96803,POBLACION,6279
96804,SAN ANDRES,6279
96805,SAN MARCOS,6279
96806,SAN TEODORO,6279
96807,AGSABU,5568
96808,AGUINALDO,5568
96809,ANOLINGAN,5568
96810,BAKINGKING,5568
96811,BALUBO,5568
96812,BENTAHON,5568
96813,BUNAGUIT,5568
96814,CATMONON,5568
96815,CEBULAN,5568
96816,CONCORDIA,5568
96817,CROSSING LUNA,5568
96818,CUBO,5568
96819,DAKUTAN,5568
96820,DUANGAN,5568
96821,GUADALUPE,5568
96822,GUIBONON,5568
96823,HAWILIAN,5568
96824,KALABUAN,5568
96825,KINAMAYBAY,5568
96826,LABAO,5568
96827,LANGAG,5568
96828,MAASIN,5568
96829,MAC-ARTHUR,5568
96830,MAHAGCOT,5568
96831,MALIWANAG,5568
96832,MILAGROS,5568
96833,NATO,5568
96834,NEW GINGOOG,5568
96835,ODIONG,5568
96836,ORO,5568
96837,PIGLAWIGAN,5568
96838,POBLACION,5568
96839,REMEDIOS,5568
96840,SALUG,5568
96841,SAN ISIDRO,5568
96842,SAN JOSE,5568
96843,SAN TORIBIO,5568
96844,SAN VICENTE,5568
96845,SANTA FE,5568
96846,SEGUNDA,5568
96847,SINAKUNGAN,5568
96848,TAGABASE,5568
96849,TAGANAHAW,5568
96850,TAGBALILI,5568
96851,TAHINA,5568
96852,TANDANG SORA,5568
96853,VALENTINA,5568
96854,ANGELES,5242
96855,BATAAN,5242
96856,COMOTA,5242
96857,HALAPITAN,5242
96858,KASAPA II,5242
96859,LANGASIAN,5242
96860,LYDIA,5242
96861,"OSMEÑA, SR.",5242
96862,PANAGANGAN,5242
96863,POBLACION,5242
96864,SABANG ADGAWAN,5242
96865,SAGUNTO,5242
96866,SAN PATRICIO,5242
96867,VALENTINA,5242
96868,VILLA PAZ,5242
96869,BINUCAYAN,6282
96870,JOHNSON,6282
96871,KASAPA,6282
96872,KATIPUNAN,6282
96873,KAUSWAGAN,6282
96874,MAGAUD,6282
96875,NUEVA GRACIA,6282
96876,POBLACION,6282
96877,SABUD,6282
96878,SAN ISIDRO,6282
96879,SAN MARIANO,6282
96880,SAN VICENTE,6282
96881,SANTA TERESA,6282
96882,SANTO NIÑO,6282
96883,SANTO TOMAS,6282
96884,VIOLANTA,6282
96885,WALOE,6282
96886,AURORA,6283
96887,AWA,6283
96888,AZPETIA,6283
96889,LA CARIDAD,6283
96890,LA PERIAN,6283
96891,LA PURISIMA,6283
96892,LA SUERTE,6283
96893,LA UNION,6283
96894,LAS NAVAS,6283
96895,LIBERTAD,6283
96896,LOS ARCOS,6283
96897,LUCENA,6283
96898,MABUHAY,6283
96899,MAGSAYSAY,6283
96900,MAPAGA,6283
96901,NAPO,6283
96902,NEW MAUG,6283
96903,PATIN-AY,6283
96904,POBLACION (BAHBAH),6283
96905,SALIMBOGAON,6283
96906,SALVACION,6283
96907,SAN JOAQUIN,6283
96908,SAN JOSE,6283
96909,SAN LORENZO,6283
96910,SAN MARTIN,6283
96911,SAN PEDRO,6283
96912,SAN RAFAEL,6283
96913,SAN ROQUE,6283
96914,SAN SALVADOR,6283
96915,SAN VICENTE,6283
96916,SANTA IRENE,6283
96917,SANTA MARIA,6283
96918,BAYUGAN 3,4989
96919,CABANTAO,4989
96920,CABAWAN,4989
96921,LIBUAC,4989
96922,MALIGAYA,4989
96923,MARFIL,4989
96924,NOVELE,4989
96925,POBLACION,4989
96926,SANTA CRUZ,4989
96927,TAGBAYAGAN,4989
96928,WASI-AN,4989
96929,ALEGRIA,5818
96930,BARANGAY 1 (POB.),5818
96931,BARANGAY 2 (POB.),5818
96932,BARANGAY 3 (POB.),5818
96933,BARANGAY 4 (POB.),5818
96934,BARANGAY 5 (POB.),5818
96935,BAYUGAN 2,5818
96936,BITAN-AGAN,5818
96937,BORBON,5818
96938,BUENASUERTE,5818
96939,CAIMPUGAN,5818
96940,DAS-AGAN,5818
96941,EBRO,5818
96942,HUBANG,5818
96943,KARAUS,5818
96944,LADGADAN,5818
96945,LAPINIGAN,5818
96946,LUCAC,5818
96947,MATE,5818
96948,NEW VISAYAS,5818
96949,ORMACA,5818
96950,PASTA,5818
96951,PISA-AN,5818
96952,RIZAL,5818
96953,SAN ISIDRO,5818
96954,SANTA ANA,5818
96955,TAGAPUA,5818
96956,ANISLAGAN,5144
96957,BALIT,5144
96958,BAYLO,5144
96959,BINICALAN,5144
96960,CECILIA,5144
96961,COALICION,5144
96962,CULI,5144
96963,DIMASALANG,5144
96964,DON ALEJANDRO,5144
96965,DON PEDRO,5144
96966,DOÑA FLAVIA,5144
96967,DOÑA MAXIMA,5144
96968,MAHAGSAY,5144
96969,MAHAPAG,5144
96970,MAHAYAHAY,5144
96971,MURITULA,5144
96972,NUEVO TRABAJO,5144
96973,POBLACION,5144
96974,POLICARPO,5144
96975,SAN ISIDRO,5144
96976,SAN PEDRO,5144
96977,SANTA INES,5144
96978,SANTA RITA,5144
96979,SANTIAGO,5144
96980,WEGGUAM,5144
96981,ANGAS,6287
96982,AURORA,6287
96983,AWAO,6287
96984,CONCEPCION,6287
96985,PAG-ASA,6287
96986,PATROCINIO,6287
96987,POBLACION,6287
96988,SAN JOSE,6287
96989,SANTA ISABEL,6287
96990,SAYON,6287
96991,TAPAZ,6287
96992,AFGA,6288
96993,ANAHAWAN,6288
96994,BANAGBANAG,6288
96995,DEL ROSARIO,6288
96996,EL RIO,6288
96997,ILIHAN,6288
96998,KAUSWAGAN,6288
96999,KIOYA,6288
97000,KOLAMBUGAN,6288
97001,MAGKALAPE,6288
97002,MAGSAYSAY,6288
97003,MAHAYAHAY,6288
97004,NEW TUBIGON,6288
97005,PADIAY,6288
97006,PEREZ,6288
97007,POBLACION,6288
97008,SAN ISIDRO,6288
97009,SAN VICENTE,6288
97010,SANTA CRUZ,6288
97011,SANTA MARIA,6288
97012,SINAI,6288
97013,TABON-TABON,6288
97014,TAG-UYANGO,6288
97015,VILLANGIT,6288
97016,BATUCAN,6289
97017,BUENAGRACIA,6289
97018,CAUSWAGAN,6289
97019,CULI,6289
97020,DEL MONTE,6289
97021,DESAMPARADOS,6289
97022,LA FLORA,6289
97023,LABNIG,6289
97024,MAHARLIKA,6289
97025,MARBON,6289
97026,SABANG GIBUNG,6289
97027,SAN AGUSTIN (POB.),6289
97028,SAN ISIDRO (POB.),6289
97029,SAN NICOLAS (POB.),6289
97030,ZAMORA,6289
97031,ZILLOVIA,6289
97032,BASA,6290
97033,CEBOLIN,6290
97034,CUEVAS,6290
97035,KAPATUNGAN,6290
97036,LANGKILA-AN,6290
97037,MANAT,6290
97038,NEW VISAYAS,6290
97039,PANGYAN,6290
97040,POBLACION,6290
97041,PULANG-LUPA,6290
97042,SALVACION,6290
97043,SAN IGNACIO,6290
97044,SAN ISIDRO,6290
97045,SAN ROQUE,6290
97046,SANTA MARIA,6290
97047,TUDELA,6290
97048,ANITAP,6291
97049,BACAY II,6291
97050,BINONGAN,6291
97051,CAIGANGAN,6291
97052,CANDIIS,6291
97053,DEL MONTE,6291
97054,DON MATEO,6291
97055,KATIPUNAN,6291
97056,LA FORTUNA,6291
97057,LIMOT,6291
97058,MAGSAYSAY,6291
97059,MASAYAN,6291
97060,POBLACION,6291
97061,SAMPAGUITA,6291
97062,SAN GABRIEL,6291
97063,SANTA CRUZ,6291
97064,SANTA EMELIA,6291
97065,SAWAGAN,6291
97066,SINOBONG,6291
97067,SISIMON,6291
97068,BENGLEN,6292
97069,CATADMAN,6292
97070,COLUMBUS,6292
97071,CORING,6292
97072,CORTES,6292
97073,DIEGAS,6292
97074,DOÑA HELENE,6292
97075,EDERA,6292
97076,FERDINAND,6292
97077,GEOTINA,6292
97078,IMEE (BACTASAN),6292
97079,MELGAR,6292
97080,MONTAG,6292
97081,NAVARRO,6292
97082,NEW NAZARETH,6292
97083,POBLACION,6292
97084,PUERTO PRINCESA,6292
97085,RITA GLENDA,6292
97086,ROMA,6292
97087,ROXAS,6292
97088,SANTA MONICA,6292
97089,SANTO NIÑO,6292
97090,SERING,6292
97091,SOMBRADO,6292
97092,TAG-ABACA,6292
97093,VILLA ECLEO,6292
97094,VILLA PANTINOPLE,6292
97095,BOA,6293
97096,CABUNGA-AN,6293
97097,DEL PILAR,6293
97098,LAGUNA,6293
97099,LEGASPI,6293
97100,MA-ATAS,6293
97101,MABINI (BORJA),6293
97102,NUEVA ESTRELLA,6293
97103,POBLACION,6293
97104,"R. ECLEO, SR.",6293
97105,SAN JOSE,6293
97106,SANTA RITA,6293
97107,TIGBAO,6293
97108,VALENCIA,6293
97109,BAGUMBAYAN,6294
97110,CAB-ILAN,6294
97111,CABAYAWAN,6294
97112,CAYETANO,6294
97113,ESCOLTA (POB.),6294
97114,GOMEZ,6294
97115,JUSTINIANA EDERA,6294
97116,MAGSAYSAY,6294
97117,MAUSWAGON (POB.),6294
97118,NEW MABUHAY,6294
97119,WADAS,6294
97120,WHITE BEACH (POB.),6294
97121,ALBOR (POB.),6295
97122,ARELLANO,6295
97123,BAYANIHAN,6295
97124,DOÑA HELEN,6295
97125,GARCIA,6295
97126,GENERAL AGUINALDO (BOLOD-BOLOD),6295
97127,KANIHAAN,6295
97128,LLAMERA,6295
97129,MAGSAYSAY,6295
97130,OSMEÑA,6295
97131,PLARIDEL,6295
97132,QUEZON,6295
97133,ROSITA,6295
97134,SAN ANTONIO (POB.),6295
97135,SAN JOSE,6295
97136,SANTO NIÑO,6295
97137,CARMEN (POB.),6282
97138,ESPERANZA,6282
97139,FERDINAND,6282
97140,HELENE,6282
97141,LIBERTY,6282
97142,MAGSAYSAY,6282
97143,PANAMAON,6282
97144,SAN JUAN (POB.),6282
97145,SANTA CRUZ (POB.),6282
97146,SANTIAGO (POB.),6282
97147,AURELIO,5249
97148,CUARINTA,5249
97149,DON RUBEN ECLEO (BALTAZAR),5249
97150,JACQUEZ,5249
97151,JUSTINIANA EDERA,5249
97152,LUNA,5249
97153,MAHAYAHAY,5249
97154,MATINGBE,5249
97155,SAN JOSE (POB.),5249
97156,SAN JUAN,5249
97157,SANTA CRUZ,5249
97158,WILSON,5249
97159,DIAZ (ROMUALDEZ),6298
97160,IMELDA,6298
97161,MABINI,6298
97162,MALINAO,6298
97163,NAVARRO,6298
97164,ROXAS,6298
97165,SAN ROQUE (POB.),6298
97166,SAN VICENTE (POB.),6298
97167,SANTA CRUZ (POB.),6298
97168,ALIPAO,5779
97169,ANAHAW,5779
97170,BUDLINGIN,5779
97171,CAMP EDUARD (GEOTINA),5779
97172,FERLDA,5779
97173,GAMUTON,5779
97174,JULIO OUANO (POB.),5779
97175,OMBONG,5779
97176,POBLACION (ALEGRIA),5779
97177,PONGTUD,5779
97178,SAN JUAN,5779
97179,SAN PEDRO,5779
97180,CABUGAO,6300
97181,CAMBUAYON,6300
97182,CAMPO,6300
97183,DUGSANGON,6300
97184,PAUTAO,6300
97185,PAYAPAG,6300
97186,POBLACION,6300
97187,PUNGTOD,6300
97188,SANTO ROSARIO,6300
97189,BAYBAY,4925
97190,BITAUG,4925
97191,MATIN-AO,4925
97192,POBLACION 1,4925
97193,POBLACION 2,4925
97194,SAN MATEO,4925
97195,BAGAKAY (POB. WEST),6302
97196,CABUGO,6302
97197,CAGDIANAO,6302
97198,DAYWAN,6302
97199,HAYANGGABON,6302
97200,LADGARON (POB.),6302
97201,LAPINIGAN,6302
97202,MAGALLANES,6302
97203,PANATAO,6302
97204,SAPA,6302
97205,TAGANITO,6302
97206,TAYAGA (POB. EAST),6302
97207,URBIZTONDO,6302
97208,WANGKE,6302
97209,BAGAKAY,6303
97210,BARANGAY 1 (POB.),6303
97211,BARANGAY 2 (POB.),6303
97212,BARANGAY 3 (POB.),6303
97213,BARANGAY 4 (POB.),6303
97214,BARANGAY 5 (POB.),6303
97215,BARANGAY 6 (POB.),6303
97216,BARANGAY 7 (POB.),6303
97217,BARANGAY 8 (POB.),6303
97218,BARANGAY 9 (POB.),6303
97219,BARANGAY 10 (POB.),6303
97220,BARANGAY 11 (POB.),6303
97221,BARANGAY 12 (POB.),6303
97222,BARANGAY 13 (POB.),6303
97223,BUENAVISTA,6303
97224,CABAWA,6303
97225,CAMBAS-AC,6303
97226,CONSOLACION,6303
97227,CORREGIDOR,6303
97228,DAGOHOY,6303
97229,DON PAULINO,6303
97230,JUBANG,6303
97231,MONTSERRAT,6303
97232,OSMEÑA,6303
97233,SAN CARLOS,6303
97234,SAN MIGUEL,6303
97235,SANTA FE,6303
97236,SANTA FELOMINA,6303
97237,UNION,6303
97238,ANTIPOLO,6304
97239,BAGAKAY (ALBURO),6304
97240,BITOON,6304
97241,CABUGAO,6304
97242,CANCOHOY,6304
97243,CAUB,6304
97244,DEL CARMEN (POB.),6304
97245,DOMOYOG,6304
97246,ESPERANZA,6304
97247,HALIAN,6304
97248,JAMOYAON,6304
97249,KATIPUNAN,6304
97250,LOBOGON,6304
97251,MABUHAY,6304
97252,MAHAYAHAY,6304
97253,QUEZON,6304
97254,SAN FERNANDO,6304
97255,SAN JOSE (POB.),6304
97256,SAYAK,6304
97257,TUBORAN,6304
97258,ANAJAWAN,5363
97259,CABITOONAN,5363
97260,CATANGNAN,5363
97261,CONSUELO,5363
97262,CORAZON,5363
97263,DAKU,5363
97264,LA JANUZA,5363
97265,LIBERTAD,5363
97266,MAGSAYSAY,5363
97267,MALINAO,5363
97268,POBLACION I (PUROK I),5363
97269,POBLACION II (PUROK II),5363
97270,POBLACION III (PUROK III),5363
97271,POBLACION IV (PUROK IV),5363
97272,POBLACION V (PUROK V),5363
97273,SANTA CRUZ,5363
97274,SANTA FE,5363
97275,SUYANGAN,5363
97276,TAWIN-TAWIN,5363
97277,ALAMBIQUE (POB.),6306
97278,ANIBONGAN,6306
97279,CAM-BOAYON,6306
97280,CAMAM-ONAN,6306
97281,IPIL (POB.),6306
97282,LAHI,6306
97283,MAHANUB,6306
97284,PONIENTE,6306
97285,SAN ANTONIO (BONOT),6306
97286,SAN ISIDRO,6306
97287,SICO-SICO,6306
97288,VILLAFLOR,6306
97289,VILLAFRANCA,6306
97290,BINGA,6307
97291,BOBONA-ON,6307
97292,CANTUGAS,6307
97293,DAYANO,6307
97294,MABINI,6307
97295,MAGPAYANG,6307
97296,MAGSAYSAY (POB.),6307
97297,MANSAYAO,6307
97298,MARAYAG,6307
97299,MATIN-AO,6307
97300,PACO,6307
97301,QUEZON (POB.),6307
97302,ROXAS,6307
97303,SAN FRANCISCO,6307
97304,SAN ISIDRO,6307
97305,SAN JOSE,6307
97306,SIANA,6307
97307,SILOP,6307
97308,TAGBUYAWAN,6307
97309,TAPI-AN,6307
97310,TOLINGON,6307
97311,BUNYASAN,6308
97312,CAGTINAE,6308
97313,CAN-AGA,6308
97314,CANSAYONG,6308
97315,CANTAPOY,6308
97316,CAYAWAN,6308
97317,DORO (BINOCARAN),6308
97318,HANAGDONG,6308
97319,KARIHATAG,6308
97320,MASGAD,6308
97321,PILI,6308
97322,SAN ISIDRO (POB.),6308
97323,TINAGO,6308
97324,VILLARIZA,6308
97325,ASINAN (POB.),5155
97326,CARIDAD,5155
97327,CENTRO (POB.),5155
97328,CONSOLACION,5155
97329,DATU,5155
97330,DAYAOHAY,5155
97331,JABOY,5155
97332,KATIPUNAN,5155
97333,MAASIN,5155
97334,MABINI,5155
97335,MABUHAY,5155
97336,PILARING (POB.),5155
97337,PUNTA (POB.),5155
97338,SALVACION,5155
97339,SAN ROQUE,5155
97340,AMOSLOG,5576
97341,ANISLAGAN,5576
97342,BAD-AS,5576
97343,BOYONGAN,5576
97344,BUGAS-BUGAS,5576
97345,CENTRAL (POB.),5576
97346,ELLAPERAL (NONOK),5576
97347,IPIL (POB.),5576
97348,LAKANDULA,5576
97349,MABINI,5576
97350,MACALAYA,5576
97351,MAGSAYSAY (POB.),5576
97352,MAGUPANGE,5576
97353,PANANAY-AN,5576
97354,PANHUTONGAN,5576
97355,SAN ISIDRO,5576
97356,SANI-SANI,5576
97357,SANTA CRUZ,5576
97358,SUYOC,5576
97359,TAGBONGABONG,5576
97360,BONGDO,6311
97361,MARIBOJOC,6311
97362,NUEVO CAMPO,6311
97363,SAN JUAN,6311
97364,SANTA CRUZ (POB.),6311
97365,TALISAY (POB.),6311
97366,AMONTAY,6312
97367,BALITE,6312
97368,BANBANON,6312
97369,DIAZ,6312
97370,HONRADO,6312
97371,JUBGAN,6312
97372,LINONGGANAN,6312
97373,MACOPA,6312
97374,MAGTANGALE,6312
97375,OSLAO,6312
97376,POBLACION,6312
97377,BUHING CALIPAY,5108
97378,DEL CARMEN (POB.),5108
97379,DEL PILAR,5108
97380,MACAPAGAL,5108
97381,PACIFICO,5108
97382,PELAEZ,5108
97383,ROXAS,5108
97384,SAN MIGUEL,5108
97385,SANTA PAZ,5108
97386,SANTO NIÑO,5108
97387,TAMBACAN,5108
97388,TIGASAO,5108
97389,ABAD SANTOS,6314
97390,ALEGRIA,6314
97391,BAILAN,6314
97392,GARCIA,6314
97393,LIBERTAD,6314
97394,MABINI,6314
97395,MABUHAY (POB.),6314
97396,MAGSAYSAY,6314
97397,RIZAL,6314
97398,T. ARLAN (POB.),6314
97399,TANGBO,6314
97400,BIYABID,5037
97401,GACEPAN,5037
97402,IMA,5037
97403,LOWER PATAG,5037
97404,MABUHAY,5037
97405,MAYAG,5037
97406,POBLACION (SAN PEDRO),5037
97407,SAN ISIDRO,5037
97408,SAN PABLO,5037
97409,TAGBAYANI,5037
97410,TINOGPAHAN,5037
97411,UPPER PATAG,5037
97412,ALBINO TARUC,5439
97413,DEL PILAR,5439
97414,HELENE,5439
97415,HONRADO,5439
97416,NAVARRO (POB.),5439
97417,NUEVA ESTRELLA,5439
97418,PAMOSAINGAN,5439
97419,RIZAL (POB.),5439
97420,SALOG,5439
97421,SAN ROQUE,5439
97422,SANTA CRUZ,5439
97423,SERING,5439
97424,SONGKOY,5439
97425,SUDLON,5439
97426,ALANG-ALANG,6317
97427,ALEGRIA,6317
97428,ANOMAR,6317
97429,AURORA,6317
97430,BALIBAYON,6317
97431,BAYBAY,6317
97432,BILABID,6317
97433,BITAUGAN,6317
97434,BONIFACIO,6317
97435,BUENAVISTA,6317
97436,CABONGBONGAN,6317
97437,CAGNIOG,6317
97438,CAGUTSAN,6317
97439,CANLANIPA,6317
97440,CANTIASAY,6317
97441,CAPALAYAN,6317
97442,CATADMAN,6317
97443,DANAO,6317
97444,DANAWAN,6317
97445,DAY-ASAN,6317
97446,IPIL,6317
97447,LIBUAC,6317
97448,LIPATA,6317
97449,LISONDRA,6317
97450,LUNA,6317
97451,MABINI,6317
97452,MABUA,6317
97453,MANYAGAO,6317
97454,MAPAWA,6317
97455,MAT-I,6317
97456,NABAGO,6317
97457,NONOC,6317
97458,OROK,6317
97459,POCTOY,6317
97460,PUNTA BILAR,6317
97461,QUEZON,6317
97462,RIZAL,6317
97463,SABANG,6317
97464,SAN ISIDRO,6317
97465,SAN JOSE,6317
97466,SAN JUAN,6317
97467,SAN PEDRO (HANIGAD),6317
97468,SAN ROQUE,6317
97469,SERNA (BAD-ASAY),6317
97470,SIDLAKAN,6317
97471,SILOP,6317
97472,SUGBAY,6317
97473,SUKAILANG,6317
97474,TAFT (POB.),6317
97475,TALISAY,6317
97476,TOGBONGON,6317
97477,TRINIDAD,6317
97478,WASHINGTON (POB.),6317
97479,ZARAGOZA,6317
97480,AURORA (POB.),6318
97481,AZUCENA (POB.),6318
97482,BANBAN,6318
97483,CAWILAN,6318
97484,FABIO,6318
97485,HIMAMAUG,6318
97486,LAUREL,6318
97487,LOWER LIBAS,6318
97488,OPONG,6318
97489,PATINO,6318
97490,SAMPAGUITA (POB.),6318
97491,TALAVERA,6318
97492,UNION,6318
97493,UPPER LIBAS,6318
97494,CAPAYAHAN,6124
97495,CAWILAN,6124
97496,DEL ROSARIO,6124
97497,MARGA,6124
97498,MOTORPOOL,6124
97499,POBLACION (TUBOD),6124
97500,SAN ISIDRO,6124
97501,SAN PABLO,6124
97502,TIMAMANA,6124
97503,AMAGA,6320
97504,BAHI,6320
97505,CABACUNGAN,6320
97506,CAMBAGANG,6320
97507,CAUSWAGAN,6320
97508,DAPDAP,6320
97509,DUGHAN,6320
97510,GAMUT,6320
97511,JAVIER,6320
97512,KINAYAN,6320
97513,MAMIS,6320
97514,POBLACION,6320
97515,RIZAL,6320
97516,SAN JOSE,6320
97517,SAN ROQUE,6320
97518,SAN VICENTE,6320
97519,SUA,6320
97520,SUDLON,6320
97521,TAMBIS,6320
97522,UNIDAD,6320
97523,WAKAT,6320
97524,AMAG,6321
97525,BALETE (POB.),6321
97526,CABUGO,6321
97527,CAGBAOTO,6321
97528,LA PAZ,6321
97529,MAGOBAWOK,6321
97530,PANAOSAWON,6321
97531,BUCTO,6322
97532,BURBOANAN,6322
97533,CAGUYAO,6322
97534,COLETO,6322
97535,COMAWAS,6322
97536,KAHAYAG,6322
97537,LABISMA,6322
97538,LAWIGAN,6322
97539,MAHARLIKA,6322
97540,MANGAGOY,6322
97541,MONE,6322
97542,PAMANLINAN,6322
97543,PAMAYPAYAN,6322
97544,POBLACION,6322
97545,SAN ANTONIO,6322
97546,SAN FERNANDO,6322
97547,SAN ISIDRO (BAGNAN),6322
97548,SAN JOSE,6322
97549,SAN ROQUE (CADANGLASAN),6322
97550,SAN VICENTE,6322
97551,SANTA CRUZ,6322
97552,SIBAROY,6322
97553,TABON,6322
97554,TUMANAN,6322
97555,ARAS-ASAN,6323
97556,BACOLOD,6323
97557,BITAUGAN EAST,6323
97558,BITAUGAN WEST,6323
97559,LA PURISIMA (PALHE),6323
97560,LACTUDAN,6323
97561,MAT-E,6323
97562,POBLACION,6323
97563,TAWAGAN,6323
97564,TUBO-TUBO,6323
97565,UNIDAD,6323
97566,BUGSUKAN,6324
97567,BUNTALID,6324
97568,CABANGAHAN,6324
97569,CABAS-AN,6324
97570,CALAGDAAN,6324
97571,CONSUELO,6324
97572,GENERAL ISLAND,6324
97573,LININTI-AN (POB.),6324
97574,LOBO,6324
97575,MAGASANG,6324
97576,MAGOSILOM (POB.),6324
97577,PAG-ANTAYAN,6324
97578,PALASAO,6324
97579,PARANG,6324
97580,SAN PEDRO,6324
97581,TAPI,6324
97582,TIGABONG,6324
97583,ANTAO,5741
97584,CANCAVAN,5741
97585,CARMEN (POB.),5741
97586,ESPERANZA,5741
97587,HINAPOYAN,5741
97588,PUYAT,5741
97589,SAN VICENTE,5741
97590,SANTA CRUZ,5741
97591,ADLAY,6326
97592,BABUYAN,6326
97593,BACOLOD,6326
97594,BAYBAY (POB.),6326
97595,BON-OT,6326
97596,CAGLAYAG,6326
97597,DAHICAN,6326
97598,DOYOS (POB.),6326
97599,EMBARCADERO (POB.),6326
97600,GAMUTON,6326
97601,PANIKIAN,6326
97602,PANTUKAN,6326
97603,SACA (POB.),6326
97604,TAG-ANITO,6326
97605,BALIBADON,5745
97606,BURGOS,5745
97607,CAPANDAN,5745
97608,MABAHIN,5745
97609,MADRELINO,5745
97610,MANLICO,5745
97611,MATHO,5745
97612,POBLACION,5745
97613,TAG-ANONGAN,5745
97614,TIGAO,5745
97615,TUBORAN,5745
97616,UBA,5745
97617,BACULIN,6328
97618,BENIGNO AQUINO (ZONE I) POB.,6328
97619,BIGAAN,6328
97620,CAMBATONG,6328
97621,CAMPA,6328
97622,DUGMANON,6328
97623,HARIP,6328
97624,LA CASA (POB.),6328
97625,LOYOLA,6328
97626,MALIGAYA,6328
97627,PAGTIGNI-AN (BITOON),6328
97628,POCTO,6328
97629,PORT LAMON,6328
97630,ROXAS,6328
97631,SAN JUAN,6328
97632,SASA,6328
97633,TAGASAKA,6328
97634,TAGBOBONGA,6328
97635,TALISAY,6328
97636,TARUSAN,6328
97637,TIDMAN,6328
97638,TIWI,6328
97639,ZONE II (POB.),6328
97640,ZONE III MAHARLIKA (POB.),6328
97641,AGSAM,6329
97642,BOCAWE,6329
97643,BUNGA,6329
97644,GAMUTON,6329
97645,HABAG,6329
97646,MAMPI,6329
97647,NURCIA,6329
97648,PAKWAN,6329
97649,SIBAHAY,6329
97650,ZONE I (POB.),6329
97651,ZONE II (POB.),6329
97652,ZONE III (POB.),6329
97653,ZONE IV (POB.),6329
97654,ANIBONGAN,6330
97655,BAN-AS,6330
97656,BANAHAO,6330
97657,BAUCAWE,6330
97658,DIATAGON,6330
97659,GANAYON,6330
97660,LIATIMCO,6330
97661,MANYAYAY,6330
97662,PAYASAN,6330
97663,POBLACION,6330
97664,SAINT CHRISTINE,6330
97665,SAN ISIDRO,6330
97666,SAN PEDRO,6330
97667,ANIBONGAN,6331
97668,BARCELONA,6331
97669,BOGAK,6331
97670,BONGAN,6331
97671,HANDAMAYAN,6331
97672,MAHAYAHAY,6331
97673,MANDUS,6331
97674,MANSA-ILAO,6331
97675,PAGTILA-AN,6331
97676,PALO ALTO,6331
97677,POBLACION,6331
97678,RAJAH CABUNGSO-AN,6331
97679,SABANG,6331
97680,SALVACION,6331
97681,SAN ROQUE,6331
97682,TAGPOPORAN,6331
97683,UNION,6331
97684,VALENCIA,6331
97685,BAGSAC,6332
97686,BAYOGO,6332
97687,LINIBONAN,6332
97688,MAGSAYSAY,6332
97689,MANGA,6332
97690,PANAYOGON,6332
97691,PATONG PATONG,6332
97692,QUIRINO (POB.),6332
97693,SAN ANTONIO,6332
97694,SAN JUAN,6332
97695,SAN ROQUE,6332
97696,SAN VICENTE,6332
97697,SONGKIT,6332
97698,UNION,6332
97699,ALEGRIA,6333
97700,AMONTAY,6333
97701,ANTIPOLO,6333
97702,AROROGAN,6333
97703,BAYAN,6333
97704,MAHABA,6333
97705,MARARAG,6333
97706,POBLACION,6333
97707,SAN ANTONIO,6333
97708,SAN ISIDRO,6333
97709,SAN PEDRO,6333
97710,SANTA CRUZ,6333
97711,BRETANIA,5106
97712,BUATONG,5106
97713,BUHISAN,5106
97714,GATA,5106
97715,HORNASAN,5106
97716,JANIPAAN,5106
97717,KAUSWAGAN,5106
97718,OTEIZA,5106
97719,POBLACION,5106
97720,PONG-ON,5106
97721,PONGTOD,5106
97722,SALVACION,5106
97723,SANTO NIÑO,5106
97724,BAGYANG,5178
97725,BARAS,5178
97726,BITAUGAN,5178
97727,BOLHOON,5178
97728,CALATNGAN,5178
97729,CARROMATA,5178
97730,CASTILLO,5178
97731,LIBAS GUA,5178
97732,LIBAS SUD,5178
97733,MAGROYONG,5178
97734,MAHAYAG (MAITUM),5178
97735,PATONG,5178
97736,POBLACION,5178
97737,SAGBAYAN,5178
97738,SAN ROQUE,5178
97739,SIAGAO,5178
97740,TINA,5178
97741,UMALAG,5178
97742,BATUNAN,6336
97743,CARPENITO,6336
97744,DOÑA CARMEN,6336
97745,HINAGDANAN,6336
97746,KAHAYAGAN,6336
97747,LAGO,6336
97748,MAGLAMBING,6336
97749,MAGLATAB,6336
97750,MAGSAYSAY,6336
97751,MALIXI,6336
97752,MANAMBIA,6336
97753,OSMEÑA,6336
97754,POBLACION,6336
97755,QUEZON,6336
97756,SAN VICENTE,6336
97757,SANTA CRUZ,6336
97758,SANTA FE,6336
97759,SANTA JUANA,6336
97760,SANTA MARIA,6336
97761,SAYON,6336
97762,SORIANO,6336
97763,TAGONGON,6336
97764,TRINIDAD,6336
97765,UGOBAN,6336
97766,VILLAVERDE,6336
97767,ALBA,6337
97768,ANAHAO BAG-O,6337
97769,ANAHAO DAAN,6337
97770,BADONG,6337
97771,BAJAO,6337
97772,BANGSUD,6337
97773,CABANGAHAN,6337
97774,CAGDAPAO,6337
97775,CAMAGONG,6337
97776,CARAS-AN,6337
97777,CAYALE,6337
97778,DAYO-AN,6337
97779,GAMUT,6337
97780,JUBANG,6337
97781,KINABIGTASAN,6337
97782,LAYOG,6337
97783,LINDOY,6337
97784,MERCEDES,6337
97785,PURISIMA (POB.),6337
97786,SUMO-SUMO,6337
97787,UMBAY,6337
97788,UNABAN,6337
97789,UNIDOS,6337
97790,VICTORIA,6337
97791,AWASIAN,6338
97792,BAGONG LUNGSOD (POB.),6338
97793,BIOTO,6338
97794,BONGTOD POB. (EAST WEST),6338
97795,BUENAVISTA,6338
97796,DAGOCDOC (POB.),6338
97797,MABUA,6338
97798,MABUHAY,6338
97799,MAITUM,6338
97800,MATICDUM,6338
97801,PANDANON,6338
97802,PANGI,6338
97803,QUEZON,6338
97804,ROSARIO,6338
97805,SALVACION,6338
97806,SAN AGUSTIN NORTE,6338
97807,SAN AGUSTIN SUR,6338
97808,SAN ANTONIO,6338
97809,SAN ISIDRO,6338
97810,SAN JOSE,6338
97811,TELAJE,6338
102956,CADDAYAN,6339
102957,LINONGAN,6339
102958,LOWER BATO-BATO,6339
102959,MANGALUT,6339
102960,MANGUSO,6339
102961,PAGUENGAN,6339
102962,SEMUT,6339
102963,UPPER BATO-BATO,6339
102964,UPPER SINANGKAPAN,6339
102965,APIL-APIL,6340
102966,BATO-BATO,6340
102967,BOHE-PIANG,6340
102968,BUCALAO,6340
102969,CAMBUG,6340
102970,DANAPAH,6340
102971,GUINANTA,6340
102972,KAILIH,6340
102973,KINUKUTAN,6340
102974,KUHON,6340
102975,KUHON LENNUH,6340
102976,LINUAN,6340
102977,LOOKBISAYA (KAULUNGAN ISLAND),6340
102978,MACALANG,6340
102979,MAGCAWA,6340
102980,SANGKAHAN (KAULUNGAN ISLAND),6340
102981,BASAKAN,6341
102982,BUTON,6341
102983,CANDIIS,6341
102984,LANGIL,6341
102985,LANGONG,6341
102986,LANGUYAN,6341
102987,PINTASAN,6341
102988,SERONGGON,6341
102989,SIBAGO,6341
102990,SULUTAN MATANGAL,6341
102991,TUBURAN PROPER (POB.),6341
102992,BALUK-BALUK,6342
102993,DASALAN,6342
102994,LUBUKAN,6342
102995,LUUKBONGSOD,6342
102996,MANANGGAL,6342
102997,PALAHANGAN,6342
102998,PANDUCAN,6342
102999,SANGBAY BIG,6342
103000,SANGBAY SMALL,6342
103001,TAUSAN,6342
103002,AGUADA,6343
103003,BALATANAY,6343
103004,BALUNO,6343
103005,BEGANG,6343
103006,BINUANGAN,6343
103007,BUSAY,6343
103008,CABUNBATA,6343
103009,CALVARIO,6343
103010,CARBON,6343
103011,DIKI,6343
103012,DONA RAMONA T. ALANO (ISABELA WESTSITE),6343
103013,ISABELA EASTSIDE (POB.),6343
103014,ISABELA PROPER (POB.),6343
103015,KAPATAGAN GRANDE,6343
103016,KAPAYAWAN,6343
103017,KAUMPURNAH ZONE I,6343
103018,KAUMPURNAH ZONE II,6343
103019,KAUMPURNAH ZONE III,6343
103020,KUMALARANG,6343
103021,LA PIEDAD (POB.),6343
103022,LAMPINIGAN,6343
103023,LANOTE,6343
103024,LUKBUTON,6343
103025,LUMBANG,6343
103026,MAKIRI,6343
103027,MALIGUE (LUNOT),6343
103028,MARANG-MARANG,6343
103029,MARKETSITE (POB.),6343
103030,MASULA,6343
103031,MENZI,6343
103032,PANIGAYAN,6343
103033,PANUNSULAN,6343
103034,PORT AREA (POB.),6343
103035,RIVERSIDE,6343
103036,SAN RAFAEL,6343
103037,SANTA BARBARA,6343
103038,SANTA CRUZ (POB.),6343
103039,SEASIDE (POB.),6343
103040,SMALL KAPATAGAN,6343
103041,SUMAGDANG,6343
103042,SUNRISE VILLAGE (POB.),6343
103043,TABIAWAN,6343
103044,TABUK (POB.),6343
103045,TAMPALAN,6343
103046,TIMPUL,6343
103047,ARCO,6344
103048,BA-AS,6344
103049,BAIMBING,6344
103050,BALAGTASAN,6344
103051,BALAS,6344
103052,BALOBO,6344
103053,BATO,6344
103054,BAUNGOS,6344
103055,BOHEBESSEY,6344
103056,BOHEIBU,6344
103057,BOHENANGE,6344
103058,BOHESAPA,6344
103059,BOHEYAKAN,6344
103060,BOHEYAWAS,6344
103061,BUAHAN,6344
103062,BULANTING,6344
103063,BULINGAN,6344
103064,CABOBO,6344
103065,CALUGUSAN,6344
103066,CAMPO UNO,6344
103067,COLONIA,6344
103068,DANIT-PUNTOCAN,6344
103069,KULAY BATO,6344
103070,LEBBUH,6344
103071,LIMO-OK,6344
103072,LO-OK,6344
103073,LUKSUMBANG,6344
103074,LUMUTON,6344
103075,MAGANDA,6344
103076,MALAKAS,6344
103077,MALIGAYA,6344
103078,MALINIS (POB.),6344
103079,MALO-ONG CANAL,6344
103080,MALO-ONG SAN JOSE,6344
103081,MATATAG,6344
103082,MATIBAY,6344
103083,PARANGBASAK,6344
103084,SABONG,6344
103085,SANTA CLARA,6344
103086,SENGAL,6344
103087,SIMBANGON,6344
103088,TANDONG AHAS,6344
103089,TUMAKID,6344
103090,UBIT,6344
103091,ULAME,6344
103092,ATONG-ATONG,6345
103093,BAGBAGON,6345
103094,BAUNGIS,6345
103095,BULAN-BULAN,6345
103096,BULANZA,6345
103097,CALAYAN,6345
103098,CALUGUSAN,6345
103099,CANIBUNGAN,6345
103100,LANDUGAN,6345
103101,LANTAWAN PROPER (POB.),6345
103102,LAWI-LAWI,6345
103103,LAWILA,6345
103104,LOWER BAÑAS,6345
103105,LOWER MANGGAS,6345
103106,LUUK-MALUHA,6345
103107,MATARLING,6345
103108,MATIKANG,6345
103109,PAMUCALIN,6345
103110,PANIONGAN,6345
103111,PARIAN-BAUNOH,6345
103112,SUBA-AN (PANGASAHAN),6345
103113,SWITCH YAKAL,6345
103114,TAIRAN,6345
103115,UPPER BAÑAS,6345
103116,UPPER MANGGAS,6345
103117,ABONG-ABONG,6346
103118,BATUNGAL,6346
103119,CALANG CANAS,6346
103120,FUENTE MALUSO,6346
103121,GUANAN NORTH (ZONE I),6346
103122,GUANAN SOUTH (ZONE II),6346
103123,LIMBUBONG,6346
103124,MAHAYAHAY LOWER (ZONE I),6346
103125,MAHAYAHAY UPPER (ZONE II),6346
103126,MUSLIM AREA,6346
103127,PORT HOLLAND ZONE I POB. (UPPER),6346
103128,PORT HOLLAND ZONE II POB. (SHIPYARD MAIN),6346
103129,PORT HOLLAND ZONE III POB. (SAMAL VILLAGE),6346
103130,PORT HOLLAND ZONE IV (LOWER),6346
103131,PORT HOLLAND ZONE V (SHIPYARD TABUK),6346
103132,TABERLONGAN,6346
103133,TAMUK,6346
103134,TOWNSITE (POB.),6346
103135,TUBIGAN,6346
103136,UPPER GARLAYAN,6346
103137,BACUNG,6347
103138,BAIWAS,6347
103139,BASAK,6347
103140,BENEMBENGAN LOWER,6347
103141,BENEMBENGAN UPPER,6347
103142,BOHE-LANGUYAN,6347
103143,BULI-BULI,6347
103144,CABCABAN,6347
103145,CABENGBENG LOWER,6347
103146,CABENGBENG UPPER,6347
103147,ETTUB-ETTUB,6347
103148,GUIONG,6347
103149,KAUM-AIR,6347
103150,KAUMPAMATSAKEM,6347
103151,LIBUG,6347
103152,LIMBOCANDIS,6347
103153,LUKKETON,6347
103154,LUUK-BAIT,6347
103155,MAHATALANG,6347
103156,MANAUL,6347
103157,MANGAL (POB.),6347
103158,MARANG,6347
103159,MEBAK,6347
103160,SAHAYA BOHE BATO,6347
103161,SAPAH BULAK,6347
103162,SUMISIP CENTRAL,6347
103163,TIKUS,6347
103164,TONGSENGAL,6347
103165,TUMAHUBONG,6347
103166,BABAG (BABUAN ISLAND),6348
103167,BALANTING,6348
103168,BOLOH-BOLOH,6348
103169,BUKUT-UMUS,6348
103170,KAUMPURNAH,6348
103171,LANAWAN,6348
103172,PISAK-PISAK,6348
103173,SALUPING,6348
103174,SULIGAN (BABUAN ISLAND),6348
103175,SULLOH (TAPIANTANA),6348
103176,TAMBULIG BUTON,6348
103177,TONG-UMUS,6348
103178,BADJA,6349
103179,BAGUINDAN,6349
103180,BANAH,6349
103181,BANGCUANG,6349
103182,BOHE-TAMBAK,6349
103183,BOHEBACA,6349
103184,BOHELEBUNG,6349
103185,LAGAYAS,6349
103186,LIMBO-UPAS,6349
103187,SILANGKUM,6349
103188,TIPO-TIPO PROPER (POB.),6349
103189,BOHETAMBIS,5828
103190,CALUT,5828
103191,DUGA-A,5828
103192,KATIPUNAN,5828
103193,LAHI-LAHI,5828
103194,LOWER SINANGKAPAN,5828
103195,LOWER TABLAS,5828
103196,MAHAWID,5828
103197,SINULATAN,5828
103198,TABLAS USEW,5828
103199,AMALOY,6351
103200,BOHE-PAHUH,6351
103201,BOHE-SUYAK,6351
103202,CABANGALAN,6351
103203,DANIT,6351
103204,KAMAMBURINGAN,6351
103205,MATATA,6351
103206,MATERLING,6351
103207,PIPIL,6351
103208,SUNGKAYUT,6351
103209,TONGBATO,6351
103210,ULITAN,6351
103211,BAGUMBAYAN,6352
103212,BANDARA-INGUD,6352
103213,COMARA,6352
103214,FRANKFORT,6352
103215,LAMBANOGAN,6352
103216,LICO,6352
103217,MANSILANO,6352
103218,NATANGCOPAN,6352
103219,PAGALAMATAN,6352
103220,PAGONAYAN,6352
103221,PIAGMA,6352
103222,POBLACION (APARTFORT),6352
103223,PUNUD,6352
103224,RANAO-BANING,6352
103225,SAGUA-AN,6352
103226,SALAM,6352
103227,SUMUGOT,6352
103228,AMPAO,6353
103229,BAGOAINGUD,6353
103230,BALUT,6353
103231,BARUA,6353
103232,BUADIAWANI,6353
103233,BUBONG,6353
103234,DARAMOYOD,6353
103235,DILABAYAN,6353
103236,DIPATUAN,6353
103237,GANDAMATO,6353
103238,GURAIN,6353
103239,ILIAN,6353
103240,LAMA,6353
103241,LIAWAO,6353
103242,LUMBACA-INGUD,6353
103243,MADANDING,6353
103244,ORONG,6353
103245,PINDOLONAN,6353
103246,POBLACION I,6353
103247,POBLACION II,6353
103248,RAYA,6353
103249,ROROWAN,6353
103250,SUGOD,6353
103251,TAMBO,6353
103252,TUKA I,6353
103253,TUKA II,6353
103254,BAGOAINGUD,6354
103255,BANAGO,6354
103256,BARORAO,6354
103257,BATUAN,6354
103258,BUDAS,6354
103259,BUENAVISTA,6354
103260,BUISAN (BENGABENG),6354
103261,CALILANGAN,6354
103262,IGABAY,6354
103263,ILIAN,6354
103264,LALABUAN,6354
103265,LORENZO,6354
103266,LOWER ITIL,6354
103267,LUMBAC,6354
103268,MACAO,6354
103269,MAGULALUNG OCCIDENTAL,6354
103270,MAGULALUNG ORIENTAL,6354
103271,MATAMPAY,6354
103272,MATANOG,6354
103273,MOLIMOC,6354
103274,NARRA,6354
103275,PINDOLONAN,6354
103276,PLASAN,6354
103277,POBLACION (BALABAGAN),6354
103278,PURAKAN,6354
103279,TATAYA,6354
103280,UPPER ITIL,6354
103281,ABAGA,6355
103282,BANTOGA WATO,6355
103283,BARIT,6355
103284,BOLINSONG,6355
103285,BORAKIS,6355
103286,BUALAN,6355
103287,BUBONG,6355
103288,BUBONG CADAPAAN,6355
103289,CADAPAAN,6355
103290,CADAYONAN,6355
103291,DADAYAG,6355
103292,DADO,6355
103293,DIBARUSAN,6355
103294,DILAUSAN,6355
103295,DIMARAO,6355
103296,INGUD,6355
103297,KALUNTAY,6355
103298,LALABUAN,6355
103299,LATI,6355
103300,LILOD,6355
103301,LIMBO,6355
103302,LUMBAC LALAN,6355
103303,LUMBAC WATO,6355
103304,LUMBAYAO,6355
103305,MAGARANG,6355
103306,MALAIG,6355
103307,NUSA LUMBA RANAO,6355
103308,PADILA,6355
103309,PAGAYAWAN,6355
103310,PAIGOAY,6355
103311,PANTARAGOO,6355
103312,POBLACION (BALINDONG),6355
103313,RAYA,6355
103314,SALIPONGAN,6355
103315,TALUB,6355
103316,TANTUA RAYA,6355
103317,TOMAROMPONG,6355
103318,TUKA BUBONG,6355
103319,BAGOAINGUD,6356
103320,BAIRAN (POB.),6356
103321,BANDINGUN,6356
103322,BIABI,6356
103323,BIALAAN,6356
103324,BUBONG LILOD,6356
103325,BUBONG RAYA,6356
103326,CADAYONAN,6356
103327,CADINGILAN OCCIDENTAL,6356
103328,CADINGILAN ORIENTAL,6356
103329,CONDARAAN POB. (CONDARAAN DIMADAP),6356
103330,CORMATAN,6356
103331,GANDAMATO,6356
103332,ILIAN,6356
103333,LALAPUNG CENTRAL,6356
103334,LALAPUNG PROPER (POB.),6356
103335,LALAPUNG UPPER,6356
103336,LINAO,6356
103337,LINUK (POB.),6356
103338,LIONG,6356
103339,LUMBAC,6356
103340,LUMBAC CADAYONAN,6356
103341,MALIWANAG,6356
103342,MAPANTAO,6356
103343,MIMBALAWAG,6356
103344,PALAO,6356
103345,PAMA-AN,6356
103346,PAMACOTAN,6356
103347,PANTAR,6356
103348,PARAO,6356
103349,PATONG,6356
103350,POBLACION (BAYANG),6356
103351,POROTAN,6356
103352,RANTIAN,6356
103353,RAYA CADAYONAN,6356
103354,RINABOR (POB.),6356
103355,SAMPORNA (POB.),6356
103356,SAPA,6356
103357,SILID,6356
103358,SUGOD,6356
103359,SULTAN PANDAPATAN,6356
103360,SUMBAG (POB.),6356
103361,TAGORANAO,6356
103362,TANGCAL,6356
103363,TANGCAL PROPER (POB.),6356
103364,TOMAROMPONG,6356
103365,TOMONGCAL LIGI,6356
103366,TOROGAN,6356
103367,TUCA (POB.),6356
103368,BADAK,6357
103369,BAGUIANGUN,6357
103370,BALUT MAITO,6357
103371,BASAK,6357
103372,BUBONG,6357
103373,BUBONGA-RANAO,6357
103374,DANSALAN DACSULA,6357
103375,INGUD,6357
103376,KIALILIDAN,6357
103377,LUMBAC,6357
103378,MACAGUILING,6357
103379,MADAYA,6357
103380,MAGONAYA,6357
103381,MAINDIG,6357
103382,MASOLUN,6357
103383,OLAMA,6357
103384,PAGALAMATAN (POB.),6357
103385,PANTAR,6357
103386,PICALILANGAN,6357
103387,PICOTAAN,6357
103388,PINDOLONAN,6357
103389,POBLACION,6357
103390,SOLDARORO,6357
103391,TAMBAC,6357
103392,TIMBANGAN,6357
103393,TUCA,6357
103394,BACOLOD,6358
103395,BANGON,6358
103396,BANGON PROPER,6358
103397,BOTO RAGONDINGAN,6358
103398,BUADIPOSO LILOD,6358
103399,BUADIPOSO PROPER,6358
103400,BUADIPOSO RAYA,6358
103401,BUBONG,6358
103402,BUNTONG PROPER,6358
103403,CADAYONAN,6358
103404,DANSALAN,6358
103405,DATU TAMBARA,6358
103406,DIRISAN,6358
103407,GATA,6358
103408,KALAKALA,6358
103409,KATOGONAN,6358
103410,LUMBAC,6358
103411,LUMBATAN MANACAB,6358
103412,LUMBATAN PATAINGUD,6358
103413,LUNDUBAN (RAGONDINGAN),6358
103414,MANACAB (POB.),6358
103415,MINANGA (BUNTONG),6358
103416,PALING,6358
103417,PINDOLONAN,6358
103418,PUALAS,6358
103419,RAGONDINGAN EAST,6358
103420,RAGONDINGAN PROPER,6358
103421,RAGONDINGAN WEST,6358
103422,RAYA BUNTONG (BUNTONG EAST),6358
103423,SAPOT,6358
103424,TANGCAL,6358
103425,TARIK,6358
103426,TUKA,6358
103427,BACOLOD,6359
103428,BAGOAINGUD,6359
103429,BANSAYAN,6359
103430,BASINGAN,6359
103431,BATANGAN,6359
103432,BUALAN,6359
103433,BUBONGA DIDAGUN,6359
103434,CARIGONGAN,6359
103435,DALAON,6359
103436,DIBAROSAN,6359
103437,DILABAYAN,6359
103438,DIMAPATOY,6359
103439,DIMAYON,6359
103440,DIMAYON PROPER,6359
103441,DIOLANGAN,6359
103442,GUIGUIKUN,6359
103443,MADANDING,6359
103444,MALUNGUN,6359
103445,MASOROT,6359
103446,MATAMPAY DIMARAO,6359
103447,MIABALAWAG,6359
103448,MONTIAAN,6359
103449,PAGAYAWAN,6359
103450,PALAO,6359
103451,PANALAWAN,6359
103452,PANTAR,6359
103453,PENDOGOAN,6359
103454,PINDOLONAN,6359
103455,POBLACION (BUBONG),6359
103456,POLAYAGAN,6359
103457,PUNUD,6359
103458,RAMAIN BUBONG,6359
103459,ROGERO,6359
103460,SALIPONGAN,6359
103461,SUNGGOD,6359
103462,TABORO,6359
103463,BAYABAO POBLACION,6360
103464,BUTIG PROPER,6360
103465,CABASARAN,6360
103466,COLOYAN TAMBO,6360
103467,DILIMBAYAN,6360
103468,DOLANGAN,6360
103469,MALUNGUN,6360
103470,PINDOLONAN,6360
103471,POKTAN,6360
103472,RAGAYAN,6360
103473,RAYA,6360
103474,SAMER,6360
103475,SANDAB MADAYA,6360
103476,SUNDIG,6360
103477,TIMBAB,6360
103478,TIOWI,6360
103479,BUBONGA RANAO,6361
103480,CALALAOAN (POB.),6361
103481,GAS,6361
103482,INOMA,6361
103483,INUDARAN,6361
103484,LUGUNA,6361
103485,MIMBALAWAG,6361
103486,NGINGIR,6361
103487,PAGALONGAN,6361
103488,PANGGAWALUPA,6361
103489,PANTAON,6361
103490,PIKSAN,6361
103491,PINDOLONAN,6361
103492,PUNUD,6361
103493,TAGORANAO,6361
103494,TALIBOBOKA,6361
103495,TAMBAC,6361
103496,BACLAYAN LILOD,6362
103497,BACLAYAN RAYA,6362
103498,BAGOAINGUD,6362
103499,BARIMBINGAN,6362
103500,BAYABAO,6362
103501,BUADI ALAO,6362
103502,BUADI BABAI,6362
103503,BUADI OLOC,6362
103504,BUAYAAN LILOD,6362
103505,BUAYAAN MADANDING,6362
103506,BUAYAAN RAYA,6362
103507,BUBONG DANGIPRAMPIAI,6362
103508,DADO,6362
103509,DANGIMPRAMPIAI,6362
103510,DARIMBANG,6362
103511,DILAUSAN,6362
103512,DITSAAN,6362
103513,GADONGAN,6362
103514,LINAMON,6362
103515,LUMBATAN RAMAIN,6362
103516,MAINDIG DITSAAN,6362
103517,MANDARA,6362
103518,MARANAO TIMBER (DALAMA),6362
103519,PAGALONGAN BUADIADINGAN,6362
103520,PAGALONGAN GINAOPAN,6362
103521,PAGALONGAN MASIOON,6362
103522,PAGALONGAN PROPER,6362
103523,POLO,6362
103524,RAMAIN POBLACION,6362
103525,RAMAIN PROPER,6362
103526,RANTIAN,6362
103527,SULTAN PANGADAPUN,6362
103528,SUNDIGA BAYABAO,6362
103529,TALUB,6362
103530,UPPER PUGAAN,6362
103531,BAGOAINGUD,6363
103532,BALINTAD,6363
103533,BALINTAD A,6363
103534,BARIT,6363
103535,BARORAO,6363
103536,BATO BATORAY,6363
103537,BAYA,6363
103538,CAMPONG A RAYA,6363
103539,CAMPONG SABELA,6363
103540,DAPAAN,6363
103541,GADONGAN,6363
103542,GUI,6363
103543,LINUK,6363
103544,LUMBAC,6363
103545,LUMBACAINGUD,6363
103546,MACABAO,6363
103547,MACAGUILING,6363
103548,MASOLUN,6363
103549,PAGALONGAN,6363
103550,PAMALIAN,6363
103551,PANGADAPUN,6363
103552,PANGGAWALUPA,6363
103553,PANTAON,6363
103554,PANTAON A,6363
103555,PARA-ABA,6363
103556,PINDOLONAN,6363
103557,POBLACION,6363
103558,SEKUN MATAMPAY,6363
103559,SOGOD MADAYA,6363
103560,TABUAN,6363
103561,TAGANONOK,6363
103562,TALIOGON,6363
103563,BABAYOG,6364
103564,CORMATAN,6364
103565,DILABAYAN,6364
103566,DILIMBAYAN,6364
103567,DIMAGALING (DIMAGALIN PROPER),6364
103568,DIMUNDA,6364
103569,DORONAN,6364
103570,GADONGAN,6364
103571,KASAYANAN,6364
103572,KASAYANAN WEST,6364
103573,KIBOLOS,6364
103574,KINING,6364
103575,LIDASAN,6364
103576,MACADAR,6364
103577,MALNA PROPER,6364
103578,PAGALONGAN,6364
103579,PANTAON,6364
103580,PARAO,6364
103581,PINDOLONAN,6364
103582,POBLACION (KAPAI PROPER),6364
103583,BAKIKIS,6106
103584,BARAO,6106
103585,BONGABONG,6106
103586,DAGUAN,6106
103587,INUDARAN,6106
103588,KABANIAKAWAN,6106
103589,KAPATAGAN,6106
103590,LUSAIN,6106
103591,MATIMOS,6106
103592,MINIMAO,6106
103593,PINANTAO,6106
103594,SALAMAN,6106
103595,SIGAYAN,6106
103596,TABUAN,6106
103597,UPPER IGABAY,6106
103598,BACOLOD I,6366
103599,BACOLOD II,6366
103600,BANTAYAO,6366
103601,BARIT,6366
103602,BAUGAN,6366
103603,BUAD LUMBAC,6366
103604,CABASARAN,6366
103605,CALILANGAN,6366
103606,CARANDANGAN-MIPAGA,6366
103607,CORMATAN LANGBAN,6366
103608,DIALONGANA,6366
103609,DILINDONGAN-CADAYONAN,6366
103610,GADONGAN,6366
103611,GALAWAN,6366
103612,GAMBAI,6366
103613,KASOLA,6366
103614,LALANGITUN,6366
103615,LAMA,6366
103616,LINDONGAN DIALONGANA,6366
103617,LOBO BASARA,6366
103618,LUMBAC BACAYAWAN,6366
103619,MACAGUILING,6366
103620,MAPANTAO,6366
103621,MAPOLING,6366
103622,MARIBO (POB.),6366
103623,MINARING DILADIGAN,6366
103624,PAGAYAWAN,6366
103625,POSUDARAGAT,6366
103626,RUMAYAS,6366
103627,SABALA BANTAYAO,6366
103628,SALAMAN,6366
103629,SALOLODUN BERWAR,6366
103630,SARIGIDAN MADIAR,6366
103631,SUNGGOD,6366
103632,TALUAN,6366
103633,TAMLANG,6366
103634,TONGCOPAN,6366
103635,TUROGAN,6366
103636,BANGON (DILAUSAN),6367
103637,BETA,6367
103638,CALALON,6367
103639,CALIPAPA,6367
103640,DILAUSAN,6367
103641,DIMAPAOK,6367
103642,LUMBAK-DILAUSAN,6367
103643,ORIENTAL BETA,6367
103644,TRINGUN,6367
103645,ALOG,6368
103646,BASAYUNGUN,6368
103647,BUAD,6368
103648,BUBONG MACADAR,6368
103649,BUDI,6368
103650,DAGO-OK,6368
103651,DALAMA,6368
103652,DALIPUGA,6368
103653,LALAPUNG,6368
103654,LIGUE,6368
103655,LUMBAC,6368
103656,LUMBAC BACAYAWAN,6368
103657,LUNAY,6368
103658,MACADAR,6368
103659,MADAYA,6368
103660,MINANGA,6368
103661,PANTAR,6368
103662,PENARING,6368
103663,PICOTAAN,6368
103664,POBLACION (LUMBATAN),6368
103665,TAMBAC,6368
103666,BAGOAINGUD,6369
103667,BALAIGAY,6369
103668,BUALAN,6369
103669,CABUNTUNGAN,6369
103670,CADAYONAN,6369
103671,CADINGILAN,6369
103672,CADINGILAN A,6369
103673,CASALAYAN,6369
103674,DALA (DALAMA),6369
103675,DILIMBAYAN,6369
103676,DIROMOYOD,6369
103677,KABASARAN (POB.),6369
103678,LAMIN,6369
103679,MAPANTAO-BALANGAS,6369
103680,MINIROS,6369
103681,NANAGUN,6369
103682,PANTAON,6369
103683,PINDOLONAN,6369
103684,PITATANGLAN,6369
103685,POCTAN,6369
103686,SINGCARA,6369
103687,WAGO,6369
103688,ABAGA,6370
103689,BACAYAWAN,6370
103690,BAGOAINGUD,6370
103691,BASAK,6370
103692,BATO,6370
103693,BUBONG,6370
103694,CABASARAN,6370
103695,CADAYONAN,6370
103696,DANDAMUN,6370
103697,DELAUSAN,6370
103698,DIAMPACA,6370
103699,DIBAROSAN,6370
103700,GADONGAN,6370
103701,GURAIN,6370
103702,KORMATAN,6370
103703,LIANGAN,6370
103704,LIANGAN I,6370
103705,LILITUN,6370
103706,LINAO,6370
103707,LINUK,6370
103708,LUMBAC,6370
103709,MADAYA,6370
103710,PADIAN TOROGAN I,6370
103711,PAGAYAWAN,6370
103712,PARIDI-KALIMODAN,6370
103713,POBLACION,6370
103714,PUNUD,6370
103715,RACOTAN,6370
103716,RAYA,6370
103717,RIRAY,6370
103718,SABANDING,6370
103719,SALONGABANDING,6370
103720,SOGOD KALOY,6370
103721,SUGOD,6370
103722,TAMPORONG,6370
103723,TONGANTONGAN,6370
103724,UDANGUN,6370
103725,BALAGUNUN,6371
103726,BALINTAD,6371
103727,BAWANG,6371
103728,BIABE,6371
103729,BUBONG UYAAN,6371
103730,CABASARAN,6371
103731,DIBARUSAN,6371
103732,ILIAN,6371
103733,LAKITAN,6371
103734,LIANGAN,6371
103735,LINUK,6371
103736,LUMBACA INGUD,6371
103737,MADAMBA,6371
103738,PAGAYONAN,6371
103739,PALAO,6371
103740,PANGADAPAN,6371
103741,PANTAON,6371
103742,PANTAR,6371
103743,PUNUD,6371
103744,TAMBO,6371
103745,TUBARAN,6371
103746,TUCA,6371
103747,TULAY,6371
103748,UYAAN PROPER (POB.),6371
103749,AGAGAN,6372
103750,BALAGUNUN,6372
103751,BALAWAG,6372
103752,BALINTAO,6372
103753,BATO-BATO,6372
103754,BOLAO,6372
103755,BOROCOT,6372
103756,BORROWA,6372
103757,BOTUD,6372
103758,BUADIANGKAY,6372
103759,BUBONG,6372
103760,BUBONG BAYABAO,6372
103761,CAMALIG,6372
103762,CAMBONG,6372
103763,DILAUSAN (POB.),6372
103764,DILIMBAYAN,6372
103765,ILALAG,6372
103766,KIANODAN,6372
103767,LILOD BOROCOT,6372
103768,LILOD MAGUING,6372
103769,LUMBAC,6372
103770,LUMBAC-DIMARAO,6372
103771,MADANDING,6372
103772,MADAYA,6372
103773,MAGUING PROPER,6372
103774,MALUNGUN,6372
103775,MALUNGUN BOROCOT,6372
103776,MALUNGUN PAGALONGAN,6372
103777,PAGALONGAN,6372
103778,PANAYANGAN,6372
103779,PILIMOKNAN,6372
103780,PINDOLONAN,6372
103781,RAGAYAN (RUNGAYAN),6372
103782,SABALA DILAUSAN,6372
103783,BACAYAWAN,6373
103784,BADAK LUMAO,6373
103785,BAGOAINGUD,6373
103786,BANDAY,6373
103787,BETAYAN,6373
103788,BONIGA,6373
103789,BPS VILLAGE,6373
103790,BUNK HOUSE,6373
103791,CABASARAN (SOUTH),6373
103792,CALIBAGAT,6373
103793,CALUMBOG,6373
103794,CAMPO MUSLIM,6373
103795,CHINA TOWN (POB.),6373
103796,CORAHAB,6373
103797,DIAMARO,6373
103798,INANDAYAN,6373
103799,JOSE ABAD SANTOS,6373
103800,LAMIN,6373
103801,MABLE,6373
103802,MACURANDING,6373
103803,MADAYA,6373
103804,MANANAYO,6373
103805,MANGGAHAN,6373
103806,MASAO,6373
103807,MATALIN,6373
103808,MATAMPAY,6373
103809,MATLING,6373
103810,MONTAY,6373
103811,PASIR,6373
103812,PIALOT,6373
103813,REBOCUN,6373
103814,SARANG,6373
103815,SUMBAGAROGONG,6373
103816,TACUB,6373
103817,TAMBARA,6373
103818,TIONGCOP,6373
103819,TUBOC,6373
103820,BACAYAWAN,6374
103821,BACONG,6374
103822,BANGA-PANTAR,6374
103823,BATAL-PUNUD,6374
103824,BUBONG MADANDING (BUBONG),6374
103825,CAMALIG (POB.),6374
103826,CAMALIG BANDARA INGUD,6374
103827,CAMALIG BUBONG,6374
103828,CAWAYAN,6374
103829,CAWAYAN BACOLOD,6374
103830,CAWAYAN KALAW,6374
103831,CAWAYAN LINUK,6374
103832,DAANAINGUD,6374
103833,ILIAN,6374
103834,INUDARAN CAMPONG,6374
103835,INUDARAN LOWAY,6374
103836,INUDARAN LUMBAC,6374
103837,KIALDAN,6374
103838,LUBO,6374
103839,LUMBAC KIALDAN,6374
103840,MANTAPOLI,6374
103841,MATAMPAY,6374
103842,MAUL,6374
103843,MAUL ILIAN,6374
103844,MAUL LUMBACA INGUD,6374
103845,NATARON,6374
103846,PAGALONGAN BACAYAWAN,6374
103847,PALAO,6374
103848,PATAIMAS,6374
103849,POBLACION,6374
103850,POONA MARANTAO,6374
103851,PUNUD PROPER,6374
103852,TACUB,6374
103853,TUCA KIALDAN,6374
103854,AMBOLONG,6375
103855,AMITO MARANTAO,6375
103856,BACOLOD CHICO PROPER,6375
103857,BANGA,6375
103858,BANGCO,6375
103859,BANGGOLO POBLACION,6375
103860,BANGON,6375
103861,BASAK MALUTLUT,6375
103862,BEYABA-DAMAG,6375
103863,BITO BUADI ITOWA,6375
103864,BITO BUADI PARBA,6375
103865,BOGANGA,6375
103866,BOTO AMBOLONG,6375
103867,BUADI SACAYO (GREEN),6375
103868,BUBONG LUMBAC,6375
103869,BUBONGA CADAYONAN,6375
103870,BUBONGA LILOD MADAYA,6375
103871,BUBONGA MARAWI,6375
103872,BUBONGA PAGALAMATAN,6375
103873,BUBONGA PUNOD,6375
103874,CABASARAN,6375
103875,CABINGAN,6375
103876,CADAYONAN,6375
103877,CADAYONAN I,6375
103878,CALOCAN EAST,6375
103879,CALOCAN WEST,6375
103880,DAGUDUBAN,6375
103881,DANSALAN,6375
103882,DATU NAGA,6375
103883,DATU SA DANSALAN,6375
103884,DAYAWAN,6375
103885,DIMALUNA,6375
103886,DULAY,6375
103887,DULAY WEST,6375
103888,EAST BASAK,6375
103889,EMIE PUNUD,6375
103890,FORT,6375
103891,GADONGAN,6375
103892,GADONGAN MAPANTAO,6375
103893,GUIMBA (LILOD PROPER),6375
103894,KAPANTARAN,6375
103895,KILALA,6375
103896,KORMATAN MATAMPAY,6375
103897,LILOD MADAYA (POB.),6375
103898,LILOD SADUC,6375
103899,LOMIDONG,6375
103900,LUMBAC MARINAUT,6375
103901,LUMBACA MADAYA (POB.),6375
103902,LUMBACA TOROS,6375
103903,MALIMONO,6375
103904,MARAWI POBLACION,6375
103905,MARINAUT (MARINAUT WEST),6375
103906,MARINAUT EAST,6375
103907,MATAMPAY,6375
103908,MIPAGA PROPER,6375
103909,MONCADO COLONY,6375
103910,MONCADO KADINGILAN,6375
103911,MORIATAO LOKSADATO,6375
103912,NAVARRO (DATU SABER),6375
103913,NORHAYA VILLAGE,6375
103914,OLAWA AMBOLONG,6375
103915,PAGALAMATAN GAMBAI,6375
103916,PAGAYAWAN,6375
103917,PANGGAO SADUC,6375
103918,PANTAON (LANGCAF),6375
103919,PAPANDAYAN,6375
103920,PAPANDAYAN CANIOGAN,6375
103921,PARIDI,6375
103922,PATANI,6375
103923,PINDOLONAN,6375
103924,POONA MARANTAO,6375
103925,PUGAAN,6375
103926,RAPASUN MSU,6375
103927,RAYA MADAYA I,6375
103928,RAYA MADAYA II,6375
103929,RAYA SADUC,6375
103930,ROROGAGUS EAST,6375
103931,ROROGAGUS PROPER,6375
103932,SABALA MANAO,6375
103933,SABALA MANAO PROPER,6375
103934,SADUC PROPER,6375
103935,SAGONSONGAN,6375
103936,SANGCAY DANSALAN,6375
103937,SOMIORANG,6375
103938,SOUTH MADAYA PROPER,6375
103939,SUGOD PROPER,6375
103940,TAMPILONG,6375
103941,TIMBANGALAN,6375
103942,TOLALI,6375
103943,TONGANTONGAN-TUCA TIMBANGALAN,6375
103944,TOROS,6375
103945,TUCA,6375
103946,TUCA AMBOLONG,6375
103947,TUCA MARINAUT,6375
103948,WAWALAYAN CALOCAN,6375
103949,WAWALAYAN MARINAUT,6375
103950,BAGUMBAYAN,6376
103951,BALUT,6376
103952,BITAYAN,6376
103953,BOLAWAN,6376
103954,BONGA,6376
103955,CABASARAN,6376
103956,CADAYONAN,6376
103957,CAHERA,6376
103958,CAIRANTANG,6376
103959,CALUMBOG,6376
103960,CANIBONGAN,6376
103961,DIRAGUN,6376
103962,MANTAILOCO,6376
103963,MAPANTAO,6376
103964,MAROGONG EAST,6376
103965,MAROGONG PROPER (POB.),6376
103966,MAYAMAN,6376
103967,PABRICA,6376
103968,PAIGOAY CODA,6376
103969,PASAYANAN,6376
103970,PIANGOLOGAN,6376
103971,PURACAN,6376
103972,ROMAGONDONG,6376
103973,SARANG,6376
103974,ABDULLAH BUISAN,6377
103975,ALIP LALABUAN,6377
103976,ALUMPANG PAINO MIMBALAY,6377
103977,BUADI AMLOY,6377
103978,CARAMIAN ALIM RAYA,6377
103979,DALOG BALUT,6377
103980,GINDOLONGAN ALABAT,6377
103981,GONDARANGIN ASA ADIGAO,6377
103982,KALILANGAN,6377
103983,LAILA LUMBAC BACON,6377
103984,LAKADUN,6377
103985,LANCO DIMAPATOY,6377
103986,LOMIGIS SUCOD,6377
103987,LUMBACA INGUD,6377
103988,MACABANGAN IMBALA,6377
103989,MACADAAG TALAGUIAN,6377
103990,MACALUPANG LUMBAC CARAMIAN,6377
103991,MACOMPARA APA MIMBALAY,6377
103992,MAGAYO BAGOAINGUD,6377
103993,MAI DITIMBANG BALINDONG,6377
103994,MAI SINDAOLOAN DANSALAN,6377
103995,MANALOCON TALUB,6377
103996,MARANAT BONTALIS,6377
103997,MATAO ARAZA,6377
103998,MOCAMAD TANGUL,6377
103999,MORIATAO-BAI LABAY,6377
104000,PANTAO,6377
104001,PUTAD MARANDANG BUISAN,6377
104002,SAMBOWANG ATAWA,6377
104003,SAWIR,6377
104004,TALUB LANGI,6377
104005,TAMBORO CORMATAN,6377
104006,TOMAMBILING LUMBACA INGUD,6377
104007,TOWANAO ARANGGA,6377
104008,UNDA DAYAWAN,6377
104009,BAGOAINGUD,6378
104010,BANGON,6378
104011,BUADI-ABALA,6378
104012,BUADI-BAYAWA,6378
104013,BUADI-INSUBA,6378
104014,BUBONG,6378
104015,BUBONGA GUILOPA,6378
104016,CABASARAN,6378
104017,CAIRATAN,6378
104018,CORMATAN,6378
104019,DALAMA,6378
104020,DANSALAN,6378
104021,DIMARAO,6378
104022,GUILOPA,6378
104023,ILIAN,6378
104024,KITAMBUGUN,6378
104025,LAMA (BAGOAINGUD),6378
104026,LILOD,6378
104027,LILOD RAYBALAI,6378
104028,LUMBAC (LUMBAC BUBONG),6378
104029,LUMBACA INGUD,6378
104030,MADAYA,6378
104031,PINDOLONAN,6378
104032,POBLACION (DADO),6378
104033,SALIPONGAN,6378
104034,SUGAN,6378
104035,AYONG,6379
104036,BANDARA INGUD,6379
104037,BANGON (POB.),6379
104038,BIALA-AN,6379
104039,DIAMPACA,6379
104040,GUIARONG,6379
104041,ILIAN,6379
104042,KALALUDAN,6379
104043,LININDINGAN,6379
104044,MADANG,6379
104045,MAPANTAO,6379
104046,NGINGIR (KABASARAN),6379
104047,PADAS,6379
104048,PAIGOAY,6379
104049,PINALANGCA,6379
104050,POBLACION (LUMBAC),6379
104051,RANGIRAN,6379
104052,RUBOKUN,6379
104053,APOSONG,6380
104054,BAGOAINGUD,6380
104055,BANGCO (POB.),6380
104056,BANSAYAN,6380
104057,BASAK,6380
104058,BOBO,6380
104059,BUALAN,6380
104060,BUBONG ILIAN,6380
104061,BUBONG TAWA-AN,6380
104062,BUBONGA MAMAANUN,6380
104063,GACAP,6380
104064,ILIAN,6380
104065,ILIAN POBLACION,6380
104066,KALANGANAN,6380
104067,KATUMBACAN,6380
104068,LININDING,6380
104069,LUMBACA MAMAAN,6380
104070,MAMAANUN,6380
104071,MENTRING,6380
104072,OLANGO,6380
104073,PALACAT,6380
104074,PALAO,6380
104075,PALING,6380
104076,PANTAON,6380
104077,PANTAR,6380
104078,PARIDI,6380
104079,PINDOLONAN,6380
104080,RADAPAN,6380
104081,RADAPAN POBLACION,6380
104082,RANTIAN,6380
104083,SAPINGIT,6380
104084,TALAO,6380
104085,TAMBO,6380
104086,TAPOCAN,6380
104087,TAPORUG,6380
104088,TAWAAN,6380
104089,UDALO,6380
104090,ANAS,6381
104091,BARA-AS,6381
104092,BIASONG,6381
104093,BULANGOS,6381
104094,DURIAN,6381
104095,ILIAN,6381
104096,LIANGAN (POB.),6381
104097,MAGANDING,6381
104098,MALADI,6381
104099,MAPANTAO,6381
104100,MICALUBO,6381
104101,MIMBALAWAG,6381
104102,PINDOLONAN,6381
104103,PUNONG,6381
104104,RAMITAN,6381
104105,TOROGAN,6381
104106,TUAL,6381
104107,TUCA,6381
104108,UBANOBAN,6381
104109,ATARAGADONG,6382
104110,BANGON,6382
104111,BANSAYAN,6382
104112,BUALAN,6382
104113,BUBONG-DIMUNDA,6382
104114,BUGARAN,6382
104115,CADAYONAN,6382
104116,CALILANGAN DICALA,6382
104117,CALUPAAN,6382
104118,DILAUSAN,6382
104119,DIMAYON,6382
104120,DONGCOAN,6382
104121,GADONGAN,6382
104122,LIANGAN,6382
104123,LUMBAC,6382
104124,LUMBACA INGUD,6382
104125,MADANDING,6382
104126,PANTAO,6382
104127,POBLACION (GATA PROPER),6382
104128,PUNUD,6382
104129,RAGAYAN,6382
104130,ROGAN CAIRAN,6382
104131,ROGAN TANDIONG DIMAYON,6382
104132,TALAGUIAN,6382
104133,TAPOROG,6382
104134,BADAK,6383
104135,BANTAYAN,6383
104136,BASAGAD,6383
104137,BOLINSONG,6383
104138,BORING,6383
104139,BUALAN,6383
104140,DANUGAN,6383
104141,DAPAO,6383
104142,DIAMLA,6383
104143,GADONGAN,6383
104144,INGUD,6383
104145,LINUK,6383
104146,LUMBAC,6383
104147,MALIGO,6383
104148,MASAO,6383
104149,NOTONG,6383
104150,PORUG,6383
104151,ROMAGONDONG,6383
104152,TAMBO (POB.),6383
104153,TAMLANG,6383
104154,TOMAROMPONG,6383
104155,TUKA,6383
104156,YARAN,6383
104157,ALINUN,6384
104158,BAGOAINGUD,6384
104159,BASAK MAITO,6384
104160,BATANGAN,6384
104161,BUBONG,6384
104162,CADAYON,6384
104163,CADINGILAN,6384
104164,COMONAL,6384
104165,DILAUSAN,6384
104166,DILIMBAYAN,6384
104167,GADONGAN,6384
104168,LIMOGAO,6384
104169,LINAO,6384
104170,LUMBAC TOROS,6384
104171,LUMBAYANAGUE,6384
104172,MALIWANAG,6384
104173,MAPANTAO,6384
104174,MIPAGA,6384
104175,NATANGCOPAN,6384
104176,PAGALAMATAN,6384
104177,PAMACOTAN,6384
104178,PANGGAO,6384
104179,PANTAO RAYA,6384
104180,PANTAON,6384
104181,PATPANGKAT,6384
104182,PAWAK,6384
104183,PINDOLONAN,6384
104184,POBLACION,6384
104185,SALOCAD,6384
104186,SUNGCOD,6384
104187,BACAYAWAN,6385
104188,BUTA (SUMALINDAO),6385
104189,DINGANUN GUILOPA (DINGUNUN),6385
104190,LUMBAC,6385
104191,MALALIS,6385
104192,PAGALONGAN,6385
104193,TAGORANAO,6385
104194,BAGOAINGUD,6122
104195,BANTALAN,6122
104196,BAYOG,6122
104197,CADAYONAN,6122
104198,DAGONALAN,6122
104199,DIMALAMA,6122
104200,GAYAKAY,6122
104201,INODARAN,6122
104202,KALILANGAN,6122
104203,KIANIBONG,6122
104204,KINGAN,6122
104205,KITAON,6122
104206,MAIMBAGUIANG,6122
104207,MALINAO,6122
104208,MALINGON,6122
104209,MAMA-AN PAGALONGAN,6122
104210,MARAWI,6122
104211,SIGAYAN,6122
104212,TAGOLOAN POBLACION,6122
104213,BALUTMADIAR,6387
104214,BANGON,6387
104215,BERUAR,6387
104216,BOCALAN,6387
104217,CABASARAN,6387
104218,DASOMALONG,6387
104219,DILAUSAN,6387
104220,GINAOPAN,6387
104221,LALABUAN,6387
104222,LILOD TAMPARAN,6387
104223,LILOD TUBOK,6387
104224,LINDONGAN,6387
104225,LINUK,6387
104226,LINUK ORIENTAL,6387
104227,LUMBAC,6387
104228,LUMBACA INGUD,6387
104229,LUMBACA LILOD,6387
104230,LUMBACAINGUD SOUTH,6387
104231,MAIDAN LINUK,6387
104232,MALA-ABANGON,6387
104233,MALIWANAG,6387
104234,MARIATAO DATU,6387
104235,MINANGA,6387
104236,MIONDAS,6387
104237,NEW LUMBACAINGUD,6387
104238,OCCIDENTAL LINUK,6387
104239,PAGALAMATAN LINUK,6387
104240,PAGAYAWAN,6387
104241,PICARABAWAN,6387
104242,PIMBAGO-PAGALONGAN,6387
104243,PINDOLONAN MARIATAO SARIP,6387
104244,POBLACION I,6387
104245,POBLACION II,6387
104246,POBLACION III,6387
104247,POBLACION IV,6387
104248,RAYA BUADI BARAO,6387
104249,RAYA NIONDAS,6387
104250,RAYA TAMPARAN,6387
104251,SALONGABANDING,6387
104252,SAMINUNGGAY,6387
104253,TALUB,6387
104254,TATAYAWAN NORTH,6387
104255,TATAYAWAN SOUTH,6387
104256,TUBOK,6387
104257,BANDERA BUISAN,6388
104258,BORIONGAN,6388
104259,BOROWA,6388
104260,BUADI AMAO,6388
104261,BUADI AMUNTA,6388
104262,BUADI AMUNUD,6388
104263,BUADI ARORAO,6388
104264,BUADI ATOPA,6388
104265,BUADI DAYOMANGGA,6388
104266,BUADI DINGUN,6388
104267,BUADI ONGCALO,6388
104268,BUCALAN,6388
104269,CADAYONAN BAGUMBAYAN,6388
104270,CARAMAT,6388
104271,CARANDANGAN CALOPAAN,6388
104272,DATU MA-AS,6388
104273,DILABAYAN,6388
104274,DIMAYON,6388
104275,GAPAO BALINDONG,6388
104276,ILIAN,6388
104277,LUMASA,6388
104278,LUMASA PROPER (SALVADOR CONCHA),6388
104279,LUMBAC BAGOAINGUD,6388
104280,LUMBAC BUBONG MAINDANG,6388
104281,LUMBAC PITAKUS,6388
104282,MALUNGUN,6388
104283,MANGAYAO,6388
104284,MARUHOM,6388
104285,MASOLUN,6388
104286,MORIATAO LOKSA DATU,6388
104287,PAGALAMATAN,6388
104288,PINDOLONAN,6388
104289,PITAKUS,6388
104290,RIRIK,6388
104291,SALIPONGAN,6388
104292,SAMBOLAWAN,6388
104293,SAMPORNA SALAMATOLLAH,6388
104294,SIGAYAN PROPER,6388
104295,SOMIORANG BANDINGUN,6388
104296,SUNDING,6388
104297,SUNGGOD,6388
104298,SUPANGAN,6388
104299,TUPA-AN BUADIATUPA,6388
104300,ALOG,6389
104301,BAGIANGUN,6389
104302,BETA,6389
104303,CAMPO,6389
104304,DATUMANONG,6389
104305,DINAIGAN,6389
104306,GADONGAN,6389
104307,GAPUT,6389
104308,GUIARONG,6389
104309,MADAYA,6389
104310,MALAGANDING,6389
104311,METADICOP,6389
104312,MINDAMUDAG,6389
104313,PAGALAMATAN,6389
104314,PAIGOAY-PIMBATAAN,6389
104315,POBLACION (BURIBID),6389
104316,POLO,6389
104317,RIANTARAN,6389
104318,TANGCAL,6389
104319,TUBARAN PROPER,6389
104320,WAGO,6389
104321,BAGOAINGUD,6390
104322,BUADI ALAWANG,6390
104323,BUADI DICO,6390
104324,BUBONG,6390
104325,CAMPONG TALAO,6390
104326,CAYAGAN,6390
104327,DANDANUN,6390
104328,DILIMBAYAN,6390
104329,GURAIN,6390
104330,LUMBAC,6390
104331,MAIDAN,6390
104332,MAPANTAO,6390
104333,PAGALAMATAN,6390
104334,PANDIARANAO,6390
104335,PINDOLONAN I,6390
104336,PINDOLONAN II,6390
104337,POBLACION (INGUD),6390
104338,PUTAD,6390
104339,RAYA,6390
104340,SUGOD I,6390
104341,SUGOD MAWATAN,6390
104342,SUMBAGA ROGONG,6390
104343,TANGCAL,6390
104344,AMOYONG,6391
104345,BALATIN,6391
104346,BANGA,6391
104347,BO-OT,6391
104348,BUNTONGUN,6391
104349,CEBUANO GROUP,6391
104350,CHRISTIAN VILLAGE,6391
104351,EASTERN WAO,6391
104352,EXTENSION POBLACION,6391
104353,GATA,6391
104354,KABATANGAN,6391
104355,KADINGILAN,6391
104356,KATUTUNGAN (POB.),6391
104357,KILIKILI EAST,6391
104358,KILIKILI WEST,6391
104359,MALAIGANG,6391
104360,MANILA GROUP,6391
104361,MILAYA,6391
104362,MIMBUAYA,6391
104363,MUSLIM VILLAGE,6391
104364,PAGALONGAN,6391
104365,PANANG,6391
104366,PARK AREA (POB.),6391
104367,PILINTANGAN,6391
104368,SERRAN VILLAGE,6391
104369,WESTERN WAO (POB.),6391
104370,DICALONGAN (POB.),6392
104371,KAKAL,6392
104372,KAMASI,6392
104373,KAPINPILAN,6392
104374,KAURAN,6392
104375,MALATIMON,6392
104376,MATAGABONG,6392
104377,SALMAN,6392
104378,SANIAG,6392
104379,TOMICOR,6392
104380,TUBAK,6392
104381,BARIRA (POB.),6393
104382,BUALAN,6393
104383,GADUNG,6393
104384,KOROSOYAN,6393
104385,LAMIN,6393
104386,LIONG,6393
104387,LIPA,6393
104388,LIPAWAN,6393
104389,MARANG,6393
104390,MINABAY,6393
104391,NABALAWAG,6393
104392,PANGGAO,6393
104393,ROMINIMBANG,6393
104394,TOGAIG,6393
104395,AMPUAN,6394
104396,ARATUC,6394
104397,CABAYUAN,6394
104398,CALAAN (POB.),6394
104399,DINGANEN,6394
104400,EDCOR (GALLEGO EDCOR),6394
104401,KARIM,6394
104402,KULIMPANG,6394
104403,MATAYA,6394
104404,MINABAY,6394
104405,NUYO,6394
104406,ORING,6394
104407,PANTAWAN,6394
104408,PIERS,6394
104409,RUMIDAS,6394
104410,DIGAL,6395
104411,LOWER SILING,6395
104412,MASLABENG,6395
104413,POBLACION,6395
104414,POPOL,6395
104415,TALITAY,6395
104416,UPPER SILING,6395
104417,BAGUA,6396
104418,BAGUA I,6396
104419,BAGUA II,6396
104420,BAGUA III,6396
104421,KALANGANAN,6396
104422,KALANGANAN I,6396
104423,KALANGANAN II,6396
104424,POBLACION,6396
104425,POBLACION I,6396
104426,POBLACION II,6396
104427,POBLACION III,6396
104428,POBLACION IV,6396
104429,POBLACION IX,6396
104430,POBLACION V,6396
104431,POBLACION VI,6396
104432,POBLACION VII,6396
104433,POBLACION VIII,6396
104434,ROSARY HEIGHTS,6396
104435,ROSARY HEIGHTS I,6396
104436,ROSARY HEIGHTS II,6396
104437,ROSARY HEIGHTS III,6396
104438,ROSARY HEIGHTS IV,6396
104439,ROSARY HEIGHTS IX,6396
104440,ROSARY HEIGHTS V,6396
104441,ROSARY HEIGHTS VI,6396
104442,ROSARY HEIGHTS VII,6396
104443,ROSARY HEIGHTS VIII,6396
104444,ROSARY HEIGHTS X,6396
104445,ROSARY HEIGHTS XI,6396
104446,ROSARY HEIGHTS XII,6396
104447,ROSARY HEIGHTS XIII,6396
104448,TAMONTAKA,6396
104449,TAMONTAKA I,6396
104450,TAMONTAKA II,6396
104451,TAMONTAKA III,6396
104452,TAMONTAKA IV,6396
104453,TAMONTAKA V,6396
104454,BANABA,6397
104455,DIMAAMPAO,6397
104456,GUINIBON,6397
104457,KAYA-KAYA,6397
104458,MAGANOY,6397
104459,MAO,6397
104460,MARANDING,6397
104461,SUGADOL,6397
104462,TALISAWA,6397
104463,TUKANOLOCONG (TUKANOLOGONG),6397
104464,ADAON,6398
104465,BRAR,6398
104466,MAPAYAG,6398
104467,MIDTIMBANG (POB.),6398
104468,NUNANGAN (NUNANGEN),6398
104469,TUGAL,6398
104470,TULUNAN,6398
104471,KINIMI,6399
104472,LAGUITAN,6399
104473,LAPAKEN,6399
104474,MATUBER,6399
104475,METI,6399
104476,NALKAN,6399
104477,PENANSARAN,6399
104478,PURA,6399
104479,RESA,6399
104480,SEDEM,6399
104481,SINIPAK,6399
104482,TAMBAK,6399
104483,TUBUAN,6399
104484,KUBENTONG,6400
104485,LABU-LABU I,6400
104486,LABU-LABU II,6400
104487,LIMPONGO,6400
104488,MACALAG,6400
104489,SAYAP,6400
104490,TAIB,6400
104491,TALIBADOK,6400
104492,TUAYAN,6400
104493,TUAYAN I,6400
104494,TUNTUNGAN,6400
104495,AMBOLODTO,6401
104496,AWANG,6401
104497,BADAK,6401
104498,BAGOENGED,6401
104499,BAKA,6401
104500,BENOLEN,6401
104501,BITU,6401
104502,BONGUED,6401
104503,BUGAWAS,6401
104504,CAPITON,6401
104505,DADOS,6401
104506,DALICAN POBLACION,6401
104507,DINAIG PROPER,6401
104508,DULANGAN,6401
104509,KAKAR,6401
104510,KENEBEKA,6401
104511,KURINTEM,6401
104512,KUSIONG,6401
104513,LABUNGAN,6401
104514,LINEK,6401
104515,MAKIR,6401
104516,MARGUES,6401
104517,MOMPONG,6401
104518,NEKITAN,6401
104519,SAPALAN,6401
104520,SEMBA,6401
104521,SIBUTO,6401
104522,SIFAREN (SIFARAN),6401
104523,TAMBAK,6401
104524,TAMONTAKA,6401
104525,TANUEL,6401
104526,TAPIAN,6401
104527,TAVIRAN,6401
104528,TENONGGOS,6401
104529,ALIP (POB.),6402
104530,BONAWAN,6402
104531,BULOD,6402
104532,DAMALUSAY,6402
104533,DAMAWATO,6402
104534,DATANG,6402
104535,ELBEBE,6402
104536,KALUMENGA (KALUMANGA),6402
104537,KATIL,6402
104538,LIPAO,6402
104539,LOMOYON,6402
104540,MADIDIS,6402
104541,MAKAT,6402
104542,MALALA,6402
104543,MANGADEG,6402
104544,MANINDOLO,6402
104545,MAO,6402
104546,NAPOK,6402
104547,PALAO SA BUTO,6402
104548,POBLACION,6402
104549,PUYA,6402
104550,SALENDAB,6402
104551,SEPAKA,6402
104552,ALONGANAN,6403
104553,AMBADAO,6403
104554,BALANAKAN,6403
104555,BALONG,6403
104556,BUAYAN,6403
104557,DADO,6403
104558,DAMABALAS,6403
104559,DUAMINANGA,6403
104560,KALIPAPA,6403
104561,KANGUAN,6403
104562,LIONG,6403
104563,MAGASLONG,6403
104564,MASIGAY,6403
104565,MONTAY,6403
104566,POBLACION (DULAWAN),6403
104567,REINA REGENTE,6403
104568,ALONGANAN,6404
104569,ANDAVIT,6404
104570,BALANAKAN,6404
104571,BUAYAN,6404
104572,BUTILEN,6404
104573,DADO,6404
104574,DAMABALAS,6404
104575,DUAMINANGA,6404
104576,KALIPAPA,6404
104577,LIONG,6404
104578,MAGASLONG,6404
104579,MASIGAY,6404
104580,PAGATIN,6404
104581,PANDI,6404
104582,PENDITEN,6404
104583,SAMBULAWAN,6404
104584,TEE,6404
104585,DAPIAWAN,6405
104586,ELIAN,6405
104587,GAWANG,6405
104588,KABENGI,6405
104589,KITANGO,6405
104590,KITAPOK,6405
104591,MADIA,6405
104592,SALBU,6405
104593,BULAYAN,6406
104594,IGANAGAMPONG,6406
104595,MACALAG,6406
104596,MAITUMAIG,6406
104597,MALANGOG,6406
104598,META,6406
104599,PANANGETI,6406
104600,TUNTUNGAN,6406
104601,BADAK,6407
104602,BULOD,6407
104603,KALADTURAN,6407
104604,KULASI,6407
104605,LAO-LAO,6407
104606,LASANGAN,6407
104607,LOWER IDTIG,6407
104608,LUMABAO,6407
104609,MAKAINIS,6407
104610,MIDCONDING,6407
104611,MIDPANDACAN,6407
104612,PANOSOLEN,6407
104613,PIDTIGUIAN,6407
104614,QUIPOLOT,6407
104615,RAMCOR,6407
104616,SADANGEN,6407
104617,SUMAKUBAY,6407
104618,TONGGOL,6407
104619,UPPER LASANGAN,6407
104620,AHAN,6408
104621,BAGAN,6408
104622,DATALPANDAN,6408
104623,KALUMAMIS,6408
104624,KATEMAN,6408
104625,LAMBAYAO,6408
104626,MACASAMPEN,6408
104627,MUSLIM,6408
104628,MUTI,6408
104629,SAMPAO,6408
104630,TAMBUNAN,6408
104631,BAGUMBAYAN,6409
104632,BUTERIN,6409
104633,DADTUMOG (DADTUMEG),6409
104634,GAMBAR,6409
104635,GANTA,6409
104636,KATIDTUAN,6409
104637,LANGEBAN,6409
104638,LIONG,6409
104639,LOWER TAVIRAN,6409
104640,MAITONG,6409
104641,MATILAK,6409
104642,PAGALUNGAN,6409
104643,PAYAN,6409
104644,PEDTAD,6409
104645,PENED,6409
104646,POBLACION,6409
104647,UPPER TAVIRAN,6409
104648,BAGUMBONG,6410
104649,DABENAYAN,6410
104650,DALADAP,6410
104651,DASIKIL,6410
104652,LIAB,6410
104653,LIBUTAN,6410
104654,LUSAY,6410
104655,MAMASAPANO,6410
104656,MANONGKALING,6410
104657,PIDSANDAWAN,6410
104658,PIMBALAKAN,6410
104659,SAPAKAN,6410
104660,TUKA,6410
104661,TUKANALIPAO,6410
104662,DALADAGAN,6411
104663,KALIAN,6411
104664,LUAYAN,6411
104665,PAITAN,6411
104666,PANAPAN,6411
104667,TENOK,6411
104668,TINAMBULAN,6411
104669,TUMBAO,6411
104670,BAYANGA NORTE,6412
104671,BAYANGA SUR,6412
104672,BUGASAN NORTE,6412
104673,BUGASAN SUR (POB.),6412
104674,KIDAMA,6412
104675,LANGCO,6412
104676,LANGKONG,6412
104677,SAPAD,6412
104678,BALONG,6413
104679,DAMATOG,6413
104680,GAYONGA,6413
104681,GUIAWA,6413
104682,INDATUAN,6413
104683,KAPIMPILAN,6413
104684,LIBUNGAN,6413
104685,MONTAY,6413
104686,PAULINO LABIO,6413
104687,SABAKEN,6413
104688,TUMAGUINTING,6413
104689,BALATUNGKAYO (BATUNGKAYO),6414
104690,BULIT,6414
104691,BULOD,6414
104692,DUNGGUAN,6414
104693,LIMBALUD,6414
104694,MARIDAGAO,6414
104695,NABUNDAS,6414
104696,PAGAGAWAN,6414
104697,TALAPAS,6414
104698,TALITAY,6414
104699,TUNGGOL,6414
104700,BAGOENGED,6415
104701,BULIOK,6415
104702,DALGAN,6415
104703,DAMALASAK,6415
104704,GALAKIT,6415
104705,INUG-UG,6415
104706,KALBUGAN,6415
104707,KILANGAN,6415
104708,KUDAL,6415
104709,LAYOG,6415
104710,LINANDANGAN,6415
104711,POBLACION,6415
104712,CAMPO,6416
104713,DAMAKLING,6416
104714,DAMALUSAY,6416
104715,KAKAL,6416
104716,PAGLAT,6416
104717,SALAM,6416
104718,TUAL,6416
104719,UPPER IDTIG,6416
104720,KABULING,6417
104721,KAYAGA,6417
104722,KAYUPO (CUYAPO),6417
104723,LEPAK,6417
104724,LOWER D'LAG,6417
104725,MALANGIT,6417
104726,PANDAG,6417
104727,UPPER D'LAG,6417
104728,BONGO ISLAND (LITAYEN),6418
104729,CAMPO ISLAM,6418
104730,COTONGAN,6418
104731,DATU MACARIMBANG BIRUAR,6418
104732,GADUNGAN,6418
104733,GADUNGANPEDPANDARAN,6418
104734,GUIDAY T. BIRUAR,6418
104735,GUMAGADONG CALAWAG,6418
104736,KABUAN,6418
104737,LANDASAN (SARMIENTO),6418
104738,LIMBAYAN,6418
104739,MACASANDAG,6418
104740,MAGSAYSAY,6418
104741,MAKING,6418
104742,MANION,6418
104743,MORO POINT,6418
104744,NITUAN,6418
104745,ORANDANG,6418
104746,PINANTAO,6418
104747,POBLACION,6418
104748,POBLACION II,6418
104749,POLLOC,6418
104750,SAMBEREN,6418
104751,TAGUDTONGAN,6418
104752,TUCA-MAROR,6418
104753,BAITAL,6419
104754,BAKAT,6419
104755,DAPANTIS,6419
104756,GAUNAN,6419
104757,MALIBPOLOK,6419
104758,MILEB,6419
104759,PANADTABAN,6419
104760,PIDSANDAWAN,6419
104761,SAMPAO,6419
104762,SAPAKAN (POB.),6419
104763,TABUNGAO,6419
104764,BAGONG,6420
104765,BIALONG,6420
104766,KULOY,6420
104767,LABU-LABU,6420
104768,LAPOK (LEPOK),6420
104769,MALINGAO,6420
104770,POBLACION,6420
104771,POBLACION I,6420
104772,POBLACION II,6420
104773,SATAN,6420
104774,TAPIKAN,6420
104775,TIMBANGAN,6420
104776,TINA,6420
104777,BAKAT,6421
104778,DALE-BONG,6421
104779,DASAWAO,6421
104780,DATU BAKAL,6421
104781,DATU KILAY,6421
104782,DUGUENGEN,6421
104783,GANTA,6421
104784,INALADAN,6421
104785,LIBUTAN,6421
104786,LINANTANGAN,6421
104787,NABUNDAS,6421
104788,PAGATIN,6421
104789,PAGATIN (PAGATIN I),6421
104790,PAMALIAN,6421
104791,PIKEG,6421
104792,PUSAO,6421
104793,BIARONG,6422
104794,BONGO,6422
104795,ITAW,6422
104796,KIGAN,6422
104797,KUYA,6422
104798,LAMUD,6422
104799,LOOY,6422
104800,PANDAN,6422
104801,PILAR,6422
104802,ROMANGAOB (POB.),6422
104803,SAN JOSE,6422
104804,ALAMADA,6423
104805,BANATIN,6423
104806,BANUBO,6423
104807,BULALO,6423
104808,BULIBOD,6423
104809,CALSADA,6423
104810,CROSSING SIMUAY,6423
104811,DALUMANGCOB (POB.),6423
104812,DAMANIOG,6423
104813,DARAPANAN,6423
104814,GANG,6423
104815,INAWAN,6423
104816,KABUNTALAN,6423
104817,KAKAR,6423
104818,KAPIMPILAN,6423
104819,KATAMLANGAN (MATAMPAY),6423
104820,KATIDTUAN,6423
104821,KATULI,6423
104822,LADIA,6423
104823,LIMBO,6423
104824,MAIDAPA,6423
104825,MAKAGUILING,6423
104826,MATENGEN,6423
104827,MULAUG,6423
104828,NALINAN,6423
104829,NARA,6423
104830,NEKITAN,6423
104831,OLAS,6423
104832,PANATAN,6423
104833,PIGCALAGAN,6423
104834,PIGKELEGAN (IBOTEGEN),6423
104835,PINARING,6423
104836,PINGPING,6423
104837,RAGUISI,6423
104838,REBUKEN,6423
104839,SALIMBAO,6423
104840,SAMBOLAWAN,6423
104841,SENDITAN,6423
104842,UNGAP,6423
104843,BALUT,6424
104844,BOLIOK,6424
104845,BUNGABONG,6424
104846,DAGURONGAN,6424
104847,KIRKIR,6424
104848,MACABICO (MACABISO),6424
104849,NAMUKEN,6424
104850,SIMUAY/SEASHORE,6424
104851,SOLON,6424
104852,TAMBO,6424
104853,TAPAYAN,6424
104854,TARIKEN,6424
104855,TUKA,6424
104856,ANGKAYAMAT,6425
104857,BARURAO,6425
104858,BULOD,6425
104859,DARAMPUA,6425
104860,GADUNGAN,6425
104861,KULAMBOG,6425
104862,LANGGAPANAN,6425
104863,MASULOT,6425
104864,PALDONG,6425
104865,PAPAKAN,6425
104866,TUGAL,6425
104867,TUKANAKUDEN,6425
104868,BINANGGA NORTH,6426
104869,BINANGGA SOUTH,6426
104870,BOBOGUIRON,6426
104871,DAMABLAC,6426
104872,FUGOTAN,6426
104873,FUKOL,6426
104874,KATIBPUAN,6426
104875,KEDATI,6426
104876,LANTING,6426
104877,LINAMUNAN,6426
104878,MARADER,6426
104879,TALAYAN,6426
104880,TAMAR,6426
104881,TAMBUNAN I,6426
104882,TIMBALUAN,6426
104883,BINTAN (BENTAN),6427
104884,GADUNGAN,6427
104885,KILADAP,6427
104886,KILALAN,6427
104887,KUDEN,6427
104888,MAKADAYON,6427
104889,MANGGAY,6427
104890,PAGEDA,6427
104891,TALITAY,6427
104892,BANTEK,6428
104893,BAYABAS,6428
104894,BLENSONG,6428
104895,BORONGOTAN,6428
104896,BUGABUNGAN,6428
104897,BUNGCOG,6428
104898,DARUGAO,6428
104899,GANASI,6428
104900,KABAKABA,6428
104901,KIBLEG,6428
104902,KIBUCAY,6428
104903,KIGA,6428
104904,KINITAN (KINITAAN),6428
104905,MIRAB,6428
104906,NANGI,6428
104907,NURO POBLACION,6428
104908,RANAO PILAYAN,6428
104909,REMPES,6428
104910,RENEDE,6428
104911,RENTI,6428
104912,RIFAO,6428
104913,SEFEGEFEN,6428
104914,TINUNGKAAN,6428
104915,BANGAS (POB.),6429
104916,BANGAS (POB.),6429
104917,BUBUAN,6429
104918,KABUUKAN,6429
104919,PAG-ASINAN,6429
104920,TEOMABAL,6429
104921,ADJID,6430
104922,BANGALAN,6430
104923,BATO-BATO,6430
104924,BUANZA,6430
104925,BUD-TARAN,6430
104926,BUNUT,6430
104927,JATI-TUNGGAL,6430
104928,KABBON MAAS,6430
104929,KAGAY,6430
104930,KAJATIAN,6430
104931,KAN ISLAM,6430
104932,KANDANG TUKAY,6430
104933,KARAWAN,6430
104934,KATIAN,6430
104935,KUPPONG,6430
104936,LAMBAYONG,6430
104937,LANGPAS,6430
104938,LICUP,6430
104939,MALIMBAYA,6430
104940,MANGGIS,6430
104941,MANILOP,6430
104942,PALIGUE,6430
104943,PANABUAN,6430
104944,PANGLIMA MISUARI (SASAK),6430
104945,PASIL,6430
104946,POBLACION (INDANAN),6430
104947,SAPAH MALAUM,6430
104948,SAWAKI,6430
104949,SIONOGAN,6430
104950,TAGBAK,6430
104951,TIMBANGAN,6430
104952,TUBIG DAKULAH,6430
104953,TUBIG PARANG,6430
104954,TUMANTANGIS,6430
104955,ALAT,6431
104956,ASTURIAS,6431
104957,BUS-BUS,6431
104958,CHINESE PIER,6431
104959,SAN RAYMUNDO,6431
104960,TAKUT-TAKUT,6431
104961,TULAY,6431
104962,WALLED CITY (POB.),6431
104963,KAMBING,6432
104964,KANLAGAY,6432
104965,KARUNGDONG (POB.),6432
104966,MASJID BAYLE,6432
104967,MASJID PUNJUNGAN,6432
104968,PANG,6432
104969,PANGDAN PANGDAN,6432
104970,PITOGO,6432
104971,TUNGGOL,6432
104972,ALU BUS-BUS,6433
104973,ALU-DUYONG,6433
104974,BAS LUGUS,6433
104975,GAPAS RUGASAN,6433
104976,GAPAS TUBIG TUWAK,6433
104977,HUWIT-HUWIT BAS NONOK,6433
104978,HUWIT-HUWIT PROPER,6433
104979,KUTAH PARANG,6433
104980,LAHA,6433
104981,LARAP,6433
104982,LUGUS PROPER,6433
104983,MANGKALLAY,6433
104984,MANTAN,6433
104985,PAIT,6433
104986,PARIAN KAYAWAN,6433
104987,SIBUL,6433
104988,TINGKANGAN,6433
104989,BUAL,6434
104990,GUIMBAUN,6434
104991,KAN-BULAK,6434
104992,KAN-MINDUS,6434
104993,LAMBAGO,6434
104994,LIANUTAN,6434
104995,LINGAH,6434
104996,MANANTI,6434
104997,NIOG-NIOG,6434
104998,TANDU-BATO,6434
104999,TUBIG-PUTI (POB.),6434
105000,TULAYAN ISLAND,6434
105001,ANAK JATI,6435
105002,BATO UGIS,6435
105003,BUALO LAHI,6435
105004,BUALO LIPID,6435
105005,BULABOG,6435
105006,DUHOL KABBON,6435
105007,GULANGAN,6435
105008,IPIL,6435
105009,KANDANG,6435
105010,KAPOK-PUNGGOL,6435
105011,KULASI,6435
105012,LABAH,6435
105013,LAGASAN ASIBIH,6435
105014,LANTONG,6435
105015,LAPA,6435
105016,LAUD KULASI,6435
105017,LAUM MAIMBUNG,6435
105018,LOWER TAMBAKING,6435
105019,LUNGGANG,6435
105020,MATATAL,6435
105021,PATAO,6435
105022,POBLACION (MAIMBUNG),6435
105023,RATAG LIMBON,6435
105024,TABU-BATO,6435
105025,TANDU PATONG,6435
105026,TUBIG-SAMIN,6435
105027,UPPER TAMBAKING,6435
105028,ASIN,6436
105029,BAKUD,6436
105030,BANGDAY,6436
105031,BAUNOH,6436
105032,BITANAG,6436
105033,BUD SEIT,6436
105034,BULANGSI,6436
105035,DATAG,6436
105036,KAMALIG,6436
105037,KAN ASAALI,6436
105038,KAN UKOL,6436
105039,KAN-DAYOK,6436
105040,KAN-SIPAT,6436
105041,KAWASAN,6436
105042,KULAY-KULAY,6436
105043,LAKIT,6436
105044,LOWER PATIBULAN,6436
105045,LUNGGANG,6436
105046,PARANG,6436
105047,PUGAD MANAUL,6436
105048,PUHAGAN,6436
105049,SEIT HIGAD,6436
105050,SEIT LAKE (POB.),6436
105051,SU-UH,6436
105052,TABU MANUK,6436
105053,TANDU-TANDU,6436
105054,TAYUNGAN,6436
105055,TINAH,6436
105056,TUBIG GANTANG,6436
105057,TUBIG JATI,6436
105058,UPPER PATIBULAN,6436
105059,ANDALAN,6437
105060,ANGILAN,6437
105061,CAPUAL ISLAND,6437
105062,HUWIT-HUWIT,6437
105063,LAHING-LAHING,6437
105064,NIANGKAAN,6437
105065,SUCUBAN,6437
105066,TANGKUAN,6437
105067,BALIGTANG,6438
105068,BUD SIBAUD,6438
105069,HAMBILAN,6438
105070,KABBON,6438
105071,LAHI,6438
105072,LAPAK,6438
105073,LAUD SIBAUD,6438
105074,MALANTA,6438
105075,MAMANOK,6438
105076,NORTH MANUBUL,6438
105077,PARIAN DAKULA,6438
105078,SIBAUD PROPER,6438
105079,SIGANGGANG,6438
105080,SOUTH MANUBUL,6438
105081,SUBA-SUBA,6438
105082,TENGA MANUBUL,6438
105083,GAGGUIL,6439
105084,GATA-GATA,6439
105085,JINGGAN,6439
105086,KAMIH-PUNGUD,6439
105087,LIHBUG KABAW,6439
105088,LIKBAH,6439
105089,LUBUK-LUBUK,6439
105090,MARSADA,6439
105091,PAIKSA,6439
105092,PANDAKAN,6439
105093,PUNAY (POB.),6439
105094,TIPTIPON,6439
105095,ALU BUNAH,6440
105096,BANGKILAY,6440
105097,KAWITAN,6440
105098,KEHI NIOG,6440
105099,LANTONG BABAG,6440
105100,LUMAH DAPDAP,6440
105101,PANDAN NIOG,6440
105102,PANDUCAN,6440
105103,PANITIKAN,6440
105104,PATUTOL,6440
105105,SE-IPANG,6440
105106,SIMBAHAN (POB.),6440
105107,SUANG BUNAH,6440
105108,TONGGASANG,6440
105109,TUBIG NONOK,6440
105110,TUBIG SALLANG,6440
105111,ALU LAYAG-LAYAG,6418
105112,ALU PANGKOH,6418
105113,BAGSAK,6418
105114,BAWISAN,6418
105115,BIID,6418
105116,BUKID,6418
105117,BULI BAWANG,6418
105118,BUTON,6418
105119,BUTON MAHABLO,6418
105120,DANAPA,6418
105121,DUYAN KABAO,6418
105122,GIMBA LAGASAN,6418
105123,KAHA,6418
105124,KAHOY SINAH,6418
105125,KANAWAY,6418
105126,KUTAH SAIRAP,6418
105127,LAGASAN HIGAD,6418
105128,LANAO DAKULA,6418
105129,LAUM BUWAHAN,6418
105130,LAUM SUWAH,6418
105131,LIANG,6418
105132,LINUHO,6418
105133,LIPUNOS,6418
105134,LOWER SAMPUNAY,6418
105135,LUMBAAN MAHABA,6418
105136,LUNGAN GITONG,6418
105137,LUPA ABU,6418
105138,NONOKAN,6418
105139,PAUGAN,6418
105140,PAYUHAN,6418
105141,PIYAHAN,6418
105142,POBLACION (PARANG),6418
105143,SALDANG,6418
105144,SAMPUNAY,6418
105145,SILANGKAN,6418
105146,TAINGTING,6418
105147,TIKONG,6418
105148,TUKAY,6418
105149,TUMANGAS,6418
105150,WANNI PIYANJIHAN,6418
105151,ANDALAN,6442
105152,DAUNGDONG,6442
105153,KAMAWI,6442
105154,KANJARANG,6442
105155,KAYAWAN (POB.),6442
105156,KIPUT,6442
105157,LIKUD,6442
105158,LUUK-TULAY,6442
105159,NIOG-NIOG,6442
105160,PATIAN,6442
105161,PISAK-PISAK,6442
105162,SAIMBANGON,6442
105163,SANGKAP,6442
105164,TIMUDDAS,6442
105165,ANULING,6443
105166,BAKONG,6443
105167,BANGKAL,6443
105168,BONBON,6443
105169,BUHANGINAN (DARAYAN),6443
105170,BUNGKAUNG,6443
105171,DANAG,6443
105172,GANDASULI,6443
105173,IGASAN,6443
105174,KABBON TAKAS,6443
105175,KADDAY MAMPALLAM,6443
105176,KAN AGUE,6443
105177,KAUNAYAN,6443
105178,LANGHUB,6443
105179,LATIH,6443
105180,LIANG,6443
105181,MALIGAY,6443
105182,MAUBOH,6443
105183,PANGDANON,6443
105184,PANGLAYAHAN,6443
105185,PANSUL,6443
105186,PATIKUL HIGAD,6443
105187,SANDAH,6443
105188,TAGLIBI (POB.),6443
105189,TANDU-BAGUA,6443
105190,TANUM,6443
105191,TAUNG,6443
105192,TIMPOK,6443
105193,TUGAS,6443
105194,UMANGAY,6443
105195,BAKUD,6444
105196,BUAN,6444
105197,BULANSING TARA,6444
105198,BULIHKULLUL,6444
105199,CAMPO ISLAM,6444
105200,DUGGO,6444
105201,DUHOL TARA,6444
105202,EAST KUNGTAD,6444
105203,EAST SISANGAT,6444
105204,IPIL,6444
105205,JAMBANGAN,6444
105206,KABUBU,6444
105207,KONG-KONG LAMINUSA,6444
105208,KUD-KUD,6444
105209,KUNGTAD WEST,6444
105210,LATUNG,6444
105211,LUUK LAMINUSA,6444
105212,LUUK TARA,6444
105213,MANTA,6444
105214,MINAPAN,6444
105215,NIPA-NIPA,6444
105216,NORTH LAUD,6444
105217,NORTH MANTA,6444
105218,NORTH MUSU LAUD,6444
105219,NORTH SILUMPAK,6444
105220,PISLONG,6444
105221,POBLACION (CAMPO BARO),6444
105222,PUNUNGAN,6444
105223,PUUKAN LAMINUSA,6444
105224,RATAG,6444
105225,SABLAY,6444
105226,SARUKOT,6444
105227,SIBURI,6444
105228,SINGKO,6444
105229,SIOLAKAN,6444
105230,SIOWING,6444
105231,SIPANDING,6444
105232,SISANGAT,6444
105233,SIUNDOH,6444
105234,SOUTH MUSU LAUD,6444
105235,SOUTH SILUMPAK,6444
105236,SOUTHWESTERN BULIKULLUL,6444
105237,SUBAH BUAYA,6444
105238,TAMPAKAN LAMINUSA,6444
105239,TENGAH LAMINUSA,6444
105240,TONG LAMINUSA,6444
105241,TONG-TONG,6444
105242,TONGLABAH,6444
105243,TUBIG KUTAH,6444
105244,TULLING,6444
105245,ANDALAN,6445
105246,BAGSAK,6445
105247,BANDANG,6445
105248,BILAAN (POB.),6445
105249,BUD BUNGA,6445
105250,BUNTOD,6445
105251,BUROH,6445
105252,DALIH,6445
105253,GATA,6445
105254,KABATUHAN BILAAN,6445
105255,KABATUHAN TIIS,6445
105256,KABUNGKOL,6445
105257,KAGAY,6445
105258,KAHAWA,6445
105259,KANDAGA,6445
105260,KANLIBOT,6445
105261,KIUTAAN,6445
105262,KUHAW,6445
105263,KULAMBOH,6445
105264,KUTTONG,6445
105265,LAGTOH,6445
105266,LAMBANAH,6445
105267,LIBAN,6445
105268,LIU-BUD PANTAO,6445
105269,LOWER BINUANG,6445
105270,LOWER KAMUNTAYAN,6445
105271,LOWER LAUS,6445
105272,LOWER SINUMAAN,6445
105273,LOWER TALIPAO,6445
105274,LUMBAYAO,6445
105275,LUMPING PIGIH DAHO,6445
105276,LUNGKIABAN,6445
105277,MABAHAY,6445
105278,MAHALA,6445
105279,MAMPALLAM,6445
105280,MARSADA,6445
105281,MAUBOH,6445
105282,MUNGIT-MUNGIT,6445
105283,NIOG-SANGAHAN,6445
105284,PANTAO,6445
105285,SAMAK,6445
105286,TALIPAO PROPER,6445
105287,TAMPAKAN,6445
105288,TIIS,6445
105289,TINGGAH,6445
105290,TUBOD,6445
105291,TUYANG,6445
105292,UPPER BINUANG,6445
105293,UPPER KAMUNTAYAN,6445
105294,UPPER LAUS,6445
105295,UPPER SINUMAAN,6445
105296,UPPER TALIPAO,6445
105297,ALU-KABINGAAN,6446
105298,BANTING,6446
105299,HAWAN,6446
105300,KALANG (POB.),6446
105301,KAMAUNGGI,6446
105302,KANAWAY,6446
105303,KANMANGON,6446
105304,KAUMPANG,6446
105305,PAGATPAT,6446
105306,PANGDAN,6446
105307,PUOK,6446
105308,SAYLI,6446
105309,SUMAMBAT,6446
105310,TANGKAPAAN,6446
105311,TULAKAN,6446
105312,BAKKAAN,6447
105313,BANGALAW,6447
105314,DANAO,6447
105315,DUNGON,6447
105316,KAHIKUKUK,6447
105317,LUUK (POB.),6447
105318,NORTH PAAROL,6447
105319,SIGUMBAL,6447
105320,SOUTH PAAROL,6447
105321,TABIALAN,6447
105322,TAINGA-BAKKAO,6447
105323,TAMBUN-BUN,6447
105324,TATTALAN,6447
105325,TINUTUNGAN,6447
105326,BONGAO POBLACION,6448
105327,IPIL,6448
105328,KAMAGONG,6448
105329,KARUNGDONG,6448
105330,LAGASAN,6448
105331,LAKIT LAKIT,6448
105332,LAMION,6448
105333,LAPID LAPID,6448
105334,LATO LATO,6448
105335,LUUK PANDAN,6448
105336,LUUK TULAY,6448
105337,MALASSA,6448
105338,MANDULAN,6448
105339,MASANTONG,6448
105340,MONTAY MONTAY,6448
105341,NALIL,6448
105342,PABABAG,6448
105343,PAG-ASA,6448
105344,PAGASINAN,6448
105345,PAGATPAT,6448
105346,PAHUT,6448
105347,PAKIAS,6448
105348,PANIONGAN,6448
105349,PASIAGAN,6448
105350,SANGA-SANGA,6448
105351,SILUBOG,6448
105352,SIMANDAGIT,6448
105353,SUMANGAT,6448
105354,TARAWAKAN,6448
105355,TONGSINAH,6448
105356,TUBIG BASAG,6448
105357,TUBIG TANAH,6448
105358,TUBIG-BOH,6448
105359,TUBIG-MAMPALLAM,6448
105360,UNGUS-UNGUS,6448
105361,ADNIN,6449
105362,BAKAW-BAKAW,6449
105363,BAKONG,6449
105364,BAS-BAS PROPER,6449
105365,BASLIKUD,6449
105366,BASNUNUK,6449
105367,DARUSSALAM,6449
105368,JAKARTA (LOOKAN LATUAN),6449
105369,KALUPAG,6449
105370,KINIKTAL,6449
105371,LANGUYAN PROPER (POB.),6449
105372,MARANG-MARANG,6449
105373,MARANING,6449
105374,PARANG PANTAY,6449
105375,SIKULLIS,6449
105376,SIMALAK,6449
105377,TUBIG DAKULA,6449
105378,TUHOG-TUHOG,6449
105379,TUMAHUBONG,6449
105380,TUMBAGAAN,6449
105381,BOKI,6450
105382,DUHUL BATU,6450
105383,EROK-EROK,6450
105384,GUPPAH,6450
105385,KOMPANG,6450
105386,LIYUBUD,6450
105387,LUBBAK PARANG,6450
105388,LUPA PULA (POB.),6450
105389,MAHALO,6450
105390,PAWAN,6450
105391,SAPA,6450
105392,SIKUB,6450
105393,TABULIAN,6450
105394,TANDUAN,6450
105395,UMUS MATAHA,6450
105396,BALIMBING PROPER,6451
105397,BATU-BATU (POB.),6451
105398,BAUNO GARING,6451
105399,BELATAN HALU,6451
105400,BUAN,6451
105401,DUNGON,6451
105402,KARAHA,6451
105403,KULAPE,6451
105404,LIYABURAN,6451
105405,LUUK BUNTAL,6451
105406,MAGSAGGAW,6451
105407,MALACCA,6451
105408,PARANGAN,6451
105409,SUMANGDAY,6451
105410,TABUNAN,6451
105411,TUNDON,6451
105412,TUNGBANGKAW,6451
105413,BALDATAL ISLAM,6452
105414,BUTUN,6452
105415,DALO-DALO,6452
105416,LAKIT-LAKIT,6452
105417,LATUAN (SUASANG),6452
105418,LOOK NATUH,6452
105419,LOOKAN BANARAN,6452
105420,LOOKAN LATUAN,6452
105421,MALANTA,6452
105422,MANTABUAN TABUNAN,6452
105423,NUNUK LIKUD SIKUBONG,6452
105424,PALATE GADJAMINAH,6452
105425,PAMASAN,6452
105426,SAPA-SAPA (POB.),6452
105427,SAPAAT,6452
105428,SUKAH-SUKAH,6452
105429,TABUNAN LIKUD SIKUBONG,6452
105430,TANGNGAH (LALUNG SIKUBONG),6452
105431,TAPIAN BOHE NORTH,6452
105432,TAPIAN BOHE SOUTH,6452
105433,TONGGUSONG BANARAN,6452
105434,TUP-TUP BANARAN,6452
105435,AMBULONG SAPAL,6453
105436,DATU AMILHAMJA JAAFAR,6453
105437,HADJI IMAM BIDIN,6453
105438,HADJI MOHTAR SULAYMAN,6453
105439,HADJI TAHA,6453
105440,IMAM HADJI MOHAMMAD,6453
105441,LIGAYAN,6453
105442,NUNUKAN,6453
105443,SHEIK MAKDUM,6453
105444,SIBUTU (POB.),6453
105445,TALISAY,6453
105446,TANDU BANAK,6453
105447,TAUNGOH,6453
105448,TONGEHAT,6453
105449,TONGSIBALO,6453
105450,UNGUS-UNGUS,6453
105451,BAGID*,6454
105452,BAKONG,6454
105453,DOH-TONG,6454
105454,LUUK DATAN,6454
105455,MANUK MANGKAW,6454
105456,MARUWA,6454
105457,MONGKAY,6454
105458,PAGASINAN,6454
105459,PANGLIMA MASTUL,6454
105460,SUKAH-BULAN,6454
105461,TAMPAKAN (POB.),6454
105462,TIMUNDON,6454
105463,TONGGOSONG,6454
105464,TUBIG INDANGAN,6454
105465,UBOL,6454
105466,DATU BAGUINDA PUTIH,6455
105467,IMAM SAPIE,6455
105468,NORTH LARAP,6455
105469,PANGLIMA ALARI,6455
105470,SIPANGKOT,6455
105471,SITANGKAI POBLACION,6455
105472,SOUTH LARAP (LARAP),6455
105473,TONGMAGENG,6455
105474,TONGUSONG,6455
105475,BABAGAN,6456
105476,BENGKOL,6456
105477,BINTAWLAN,6456
105478,BOHE,6456
105479,BUBUAN,6456
105480,BUNAY BUNAY CENTER,6456
105481,BUNAY BUNAY LOOKAN,6456
105482,BUNAY BUNAY TONG,6456
105483,EAST TALISAY,6456
105484,LAHAD DAMPONG,6456
105485,LAITAN,6456
105486,LAMBI-LAMBIAN,6456
105487,LAUD,6456
105488,LIKUD DAMPONG,6456
105489,LIKUD TABAWAN,6456
105490,NUNUK,6456
105491,NUSA,6456
105492,NUSA-NUSA,6456
105493,PAMPANG,6456
105494,PUTAT,6456
105495,SOLLOGAN,6456
105496,TALISAY,6456
105497,TAMPAKAN DAMPONG,6456
105498,TANGNGAH,6456
105499,TINDA-TINDAHAN,6456
105500,TONG TAMPAKAN,6456
105501,TUBIG DAYANG,6456
105502,TUBIG DAYANG CENTER,6456
105503,TUBIG DAYANG RIVERSIDE,6456
105504,TUKKAI,6456
105505,UNAS-UNAS,6456
105506,BALIUNGAN,6457
105507,BALLAK,6457
105508,BUTUN,6457
105509,HIMBAH,6457
105510,KAKOONG,6457
105511,KALANG-KALANG,6457
105512,KEPENG,6457
105513,LAHAY-LAHAY,6457
105514,NAUNGAN,6457
105515,SALAMAT,6457
105516,SALLANGAN,6457
105517,SAPA,6457
105518,SIBAKLOON,6457
105519,SILANTUP,6457
105520,TANDUBATO,6457
105521,TANGNGAH (TANGNGAH UNGUS MATATA),6457
105522,TAPIAN,6457
105523,TAPIAN SUKAH,6457
105524,TARUK,6457
105525,TONGBANGKAW,6457
105526,LIKUD BAKKAO,6458
105527,TAGANAK POBLACION,6458
107880,AGTANGAO,6459
107881,ANGAD,6459
107882,BANGBANGAR,6459
107883,BAÑACAO,6459
107884,CABULOAN,6459
107885,CALABA,6459
107886,COSILI EAST (PROPER),6459
107887,COSILI WEST (BUAYA),6459
107888,DANGDANGLA,6459
107889,LINGTAN,6459
107890,LIPCAN,6459
107891,LUBONG,6459
107892,MACARCARMAY,6459
107893,MACRAY,6459
107894,MALITA,6459
107895,MAOAY,6459
107896,PALAO,6459
107897,PATUCANNAY,6459
107898,SAGAP,6459
107899,SAN ANTONIO,6459
107900,SANTA ROSA,6459
107901,SAO-ATAN,6459
107902,SAPPAAC,6459
107903,TABLAC (CALOT),6459
107904,ZONE 1 POB. (NALASIN),6459
107905,ZONE 2 POB. (CONSILIMAN),6459
107906,ZONE 3 POB. (LALAUD),6459
107907,ZONE 4 POB. (TOWN PROPER),6459
107908,ZONE 5 POB. (BO. BARIKIR),6459
107909,ZONE 6 POB. (SINAPANGAN),6459
107910,ZONE 7 POB. (BALILING),6459
107911,AMTI,6460
107912,BAO-YAN,6460
107913,DANAC EAST,6460
107914,DANAC WEST,6460
107915,DAO-ANGAN,6460
107916,DUMAGAS,6460
107917,KILONG-OLAO,6460
107918,POBLACION (BOLINEY),6460
107919,ABANG,6461
107920,BANGBANGCAG,6461
107921,BANGCAGAN,6461
107922,BANGLOLAO,6461
107923,BUGBOG,6461
107924,CALAO,6461
107925,DUGONG,6461
107926,LABON,6461
107927,LAYUGAN,6461
107928,MADALIPAY,6461
107929,NORTH POBLACION,6461
107930,PAGALA,6461
107931,PAKILING,6461
107932,PALAQUIO,6461
107933,PATOC,6461
107934,QUIMLOONG,6461
107935,SALNEC,6461
107936,SAN MIGUEL,6461
107937,SIBLONG,6461
107938,SOUTH POBLACION,6461
107939,TABIOG,6461
107940,DUCLIGAN,6462
107941,LABAAN,6462
107942,LAMAO (POB.),6462
107943,LINGAY,6462
107944,ABLEG,6463
107945,CABARUYAN,6463
107946,PIKEK,6463
107947,TUI (POB.),6463
107948,ABAQUID,6464
107949,CABARUAN,6464
107950,CAUPASAN (POB.),6464
107951,DANGLAS,6464
107952,NAGAPARAN,6464
107953,PADANGITAN,6464
107954,PANGAL,6464
107955,BAYAAN,5362
107956,CABAROAN,5362
107957,CALUMBAYA,5362
107958,CARDONA,5362
107959,ISIT,5362
107960,KIMMALABA,5362
107961,LIBTEC,5362
107962,LUB-LUBBA,5362
107963,MUDIIT,5362
107964,NAMIT-INGAN,5362
107965,PACAC,5362
107966,POBLACION,5362
107967,SALUCAG,5362
107968,TALOGTOG,5362
107969,TAPING,5362
107970,BENBEN (BONBON),5242
107971,BULBULALA,5242
107972,BULI,5242
107973,CANAN (GAPAN),5242
107974,LIGUIS,5242
107975,MALABBAGA,5242
107976,MUDENG,5242
107977,PIDIPID,5242
107978,POBLACION,5242
107979,SAN GREGORIO,5242
107980,TOON,5242
107981,UDANGAN,5242
107982,BACAG,6467
107983,BUNEG,6467
107984,GUINGUINABANG,6467
107985,LAN-AG,6467
107986,PACOC,6467
107987,POBLACION (TALAMPAC),6467
107988,AGUET,6468
107989,BACOOC,6468
107990,BALAIS,6468
107991,CAYAPA,6468
107992,DALAGUISEN,6468
107993,LAANG,6468
107994,LAGBEN,6468
107995,LAGUIBEN,6468
107996,NAGTIPULAN,6468
107997,NAGTUPACAN,6468
107998,PAGANAO,6468
107999,PAWA,6468
108000,POBLACION,6468
108001,PRESENTAR,6468
108002,SAN ISIDRO,6468
108003,TAGODTOD,6468
108004,TAPING,6468
108005,BA-I,6469
108006,COLLAGO,6469
108007,PANG-OT,6469
108008,POBLACION,6469
108009,PULOT,6469
108010,BAAC,6470
108011,DALAYAP (NALAAS),6470
108012,MABUNGTOT,6470
108013,MALAPAAO,6470
108014,POBLACION,6470
108015,QUILLAT,6470
108016,BONGLO (PATAGUI),6471
108017,BULBULALA,6471
108018,CAWAYAN,6471
108019,DOMENGLAY,6471
108020,LENNENG,6471
108021,MAPISLA,6471
108022,MOGAO,6471
108023,NALBUAN,6471
108024,POBLACION,6471
108025,SUBAGAN,6471
108026,TUMALIP,6471
108027,AMPALIOC,6472
108028,BARIT,6472
108029,GAYAMAN,6472
108030,LUL-LUNO,6472
108031,LUZONG,6472
108032,NAGBUKEL-TUQUIPA,6472
108033,POBLACION,6472
108034,SABNANGAN,6472
108035,BAYABAS,6473
108036,BINASARAN,6473
108037,BUANAO,6473
108038,DULAO,6473
108039,DULDULAO,6473
108040,GACAB,6473
108041,LAT-EY,6473
108042,MALIBCONG (POB.),6473
108043,MATARAGAN,6473
108044,PACGUED,6473
108045,TARIPAN,6473
108046,UMNAP,6473
108047,AYYENG (POB.),6474
108048,CATACDEGAN NUEVO,6474
108049,CATACDEGAN VIEJO,6474
108050,LUZONG,6474
108051,SAN JOSE NORTE,6474
108052,SAN JOSE SUR,6474
108053,SAN JUAN NORTE,6474
108054,SAN JUAN SUR,6474
108055,SAN RAMON EAST,6474
108056,SAN RAMON WEST,6474
108057,SANTO TOMAS,6474
108058,DUMAYCO,6475
108059,LUSUAC,6475
108060,MALAMSIT (PAU-MALAMSIT),6475
108061,NAMARABAR,6475
108062,PATIAO,6475
108063,POBLACION,6475
108064,RIANG (TIANG),6475
108065,SANTA ROSA,6475
108066,TATTAWA,6475
108067,ALINAYA,6476
108068,ARAB,6476
108069,GARRETA,6476
108070,IMMULI,6476
108071,LASKIG,6476
108072,MONGGOC,6476
108073,NAGUIRAYAN,6476
108074,PAMUTIC,6476
108075,PANGTUD,6476
108076,POBLACION EAST,6476
108077,POBLACION WEST,6476
108078,SAN DIEGO,6476
108079,SULBEC,6476
108080,SUYO (MALIDONG),6476
108081,YUYENG,6476
108082,BOLBOLO,5155
108083,BROOKSIDE,5155
108084,DALIT,5155
108085,DINTAN,5155
108086,GAPANG,5155
108087,KINABITI,5155
108088,MALIPLIPIT,5155
108089,NAGCANASAN,5155
108090,NANANGDUAN,5155
108091,NARNARA,5155
108092,OCUP,5155
108093,PANG-OT,5155
108094,PATAD,5155
108095,POBLACION,5155
108096,SAN JUAN EAST,5155
108097,SAN JUAN WEST,5155
108098,SOUTH BALIOAG,5155
108099,TIKITIK,5155
108100,VILLAVIEJA,5155
108101,BAZAR,6478
108102,BILABILA,6478
108103,GANGAL (POB.),6478
108104,MAGUYEPYEP,6478
108105,NAGUILIAN,6478
108106,SACCAANG,6478
108107,SALLAPADAN,6478
108108,SUBUSOB,6478
108109,UD-UDIAO,6478
108110,CABAYOGAN,5108
108111,DALIMAG,5108
108112,LANGBABAN,5108
108113,MANAYDAY,5108
108114,PANTOC,5108
108115,POBLACION,5108
108116,SABTAN-OLO,5108
108117,SAN MARCIAL,5108
108118,TANGBAO,5108
108119,ABUALAN,4991
108120,BA-UG,4991
108121,BADAS,4991
108122,CABCABORAO,4991
108123,COLABAOAN,4991
108124,CULIONG,4991
108125,DAOIDAO,4991
108126,GUIMBA,4991
108127,LAM-AG,4991
108128,LUMOBANG,4991
108129,NANGOBONGAN,4991
108130,PATTAOIG,4991
108131,POBLACION NORTH,4991
108132,POBLACION SOUTH,4991
108133,QUIDAOEN,4991
108134,SABANGAN,4991
108135,SILET,4991
108136,SUPI-IL,4991
108137,TAGAYTAY,4991
108138,LABAAN,5033
108139,PALANG,5033
108140,PANTOC,5033
108141,POBLACION,5033
108142,TANGADAN,5033
108143,VILLA MERCEDES,5033
108144,BAGALAY,6482
108145,BASBASA,6482
108146,BUDAC,6482
108147,BUMAGCAT,6482
108148,CABAROAN,6482
108149,DEET,6482
108150,GADDANI,6482
108151,PATUCANNAY,6482
108152,PIAS,6482
108153,POBLACION,6482
108154,VELASCO,6482
108155,ALAOA,6483
108156,ANAYAN,6483
108157,APAO,6483
108158,BELAAT,6483
108159,CAGANAYAN,6483
108160,COGON,6483
108161,LANEC,6483
108162,LAPAT-BALANTAY,6483
108163,NAGLIBACAN,6483
108164,POBLACION (AGSIMAO),6483
108165,ALANGTIN,6484
108166,AMTUAGAN,6484
108167,DILONG,6484
108168,KILI,6484
108169,POBLACION (MAYABO),6484
108170,SUPO,6484
108171,TABACDA,6484
108172,TIEMPO,6484
108173,TUBTUBA,6484
108174,WAYANGAN,6484
108175,AP-APAYA,6485
108176,BOL-LILISING,6485
108177,CAL-LAO,6485
108178,LAP-LAPOG,6485
108179,LUMABA,6485
108180,POBLACION,6485
108181,TAMAC,6485
108182,TUQUIB,6485
108183,BUTAO,6486
108184,CADACLAN,6486
108185,DON ROQUE ABLAN SR.,6486
108186,ELEAZAR,6486
108187,EVA PUZON,6486
108188,KABUGAWAN,6486
108189,LANGNAO,6486
108190,LUBONG,6486
108191,MACALINO,6486
108192,NAGUILIAN,6486
108193,NAMALTUGAN,6486
108194,POBLACION,6486
108195,SABANGAN,6486
108196,SANTA ELENA,6486
108197,SANTA FILOMENA,6486
108198,TANGLAGAN,6486
108199,TUBANG,6486
108200,TUBONGAN,6486
108201,ALLANGIGAN,6487
108202,BANBAN,6487
108203,BULUAN,6487
108204,CAGLAYAN (NEW POB.),6487
108205,CALAFUG,6487
108206,CUPIS,6487
108207,DAGA,6487
108208,GUINAANG,6487
108209,GUINAMGAMAN,6487
108210,ILI,6487
108211,KARIKITAN,6487
108212,KATABLANGAN,6487
108213,MALAMA,6487
108214,MANAG,6487
108215,MAWEGUI,6487
108216,NABUANGAN,6487
108217,PADDAOAN,6487
108218,PUGUIN,6487
108219,RIPANG (OLD POB.),6487
108220,SACPIL,6487
108221,TALIFUGO,6487
108222,ALLIG,6488
108223,ANNINIPAN,6488
108224,ATOK,6488
108225,BAGUTONG,6488
108226,BALASI,6488
108227,BALLUYAN,6488
108228,MALAYUGAN,6488
108229,MALLIG,6488
108230,MALUBIBIT NORTE,6488
108231,MALUBIBIT SUR,6488
108232,POBLACION EAST,6488
108233,POBLACION WEST,6488
108234,SAN JOSE,6488
108235,SANTA MARIA,6488
108236,TAMALUNOG,6488
108237,UPPER ATOK (COLIMAN),6488
108238,BADDUAT,6489
108239,BALIWANAN,6489
108240,BULU,6489
108241,CABETAYAN,6489
108242,DAGARA,6489
108243,DIBAGAT,6489
108244,KARAGAWAN,6489
108245,KUMAO,6489
108246,LACO,6489
108247,LENNENG (LIYYENG),6489
108248,LUCAB,6489
108249,LUTTUACAN,6489
108250,MADATAG,6489
108251,MADDUANG,6489
108252,MAGABTA,6489
108253,MARAGAT,6489
108254,MUSIMUT,6489
108255,NAGBABALAYAN,6489
108256,POBLACION,6489
108257,TUYANGAN,6489
108258,WAGA,6489
108259,BACSAY,4986
108260,CAGANDUNGAN,4986
108261,CALABIGAN,4986
108262,CANGISITAN,4986
108263,CAPAGAYPAYAN,4986
108264,DAGUPAN,4986
108265,LAPPA,4986
108266,LUYON,4986
108267,MARAG,4986
108268,POBLACION,4986
108269,QUIRINO,4986
108270,SALVACION,4986
108271,SAN FRANCISCO,4986
108272,SAN GREGORIO,4986
108273,SAN ISIDRO NORTE,4986
108274,SAN ISIDRO SUR,4986
108275,SAN SEBASTIAN,4986
108276,SANTA LINA,4986
108277,SHALOM,4986
108278,TUMOG,4986
108279,TUROD,4986
108280,ZUMIGUI,4986
108281,AGA,6491
108282,ALEM,6491
108283,AMADO,6491
108284,AURORA,6491
108285,CABATACAN,6491
108286,CACALAGGAN,6491
108287,CAPANNIKIAN,6491
108288,DOÑA LORETA,6491
108289,EMILIA,6491
108290,IMELDA,6491
108291,LOWER MATON,6491
108292,LT. BILAG,6491
108293,LYDIA,6491
108294,MALIBANG,6491
108295,MATAGUISI,6491
108296,POBLACION,6491
108297,SAN ANTONIO (PUGO),6491
108298,SAN JOSE,6491
108299,SAN LUIS,6491
108300,SAN MARIANO,6491
108301,SWAN,6491
108302,UPPER MATON,6491
108303,BAROCBOC,6492
108304,CONSUELO,6492
108305,EMILIANA,6492
108306,IMELDA (SIPA ANNEX),6492
108307,MALEKKEG,6492
108308,MARCELA (POB.),6492
108309,NUEVA,6492
108310,PANAY,6492
108311,SAN ANTONIO,6492
108312,SAN CARLOS,6492
108313,SAN JUAN,6492
108314,SAN MARIANO,6492
108315,SIPA PROPER,6492
108316,ABIANG,6493
108317,CALIKING,6493
108318,CATTUBO,6493
108319,NAGUEY,6493
108320,PAOAY,6493
108321,PASDONG,6493
108322,POBLACION,6493
108323,TOPDAC,6493
108324,A. BONIFACIO-CAGUIOA-RIMANDO (ABCR),6494
108325,ABANAO-ZANDUETA-KAYANG-CHUGUM-OTEK (AZKCO),6494
108326,ALFONSO TABORA,6494
108327,AMBIONG,6494
108328,ANDRES BONIFACIO (LOWER BOKAWKAN),6494
108329,APUGAN-LOAKAN,6494
108330,ASIN ROAD,6494
108331,ATOK TRAIL,6494
108332,AURORA HILL PROPER (MALVAR-SGT. FLORESCA),6494
108333,"AURORA HILL, NORTH CENTRAL",6494
108334,"AURORA HILL, SOUTH CENTRAL",6494
108335,BAKAKENG CENTRAL,6494
108336,BAKAKENG NORTH,6494
108337,BAL-MARCOVILLE (MARCOVILLE),6494
108338,BALSIGAN,6494
108339,BAYAN PARK EAST,6494
108340,BAYAN PARK VILLAGE,6494
108341,BAYAN PARK WEST (BAYAN PARK),6494
108342,BGH COMPOUND,6494
108343,BROOKSIDE,6494
108344,BROOKSPOINT,6494
108345,CABINET HILL-TEACHER'S CAMP,6494
108346,CAMDAS SUBDIVISION,6494
108347,CAMP 7,6494
108348,CAMP 8,6494
108349,CAMP ALLEN,6494
108350,CAMPO FILIPINO,6494
108351,CITY CAMP CENTRAL,6494
108352,CITY CAMP PROPER,6494
108353,COUNTRY CLUB VILLAGE,6494
108354,CRESENCIA VILLAGE,6494
108355,"DAGSIAN, LOWER",6494
108356,"DAGSIAN, UPPER",6494
108357,DIZON SUBDIVISION,6494
108358,DOMINICAN HILL-MIRADOR,6494
108359,DONTOGAN,6494
108360,DPS AREA,6494
108361,ENGINEERS' HILL,6494
108362,FAIRVIEW VILLAGE,6494
108363,FERDINAND (HAPPY HOMES-CAMPO SIOCO),6494
108364,FORT DEL PILAR,6494
108365,GABRIELA SILANG,6494
108366,"GENERAL EMILIO F. AGUINALDO (QUIRINO-MAGSAYSAY, LOWER)",6494
108367,"GENERAL LUNA, LOWER",6494
108368,"GENERAL LUNA, UPPER",6494
108369,GIBRALTAR,6494
108370,GREENWATER VILLAGE,6494
108371,GUISAD CENTRAL,6494
108372,GUISAD SORONG,6494
108373,HAPPY HOLLOW,6494
108374,HAPPY HOMES (HAPPY HOMES-LUCBAN),6494
108375,HARRISON-CLAUDIO CARANTES,6494
108376,HILLSIDE,6494
108377,HOLY GHOST EXTENSION,6494
108378,HOLY GHOST PROPER,6494
108379,HONEYMOON (HONEYMOON-HOLY GHOST),6494
108380,IMELDA R. MARCOS (LA SALLE),6494
108381,IMELDA VILLAGE,6494
108382,IRISAN,6494
108383,KABAYANIHAN,6494
108384,KAGITINGAN,6494
108385,KAYANG EXTENSION,6494
108386,KAYANG-HILLTOP,6494
108387,KIAS,6494
108388,LEGARDA-BURNHAM-KISAD,6494
108389,LIWANAG-LOAKAN,6494
108390,LOAKAN PROPER,6494
108391,LOPEZ JAENA,6494
108392,LOURDES SUBDIVISION EXTENSION,6494
108393,"LOURDES SUBDIVISION, LOWER",6494
108394,"LOURDES SUBDIVISION, PROPER",6494
108395,LUALHATI,6494
108396,LUCNAB,6494
108397,MAGSAYSAY PRIVATE ROAD,6494
108398,"MAGSAYSAY, LOWER",6494
108399,"MAGSAYSAY, UPPER",6494
108400,MALCOLM SQUARE-PERFECTO (JOSE ABAD SANTOS),6494
108401,MANUEL A. ROXAS,6494
108402,"MARKET SUBDIVISION, UPPER",6494
108403,MIDDLE QUEZON HILL SUBDIVISION(QUEZON HILL MIDDLE),6494
108404,MILITARY CUT-OFF,6494
108405,MINES VIEW PARK,6494
108406,"MODERN SITE, EAST",6494
108407,"MODERN SITE, WEST",6494
108408,MRR-QUEEN OF PEACE,6494
108409,NEW LUCBAN,6494
108410,OUTLOOK DRIVE,6494
108411,PACDAL,6494
108412,PADRE BURGOS,6494
108413,PADRE ZAMORA,6494
108414,PALMA-URBANO (CARIÑO-PALMA),6494
108415,PHIL-AM,6494
108416,PINGET,6494
108417,PINSAO PILOT PROJECT,6494
108418,PINSAO PROPER,6494
108419,POLIWES,6494
108420,PUCSUSAN,6494
108421,QUEZON HILL PROPER,6494
108422,"QUEZON HILL, UPPER",6494
108423,"QUIRINO HILL, EAST",6494
108424,"QUIRINO HILL, LOWER",6494
108425,"QUIRINO HILL, MIDDLE",6494
108426,"QUIRINO HILL, WEST",6494
108427,"QUIRINO-MAGSAYSAY, UPPER (UPPER QM)",6494
108428,RIZAL MONUMENT AREA,6494
108429,"ROCK QUARRY, LOWER",6494
108430,"ROCK QUARRY, MIDDLE",6494
108431,"ROCK QUARRY, UPPER",6494
108432,SAINT JOSEPH VILLAGE,6494
108433,SALUD MITRA,6494
108434,SAN ANTONIO VILLAGE,6494
108435,SAN LUIS VILLAGE,6494
108436,SAN ROQUE VILLAGE,6494
108437,SAN VICENTE,6494
108438,"SANITARY CAMP, NORTH",6494
108439,"SANITARY CAMP, SOUTH",6494
108440,SANTA ESCOLASTICA,6494
108441,SANTO ROSARIO,6494
108442,SANTO TOMAS PROPER,6494
108443,SANTO TOMAS SCHOOL AREA,6494
108444,SCOUT BARRIO,6494
108445,SESSION ROAD AREA,6494
108446,SLAUGHTER HOUSE AREA (SANTO NIÑO SLAUGHTER),6494
108447,SLU-SVP HOUSING VILLAGE,6494
108448,SOUTH DRIVE,6494
108449,TEODORA ALONZO,6494
108450,TRANCOVILLE,6494
108451,VICTORIA VILLAGE,6494
108452,AMPUSONGAN,6495
108453,BAGU,6495
108454,DALIPEY,6495
108455,GAMBANG,6495
108456,KAYAPA,6495
108457,POBLACION (CENTRAL),6495
108458,SINACBAT,6495
108459,AMBUCLAO,6496
108460,BILA,6496
108461,BOBOK-BISAL,6496
108462,DACLAN,6496
108463,EKIP,6496
108464,KARAO,6496
108465,NAWAL,6496
108466,PITO,6496
108467,POBLACION,6496
108468,TIKEY,6496
108469,ABATAN,6497
108470,AMGALEYGUEY,6497
108471,AMLIMAY,6497
108472,BACULONGAN NORTE,6497
108473,BACULONGAN SUR,6497
108474,BANGAO,6497
108475,BUYACAOAN,6497
108476,CALAMAGAN,6497
108477,CATLUBONG,6497
108478,LENGAOAN,6497
108479,LOO,6497
108480,NATUBLENG,6497
108481,POBLACION (CENTRAL),6497
108482,SEBANG,6497
108483,AMPUCAO,6498
108484,DALUPIRIP,6498
108485,GUMATDANG,6498
108486,LOACAN,6498
108487,POBLACION (CENTRAL),6498
108488,TINONGDAN,6498
108489,TUDING,6498
108490,UCAB,6498
108491,VIRAC,6498
108492,ADAOAY,6499
108493,ANCHUKEY,6499
108494,BALLAY,6499
108495,BASHOY,6499
108496,BATAN,6499
108497,DUACAN,6499
108498,EDDET,6499
108499,GUSARAN,6499
108500,KABAYAN BARRIO,6499
108501,LUSOD,6499
108502,PACSO,6499
108503,POBLACION (CENTRAL),6499
108504,TAWANGAN,6499
108505,BALAKBAK,6500
108506,BELENG-BELIS,6500
108507,BOKLAOAN,6500
108508,CAYAPES,6500
108509,CUBA,6500
108510,DATAKAN,6500
108511,GADANG,6500
108512,GASWELING,6500
108513,LABUEG,6500
108514,PAYKEK,6500
108515,POBLACION CENTRAL,6500
108516,PONGAYAN,6500
108517,PUDONG,6500
108518,SAGUBO,6500
108519,TABA-AO,6500
108520,BADEO,6501
108521,LUBO,6501
108522,MADAYMEN,6501
108523,PALINA,6501
108524,POBLACION,6501
108525,SAGPAT,6501
108526,TACADANG,6501
108527,ALAPANG,6502
108528,ALNO,6502
108529,AMBIONG,6502
108530,BAHONG,6502
108531,BALILI,6502
108532,BECKEL,6502
108533,BETAG,6502
108534,BINENG,6502
108535,CRUZ,6502
108536,LUBAS,6502
108537,PICO,6502
108538,POBLACION,6502
108539,PUGUIS,6502
108540,SHILAN,6502
108541,TAWANG,6502
108542,WANGAL,6502
108543,BALILI,6503
108544,BEDBED,6503
108545,BULALACAO,6503
108546,CABITEN,6503
108547,COLALO,6503
108548,GUINAOANG,6503
108549,PACO,6503
108550,PALASAAN,6503
108551,POBLACION,6503
108552,SAPID,6503
108553,TABIO,6503
108554,TANEG,6503
108555,BAGONG,6504
108556,BALLUAY,6504
108557,BANANGAN,6504
108558,BANENGBENG,6504
108559,BAYABAS,6504
108560,KAMOG,6504
108561,PAPPA,6504
108562,POBLACION,6504
108563,ANSAGAN,6505
108564,CAMP 3,6505
108565,CAMP 4,6505
108566,CAMP ONE,6505
108567,NANGALISAN,6505
108568,POBLACION,6505
108569,SAN PASCUAL,6505
108570,TABAAN NORTE,6505
108571,TABAAN SUR,6505
108572,TADIANGAN,6505
108573,TALOY NORTE,6505
108574,TALOY SUR,6505
108575,TWIN PEAKS,6505
108576,AMBASSADOR,6506
108577,AMBONGDOLAN,6506
108578,BA-AYAN,6506
108579,BASIL,6506
108580,CAPONGA (POB.),6506
108581,DACLAN,6506
108582,TUBLAY CENTRAL,6506
108583,TUEL,6506
108584,AWAYAN,6507
108585,BUNHIAN,6507
108586,BUTAC,6507
108587,BUWAG,6507
108588,CHALALO,6507
108589,DAMAG,6507
108590,GALONOGON,6507
108591,HALAG,6507
108592,ITAB,6507
108593,JACMAL,6507
108594,MAJLONG,6507
108595,MONGAYANG,6507
108596,POSNAAN,6507
108597,TA-ANG,6507
108598,TALITE,6507
108599,UBAO,6507
108600,BANGAR,6508
108601,BUSILAC,6508
108602,CALIMAG,6508
108603,CALUPAAN,6508
108604,CARAGASAN,6508
108605,DOLOWOG,6508
108606,KILING,6508
108607,LAYA,6508
108608,LITTLE TADIAN,6508
108609,NAMILLANGAN,6508
108610,NAMNAMA,6508
108611,NGILEB,6508
108612,PINTO,6508
108613,POBLACION,6508
108614,SAN JOSE,6508
108615,SAN JUAN,6508
108616,SAN MARCOS,6508
108617,SAN QUINTIN,6508
108618,SANTA MARIA,6508
108619,SANTO DOMINGO (CABICALAN),6508
108620,AMDUNTOG,6509
108621,ANTIPOLO,6509
108622,CAMANDAG,6509
108623,CAWAYAN,6509
108624,HALLAP,6509
108625,LIWON,6509
108626,NAMAL,6509
108627,NUNGAWA,6509
108628,PANUBTUBAN,6509
108629,PULA,6509
108630,AMGANAD,6510
108631,ANABA,6510
108632,BALAWIS,6510
108633,BANAO,6510
108634,BANGAAN,6510
108635,BATAD,6510
108636,BOCOS,6510
108637,CAMBULO,6510
108638,DUCLIGAN,6510
108639,GOHANG,6510
108640,KINAKIN,6510
108641,OHAJ,6510
108642,POBLACION,6510
108643,POITAN,6510
108644,PULA,6510
108645,SAN FERNANDO,6510
108646,TAM-AN,6510
108647,VIEW POINT,6510
108648,ANAO,6511
108649,BANGTINON,6511
108650,BITU,6511
108651,CABABUYAN,6511
108652,MOMPOLIA,6511
108653,NAMULDITAN,6511
108654,NORTHERN CABABUYAN,6511
108655,O-ONG,6511
108656,PIWONG,6511
108657,POBLACION (HINGYON),6511
108658,UBUAG,6511
108659,UMALBONG,6511
108660,ABATAN,6512
108661,BA-ANG,6512
108662,BANGBANG,6512
108663,BOKIAWAN,6512
108664,HAPAO,6512
108665,LUBO-ONG,6512
108666,MAGGOK,6512
108667,NUNGULUNAN,6512
108668,POBLACION,6512
108669,AMBABAG,6513
108670,BAGUINGE,6513
108671,BOKIAWAN,6513
108672,BOLOG,6513
108673,DALLIGAN,6513
108674,DUIT,6513
108675,HUCAB,6513
108676,JULONGAN,6513
108677,LINGAY,6513
108678,MUNGAYANG,6513
108679,NAGACADAN,6513
108680,PINDONGAN,6513
108681,POBLACION,6513
108682,TUPLAC,6513
108683,ABINUAN,6514
108684,BANGA,6514
108685,BOLIWONG,6514
108686,BURNAY,6514
108687,BUYABUYAN,6514
108688,CABA,6514
108689,CUDOG,6514
108690,DULAO,6514
108691,JUCBONG,6514
108692,LUTA,6514
108693,MONTABIONG,6514
108694,OLILICON,6514
108695,POBLACION EAST,6514
108696,POBLACION NORTH,6514
108697,POBLACION SOUTH,6514
108698,POBLACION WEST,6514
108699,PONGHAL,6514
108700,PULLAAN,6514
108701,TUNGNGOD,6514
108702,TUPAYA,6514
108703,AMBASA,6515
108704,BIMPAL,6515
108705,HAPID,6515
108706,HOLOWON,6515
108707,LAWIG,6515
108708,LUCBAN,6515
108709,MABATOBATO (LAMUT),6515
108710,MAGULON,6515
108711,NAYON,6515
108712,PANOPDOPAN,6515
108713,PAYAWAN,6515
108714,PIEZA,6515
108715,POBLACION EAST,6515
108716,POBLACION WEST,6515
108717,PUGOL (IFUGAO RESERVATION),6515
108718,SALAMAGUE,6515
108719,SANAFE,6515
108720,UMILAG,6515
108721,ADUYONGAN,6516
108722,ALIMIT,6516
108723,AYANGAN,6516
108724,BALANGBANG,6516
108725,BANAO,6516
108726,BANHAL,6516
108727,BATO-ALATBANG,6516
108728,BONGAN,6516
108729,BUNINAN,6516
108730,CHAYA,6516
108731,CHUMANG,6516
108732,EPENG,6516
108733,GUINIHON,6516
108734,INWALOY,6516
108735,LANGAYAN,6516
108736,LIWO,6516
108737,MAGA,6516
108738,MAGULON,6516
108739,MAPAWOY,6516
108740,MAYOYAO PROPER,6516
108741,MONGOL,6516
108742,NALBU,6516
108743,NATTUM,6516
108744,PALAAD,6516
108745,POBLACION,6516
108746,TALBOC,6516
108747,TULAED,6516
108748,AHIN,6517
108749,AP-APID,6517
108750,BINABLAYAN,6517
108751,DANGGO,6517
108752,EHEB,6517
108753,GUMHANG,6517
108754,IMPUGONG,6517
108755,LUHONG,6517
108756,TINOC,6517
108757,TUKUCAN,6517
108758,TULLUDAN,6517
108759,WANGWANG,6517
108760,ABABA-AN,6518
108761,BALANTOY,6518
108762,BALBALAN PROPER,6518
108763,BALBALASANG,6518
108764,BUAYA,6518
108765,DAO-ANGAN,6518
108766,GAWA-AN,6518
108767,MABACA,6518
108768,MALING (KABUGAO),6518
108769,PANTIKIAN,6518
108770,POBLACION (SALEGSEG),6518
108771,POSWOY,6518
108772,TALALANG,6518
108773,TAWANG,6518
108774,ANTONIO CANAO,6519
108775,DANGOY,6519
108776,LOWER UMA,6519
108777,MABILONG,6519
108778,MABONGTOT,6519
108779,POBLACION,6519
108780,TANGLAG,6519
108781,UMA DEL NORTE (WESTERN LUNA UMA),6519
108782,UPPER UMA,6519
108783,ABLEG,6520
108784,BAGTAYAN,6520
108785,BALATOC,6520
108786,BALENCIAGAO SUR,6520
108787,BALINCIAGAO NORTE,6520
108788,CAGALUAN,6520
108789,COLAYO,6520
108790,DALUPA,6520
108791,DANGTALAN,6520
108792,GALDANG (CASALOAN),6520
108793,GUINA-ANG (POB.),6520
108794,MAGSILAY,6520
108795,MALUCSAD,6520
108796,PUGONG,6520
108797,ACIGA,6521
108798,ALLAGUIA,6521
108799,AMMACIAN,6521
108800,APATAN,6521
108801,ASIBANGLAN,6521
108802,BA-AY,6521
108803,BALLAYANGON,6521
108804,BAYAO,6521
108805,CAMALOG,6521
108806,CAWAGAYAN,6521
108807,DUGPA,6521
108808,KATABBOGAN,6521
108809,LIMOS,6521
108810,MAGAOGAO,6521
108811,MALAGNAT,6521
108812,MAPACO,6521
108813,PAKAWIT,6521
108814,PINOCOC,6521
108815,PINUKPUK JUNCTION,6521
108816,SOCBOT,6521
108817,TAGA (POB.),6521
108818,TAGGAY,6521
108819,WAGUD,6521
108820,BABALAG EAST (POB.),6522
108821,BABALAG WEST (POB.),6522
108822,BULBOL,6522
108823,CALAOCAN,6522
108824,KINAMA,6522
108825,LIWAN EAST,6522
108826,LIWAN WEST,6522
108827,MACUTAY,6522
108828,ROMUALDEZ,6522
108829,SAN FRANCISCO,6522
108830,SAN PASCUAL,6522
108831,SAN PEDRO,6522
108832,SAN QUINTIN,6522
108833,SANTOR,6522
108834,AGBANNAWAG,6523
108835,AMLAO,6523
108836,APPAS,6523
108837,BADO DANGWA,6523
108838,BAGUMBAYAN,6523
108839,BALAWAG,6523
108840,BALONG,6523
108841,BANTAY,6523
108842,BULANAO,6523
108843,BULANAO NORTE,6523
108844,BULO,6523
108845,CABARITAN,6523
108846,CABARUAN,6523
108847,CALACCAD,6523
108848,CALANAN,6523
108849,CASIGAYAN,6523
108850,CUDAL,6523
108851,DAGUPAN CENTRO (POB.),6523
108852,DAGUPAN WESTE,6523
108853,DILAG,6523
108854,DUPAG,6523
108855,GOBGOB,6523
108856,GUILAYON,6523
108857,IPIL,6523
108858,LACNOG,6523
108859,LANNA,6523
108860,LAYA EAST,6523
108861,LAYA WEST,6523
108862,LUCOG,6523
108863,MAGNAO,6523
108864,MAGSAYSAY,6523
108865,MALALAO,6523
108866,MALIN-AWA,6523
108867,MASABLANG,6523
108868,NAMBARAN,6523
108869,NAMBUCAYAN,6523
108870,NANENG,6523
108871,NEW TANGLAG,6523
108872,SAN JUAN,6523
108873,SAN JULIAN,6523
108874,SUYANG,6523
108875,TUGA,6523
108876,ANGGACAN,6524
108877,ANGGACAN SUR,6524
108878,BABBANOY,6524
108879,DACALAN,6524
108880,DUPLIGAN,6524
108881,GAANG,6524
108882,LAY-ASAN,6524
108883,LOWER LUBO,6524
108884,LOWER MANGALI,6524
108885,LOWER TALOCTOC,6524
108886,MABACA,6524
108887,MANGALI CENTRO,6524
108888,PANGOL,6524
108889,POBLACION,6524
108890,UPPER LUBO,6524
108891,UPPER TALOCTOC,6524
108892,AMBATO LEGLEG,6525
108893,BANGAD CENTRO,6525
108894,BASAO,6525
108895,BELONG MANUBAL,6525
108896,BUGNAY,6525
108897,BUSCALAN (BUSCALAN-LOCONG),6525
108898,BUTBUT (BUTBUT-NGIBAT),6525
108899,DANANAO,6525
108900,LOCCONG,6525
108901,LOWER BANGAD,6525
108902,LUPLUPA,6525
108903,MALLANGO,6525
108904,NGIBAT,6525
108905,OLD TINGLAYAN,6525
108906,POBLACION,6525
108907,SUMADEL 1,6525
108908,SUMADEL 2,6525
108909,TULGAO EAST,6525
108910,TULGAO WEST,6525
108911,UPPER BANGAD,6525
108912,CHUPAC,6526
108913,FIANGTIN,6526
108914,GAWANA (POB.),6526
108915,KALEO,6526
108916,LATANG,6526
108917,LIAS KANLURAN,6526
108918,LIAS SILANGAN,6526
108919,LINGOY,6526
108920,LUNAS,6526
108921,MACALANA,6526
108922,OGOOG,6526
108923,ABATAN,6527
108924,BAGNEN ORIENTE,6527
108925,BAGNEN PROPER,6527
108926,BALINTAUGAN,6527
108927,BANAO,6527
108928,BILA (BUA),6527
108929,GUINZADAN CENTRAL,6527
108930,GUINZADAN NORTE,6527
108931,GUINZADAN SUR,6527
108932,LAGAWA,6527
108933,LESEB,6527
108934,MABAAY,6527
108935,MAYAG,6527
108936,MONAMON NORTE,6527
108937,MONAMON SUR,6527
108938,MOUNT DATA,6527
108939,OTUCAN NORTE,6527
108940,OTUCAN SUR,6527
108941,POBLACION (BAUKO),6527
108942,SADSADAN,6527
108943,SINTO,6527
108944,TAPAPAN,6527
108945,AGAWA,6528
108946,AMBAGUIO,6528
108947,BANGUITAN,6528
108948,BESAO EAST (BESAO PROPER),6528
108949,BESAO WEST,6528
108950,CATENGAN,6528
108951,GUEDAY,6528
108952,KIN-IWAY (POB.),6528
108953,LACMAAN,6528
108954,LAYLAYA,6528
108955,PANDANGAN,6528
108956,PAYEO,6528
108957,SUQUIB,6528
108958,TAMBOAN,6528
108959,ALAB ORIENTE,5986
108960,ALAB PROPER,5986
108961,BALILI,5986
108962,BAYYO,5986
108963,BONTOC ILI,5986
108964,CALUTIT,5986
108965,CANEO,5986
108966,DALICAN,5986
108967,GONOGON,5986
108968,GUINAANG,5986
108969,MAINIT,5986
108970,MALIGCONG,5986
108971,POBLACION (BONTOC),5986
108972,SAMOKI,5986
108973,TALUBIN,5986
108974,TOCUCAN,5986
108975,ALUNOGAN,6530
108976,BALANGAO,6530
108977,BANAO,6530
108978,BANAWAL,6530
108979,BUTAC,6530
108980,MADUCAYAN,6530
108981,POBLACION,6530
108982,PUDO,6530
108983,SALIOK,6530
108984,SANTA ISABEL,6530
108985,TONGLAYAN,6530
108986,ANONAT,6531
108987,BACARNI,6531
108988,BANANAO,6531
108989,BANTAY,6531
108990,BUNOT,6531
108991,BURINGAL,6531
108992,BUTIGUE,6531
108993,PALITOD,6531
108994,POBLACION,6531
108995,BAO-ANGAN,6532
108996,BUN-AYAN,6532
108997,BUSA,6532
108998,CAMATAGAN,6532
108999,CAPINITAN,6532
109000,DATA,6532
109001,GAYANG,6532
109002,LAGAN,6532
109003,LOSAD,6532
109004,NAMATEC,6532
109005,NAPUA,6532
109006,PINGAD,6532
109007,POBLACION,6532
109008,SUPANG,6532
109009,TAMBINGAN,6532
109010,ANABEL,6533
109011,BEKIGAN,6533
109012,BELWANG,6533
109013,BETWAGAN,6533
109014,DEMANG,6533
109015,POBLACION,6533
109016,SACASACAN,6533
109017,SACLIT,6533
109018,AGUID,6534
109019,AMBASING,6534
109020,ANGKELING,6534
109021,ANTADAO,6534
109022,BALUGAN,6534
109023,BANGAAN,6534
109024,DAGDAG (POB.),6534
109025,DEMANG (POB.),6534
109026,FIDELISAN,6534
109027,KILONG,6534
109028,MADONGO,6534
109029,NACAGANG,6534
109030,PIDE,6534
109031,POBLACION (PATAY),6534
109032,SUYO,6534
109033,TACCONG,6534
109034,TANULONG,6534
109035,TETEPAN NORTE,6534
109036,TETEPAN SUR,6534
109037,BALAOA,6535
109038,BANAAO,6535
109039,BANTEY,6535
109040,BATAYAN,6535
109041,BUNGA,6535
109042,CADAD-ANAN,6535
109043,CAGUBATAN,6535
109044,DACUDAC,6535
109045,DUAGAN,6535
109046,KAYAN EAST,6535
109047,KAYAN WEST,6535
109048,LENGA,6535
109049,LUBON,6535
109050,MABALITE,6535
109051,MASLA,6535
109052,PANDAYAN,6535
109053,POBLACION,6535
109054,SUMADEL,6535
109055,TUE,6535
112474,ALMANZA DOS,6536
112475,ALMANZA UNO,6536
112476,B. F. INTERNATIONAL VILLAGE,6536
112477,DANIEL FAJARDO,6536
112478,ELIAS ALDANA,6536
112479,ILAYA,6536
112480,MANUYO DOS,6536
112481,MANUYO UNO,6536
112482,PAMPLONA DOS,6536
112483,PAMPLONA TRES,6536
112484,PAMPLONA UNO,6536
112485,PILAR,6536
112486,PULANG LUPA DOS,6536
112487,PULANG LUPA UNO,6536
112488,TALON DOS,6536
112489,TALON KUATRO,6536
112490,TALON SINGKO,6536
112491,TALON TRES,6536
112492,TALON UNO,6536
112493,ZAPOTE,6536
112494,BANGKAL,6537
112495,BEL-AIR,6537
112496,CARMONA,6537
112497,CEMBO,6537
112498,COMEMBO,6537
112499,DASMARIÑAS,6537
112500,EAST REMBO,6537
112501,FORBES PARK,6537
112502,GUADALUPE NUEVO,6537
112503,GUADALUPE VIEJO,6537
112504,KASILAWAN,6537
112505,LA PAZ,6537
112506,MAGALLANES,6537
112507,OLYMPIA,6537
112508,PALANAN,6537
112509,PEMBO,6537
112510,PINAGKAISAHAN,6537
112511,PIO DEL PILAR,6537
112512,PITOGO,6537
112513,POBLACION,6537
112514,POST PROPER NORTHSIDE,6537
112515,POST PROPER SOUTHSIDE,6537
112516,RIZAL,6537
112517,SAN ANTONIO,6537
112518,SAN ISIDRO,6537
112519,SAN LORENZO,6537
112520,SANTA CRUZ,6537
112521,SINGKAMAS,6537
112522,SOUTH CEMBO,6537
112523,TEJEROS,6537
112524,URDANETA,6537
112525,VALENZUELA,6537
112526,WEST REMBO,6537
112527,ALABANG,6538
112528,BAYANAN,6538
112529,BULI,6538
112530,CUPANG,6538
112531,NEW ALABANG VILLAGE,6538
112532,POBLACION,6538
112533,PUTATAN,6538
112534,SUCAT,6538
112535,TUNASAN,6538
112536,B. F. HOMES,6539
112537,BACLARAN,6539
112538,DON BOSCO,6539
112539,DON GALO,6539
112540,LA HUERTA,6539
112541,MARCELO GREEN VILLAGE,6539
112542,MERVILLE,6539
112543,MOONWALK,6539
112544,SAN ANTONIO,6539
112545,SAN DIONISIO,6539
112546,SAN ISIDRO,6539
112547,SAN MARTIN DE PORRES,6539
112548,SANTO NIÑO,6539
112549,SUN VALLEY,6539
112550,TAMBO,6539
112551,VITALEZ,6539
112552,BARANGAY 1,6540
112553,BARANGAY 2,6540
112554,BARANGAY 3,6540
112555,BARANGAY 4,6540
112556,BARANGAY 5,6540
112557,BARANGAY 6,6540
112558,BARANGAY 7,6540
112559,BARANGAY 8,6540
112560,BARANGAY 9,6540
112561,BARANGAY 10,6540
112562,BARANGAY 11,6540
112563,BARANGAY 12,6540
112564,BARANGAY 13,6540
112565,BARANGAY 14,6540
112566,BARANGAY 15,6540
112567,BARANGAY 16,6540
112568,BARANGAY 17,6540
112569,BARANGAY 18,6540
112570,BARANGAY 19,6540
112571,BARANGAY 20,6540
112572,BARANGAY 21,6540
112573,BARANGAY 22,6540
112574,BARANGAY 23,6540
112575,BARANGAY 24,6540
112576,BARANGAY 25,6540
112577,BARANGAY 26,6540
112578,BARANGAY 27,6540
112579,BARANGAY 28,6540
112580,BARANGAY 29,6540
112581,BARANGAY 30,6540
112582,BARANGAY 31,6540
112583,BARANGAY 32,6540
112584,BARANGAY 33,6540
112585,BARANGAY 34,6540
112586,BARANGAY 35,6540
112587,BARANGAY 36,6540
112588,BARANGAY 37,6540
112589,BARANGAY 38,6540
112590,BARANGAY 39,6540
112591,BARANGAY 40,6540
112592,BARANGAY 41,6540
112593,BARANGAY 42,6540
112594,BARANGAY 43,6540
112595,BARANGAY 44,6540
112596,BARANGAY 45,6540
112597,BARANGAY 46,6540
112598,BARANGAY 47,6540
112599,BARANGAY 48,6540
112600,BARANGAY 49,6540
112601,BARANGAY 50,6540
112602,BARANGAY 51,6540
112603,BARANGAY 52,6540
112604,BARANGAY 53,6540
112605,BARANGAY 54,6540
112606,BARANGAY 55,6540
112607,BARANGAY 56,6540
112608,BARANGAY 57,6540
112609,BARANGAY 58,6540
112610,BARANGAY 59,6540
112611,BARANGAY 60,6540
112612,BARANGAY 61,6540
112613,BARANGAY 62,6540
112614,BARANGAY 63,6540
112615,BARANGAY 64,6540
112616,BARANGAY 65,6540
112617,BARANGAY 66,6540
112618,BARANGAY 67,6540
112619,BARANGAY 68,6540
112620,BARANGAY 69,6540
112621,BARANGAY 70,6540
112622,BARANGAY 71,6540
112623,BARANGAY 72,6540
112624,BARANGAY 73,6540
112625,BARANGAY 74,6540
112626,BARANGAY 75,6540
112627,BARANGAY 76,6540
112628,BARANGAY 77,6540
112629,BARANGAY 78,6540
112630,BARANGAY 79,6540
112631,BARANGAY 80,6540
112632,BARANGAY 81,6540
112633,BARANGAY 82,6540
112634,BARANGAY 83,6540
112635,BARANGAY 84,6540
112636,BARANGAY 85,6540
112637,BARANGAY 86,6540
112638,BARANGAY 87,6540
112639,BARANGAY 88,6540
112640,BARANGAY 89,6540
112641,BARANGAY 90,6540
112642,BARANGAY 91,6540
112643,BARANGAY 92,6540
112644,BARANGAY 93,6540
112645,BARANGAY 94,6540
112646,BARANGAY 95,6540
112647,BARANGAY 96,6540
112648,BARANGAY 97,6540
112649,BARANGAY 98,6540
112650,BARANGAY 99,6540
112651,BARANGAY 100,6540
112652,BARANGAY 101,6540
112653,BARANGAY 102,6540
112654,BARANGAY 103,6540
112655,BARANGAY 104,6540
112656,BARANGAY 105,6540
112657,BARANGAY 106,6540
112658,BARANGAY 107,6540
112659,BARANGAY 108,6540
112660,BARANGAY 109,6540
112661,BARANGAY 110,6540
112662,BARANGAY 111,6540
112663,BARANGAY 112,6540
112664,BARANGAY 113,6540
112665,BARANGAY 114,6540
112666,BARANGAY 115,6540
112667,BARANGAY 116,6540
112668,BARANGAY 117,6540
112669,BARANGAY 118,6540
112670,BARANGAY 119,6540
112671,BARANGAY 120,6540
112672,BARANGAY 121,6540
112673,BARANGAY 122,6540
112674,BARANGAY 123,6540
112675,BARANGAY 124,6540
112676,BARANGAY 125,6540
112677,BARANGAY 126,6540
112678,BARANGAY 127,6540
112679,BARANGAY 128,6540
112680,BARANGAY 129,6540
112681,BARANGAY 130,6540
112682,BARANGAY 131,6540
112683,BARANGAY 132,6540
112684,BARANGAY 133,6540
112685,BARANGAY 134,6540
112686,BARANGAY 135,6540
112687,BARANGAY 136,6540
112688,BARANGAY 137,6540
112689,BARANGAY 138,6540
112690,BARANGAY 139,6540
112691,BARANGAY 140,6540
112692,BARANGAY 141,6540
112693,BARANGAY 142,6540
112694,BARANGAY 143,6540
112695,BARANGAY 144,6540
112696,BARANGAY 145,6540
112697,BARANGAY 146,6540
112698,BARANGAY 147,6540
112699,BARANGAY 148,6540
112700,BARANGAY 149,6540
112701,BARANGAY 150,6540
112702,BARANGAY 151,6540
112703,BARANGAY 152,6540
112704,BARANGAY 153,6540
112705,BARANGAY 154,6540
112706,BARANGAY 155,6540
112707,BARANGAY 156,6540
112708,BARANGAY 157,6540
112709,BARANGAY 158,6540
112710,BARANGAY 159,6540
112711,BARANGAY 160,6540
112712,BARANGAY 161,6540
112713,BARANGAY 162,6540
112714,BARANGAY 163,6540
112715,BARANGAY 164,6540
112716,BARANGAY 165,6540
112717,BARANGAY 166,6540
112718,BARANGAY 167,6540
112719,BARANGAY 168,6540
112720,BARANGAY 169,6540
112721,BARANGAY 170,6540
112722,BARANGAY 171,6540
112723,BARANGAY 172,6540
112724,BARANGAY 173,6540
112725,BARANGAY 174,6540
112726,BARANGAY 175,6540
112727,BARANGAY 176,6540
112728,BARANGAY 177,6540
112729,BARANGAY 178,6540
112730,BARANGAY 179,6540
112731,BARANGAY 180,6540
112732,BARANGAY 181,6540
112733,BARANGAY 182,6540
112734,BARANGAY 183,6540
112735,BARANGAY 184,6540
112736,BARANGAY 185,6540
112737,BARANGAY 186,6540
112738,BARANGAY 187,6540
112739,BARANGAY 188,6540
112740,BARANGAY 189,6540
112741,BARANGAY 190,6540
112742,BARANGAY 191,6540
112743,BARANGAY 192,6540
112744,BARANGAY 193,6540
112745,BARANGAY 194,6540
112746,BARANGAY 195,6540
112747,BARANGAY 196,6540
112748,BARANGAY 197,6540
112749,BARANGAY 198,6540
112750,BARANGAY 199,6540
112751,BARANGAY 200,6540
112752,BARANGAY 201,6540
112753,BARANGAY 287,6541
112754,BARANGAY 288,6541
112755,BARANGAY 289,6541
112756,BARANGAY 290,6541
112757,BARANGAY 291,6541
112758,BARANGAY 292,6541
112759,BARANGAY 293,6541
112760,BARANGAY 294,6541
112761,BARANGAY 295,6541
112762,BARANGAY 296,6541
112763,BARANGAY 659,6542
112764,BARANGAY 659-A,6542
112765,BARANGAY 660,6542
112766,BARANGAY 660-A,6542
112767,BARANGAY 661,6542
112768,BARANGAY 663,6542
112769,BARANGAY 663-A,6542
112770,BARANGAY 664,6542
112771,BARANGAY 666,6542
112772,BARANGAY 667,6542
112773,BARANGAY 668,6542
112774,BARANGAY 669,6542
112775,BARANGAY 670,6542
112776,BARANGAY 654,6543
112777,BARANGAY 655,6543
112778,BARANGAY 656,6543
112779,BARANGAY 657,6543
112780,BARANGAY 658,6543
112781,BARANGAY 688,6544
112782,BARANGAY 689,6544
112783,BARANGAY 690,6544
112784,BARANGAY 691,6544
112785,BARANGAY 692,6544
112786,BARANGAY 693,6544
112787,BARANGAY 694,6544
112788,BARANGAY 695,6544
112789,BARANGAY 696,6544
112790,BARANGAY 697,6544
112791,BARANGAY 698,6544
112792,BARANGAY 699,6544
112793,BARANGAY 700,6544
112794,BARANGAY 701,6544
112795,BARANGAY 702,6544
112796,BARANGAY 703,6544
112797,BARANGAY 704,6544
112798,BARANGAY 705,6544
112799,BARANGAY 706,6544
112800,BARANGAY 707,6544
112801,BARANGAY 708,6544
112802,BARANGAY 709,6544
112803,BARANGAY 710,6544
112804,BARANGAY 711,6544
112805,BARANGAY 712,6544
112806,BARANGAY 713,6544
112807,BARANGAY 714,6544
112808,BARANGAY 715,6544
112809,BARANGAY 716,6544
112810,BARANGAY 717,6544
112811,BARANGAY 718,6544
112812,BARANGAY 719,6544
112813,BARANGAY 720,6544
112814,BARANGAY 721,6544
112815,BARANGAY 722,6544
112816,BARANGAY 723,6544
112817,BARANGAY 724,6544
112818,BARANGAY 725,6544
112819,BARANGAY 726,6544
112820,BARANGAY 727,6544
112821,BARANGAY 728,6544
112822,BARANGAY 729,6544
112823,BARANGAY 730,6544
112824,BARANGAY 731,6544
112825,BARANGAY 732,6544
112826,BARANGAY 733,6544
112827,BARANGAY 734,6544
112828,BARANGAY 735,6544
112829,BARANGAY 736,6544
112830,BARANGAY 737,6544
112831,BARANGAY 738,6544
112832,BARANGAY 739,6544
112833,BARANGAY 740,6544
112834,BARANGAY 741,6544
112835,BARANGAY 742,6544
112836,BARANGAY 743,6544
112837,BARANGAY 744,6544
112838,BARANGAY 662,6545
112839,BARANGAY 664-A,6545
112840,BARANGAY 671,6545
112841,BARANGAY 672,6545
112842,BARANGAY 673,6545
112843,BARANGAY 674,6545
112844,BARANGAY 675,6545
112845,BARANGAY 676,6545
112846,BARANGAY 677,6545
112847,BARANGAY 678,6545
112848,BARANGAY 679,6545
112849,BARANGAY 680,6545
112850,BARANGAY 681,6545
112851,BARANGAY 682,6545
112852,BARANGAY 683,6545
112853,BARANGAY 684,6545
112854,BARANGAY 685,6545
112855,BARANGAY 686,6545
112856,BARANGAY 687,6545
112857,BARANGAY 809,6545
112858,BARANGAY 810,6545
112859,BARANGAY 811,6545
112860,BARANGAY 812,6545
112861,BARANGAY 813,6545
112862,BARANGAY 814,6545
112863,BARANGAY 815,6545
112864,BARANGAY 816,6545
112865,BARANGAY 817,6545
112866,BARANGAY 818,6545
112867,BARANGAY 819,6545
112868,BARANGAY 820,6545
112869,BARANGAY 821,6545
112870,BARANGAY 822,6545
112871,BARANGAY 823,6545
112872,BARANGAY 824,6545
112873,BARANGAY 825,6545
112874,BARANGAY 826,6545
112875,BARANGAY 827,6545
112876,BARANGAY 828,6545
112877,BARANGAY 829,6567
112878,BARANGAY 830,6567
112879,BARANGAY 831,6567
112880,BARANGAY 832,6567
112881,BARANGAY 833,6546
112882,BARANGAY 834,6546
112883,BARANGAY 835,6546
112884,BARANGAY 836,6546
112885,BARANGAY 837,6546
112886,BARANGAY 838,6546
112887,BARANGAY 839,6546
112888,BARANGAY 840,6546
112889,BARANGAY 841,6546
112890,BARANGAY 842,6546
112891,BARANGAY 843,6546
112892,BARANGAY 844,6546
112893,BARANGAY 845,6546
112894,BARANGAY 846,6546
112895,BARANGAY 847,6546
112896,BARANGAY 848,6546
112897,BARANGAY 849,6546
112898,BARANGAY 850,6546
112899,BARANGAY 851,6546
112900,BARANGAY 852,6546
112901,BARANGAY 853,6546
112902,BARANGAY 855,6546
112903,BARANGAY 856,6546
112904,BARANGAY 857,6546
112905,BARANGAY 858,6546
112906,BARANGAY 859,6546
112907,BARANGAY 860,6546
112908,BARANGAY 861,6546
112909,BARANGAY 862,6546
112910,BARANGAY 863,6546
112911,BARANGAY 864,6546
112912,BARANGAY 865,6546
112913,BARANGAY 867,6546
112914,BARANGAY 868,6546
112915,BARANGAY 869,6546
112916,BARANGAY 870,6546
112917,BARANGAY 871,6546
112918,BARANGAY 872,6546
112919,BARANGAY 649,6547
112920,BARANGAY 650,6547
112921,BARANGAY 651,6547
112922,BARANGAY 652,6547
112923,BARANGAY 653,6547
112924,BARANGAY 306,6548
112925,BARANGAY 307,6548
112926,BARANGAY 308,6548
112927,BARANGAY 309,6548
112928,BARANGAY 383,6548
112929,BARANGAY 384,6548
112930,BARANGAY 385,6548
112931,BARANGAY 386,6548
112932,BARANGAY 387,6548
112933,BARANGAY 388,6548
112934,BARANGAY 389,6548
112935,BARANGAY 390,6548
112936,BARANGAY 391,6548
112937,BARANGAY 392,6548
112938,BARANGAY 393,6548
112939,BARANGAY 394,6548
112940,BARANGAY 395,6549
112941,BARANGAY 396,6549
112942,BARANGAY 397,6549
112943,BARANGAY 398,6549
112944,BARANGAY 399,6549
112945,BARANGAY 400,6549
112946,BARANGAY 401,6549
112947,BARANGAY 402,6549
112948,BARANGAY 403,6549
112949,BARANGAY 404,6549
112950,BARANGAY 405,6549
112951,BARANGAY 406,6549
112952,BARANGAY 407,6549
112953,BARANGAY 408,6549
112954,BARANGAY 409,6549
112955,BARANGAY 410,6549
112956,BARANGAY 411,6549
112957,BARANGAY 412,6549
112958,BARANGAY 413,6549
112959,BARANGAY 414,6549
112960,BARANGAY 415,6549
112961,BARANGAY 416,6549
112962,BARANGAY 417,6549
112963,BARANGAY 418,6549
112964,BARANGAY 419,6549
112965,BARANGAY 420,6549
112966,BARANGAY 421,6549
112967,BARANGAY 422,6549
112968,BARANGAY 423,6549
112969,BARANGAY 424,6549
112970,BARANGAY 425,6549
112971,BARANGAY 426,6549
112972,BARANGAY 427,6549
112973,BARANGAY 428,6549
112974,BARANGAY 429,6549
112975,BARANGAY 430,6549
112976,BARANGAY 431,6549
112977,BARANGAY 432,6549
112978,BARANGAY 433,6549
112979,BARANGAY 434,6549
112980,BARANGAY 435,6549
112981,BARANGAY 436,6549
112982,BARANGAY 437,6549
112983,BARANGAY 438,6549
112984,BARANGAY 439,6549
112985,BARANGAY 440,6549
112986,BARANGAY 441,6549
112987,BARANGAY 442,6549
112988,BARANGAY 443,6549
112989,BARANGAY 444,6549
112990,BARANGAY 445,6549
112991,BARANGAY 446,6549
112992,BARANGAY 447,6549
112993,BARANGAY 448,6549
112994,BARANGAY 449,6549
112995,BARANGAY 450,6549
112996,BARANGAY 451,6549
112997,BARANGAY 452,6549
112998,BARANGAY 453,6549
112999,BARANGAY 454,6549
113000,BARANGAY 455,6549
113001,BARANGAY 456,6549
113002,BARANGAY 457,6549
113003,BARANGAY 458,6549
113004,BARANGAY 459,6549
113005,BARANGAY 460,6549
113006,BARANGAY 461,6549
113007,BARANGAY 462,6549
113008,BARANGAY 463,6549
113009,BARANGAY 464,6549
113010,BARANGAY 465,6549
113011,BARANGAY 466,6549
113012,BARANGAY 467,6549
113013,BARANGAY 468,6549
113014,BARANGAY 469,6549
113015,BARANGAY 470,6549
113016,BARANGAY 471,6549
113017,BARANGAY 472,6549
113018,BARANGAY 473,6549
113019,BARANGAY 474,6549
113020,BARANGAY 475,6549
113021,BARANGAY 476,6549
113022,BARANGAY 477,6549
113023,BARANGAY 478,6549
113024,BARANGAY 479,6549
113025,BARANGAY 480,6549
113026,BARANGAY 481,6549
113027,BARANGAY 482,6549
113028,BARANGAY 483,6549
113029,BARANGAY 484,6549
113030,BARANGAY 485,6549
113031,BARANGAY 486,6549
113032,BARANGAY 487,6549
113033,BARANGAY 488,6549
113034,BARANGAY 489,6549
113035,BARANGAY 490,6549
113036,BARANGAY 491,6549
113037,BARANGAY 492,6549
113038,BARANGAY 493,6549
113039,BARANGAY 494,6549
113040,BARANGAY 495,6549
113041,BARANGAY 496,6549
113042,BARANGAY 497,6549
113043,BARANGAY 498,6549
113044,BARANGAY 499,6549
113045,BARANGAY 500,6549
113046,BARANGAY 501,6549
113047,BARANGAY 502,6549
113048,BARANGAY 503,6549
113049,BARANGAY 504,6549
113050,BARANGAY 505,6549
113051,BARANGAY 506,6549
113052,BARANGAY 507,6549
113053,BARANGAY 508,6549
113054,BARANGAY 509,6549
113055,BARANGAY 510,6549
113056,BARANGAY 511,6549
113057,BARANGAY 512,6549
113058,BARANGAY 513,6549
113059,BARANGAY 514,6549
113060,BARANGAY 515,6549
113061,BARANGAY 516,6549
113062,BARANGAY 517,6549
113063,BARANGAY 518,6549
113064,BARANGAY 519,6549
113065,BARANGAY 520,6549
113066,BARANGAY 521,6549
113067,BARANGAY 522,6549
113068,BARANGAY 523,6549
113069,BARANGAY 524,6549
113070,BARANGAY 525,6549
113071,BARANGAY 526,6549
113072,BARANGAY 527,6549
113073,BARANGAY 528,6549
113074,BARANGAY 529,6549
113075,BARANGAY 530,6549
113076,BARANGAY 531,6549
113077,BARANGAY 532,6549
113078,BARANGAY 533,6549
113079,BARANGAY 534,6549
113080,BARANGAY 535,6549
113081,BARANGAY 536,6549
113082,BARANGAY 537,6549
113083,BARANGAY 538,6549
113084,BARANGAY 539,6549
113085,BARANGAY 540,6549
113086,BARANGAY 541,6549
113087,BARANGAY 542,6549
113088,BARANGAY 543,6549
113089,BARANGAY 544,6549
113090,BARANGAY 545,6549
113091,BARANGAY 546,6549
113092,BARANGAY 547,6549
113093,BARANGAY 548,6549
113094,BARANGAY 549,6549
113095,BARANGAY 550,6549
113096,BARANGAY 551,6549
113097,BARANGAY 552,6549
113098,BARANGAY 553,6549
113099,BARANGAY 554,6549
113100,BARANGAY 555,6549
113101,BARANGAY 556,6549
113102,BARANGAY 557,6549
113103,BARANGAY 558,6549
113104,BARANGAY 559,6549
113105,BARANGAY 560,6549
113106,BARANGAY 561,6549
113107,BARANGAY 562,6549
113108,BARANGAY 563,6549
113109,BARANGAY 564,6549
113110,BARANGAY 565,6549
113111,BARANGAY 566,6549
113112,BARANGAY 567,6549
113113,BARANGAY 568,6549
113114,BARANGAY 569,6549
113115,BARANGAY 570,6549
113116,BARANGAY 571,6549
113117,BARANGAY 572,6549
113118,BARANGAY 573,6549
113119,BARANGAY 574,6549
113120,BARANGAY 575,6549
113121,BARANGAY 576,6549
113122,BARANGAY 577,6549
113123,BARANGAY 578,6549
113124,BARANGAY 579,6549
113125,BARANGAY 580,6549
113126,BARANGAY 581,6549
113127,BARANGAY 582,6549
113128,BARANGAY 583,6549
113129,BARANGAY 584,6549
113130,BARANGAY 585,6549
113131,BARANGAY 586,6549
113132,BARANGAY 587,6549
113133,BARANGAY 587-A,6549
113134,BARANGAY 588,6549
113135,BARANGAY 589,6549
113136,BARANGAY 590,6549
113137,BARANGAY 591,6549
113138,BARANGAY 592,6549
113139,BARANGAY 593,6549
113140,BARANGAY 594,6549
113141,BARANGAY 595,6549
113142,BARANGAY 596,6549
113143,BARANGAY 597,6549
113144,BARANGAY 598,6549
113145,BARANGAY 599,6549
113146,BARANGAY 600,6549
113147,BARANGAY 601,6549
113148,BARANGAY 602,6549
113149,BARANGAY 603,6549
113150,BARANGAY 604,6549
113151,BARANGAY 605,6549
113152,BARANGAY 606,6549
113153,BARANGAY 607,6549
113154,BARANGAY 608,6549
113155,BARANGAY 609,6549
113156,BARANGAY 610,6549
113157,BARANGAY 611,6549
113158,BARANGAY 612,6549
113159,BARANGAY 613,6549
113160,BARANGAY 614,6549
113161,BARANGAY 615,6549
113162,BARANGAY 616,6549
113163,BARANGAY 617,6549
113164,BARANGAY 618,6549
113165,BARANGAY 619,6549
113166,BARANGAY 620,6549
113167,BARANGAY 621,6549
113168,BARANGAY 622,6549
113169,BARANGAY 623,6549
113170,BARANGAY 624,6549
113171,BARANGAY 625,6549
113172,BARANGAY 626,6549
113173,BARANGAY 627,6549
113174,BARANGAY 628,6549
113175,BARANGAY 629,6549
113176,BARANGAY 630,6549
113177,BARANGAY 631,6549
113178,BARANGAY 632,6549
113179,BARANGAY 633,6549
113180,BARANGAY 634,6549
113181,BARANGAY 635,6549
113182,BARANGAY 636,6549
113183,BARANGAY 637,6550
113184,BARANGAY 638,6550
113185,BARANGAY 639,6550
113186,BARANGAY 640,6550
113187,BARANGAY 641,6550
113188,BARANGAY 642,6550
113189,BARANGAY 643,6550
113190,BARANGAY 644,6550
113191,BARANGAY 645,6550
113192,BARANGAY 646,6550
113193,BARANGAY 647,6550
113194,BARANGAY 648,6550
113195,BARANGAY 268,6551
113196,BARANGAY 269,6551
113197,BARANGAY 270,6551
113198,BARANGAY 271,6551
113199,BARANGAY 272,6551
113200,BARANGAY 273,6551
113201,BARANGAY 274,6551
113202,BARANGAY 275,6551
113203,BARANGAY 276,6551
113204,BARANGAY 281,6551
113205,BARANGAY 282,6551
113206,BARANGAY 283,6551
113207,BARANGAY 284,6551
113208,BARANGAY 285,6551
113209,BARANGAY 286,6551
113210,BARANGAY 745,6552
113211,BARANGAY 746,6552
113212,BARANGAY 747,6552
113213,BARANGAY 748,6552
113214,BARANGAY 749,6552
113215,BARANGAY 750,6552
113216,BARANGAY 751,6552
113217,BARANGAY 752,6552
113218,BARANGAY 753,6552
113219,BARANGAY 754,6552
113220,BARANGAY 755,6552
113221,BARANGAY 756,6552
113222,BARANGAY 757,6552
113223,BARANGAY 758,6552
113224,BARANGAY 759,6552
113225,BARANGAY 760,6552
113226,BARANGAY 761,6552
113227,BARANGAY 762,6552
113228,BARANGAY 763,6552
113229,BARANGAY 764,6552
113230,BARANGAY 765,6552
113231,BARANGAY 766,6552
113232,BARANGAY 767,6552
113233,BARANGAY 768,6552
113234,BARANGAY 769,6552
113235,BARANGAY 770,6552
113236,BARANGAY 771,6552
113237,BARANGAY 772,6552
113238,BARANGAY 773,6552
113239,BARANGAY 774,6552
113240,BARANGAY 775,6552
113241,BARANGAY 776,6552
113242,BARANGAY 777,6552
113243,BARANGAY 778,6552
113244,BARANGAY 779,6552
113245,BARANGAY 780,6552
113246,BARANGAY 781,6552
113247,BARANGAY 782,6552
113248,BARANGAY 783,6552
113249,BARANGAY 784,6552
113250,BARANGAY 785,6552
113251,BARANGAY 786,6552
113252,BARANGAY 787,6552
113253,BARANGAY 788,6552
113254,BARANGAY 789,6552
113255,BARANGAY 790,6552
113256,BARANGAY 791,6552
113257,BARANGAY 792,6552
113258,BARANGAY 793,6552
113259,BARANGAY 794,6552
113260,BARANGAY 795,6552
113261,BARANGAY 796,6552
113262,BARANGAY 797,6552
113263,BARANGAY 798,6552
113264,BARANGAY 799,6552
113265,BARANGAY 800,6552
113266,BARANGAY 801,6552
113267,BARANGAY 802,6552
113268,BARANGAY 803,6552
113269,BARANGAY 804,6552
113270,BARANGAY 805,6552
113271,BARANGAY 806,6552
113272,BARANGAY 807,6552
113273,BARANGAY 808,6552
113274,BARANGAY 818-A,6552
113275,BARANGAY 866,6552
113276,BARANGAY 873,6552
113277,BARANGAY 874,6552
113278,BARANGAY 875,6552
113279,BARANGAY 876,6552
113280,BARANGAY 877,6552
113281,BARANGAY 878,6552
113282,BARANGAY 879,6552
113283,BARANGAY 880,6552
113284,BARANGAY 881,6552
113285,BARANGAY 882,6552
113286,BARANGAY 883,6552
113287,BARANGAY 884,6552
113288,BARANGAY 885,6552
113289,BARANGAY 886,6552
113290,BARANGAY 887,6552
113291,BARANGAY 888,6552
113292,BARANGAY 889,6552
113293,BARANGAY 890,6552
113294,BARANGAY 891,6552
113295,BARANGAY 892,6552
113296,BARANGAY 893,6552
113297,BARANGAY 894,6552
113298,BARANGAY 895,6552
113299,BARANGAY 896,6552
113300,BARANGAY 897,6552
113301,BARANGAY 898,6552
113302,BARANGAY 899,6552
113303,BARANGAY 900,6552
113304,BARANGAY 901,6552
113305,BARANGAY 902,6552
113306,BARANGAY 903,6552
113307,BARANGAY 904,6552
113308,BARANGAY 905,6552
113309,BARANGAY 297,6553
113310,BARANGAY 298,6553
113311,BARANGAY 299,6553
113312,BARANGAY 300,6553
113313,BARANGAY 301,6553
113314,BARANGAY 302,6553
113315,BARANGAY 303,6553
113316,BARANGAY 304,6553
113317,BARANGAY 305,6553
113318,BARANGAY 310,6553
113319,BARANGAY 311,6553
113320,BARANGAY 312,6553
113321,BARANGAY 313,6553
113322,BARANGAY 314,6553
113323,BARANGAY 315,6553
113324,BARANGAY 316,6553
113325,BARANGAY 317,6553
113326,BARANGAY 318,6553
113327,BARANGAY 319,6553
113328,BARANGAY 320,6553
113329,BARANGAY 321,6553
113330,BARANGAY 322,6553
113331,BARANGAY 323,6553
113332,BARANGAY 324,6553
113333,BARANGAY 325,6553
113334,BARANGAY 326,6553
113335,BARANGAY 327,6553
113336,BARANGAY 328,6553
113337,BARANGAY 329,6553
113338,BARANGAY 330,6553
113339,BARANGAY 331,6553
113340,BARANGAY 332,6553
113341,BARANGAY 333,6553
113342,BARANGAY 334,6553
113343,BARANGAY 335,6553
113344,BARANGAY 336,6553
113345,BARANGAY 337,6553
113346,BARANGAY 338,6553
113347,BARANGAY 339,6553
113348,BARANGAY 340,6553
113349,BARANGAY 341,6553
113350,BARANGAY 342,6553
113351,BARANGAY 343,6553
113352,BARANGAY 344,6553
113353,BARANGAY 345,6553
113354,BARANGAY 346,6553
113355,BARANGAY 347,6553
113356,BARANGAY 348,6553
113357,BARANGAY 349,6553
113358,BARANGAY 350,6553
113359,BARANGAY 351,6553
113360,BARANGAY 352,6553
113361,BARANGAY 353,6553
113362,BARANGAY 354,6553
113363,BARANGAY 355,6553
113364,BARANGAY 356,6553
113365,BARANGAY 357,6553
113366,BARANGAY 358,6553
113367,BARANGAY 359,6553
113368,BARANGAY 360,6553
113369,BARANGAY 361,6553
113370,BARANGAY 362,6553
113371,BARANGAY 363,6553
113372,BARANGAY 364,6553
113373,BARANGAY 365,6553
113374,BARANGAY 366,6553
113375,BARANGAY 367,6553
113376,BARANGAY 368,6553
113377,BARANGAY 369,6553
113378,BARANGAY 370,6553
113379,BARANGAY 371,6553
113380,BARANGAY 372,6553
113381,BARANGAY 373,6553
113382,BARANGAY 374,6553
113383,BARANGAY 375,6553
113384,BARANGAY 376,6553
113385,BARANGAY 377,6553
113386,BARANGAY 378,6553
113387,BARANGAY 379,6553
113388,BARANGAY 380,6553
113389,BARANGAY 381,6553
113390,BARANGAY 382,6553
113391,BARANGAY 1,6566
113392,BARANGAY 2,6566
113393,BARANGAY 3,6566
113394,BARANGAY 4,6566
113395,BARANGAY 5,6566
113396,BARANGAY 6,6566
113397,BARANGAY 7,6566
113398,BARANGAY 8,6566
113399,BARANGAY 9,6566
113400,BARANGAY 11,6566
113401,BARANGAY 12,6566
113402,BARANGAY 13,6566
113403,BARANGAY 14,6566
113404,BARANGAY 15,6566
113405,BARANGAY 16,6566
113406,BARANGAY 17,6566
113407,BARANGAY 18,6566
113408,BARANGAY 19,6566
113409,BARANGAY 20,6566
113410,BARANGAY 25,6566
113411,BARANGAY 26,6566
113412,BARANGAY 28,6566
113413,BARANGAY 29,6566
113414,BARANGAY 30,6566
113415,BARANGAY 31,6566
113416,BARANGAY 32,6566
113417,BARANGAY 33,6566
113418,BARANGAY 34,6566
113419,BARANGAY 35,6566
113420,BARANGAY 36,6566
113421,BARANGAY 37,6566
113422,BARANGAY 38,6566
113423,BARANGAY 39,6566
113424,BARANGAY 41,6566
113425,BARANGAY 42,6566
113426,BARANGAY 43,6566
113427,BARANGAY 44,6566
113428,BARANGAY 45,6566
113429,BARANGAY 46,6566
113430,BARANGAY 47,6566
113431,BARANGAY 48,6566
113432,BARANGAY 49,6566
113433,BARANGAY 50,6566
113434,BARANGAY 51,6566
113435,BARANGAY 52,6566
113436,BARANGAY 53,6566
113437,BARANGAY 54,6566
113438,BARANGAY 55,6566
113439,BARANGAY 56,6566
113440,BARANGAY 57,6566
113441,BARANGAY 58,6566
113442,BARANGAY 59,6566
113443,BARANGAY 60,6566
113444,BARANGAY 61,6566
113445,BARANGAY 62,6566
113446,BARANGAY 63,6566
113447,BARANGAY 64,6566
113448,BARANGAY 65,6566
113449,BARANGAY 66,6566
113450,BARANGAY 67,6566
113451,BARANGAY 68,6566
113452,BARANGAY 69,6566
113453,BARANGAY 70,6566
113454,BARANGAY 71,6566
113455,BARANGAY 72,6566
113456,BARANGAY 73,6566
113457,BARANGAY 74,6566
113458,BARANGAY 75,6566
113459,BARANGAY 76,6566
113460,BARANGAY 77,6566
113461,BARANGAY 78,6566
113462,BARANGAY 79,6566
113463,BARANGAY 80,6566
113464,BARANGAY 81,6566
113465,BARANGAY 82,6566
113466,BARANGAY 83,6566
113467,BARANGAY 84,6566
113468,BARANGAY 85,6566
113469,BARANGAY 86,6566
113470,BARANGAY 87,6566
113471,BARANGAY 88,6566
113472,BARANGAY 89,6566
113473,BARANGAY 90,6566
113474,BARANGAY 91,6566
113475,BARANGAY 92,6566
113476,BARANGAY 93,6566
113477,BARANGAY 94,6566
113478,BARANGAY 95,6566
113479,BARANGAY 96,6566
113480,BARANGAY 97,6566
113481,BARANGAY 98,6566
113482,BARANGAY 99,6566
113483,BARANGAY 100,6566
113484,BARANGAY 101,6566
113485,BARANGAY 102,6566
113486,BARANGAY 103,6566
113487,BARANGAY 104,6566
113488,BARANGAY 105,6566
113489,BARANGAY 106,6566
113490,BARANGAY 107,6566
113491,BARANGAY 108,6566
113492,BARANGAY 109,6566
113493,BARANGAY 110,6566
113494,BARANGAY 111,6566
113495,BARANGAY 112,6566
113496,BARANGAY 116,6566
113497,BARANGAY 117,6566
113498,BARANGAY 118,6566
113499,BARANGAY 119,6566
113500,BARANGAY 120,6566
113501,BARANGAY 121,6566
113502,BARANGAY 122,6566
113503,BARANGAY 123,6566
113504,BARANGAY 124,6566
113505,BARANGAY 125,6566
113506,BARANGAY 126,6566
113507,BARANGAY 127,6566
113508,BARANGAY 128,6566
113509,BARANGAY 129,6566
113510,BARANGAY 130,6566
113511,BARANGAY 131,6566
113512,BARANGAY 132,6566
113513,BARANGAY 133,6566
113514,BARANGAY 134,6566
113515,BARANGAY 135,6566
113516,BARANGAY 136,6566
113517,BARANGAY 137,6566
113518,BARANGAY 138,6566
113519,BARANGAY 139,6566
113520,BARANGAY 140,6566
113521,BARANGAY 141,6566
113522,BARANGAY 142,6566
113523,BARANGAY 143,6566
113524,BARANGAY 144,6566
113525,BARANGAY 145,6566
113526,BARANGAY 146,6566
113527,BARANGAY 147,6554
113528,BARANGAY 148,6554
113529,BARANGAY 149,6554
113530,BARANGAY 150,6554
113531,BARANGAY 151,6554
113532,BARANGAY 152,6554
113533,BARANGAY 153,6554
113534,BARANGAY 154,6554
113535,BARANGAY 155,6554
113536,BARANGAY 156,6554
113537,BARANGAY 157,6554
113538,BARANGAY 158,6554
113539,BARANGAY 159,6554
113540,BARANGAY 160,6554
113541,BARANGAY 161,6554
113542,BARANGAY 162,6554
113543,BARANGAY 163,6554
113544,BARANGAY 164,6554
113545,BARANGAY 165,6554
113546,BARANGAY 166,6554
113547,BARANGAY 167,6554
113548,BARANGAY 168,6554
113549,BARANGAY 169,6554
113550,BARANGAY 170,6554
113551,BARANGAY 171,6554
113552,BARANGAY 172,6554
113553,BARANGAY 173,6554
113554,BARANGAY 174,6554
113555,BARANGAY 175,6554
113556,BARANGAY 176,6554
113557,BARANGAY 177,6554
113558,BARANGAY 178,6554
113559,BARANGAY 179,6554
113560,BARANGAY 180,6554
113561,BARANGAY 181,6554
113562,BARANGAY 182,6554
113563,BARANGAY 183,6554
113564,BARANGAY 184,6554
113565,BARANGAY 185,6554
113566,BARANGAY 186,6554
113567,BARANGAY 187,6554
113568,BARANGAY 188,6554
113569,BARANGAY 189,6554
113570,BARANGAY 190,6554
113571,BARANGAY 191,6554
113572,BARANGAY 192,6554
113573,BARANGAY 193,6554
113574,BARANGAY 194,6554
113575,BARANGAY 195,6554
113576,BARANGAY 196,6554
113577,BARANGAY 197,6554
113578,BARANGAY 198,6554
113579,BARANGAY 199,6554
113580,BARANGAY 200,6554
113581,BARANGAY 201,6554
113582,BARANGAY 202,6554
113583,BARANGAY 202-A,6554
113584,BARANGAY 203,6554
113585,BARANGAY 204,6554
113586,BARANGAY 205,6554
113587,BARANGAY 206,6554
113588,BARANGAY 207,6554
113589,BARANGAY 208,6554
113590,BARANGAY 209,6554
113591,BARANGAY 210,6554
113592,BARANGAY 211,6554
113593,BARANGAY 212,6554
113594,BARANGAY 213,6554
113595,BARANGAY 214,6554
113596,BARANGAY 215,6554
113597,BARANGAY 216,6554
113598,BARANGAY 217,6554
113599,BARANGAY 218,6554
113600,BARANGAY 219,6554
113601,BARANGAY 220,6554
113602,BARANGAY 221,6554
113603,BARANGAY 222,6554
113604,BARANGAY 223,6554
113605,BARANGAY 224,6554
113606,BARANGAY 225,6554
113607,BARANGAY 226,6554
113608,BARANGAY 227,6554
113609,BARANGAY 228,6554
113610,BARANGAY 229,6554
113611,BARANGAY 230,6554
113612,BARANGAY 231,6554
113613,BARANGAY 232,6554
113614,BARANGAY 233,6554
113615,BARANGAY 234,6554
113616,BARANGAY 235,6554
113617,BARANGAY 236,6554
113618,BARANGAY 237,6554
113619,BARANGAY 238,6554
113620,BARANGAY 239,6554
113621,BARANGAY 240,6554
113622,BARANGAY 241,6554
113623,BARANGAY 242,6554
113624,BARANGAY 243,6554
113625,BARANGAY 244,6554
113626,BARANGAY 245,6554
113627,BARANGAY 246,6554
113628,BARANGAY 247,6554
113629,BARANGAY 248,6554
113630,BARANGAY 249,6554
113631,BARANGAY 250,6554
113632,BARANGAY 251,6554
113633,BARANGAY 252,6554
113634,BARANGAY 253,6554
113635,BARANGAY 254,6554
113636,BARANGAY 255,6554
113637,BARANGAY 256,6554
113638,BARANGAY 257,6554
113639,BARANGAY 258,6554
113640,BARANGAY 259,6554
113641,BARANGAY 260,6554
113642,BARANGAY 261,6554
113643,BARANGAY 262,6554
113644,BARANGAY 263,6554
113645,BARANGAY 264,6554
113646,BARANGAY 265,6554
113647,BARANGAY 266,6554
113648,BARANGAY 267,6554
113649,ADDITION HILLS,6555
113650,BAGONG SILANG,6555
113651,BARANGKA DRIVE,6555
113652,BARANGKA IBABA,6555
113653,BARANGKA ILAYA,6555
113654,BARANGKA ITAAS,6555
113655,BUAYANG BATO,6555
113656,BUROL,6555
113657,DAANG BAKAL,6555
113658,HAGDANG BATO ITAAS,6555
113659,HAGDANG BATO LIBIS,6555
113660,HARAPIN ANG BUKAS,6555
113661,HIGHWAY HILLS,6555
113662,HULO,6555
113663,MABINI-J. RIZAL,6555
113664,MALAMIG,6555
113665,MAUWAY,6555
113666,NAMAYAN,6555
113667,NEW ZAÑIGA,6555
113668,OLD ZAÑIGA,6555
113669,PAG-ASA,6555
113670,PLAINVIEW,6555
113671,PLEASANT HILLS,6555
113672,POBLACION,6555
113673,SAN JOSE,6555
113674,VERGARA,6555
113675,WACK-WACK GREENHILLS,6555
113676,BARANGKA,6556
113677,CALUMPANG,6556
113678,CONCEPCION DOS,6556
113679,CONCEPCION UNO,6556
113680,FORTUNE,6556
113681,INDUSTRIAL VALLEY,6556
113682,JESUS DE LA PEÑA,6556
113683,MALANDAY,6556
113684,MARIKINA HEIGHTS (CONCEPCION),6556
113685,NANGKA,6556
113686,PARANG,6556
113687,SAN ROQUE,6556
113688,SANTA ELENA (POB.),6556
113689,SANTO NIÑO,6556
113690,TAÑONG,6556
113691,TUMANA,6556
113692,BAGONG ILOG,6557
113693,BAGONG KATIPUNAN,6557
113694,BAMBANG,6557
113695,BUTING,6557
113696,CANIOGAN,6557
113697,DELA PAZ,6557
113698,KALAWAAN,6557
113699,KAPASIGAN,6557
113700,KAPITOLYO,6557
113701,MALINAO,6557
113702,MANGGAHAN,6557
113703,MAYBUNGA,6557
113704,ORANBO,6557
113705,PALATIW,6557
113706,PINAGBUHATAN,6557
113707,PINEDA,6557
113708,ROSARIO,6557
113709,SAGAD,6557
113710,SAN ANTONIO,6557
113711,SAN JOAQUIN,6557
113712,SAN JOSE,6557
113713,SAN MIGUEL,6557
113714,SAN NICOLAS (POB.),6557
113715,SANTA CRUZ,6557
113716,SANTA LUCIA,6557
113717,SANTA ROSA,6557
113718,SANTO TOMAS,6557
113719,SANTOLAN,6557
113720,SUMILANG,6557
113721,UGONG,6557
113722,ALICIA,6558
113723,AMIHAN,6558
113724,APOLONIO SAMSON,6558
113725,AURORA,6558
113726,BAESA,6558
113727,BAGBAG,6558
113728,BAGONG LIPUNAN NG CRAME,6558
113729,BAGONG PAG-ASA,6558
113730,BAGONG SILANGAN,6558
113731,BAGUMBAYAN,6558
113732,BAGUMBUHAY,6558
113733,BAHAY TORO,6558
113734,BALINGASA,6558
113735,BALONG BATO,6558
113736,BATASAN HILLS,6558
113737,BAYANIHAN,6558
113738,BLUE RIDGE A,6558
113739,BLUE RIDGE B,6558
113740,BOTOCAN,6558
113741,BUNGAD,6558
113742,CAMP AGUINALDO,6558
113743,CAPRI,6558
113744,CENTRAL,6558
113745,CLARO,6558
113746,COMMONWEALTH,6558
113747,CULIAT,6558
113748,DAMAR,6558
113749,DAMAYAN,6558
113750,DAMAYANG LAGI,6558
113751,DEL MONTE,6558
113752,DIOQUINO ZOBEL,6558
113753,DON MANUEL,6558
113754,DOÑA IMELDA,6558
113755,DOÑA JOSEFA,6558
113756,DUYAN-DUYAN,6558
113757,E. RODRIGUEZ,6558
113758,EAST KAMIAS,6558
113759,ESCOPA I,6558
113760,ESCOPA II,6558
113761,ESCOPA III,6558
113762,ESCOPA IV,6558
113763,FAIRVIEW,6558
113764,GREATER LAGRO,6558
113765,GULOD,6558
113766,HOLY SPIRIT,6558
113767,HORSESHOE,6558
113768,IMMACULATE CONCEPCION,6558
113769,KALIGAYAHAN,6558
113770,KALUSUGAN,6558
113771,KAMUNING,6558
113772,KATIPUNAN,6558
113773,KAUNLARAN,6558
113774,KRISTONG HARI,6558
113775,KRUS NA LIGAS,6558
113776,LAGING HANDA,6558
113777,LIBIS,6558
113778,LOURDES,6558
113779,LOYOLA HEIGHTS,6558
113780,MAHARLIKA,6558
113781,MALAYA,6558
113782,MANGGA,6558
113783,MANRESA,6558
113784,MARIANA,6558
113785,MARIBLO,6558
113786,MARILAG,6558
113787,MASAGANA,6558
113788,MASAMBONG,6558
113789,MATANDANG BALARA,6558
113790,MILAGROSA,6558
113791,N.S. AMORANTO (GINTONG SILAHIS),6558
113792,NAGKAISANG NAYON,6558
113793,NAYONG KANLURAN,6558
113794,NEW ERA (CONSTITUTION HILLS),6558
113795,NORTH FAIRVIEW,6558
113796,NOVALICHES PROPER,6558
113797,OBRERO,6558
113798,OLD CAPITOL SITE,6558
113799,PAANG BUNDOK,6558
113800,PAG-IBIG SA NAYON,6558
113801,PALIGSAHAN,6558
113802,PALTOK,6558
113803,PANSOL,6558
113804,PARAISO,6558
113805,PASONG PUTIK PROPER (PASONG PUTIK),6558
113806,PASONG TAMO,6558
113807,PAYATAS,6558
113808,PHIL-AM,6558
113809,PINAGKAISAHAN,6558
113810,PINYAHAN,6558
113811,PROJECT 6,6558
113812,QUIRINO 2-A,6558
113813,QUIRINO 2-B,6558
113814,QUIRINO 2-C,6558
113815,QUIRINO 3-A,6558
113816,RAMON MAGSAYSAY,6558
113817,ROXAS,6558
113818,SACRED HEART,6558
113819,SAINT IGNATIUS,6558
113820,SAINT PETER,6558
113821,SALVACION,6558
113822,SAN AGUSTIN,6558
113823,SAN ANTONIO,6558
113824,SAN BARTOLOME,6558
113825,SAN ISIDRO,6558
113826,SAN ISIDRO LABRADOR,6558
113827,SAN JOSE,6558
113828,SAN MARTIN DE PORRES,6558
113829,SAN ROQUE,6558
113830,SAN VICENTE,6558
113831,SANGANDAAN,6558
113832,SANTA CRUZ,6558
113833,SANTA LUCIA,6558
113834,SANTA MONICA,6558
113835,SANTA TERESITA,6558
113836,SANTO CRISTO,6558
113837,SANTO DOMINGO (MATALAHIB),6558
113838,SANTO NIÑO,6558
113839,SANTOL,6558
113840,SAUYO,6558
113841,SIENNA,6558
113842,SIKATUNA VILLAGE,6558
113843,SILANGAN,6558
113844,SOCORRO,6558
113845,SOUTH TRIANGLE,6558
113846,TAGUMPAY,6558
113847,TALAYAN,6558
113848,TALIPAPA,6558
113849,TANDANG SORA,6558
113850,TATALON,6558
113851,TEACHERS VILLAGE EAST,6558
113852,TEACHERS VILLAGE WEST,6558
113853,U.P. CAMPUS,6558
113854,U.P. VILLAGE,6558
113855,UGONG NORTE,6558
113856,UNANG SIGAW,6558
113857,VALENCIA,6558
113858,VASRA,6558
113859,VETERANS VILLAGE,6558
113860,VILLA MARIA CLARA,6558
113861,WEST KAMIAS,6558
113862,WEST TRIANGLE,6558
113863,WHITE PLAINS,6558
113864,ADDITION HILLS,6559
113865,BALONG-BATO,6559
113866,BATIS,6559
113867,CORAZON DE JESUS,6559
113868,ERMITAÑO,6559
113869,GREENHILLS,6559
113870,HALO-HALO (ST. JOSEPH),6559
113871,ISABELITA,6559
113872,KABAYANAN,6559
113873,LITTLE BAGUIO,6559
113874,MAYTUNAS,6559
113875,ONSE,6559
113876,PASADEÑA,6559
113877,PEDRO CRUZ,6559
113878,PROGRESO,6559
113879,RIVERA,6559
113880,SALAPAN,6559
113881,SAN PERFECTO,6559
113882,SANTA LUCIA,6559
113883,TIBAGAN,6559
113884,WEST CRAME,6559
113885,BARANGAY 1,6560
113886,BARANGAY 2,6560
113887,BARANGAY 3,6560
113888,BARANGAY 4,6560
113889,BARANGAY 5,6560
113890,BARANGAY 6,6560
113891,BARANGAY 7,6560
113892,BARANGAY 8,6560
113893,BARANGAY 9,6560
113894,BARANGAY 10,6560
113895,BARANGAY 11,6560
113896,BARANGAY 12,6560
113897,BARANGAY 13,6560
113898,BARANGAY 14,6560
113899,BARANGAY 15,6560
113900,BARANGAY 16,6560
113901,BARANGAY 17,6560
113902,BARANGAY 18,6560
113903,BARANGAY 19,6560
113904,BARANGAY 20,6560
113905,BARANGAY 21,6560
113906,BARANGAY 22,6560
113907,BARANGAY 23,6560
113908,BARANGAY 24,6560
113909,BARANGAY 25,6560
113910,BARANGAY 26,6560
113911,BARANGAY 27,6560
113912,BARANGAY 28,6560
113913,BARANGAY 29,6560
113914,BARANGAY 30,6560
113915,BARANGAY 31,6560
113916,BARANGAY 32,6560
113917,BARANGAY 33,6560
113918,BARANGAY 34,6560
113919,BARANGAY 35,6560
113920,BARANGAY 36,6560
113921,BARANGAY 37,6560
113922,BARANGAY 38,6560
113923,BARANGAY 39,6560
113924,BARANGAY 40,6560
113925,BARANGAY 41,6560
113926,BARANGAY 42,6560
113927,BARANGAY 43,6560
113928,BARANGAY 44,6560
113929,BARANGAY 45,6560
113930,BARANGAY 46,6560
113931,BARANGAY 47,6560
113932,BARANGAY 48,6560
113933,BARANGAY 49,6560
113934,BARANGAY 50,6560
113935,BARANGAY 51,6560
113936,BARANGAY 52,6560
113937,BARANGAY 53,6560
113938,BARANGAY 54,6560
113939,BARANGAY 55,6560
113940,BARANGAY 56,6560
113941,BARANGAY 57,6560
113942,BARANGAY 58,6560
113943,BARANGAY 59,6560
113944,BARANGAY 60,6560
113945,BARANGAY 61,6560
113946,BARANGAY 62,6560
113947,BARANGAY 63,6560
113948,BARANGAY 64,6560
113949,BARANGAY 65,6560
113950,BARANGAY 66,6560
113951,BARANGAY 67,6560
113952,BARANGAY 68,6560
113953,BARANGAY 69,6560
113954,BARANGAY 70,6560
113955,BARANGAY 71,6560
113956,BARANGAY 72,6560
113957,BARANGAY 73,6560
113958,BARANGAY 74,6560
113959,BARANGAY 75,6560
113960,BARANGAY 76,6560
113961,BARANGAY 77,6560
113962,BARANGAY 78,6560
113963,BARANGAY 79,6560
113964,BARANGAY 80,6560
113965,BARANGAY 81,6560
113966,BARANGAY 82,6560
113967,BARANGAY 83,6560
113968,BARANGAY 84,6560
113969,BARANGAY 85,6560
113970,BARANGAY 86,6560
113971,BARANGAY 87,6560
113972,BARANGAY 88,6560
113973,BARANGAY 89,6560
113974,BARANGAY 90,6560
113975,BARANGAY 91,6560
113976,BARANGAY 92,6560
113977,BARANGAY 93,6560
113978,BARANGAY 94,6560
113979,BARANGAY 95,6560
113980,BARANGAY 96,6560
113981,BARANGAY 97,6560
113982,BARANGAY 98,6560
113983,BARANGAY 99,6560
113984,BARANGAY 100,6560
113985,BARANGAY 101,6560
113986,BARANGAY 102,6560
113987,BARANGAY 103,6560
113988,BARANGAY 104,6560
113989,BARANGAY 105,6560
113990,BARANGAY 106,6560
113991,BARANGAY 107,6560
113992,BARANGAY 108,6560
113993,BARANGAY 109,6560
113994,BARANGAY 110,6560
113995,BARANGAY 111,6560
113996,BARANGAY 112,6560
113997,BARANGAY 113,6560
113998,BARANGAY 114,6560
113999,BARANGAY 115,6560
114000,BARANGAY 116,6560
114001,BARANGAY 117,6560
114002,BARANGAY 118,6560
114003,BARANGAY 119,6560
114004,BARANGAY 120,6560
114005,BARANGAY 121,6560
114006,BARANGAY 122,6560
114007,BARANGAY 123,6560
114008,BARANGAY 124,6560
114009,BARANGAY 125,6560
114010,BARANGAY 126,6560
114011,BARANGAY 127,6560
114012,BARANGAY 128,6560
114013,BARANGAY 129,6560
114014,BARANGAY 130,6560
114015,BARANGAY 131,6560
114016,BARANGAY 132,6560
114017,BARANGAY 133,6560
114018,BARANGAY 134,6560
114019,BARANGAY 135,6560
114020,BARANGAY 136,6560
114021,BARANGAY 137,6560
114022,BARANGAY 138,6560
114023,BARANGAY 139,6560
114024,BARANGAY 140,6560
114025,BARANGAY 141,6560
114026,BARANGAY 142,6560
114027,BARANGAY 143,6560
114028,BARANGAY 144,6560
114029,BARANGAY 145,6560
114030,BARANGAY 146,6560
114031,BARANGAY 147,6560
114032,BARANGAY 148,6560
114033,BARANGAY 149,6560
114034,BARANGAY 150,6560
114035,BARANGAY 151,6560
114036,BARANGAY 152,6560
114037,BARANGAY 153,6560
114038,BARANGAY 154,6560
114039,BARANGAY 155,6560
114040,BARANGAY 156,6560
114041,BARANGAY 157,6560
114042,BARANGAY 158,6560
114043,BARANGAY 159,6560
114044,BARANGAY 160,6560
114045,BARANGAY 161,6560
114046,BARANGAY 162,6560
114047,BARANGAY 163,6560
114048,BARANGAY 164,6560
114049,BARANGAY 165,6560
114050,BARANGAY 166,6560
114051,BARANGAY 167,6560
114052,BARANGAY 168,6560
114053,BARANGAY 169,6560
114054,BARANGAY 170,6560
114055,BARANGAY 171,6560
114056,BARANGAY 172,6560
114057,BARANGAY 173,6560
114058,BARANGAY 174,6560
114059,BARANGAY 175,6560
114060,BARANGAY 176,6560
114061,BARANGAY 177,6560
114062,BARANGAY 178,6560
114063,BARANGAY 179,6560
114064,BARANGAY 180,6560
114065,BARANGAY 181,6560
114066,BARANGAY 182,6560
114067,BARANGAY 183,6560
114068,BARANGAY 184,6560
114069,BARANGAY 185,6560
114070,BARANGAY 186,6560
114071,BARANGAY 187,6560
114072,BARANGAY 188,6560
114073,ARKONG BATO,6561
114074,BAGBAGUIN,6561
114075,BALANGKAS,6561
114076,BIGNAY,6561
114077,BISIG,6561
114078,CANUMAY EAST,6561
114079,CANUMAY WEST,6561
114080,COLOONG,6561
114081,DALANDANAN,6561
114082,HEN. T. DE LEON,6561
114083,ISLA,6561
114084,KARUHATAN,6561
114085,LAWANG BATO,6561
114086,LINGUNAN,6561
114087,MABOLO,6561
114088,MALANDAY,6561
114089,MALINTA,6561
114090,MAPULANG LUPA,6561
114091,MARULAS,6561
114092,MAYSAN,6561
114093,PALASAN,6561
114094,PARADA,6561
114095,PARIANCILLO VILLA,6561
114096,PASO DE BLAS,6561
114097,PASOLO,6561
114098,POBLACION,6561
114099,PULO,6561
114100,PUNTURIN,6561
114101,RINCON,6561
114102,TAGALAG,6561
114103,UGONG,6561
114104,VIENTE REALES,6561
114105,WAWANG PULO,6561
114106,ACACIA,6562
114107,BARITAN,6562
114108,BAYAN-BAYANAN,6562
114109,CATMON,6562
114110,CONCEPCION,6562
114111,DAMPALIT,6562
114112,FLORES,6562
114113,HULONG DUHAT,6562
114114,IBABA,6562
114115,LONGOS,6562
114116,MAYSILO,6562
114117,MUZON,6562
114118,NIUGAN,6562
114119,PANGHULO,6562
114120,POTRERO,6562
114121,SAN AGUSTIN,6562
114122,SANTOLAN,6562
114123,TAÑONG (POB.),6562
114124,TINAJEROS,6562
114125,TONSUYA,6562
114126,TUGATOG,6562
114127,BAGUMBAYAN NORTH,6563
114128,BAGUMBAYAN SOUTH,6563
114129,BANGCULASI,6563
114130,DAANGHARI,6563
114131,NAVOTAS EAST,6563
114132,NAVOTAS WEST,6563
114133,NBBS DAGAT-DAGATAN,6563
114134,NBBS KAUNLARAN,6563
114135,NBBS PROPER,6563
114136,"NORTH BAY BLVD., NORTH",6563
114137,SAN JOSE (POB.),6563
114138,SAN RAFAEL VILLAGE,6563
114139,SAN ROQUE,6563
114140,SIPAC-ALMACEN,6563
114141,TANGOS NORTH,6563
114142,TANGOS SOUTH,6563
114143,TANZA 1,6563
114144,TANZA 2,6563
114145,AGUHO,6564
114146,MAGTANGGOL,6564
114147,MARTIRES DEL 96,6564
114148,POBLACION,6564
114149,SAN PEDRO,6564
114150,SAN ROQUE,6564
114151,SANTA ANA,6564
114152,SANTO ROSARIO-KANLURAN,6564
114153,SANTO ROSARIO-SILANGAN,6564
114154,TABACALERA,6564
114155,BAGUMBAYAN,6565
114156,BAMBANG,6565
114157,CALZADA,6565
114158,CENTRAL BICUTAN,6565
114159,CENTRAL SIGNAL VILLAGE,6565
114160,FORT BONIFACIO,6565
114161,HAGONOY,6565
114162,IBAYO-TIPAS,6565
114163,KATUPARAN,6565
114164,LIGID-TIPAS,6565
114165,LOWER BICUTAN,6565
114166,MAHARLIKA VILLAGE,6565
114167,NAPINDAN,6565
114168,NEW LOWER BICUTAN,6565
114169,NORTH DAANG HARI,6565
114170,NORTH SIGNAL VILLAGE,6565
114171,PALINGON,6565
114172,PINAGSAMA,6565
114173,SAN MIGUEL,6565
114174,SANTA ANA,6565
114175,SOUTH DAANG HARI,6565
114176,SOUTH SIGNAL VILLAGE,6565
114177,TANYAG,6565
114178,TUKTUKAN,6565
114179,UPPER BICUTAN,6565
114180,USUSAN,6565
114181,WAWA,6565
114182,WESTERN BICUTAN,6565
114183,Tabang,
114184,16,
114185,58,
114186,San Antonio,
114187,431,
114188,353,
114189,14,
114190,631,
114191,Barrio Ugong,
114192,Bayan Luma V,
114193,Tabon,
114194,658,
114195,Manglicmot,
114196,B-487,
114197,190,
114198,720,
114199,Tondo,
114200,509,
114201,South Cembo,
114202,561,
114203,San Luis,
114204,500,
114205,387,
114206,Paligsahan,
114207,659 A Ermita,
114208,Nagkaisang Nayon,
114209,92,
114210,177,
114211,160,
114212,MOLINO 3,
114213,822,
114214,PALTOK,
114215,CAMARIN,
114216,291,
114217,657,
114218,764,
114219,172,
114220,Greater Lagro,
114221,125,
114222,50,
114223,Aguho,
114224,Barangay Ususan,
114225,Siena,
114226,127,
114227,35,
114228,376,
114229,848,
114230,340,
114231,840,
114232,659,
114233,North Bay Boulevard South,
114234,327,
114235,327,
114236,58,
114237,275,
114238,257,
114239,Sta. Cruz,
114240,607-61,
114241,E. Aldana,
114242,784,
114243,777,
114244,La Paz,
114245,487,
114246,Sta Monica,
114247,San Jose,
114248,"371, Zone 37",
114249,Maharlika,
114250,539,
114251,121,
114252,Sangandaan,
114253,Sta Maria,
114254,Caxsio,
114255,103,
114256,New Zaniga,
114257,659 A,
114258,Ulat,
114259,Zone 6,
114260,Sampaloc,
114261,Central Guisad,
114262,Binondo,
114263,607,
114264,Malitlit,
114265,Paraiso,
114266,Ortigas,
114267,101 Zone 8,
114268,San Roque,
114269,817,
114270,393,
114271,378,
114272,704,
114273,Primera Parang,
114274,Pandacan,
114275,814,
114276,334,
114277,778,
114278,Gen T. De Leon,
114279,98,
114280,467,
114281,Bagong Silang,
114282,San Agustin 1,
114283,200,
114284,520,
114285,69,
114286,Bagong Pag-asa,
114287,Sunvalley,
114288,Don Bosco,
114289,349,
114290,Diliman,
114291,528,
114292,Brgy. Dolores,
114293,649,
114294,Carsadang Bago ll,
114295,629,
114296,Longos,
114297,659-A,
114298,85,
114299,810,
114300,804,
114301,251,
114302,553,
114303,815,
114304,83,
114305,109,
114306,Sibul,
114307,Pasadena,
114308,138,
114309,737 Zone 80,
114310,205,
114311,738,
114312,237,
114313,43,
114314,San Francisco,
114315,60,
114316,122,
114317,547,
114318,146,
114319,Tandang Sora,
114320,Damayan Lagi,
114321,Topas Proper,
114322,877,
114323,Brgy. 17,
114324,Holy Spirit,
114325,428 Zone 43,
114326,308,
114327,844,
114328,215,
114329,741,
114330,18,
114331,Delpan,
114332,Bahayang Pag-Asa,
114333,161,
114334,Deparo,
114335,Parang,
114336,566 2-55,
114337,476,
114338,B-419 Z-43,
114339,285,
114340,169,
114341,75,
114342,Culiat,
114343,Gulod Itaas,
114344,103 Tondo,
114345,langcaan 2,
114346,101,
114347,71,
114348,719,
114349,Marulas,
114350,253,
114351,880,
114352,Banonong,
114353,196,
114354,74,
114355,203,
114356,214,
114357,Malate,
114358,Talon,
114359,391,
114360,Lote,
114361,613,
114362,Bucandala,
114363,Ermita,
114364,Pulanglupa Dos,
114365,Manila,
114366,516,
114367,San Juan,
114368,622,
114369,788,
114370,438,
114371,Sabang,
114372,San Andres Bukid,
114373,Dolores,
114374,573,
114375,Tikiw,
114376,388,
114377,Loma De Gato,
114378,667,
114379,862,
114380,Ganden Ville Subd.,
114381,Pag-Asa ll,
114382,157,
114383,282,
114384,Phase 3-A Bo. Perez,
114385,Balingasa,
114386,Novaliches,
114387,352 Zone 35 District III,
114388,188,
114389,275 Zone 25,
114390,703,
114391,Adelina I,
114392,583,
114393,361,
114394,833,
114395,20,
114396,395,
114397,Caypombo,
114398,856,
114399,Salinas,
114400,11,
114401,105,
114402,152,
114403,208,
114404,630,
114405,San Isidro,
114406,44,
114407,986,
114408,Manila,
114409,Pag-asa,
114410,Langkaan 1,
114411,556,
114412,398,
114413,Talahib,
114414,628,
114415,693,
114416,Katipunan,
114417,Quilo-Quilo South,
114418,Bagong Pag Asa,
114419,Brgy. Tanzang Luma IV,
114420,Samala- Marquez,
114421,201,
114422,183,
114423,Malagasang,
114424,168,
114425,Pulung Cacutuid,
114426,26,
114427,826,
114428,648,
114429,Pulang Lupa,
114430,582,
114431,769,
114432,116,
114433,LNW,
114434,Greenhiils,
114435,Sipac Almacen,
114436,336,
114437,523,
114438,617,
114439,393,
114440,San Vicente,
114441,San Rafael,
114442,UP Campus,
114443,Salawag,
114444,172 Zone 15,
114445,"477, Sampaloc",
114446,760,
114447,315,
114448,790,
114449,32,
114450,Baesa,
114451,458,
114452,209,
114453,56,
114454,Baritan,
114455,381,
114456,Santiago,
114457,90,
114458,Usuan,
114459,Daang Bundok,
114460,Salvacion,
114461,Dandayan,
114462,Paliwas,
114463,142,
114464,740,
114465,511,
114466,451,
114467,80 Zone 7,
114468,42 Zone 3,
114469,409-42,
114470,Kaybiga,
114471,79,
114472,Lugam,
114473,874 Sta. Ana,
114474,126,
114475,5,
114476,818,
114477,"601, Zone 59",
114478,787,
114479,276,
114480,Bahay Toro,
114481,Velasquez,
114482,,
114483,BANOEN,4956
114484,,
114485,CAYUS,4956
114486,PATUNGCALEO,4956
114487,MALIDEG,4956
114488,NAMITPIT,4956
114489,PATIACAN,4956
114490,LEGLEG,4956
114491,SUAGAYAN,4956
114492,LAMAG,4956
114493,CALANGCUASAN (ILOCOS SUR),4957
114495,ALILEM DAYA,4942
114496,BAGBAGOTOT,4943
114505,AMILONGAN,4942
114506,ANAAO,4942
114507,APANG,4942
114508,APAYA,4942
114509,BATBATO,4942
114510,DADDAAY,4942
114511,DALAWA,4942
114512,KIAT,4942
114527,BAGBAGOTOT,4943
114528,BANBANAAL,4943
114529,BISANGOL,4943
114530,CADANGLAAN,4943
114531,CASILAGAN NORTE,4943
114532,CASILAGAN SUR,4943
114533,ELEFANTE,4943
114534,GUARDIA,4943
114535,LINTIC,4943
114536,LOPEZ,4943
114537,MONTERO,4943
114538,NAGUIMBA,4943
114539,PILA,4943
114540,POBLACION,4943
114541,AGGAY,4944
114575,AN-ANNAM,4944
114576,BALALENG,4944
114577,BANAOANG,4944
114578,BULAG,4944
114579,BUQUIG,4944
114580,CABALANGGAN,4944
114581,CABAROAN,4944
114582,CABUSLIGAN,4944
114583,CAPANGDANAN,4944
114584,GUIMOD,4944
114585,LINGSAT,4944
114586,MALINGEB,4944
114587,MIRA,4944
114588,NAGUIDDAYAN,4944
114589,ORA,4944
114590,PAING,4944
114591,PUSPUS,4944
114592,QUIMMARAYAN,4944
114593,SAGNEB,4944
114594,SAGPAT,4944
114595,SAN MARIANO,4944
114596,SAN ISIDRO,4944
114597,SAN JULIAN,4944
114598,SINABAAN,4944
114599,TAGUIPORO,4944
114600,TALEB,4944
114601,TAY-AC,4944
114602,BARANGAY 1 ,4944
114603,BARANGAY 2 ,4944
114604,BARANGAY 3 ,4944
114605,BARANGAY 4 ,4944
114606,BARANGAY 5 ,4944
114607,BARANGAY 6 ,4944
114608,AMBUGAT,4945
114634,BALUGANG,4945
114635,BANGBANGAR,4945
114636,BESSANG,4945
114637,CABCABURAO,4945
114638,CADACAD,4945
114639,CALLITONG,4945
114640,DAYANKI,4945
114641,LESSEB,4945
114642,LUBING,4945
114643,LUCABAN,4945
114644,LUNA,4945
114645,MACAOAYAN,4945
114646,MAMBUG,4945
114647,MANABOC,4945
114648,MAPANIT,4945
114649,POBLACION SUR,4945
114650,NAGPANAOAN,4945
114651,DIRDIRIG,4945
114652,PADUROS,4945
114653,PATAC,4945
114654,POBLACION NORTE,4945
114655,SABANGAN PINGGAN,4945
114656,SUBADI NORTE,4945
114657,SUBADI SUR,4945
114658,TALIAO,4945
114659,ALINAAY,4946
114693,ALINAAY,4946
114694,ARAGAN,4946
114695,ARNAP,4946
114696,BACLIG ,4946
114697,BATO,4946
114698,BONIFACIO ,4946
114699,BUNGRO,4946
114700,CACADIRAN,4946
114701,CAELLAYAN,4946
114702,CARUSIPAN,4946
114703,CATUCDAAN,4946
114704,CUANCABAL,4946
114705,CUANTACLA,4946
114706,DACLAPAN,4946
114707,DARDARAT,4946
114708,LIPIT,4946
114709,MARADODON,4946
114710,MARGAAY,4946
114711,NAGSANTAAN,4946
114712,NAGSINCAOAN,4946
114713,NAMRUANGAN,4946
114714,PILA,4946
114715,PUG-OS,4946
114716,QUEZON ,4946
114717,REPPAAC,4946
114718,RIZAL ,4946
114719,SABANG,4946
114720,SAGAYADEN,4946
114721,SALAPASAP,4946
114722,SALOMAGUE,4946
114723,SISIM,4946
114724,TUROD,4946
114725,TUROD-PATAC,4946
114768,ALLANGIGAN PRIMERO,4947
114769,ALLANGIGAN SEGUNDO,4947
114770,AMGUID,4947
114771,AYUDANTE,4947
114772,BAGANI CAMPOSANTO,4947
114773,BAGANI GABOR,4947
114774,BAGANI TOCGO,4947
114775,BAGANI UBBOG,4947
114776,BAGAR,4947
114777,BALINGAOAN,4947
114778,BUGNAY,4947
114779,CALAOAAN,4947
114780,CALONGBUYAN,4947
114781,CATERMAN,4947
114782,CUBCUBBUOT,4947
114783,DARAPIDAP,4947
114784,LANGLANGCA PRIMERO,4947
114785,LANGLANGCA SEGUNDO,4947
114786,OAIG-DAYA,4947
114787,PALACAPAC,4947
114788,PARAS,4947
114789,PARIOC PRIMERO,4947
114790,PARIOC SEGUNDO,4947
114791,PATPATA PRIMERO,4947
114792,PATPATA SEGUNDO,4947
114793,PAYPAYAD,4947
114794,SALVADOR PRIMERO,4947
114795,SALVADOR SEGUNDO,4947
114796,SAN AGUSTIN,4947
114797,SAN ANDRES,4947
114798,SAN ANTONIO ,4947
114799,SAN ISIDRO ,4947
114800,SAN JOSE ,4947
114801,SAN JUAN ,4947
114802,SAN NICOLAS,4947
114803,SAN PEDRO,4947
114804,SANTO TOMAS,4947
114805,TABLAC,4947
114806,TALOGTOG,4947
114807,TAMURONG PRIMERO,4947
114808,TAMURONG SEGUNDO,4947
114809,VILLARICA,4947
114827,ANONANG MAYOR,4948
114828,ANONANG MENOR,4948
114829,BAGGOC,4948
114830,CALLAGUIP,4948
114831,CAPARACADAN,4948
114832,FUERTE,4948
114833,MANANGAT,4948
114834,NAGUILIAN,4948
114835,NANSUAGAO,4948
114836,PANDAN,4948
114837,PANTAY-QUITIQUIT,4948
114838,DON DIMAS QUERUBIN ,4948
114839,PURO,4948
114840,PANTAY TAMURONG,4948
114841,VILLAMAR,4948
114842,DON ALEJANDRO QUIROLGICO ,4948
114843,DON LORENZO QUERUBIN ,4948
115013,ALULING,4949
115014,COMILLAS NORTH,4949
115015,COMILLAS SOUTH,4949
115016,CONCEPCION ,4949
115017,DINWEDE EAST,4949
115018,DINWEDE WEST,4949
115019,LIBANG,4949
115020,PILIPIL,4949
115021,REMEDIOS,4949
115022,ROSARIO ,4949
115023,SAN JUAN,4949
115024,SAN LUIS,4949
115025,MALAYA,4949
115026,ABAYA,4950
115027,BARACBAC,4950
115028,BIDBIDAY,4950
115029,BITONG,4950
115030,BOROBOR,4950
115031,CALIMUGTONG,4950
115032,CALONGBUYAN,4950
115033,CALUMBAYA,4950
115034,DALDAGAN,4950
115035,KILANG,4950
115036,LEGASPI,4950
115037,MABAYAG,4950
115038,MATANUBONG,4950
115039,MCKINLEY,4950
115040,NAGSINGCAOAN,4950
115041,OAIG-DAYA,4950
115042,PAGANGPANG,4950
115043,PATAC,4950
115044,POBLACION,4950
115045,RUBIO,4950
115046,SABANGAN-BATO,4950
115047,SACAANG,4950
115048,SAN VICENTE,4950
115049,SAPANG,4950
115050,ALFONSO,4951
115051,BUSSOT,4951
115052,CONCEPCION,4951
115053,DAPDAPPIG,4951
115054,MATUE-BUTARAG,4951
115055,POBLACION NORTE,4951
115056,POBLACION SUR,4951
115057,BANUCAL,4952
115058,BEQUI-WALIN,4952
115059,BUGUI,4952
115060,CALUNGBUYAN,4952
115061,CARCARABASA,4952
115062,LABUT,4952
115063,POBLACION NORTE,4952
115064,POBLACION SUR,4952
115065,SAN VICENTE,4952
115066,SUYSUYAN,4952
115067,TAY-AC,4952
115068,ALANGAN,4953
115069,BACAR,4953
115070,BARBARIT,4953
115071,BUNGRO,4953
115072,CABAROAN,4953
115073,CADANGLAAN,4953
115074,CARAISAN,4953
115075,DACUTAN,4953
115076,LABUT,4953
115077,MAAS-ASIN,4953
115078,MACATCATUD,4953
115079,NAMALPALAN,4953
115080,MANZANTE,4953
115081,MARATUDO,4953
115082,MIRAMAR,4953
115083,NAPO,4953
115084,PAGSANAAN NORTE,4953
115085,PAGSANAAN SUR,4953
115086,PANAY NORTE,4953
115087,PANAY SUR,4953
115088,PATONG,4953
115089,PURO,4953
115090,SAN BASILIO ,4953
115091,SAN CLEMENTE ,4953
115092,SAN JULIAN ,4953
115093,SAN LUCAS ,4953
115094,SAN RAMON ,4953
115095,SAN VICENTE ,4953
115096,SANTA MONICA,4953
115097,SARSARACAT,4953
115098,BALAWEG,4954
115099,BANDRIL,4954
115100,BANTUGO,4954
115101,CADACAD,4954
115102,CASILAGAN,4954
115103,COSOCOS,4954
115104,LAPTING,4954
115105,MAPISI,4954
115106,MISSION,4954
115107,POBLACION EAST,4954
115108,POBLACION WEST,4954
115109,TALEB,4954
115110,ABUOR,4955
115111,AMBULOGAN,4955
115112,AQUIB,4955
115113,BANGLAYAN,4955
115114,BULANOS,4955
115115,CADACAD,4955
115116,CAGAYUNGAN,4955
115117,CAMARAO,4955
115118,CASILAGAN,4955
115119,CODOOG,4955
115120,DASAY,4955
115121,DINALAOAN,4955
115122,ESTANCIA,4955
115123,LANIPAO,4955
115124,LUNGOG,4955
115125,MARGAAY,4955
115126,MAROZO,4955
115127,NAGUNEG,4955
115128,ORENCE,4955
115129,PANTOC,4955
115130,PARATONG,4955
115131,PARPARIA,4955
115132,QUINARAYAN,4955
115133,RIVADAVIA,4955
115134,SAN ANTONIO,4955
115135,SAN JOSE ,4955
115136,SAN PABLO,4955
115137,SAN PEDRO,4955
115138,SANTA LUCIA ,4955
115139,SARMINGAN,4955
115140,SUCOC,4955
115141,SULVEC,4955
115142,TUROD,4955
115143,BANTAY ABOT,4955
115144,BANOEN,4956
115145,CAYUS,4956
115146,PATUNGCALEO,4956
115147,MALIDEG,4956
115148,NAMITPIT,4956
115149,PATIACAN,4956
115150,LEGLEG ,4956
115151,SUAGAYAN,4956
115152,LAMAG,4956
115153,ATABAY,4957
115154,CALANGCUASAN,4957
115155,BALIDBID,4957
115156,BALUARTE,4957
115157,BAYBAYADING,4957
115158,BOGUIBOG,4957
115159,BULALA-LEGUEY,4957
115160,KALIWAKIW,4957
115161,CULIONG,4957
115162,DINARATAN,4957
115163,KINMARIN,4957
115164,LUCBUBAN,4957
115165,MADARANG,4957
115166,MALIGCONG,4957
115167,PIAS,4957
115168,POBLACION NORTE,4957
115169,POBLACION SUR,4957
115170,SAN GASPAR,4957
115171,SAN TIBURCIO,4957
115172,SORIOAN,4957
115173,UBBOG,4957
115174,CABAROAN ,4958
115175,KALUMSING,4958
115176,LANCUAS,4958
115177,MATIBUEY,4958
115178,PALTOC,4958
115179,SIBSIBBU,4958
115180,TIAGAN,4958
115181,SAN MILIANO,4958
115182,,
