Transaction_ID,Store_Region,Product_Category,Payment_Method,Customer_Type,Unit_Price,Items_Sold,Gross_Amount,Discount_Percent,Discount_Amount,Net_Sales_Amount,Average_Price_Per_Item,Effective_Discount_Per_Item
TXN1000,East,Grocery,Cash,New,321.44,9,2892.96,9.13,264.13,2628.83,292.09,29.35
TXN1001,West,Furniture,Wallet,Member,873.53,4,3494.12,17.01,594.35,2899.77,724.94,148.59
TXN1002,North,Apparel,Wallet,Guest,188.47,3,565.41,9.92,56.09,509.32,169.77,18.7
TXN1003,South,Furniture,Wallet,Guest,326.1,11,3587.1,10.01,359.07,3228.03,293.46,32.64
TXN1004,North,Electronics,Credit Card,New,356.04,17,6052.68,4.36,263.9,5788.78,340.52,15.52
TXN1005,West,Electronics,Wallet,Guest,77.09,17,1310.53,0.74,9.7,1300.83,76.52,0.57
TXN1006,North,Electronics,Wallet,Guest,643.29,15,9649.35,15.36,1482.14,8167.21,544.48,98.81
TXN1007,South,Electronics,Wallet,New,565.3,12,6783.6,9.09,616.63,6166.97,513.91,51.39
TXN1008,North,Apparel,Credit Card,New,852.03,4,3408.12,6.24,212.67,3195.45,798.86,53.17
TXN1009,North,Apparel,Credit Card,Returning,862.11,12,10345.32,3.63,375.54,9969.78,830.82,31.29
TXN1010,North,Furniture,UPI,Guest,265.93,10,2659.3,3.24,86.16,2573.14,257.31,8.62
TXN1011,West,Furniture,Cash,Guest,842.98,19,16016.62,20.23,3240.16,12776.46,672.45,170.53
TXN1012,South,Apparel,UPI,New,693.42,4,2773.68,3.55,98.47,,668.8,24.62
TXN1013,North,Furniture,Wallet,New,255.1,18,,10.9,500.51,,227.29,27.81
TXN1014,North,Furniture,UPI,Guest,984.03,3,2952.09,24.56,725.03,2227.06,742.35,241.68
TXN1015,East,Grocery,Wallet,Member,910.64,6,5463.84,21.8,1191.12,4272.72,712.12,198.52
TXN1016,South,Apparel,UPI,Member,498.14,17,8468.38,19.42,1644.56,6823.82,401.4,96.74
TXN1017,South,Furniture,Cash,Returning,152.86,16,2445.76,7.95,194.44,2251.32,140.71,12.15
TXN1018,South,Furniture,Credit Card,Guest,258.4,13,3359.2,23.96,804.86,2554.34,196.49,61.91
TXN1019,North,Grocery,UPI,Returning,953.69,17,16212.73,20.67,3351.17,12861.56,756.56,197.13
TXN1020,North,Furniture,Cash,Member,240.37,2,480.74,5.3,25.48,455.26,227.63,12.74
TXN1021,North,Furniture,Cash,New,713.08,14,9983.12,14.57,1454.54,8528.58,609.18,103.9
TXN1022,North,Furniture,UPI,New,843.31,5,4216.55,12.44,524.54,3692.01,738.4,104.91
TXN1023,South,Apparel,Cash,New,483.95,2,967.9,10.11,97.85,870.05,435.02,48.93
TXN1024,West,Apparel,Cash,New,217.1,17,3690.7,23.41,863.99,2826.71,166.28,50.82
TXN1025,South,Furniture,Cash,Member,692,2,1384,25.19,348.63,1035.37,517.69,174.31
TXN1026,North,Electronics,Wallet,Guest,344.48,3,1033.44,13.64,140.96,892.48,297.49,46.99
TXN1027,West,Furniture,Credit Card,Returning,314.89,11,3463.79,8.85,306.55,3157.24,287.02,27.87
TXN1028,East,Apparel,Wallet,Guest,716.53,10,7165.3,12.48,894.23,6271.07,627.11,89.42
TXN1029,South,Apparel,UPI,New,797.08,16,12753.28,21.32,2719,10034.28,627.14,169.94
TXN1030,South,Grocery,Credit Card,Returning,339.57,15,5093.55,2.68,136.51,4957.04,330.47,9.1
TXN1031,North,Apparel,Wallet,Guest,940.53,1,940.53,13.56,127.54,812.99,812.99,127.54
TXN1032,North,Electronics,Wallet,Guest,498.65,7,3490.55,12.66,441.9,3048.65,435.52,63.13
TXN1033,East,Furniture,UPI,New,759.68,9,6837.12,0.81,55.38,6781.74,753.53,6.15
TXN1034,East,Grocery,Cash,Member,564.31,3,1692.93,22.07,373.63,1319.3,439.77,124.54
TXN1035,North,Furniture,UPI,New,847.74,10,8477.4,8.8,746.01,7731.39,773.14,74.6
TXN1036,East,Grocery,Wallet,Returning,488.43,6,2930.58,7.35,215.4,2715.18,452.53,35.9
TXN1037,North,Apparel,Credit Card,Member,700.8,9,6307.2,1.08,68.12,6239.08,693.23,7.57
TXN1038,North,Grocery,Cash,Guest,72.72,18,1308.96,7.66,100.27,1208.69,67.15,5.57
TXN1039,North,Grocery,Wallet,New,789.98,1,789.98,28.44,224.67,565.31,565.31,224.67
TXN1040,North,Furniture,UPI,New,209.55,3,628.65,5.89,37.03,591.62,197.21,12.34
TXN1041,West,Furniture,Cash,New,929.52,10,9295.2,18.2,1691.73,7603.47,760.35,169.17
TXN1042,South,Apparel,UPI,Guest,733.77,13,9539.01,6.31,601.91,8937.1,687.47,46.3
TXN1043,West,Grocery,Wallet,Returning,804.83,5,4024.15,10.15,408.45,3615.7,723.14,81.69
TXN1044,East,Grocery,Cash,Returning,309.34,6,1856.04,7.78,144.4,1711.64,285.27,24.07
TXN1045,West,Electronics,UPI,Member,975.18,17,16578.06,10.51,1742.35,14835.71,872.69,102.49
TXN1046,West,Furniture,Wallet,Returning,989.05,11,10879.55,24.29,2642.64,8236.91,748.81,240.24
TXN1047,East,Furniture,Wallet,Returning,860.54,16,13768.64,25.51,3512.38,10256.26,641.02,219.52
TXN1048,North,Furniture,Wallet,New,530.16,15,7952.4,24.14,1919.71,6032.69,402.18,127.98
TXN1049,South,Furniture,Credit Card,Guest,272.16,10,2721.6,25.45,692.65,2028.95,202.9,69.26
TXN1050,South,Grocery,Credit Card,New,554.98,5,2774.9,25.78,715.37,2059.53,411.91,143.07
TXN1051,North,Apparel,Wallet,Guest,971.78,15,14576.7,18.17,2648.59,11928.11,795.21,176.57
TXN1052,West,Furniture,Cash,Guest,497.97,4,1991.88,23.44,466.9,1524.98,381.25,116.72
TXN1053,East,Apparel,UPI,New,449.02,16,7184.32,22.04,1583.42,5600.9,350.06,98.96
TXN1054,South,Grocery,Credit Card,Member,684.58,3,2053.74,20.53,421.63,1632.11,544.04,140.54
TXN1055,South,Apparel,Wallet,Guest,951.53,5,4757.65,19.58,931.55,3826.1,765.22,186.31
TXN1056,North,Apparel,Cash,Guest,655.35,1,655.35,18.62,122.03,533.32,533.32,122.03
TXN1057,East,Furniture,UPI,Member,482.08,16,7713.28,1.42,109.53,7603.75,475.23,6.85
TXN1058,East,Grocery,UPI,Guest,692.16,14,9690.24,11.86,1149.26,8540.98,610.07,82.09
TXN1059,West,Grocery,UPI,Returning,176.94,3,530.82,12.5,66.35,464.47,154.82,22.12
TXN1060,North,Electronics,Cash,Member,344.23,11,3786.53,21.64,819.41,2967.12,269.74,74.49
TXN1061,West,Apparel,UPI,Returning,552.03,12,6624.36,23.77,1574.61,5049.75,420.81,131.22
TXN1062,West,Apparel,Wallet,New,373.14,9,3358.26,12.04,404.33,2953.93,328.21,44.93
TXN1063,North,Grocery,UPI,Returning,969.47,4,3877.88,15.34,594.87,3283.01,820.75,148.72
TXN1064,West,Furniture,Cash,Member,875.07,7,6125.49,0.28,17.15,6108.34,872.62,2.45
TXN1065,East,Grocery,Cash,Member,243.75,2,487.5,29.45,143.57,343.93,171.97,71.78
TXN1066,South,Electronics,UPI,Returning,75.03,5,375.15,10.93,41,334.15,66.83,8.2
TXN1067,East,Apparel,Credit Card,Returning,106.02,6,636.12,28.92,183.97,452.15,75.36,30.66
TXN1068,East,Electronics,Cash,Returning,139.04,5,695.2,2.53,17.59,677.61,135.52,3.52
TXN1069,West,Apparel,UPI,Guest,809.42,19,15378.98,21.84,3358.77,12020.21,632.64,176.78
TXN1070,South,Electronics,Wallet,Returning,898.84,10,8988.4,4.86,436.84,8551.56,855.16,43.68
TXN1071,West,Electronics,Credit Card,Guest,380.48,11,4185.28,16.38,685.55,3499.73,318.16,62.32
TXN1072,North,Grocery,Wallet,New,75.34,19,1431.46,10.8,154.6,1276.86,67.2,8.14
TXN1073,East,Apparel,UPI,Member,651.97,17,11083.49,15.68,1737.89,9345.6,549.74,102.23
TXN1074,North,Electronics,UPI,Guest,234.82,15,3522.3,17.41,613.23,2909.07,193.94,40.88
TXN1075,South,Furniture,Credit Card,Returning,134.48,10,1344.8,9.9,133.14,1211.66,121.17,13.31
TXN1076,West,Furniture,Cash,Guest,293.04,4,1172.16,24.03,281.67,890.49,222.62,70.42
TXN1077,North,Grocery,Cash,New,669.35,11,7362.85,17.98,1323.84,6039.01,549,120.35
TXN1078,South,Grocery,Cash,New,440.33,4,1761.32,21.82,384.32,1377,344.25,96.08
TXN1079,South,Furniture,Cash,New,792.77,11,8720.47,21.53,1877.52,6842.95,622.09,170.68
TXN1080,South,Furniture,UPI,Guest,626.06,4,2504.24,27.38,685.66,1818.58,454.64,171.42
TXN1081,South,Electronics,Credit Card,New,788.25,6,4729.5,22.91,1083.53,3645.97,607.66,180.59
TXN1082,West,Electronics,Wallet,Member,207.09,14,2899.26,0.83,24.06,2875.2,205.37,1.72
TXN1083,South,Electronics,Wallet,Guest,542.11,17,9215.87,12.74,1174.1,8041.77,473.05,69.06
TXN1084,East,Apparel,Cash,New,424.26,6,2545.56,15.15,385.65,2159.91,359.98,64.28
TXN1085,East,Furniture,Wallet,Returning,833,11,9163,20.53,1881.16,7281.84,661.99,171.01
TXN1086,South,Electronics,Credit Card,Guest,67.98,14,951.72,14.15,134.67,817.05,58.36,9.62
TXN1087,West,Electronics,Wallet,Guest,285.02,8,2280.16,5.18,118.11,2162.05,270.26,14.76
TXN1088,South,Electronics,UPI,New,893.58,15,13403.7,12.03,1612.47,11791.23,786.08,107.5
TXN1089,South,Apparel,Credit Card,Member,856.59,17,14562.03,12.3,1791.13,12770.9,751.23,105.36
TXN1090,South,Grocery,Credit Card,Guest,587.95,6,3527.7,9.6,338.66,3189.04,531.51,56.44
TXN1091,West,Apparel,UPI,Member,273.64,10,2736.4,1.75,47.89,2688.51,268.85,4.79
TXN1092,West,Apparel,Credit Card,Returning,289.78,19,5505.82,23.8,1310.39,4195.43,220.81,68.97
TXN1093,South,Apparel,UPI,Guest,949.62,3,2848.86,17.55,499.97,2348.89,782.96,166.66
TXN1094,North,Electronics,UPI,Member,576.8,13,7498.4,26.78,2008.07,5490.33,422.33,154.47
TXN1095,North,Apparel,Credit Card,Guest,344.98,14,4829.72,13.83,667.95,4161.77,297.27,47.71
TXN1096,East,Grocery,Cash,Guest,488.95,2,977.9,16.07,157.15,820.75,410.38,78.57
TXN1097,East,Furniture,Cash,Member,603.98,5,3019.9,22.55,680.99,2338.91,467.78,136.2
TXN1098,East,Grocery,Cash,Member,575.37,13,7479.81,0.54,40.39,7439.42,572.26,3.11
TXN1099,East,Apparel,Cash,Member,707.42,10,7074.2,5.24,370.69,6703.51,670.35,37.07
TXN1100,South,Electronics,Credit Card,Member,123.13,18,2216.34,16.71,370.35,1845.99,102.55,20.58
TXN1101,West,Apparel,Cash,Returning,321.14,11,3532.54,19.9,702.98,2829.56,257.23,63.91
TXN1102,South,Apparel,Wallet,Returning,368.71,17,6268.07,6.39,400.53,5867.54,345.15,23.56
TXN1103,North,Apparel,Credit Card,Guest,904.01,9,8136.09,11.72,953.55,7182.54,798.06,105.95
TXN1104,South,Grocery,Cash,Returning,939,13,12207,5.63,687.25,11519.75,886.13,52.87
TXN1105,West,Grocery,Credit Card,Returning,874.92,17,14873.64,29.76,4426.4,10447.24,614.54,260.38
TXN1106,West,Apparel,UPI,Member,950.3,11,10453.3,4.16,434.86,10018.44,910.77,39.53
TXN1107,West,Furniture,Cash,Returning,575.6,1,575.6,6.81,39.2,536.4,536.4,39.2
TXN1108,South,Grocery,Credit Card,Guest,765.6,16,12249.6,21.08,2582.22,9667.38,604.21,161.39
TXN1109,South,Grocery,UPI,Returning,266.5,4,1066,9.62,102.55,963.45,240.86,25.64
TXN1110,West,Grocery,Cash,New,280.73,3,842.19,10.02,84.39,757.8,252.6,28.13
TXN1111,West,Apparel,Credit Card,New,258.71,16,4139.36,21.25,879.61,3259.75,203.73,54.98
TXN1112,East,Furniture,UPI,Member,532.33,4,2129.32,24.79,527.86,1601.46,400.37,131.96
TXN1113,North,Grocery,UPI,Returning,62.18,13,808.34,27.95,225.93,582.41,44.8,17.38
TXN1114,West,Electronics,Wallet,Member,395.42,18,7117.56,21.35,1519.6,5597.96,311,84.42
TXN1115,South,Electronics,Cash,New,637.89,7,4465.23,19.75,881.88,3583.35,511.91,125.98
TXN1116,West,Apparel,Wallet,Member,318.61,11,3504.71,24.31,852,2652.71,241.16,77.45
TXN1117,West,Electronics,Wallet,Returning,195.9,4,783.6,12.97,101.63,681.97,170.49,25.41
TXN1118,West,Grocery,Wallet,Guest,816.14,17,13874.38,17.55,2434.95,11439.43,672.91,143.23
TXN1119,South,Electronics,Wallet,New,707.72,16,11323.52,4.35,492.57,10830.95,676.93,30.79
TXN1120,East,Grocery,Credit Card,New,54.87,8,438.96,11.55,50.7,388.26,48.53,6.34
TXN1121,West,Grocery,Wallet,Member,625.97,11,6885.67,24.8,1707.65,5178.02,470.73,155.24
TXN1122,North,Furniture,Credit Card,Guest,881.09,10,8810.9,7.98,703.11,8107.79,810.78,70.31
TXN1123,West,Electronics,Wallet,Returning,685.66,10,6856.6,10.31,706.92,6149.68,614.97,70.69
TXN1124,South,Grocery,Cash,Guest,200.77,19,3814.63,28.11,1072.29,2742.34,144.33,56.44
TXN1125,North,Electronics,UPI,Returning,947.02,6,5682.12,4.05,230.13,5451.99,908.67,38.35
TXN1126,South,Furniture,Credit Card,Member,765.53,18,13779.54,2.14,294.88,13484.66,749.15,16.38
TXN1127,East,Apparel,Wallet,Member,292.97,18,5273.46,6.82,359.65,4913.81,272.99,19.98
TXN1128,East,Furniture,Wallet,Returning,169.37,9,1524.33,5.77,87.95,1436.38,159.6,
TXN1129,North,Furniture,UPI,Member,445.18,19,8458.42,10.97,927.89,7530.53,396.34,48.84
TXN1130,West,Electronics,UPI,Returning,269.81,1,269.81,4.91,13.25,256.56,256.56,13.25
TXN1131,East,Grocery,Credit Card,Guest,576.78,9,5191.02,20.1,1043.4,4147.62,460.85,115.93
TXN1132,West,Apparel,Cash,New,414.72,5,2073.6,2.72,56.4,2017.2,403.44,11.28
TXN1133,East,Furniture,Wallet,Guest,621.57,15,9323.55,19.53,1820.89,7502.66,500.18,121.39
TXN1134,North,Furniture,Cash,New,733.01,16,11728.16,23.51,2757.29,8970.87,560.68,172.33
TXN1135,North,Apparel,Cash,Returning,324.98,11,3574.78,8.58,306.72,3268.06,297.1,27.88
TXN1136,East,Apparel,Credit Card,Returning,508.32,11,5591.52,11.55,645.82,4945.7,449.61,58.71
TXN1137,East,Apparel,Wallet,New,565.3,10,5653,9.52,538.17,5114.83,511.48,53.82
TXN1138,East,Apparel,Credit Card,Member,78.21,10,782.1,3.84,30.03,752.07,75.21,3
TXN1139,West,Grocery,Cash,Guest,333.73,3,1001.19,10.49,105.02,896.17,298.72,35.01
TXN1140,North,Grocery,Cash,Returning,436.48,16,6983.68,13.56,946.99,6036.69,377.29,59.19
TXN1141,West,Grocery,Cash,New,139.52,13,1813.76,5.51,99.94,1713.82,131.83,7.69
TXN1142,North,Grocery,Credit Card,Guest,361.08,9,3249.72,6.43,208.96,3040.76,337.86,23.22
TXN1143,South,Grocery,UPI,Returning,142.21,10,1422.1,14.79,210.33,1211.77,121.18,21.03
TXN1144,West,Grocery,Credit Card,Returning,493.67,15,7405.05,19.52,1445.47,5959.58,397.31,96.36
TXN1145,West,Apparel,UPI,Member,90.55,1,90.55,14.63,13.25,77.3,77.3,13.25
TXN1146,North,Furniture,Credit Card,Member,776.1,6,4656.6,17.57,818.16,3838.44,639.74,136.36
TXN1147,West,Grocery,UPI,Guest,529.15,10,5291.5,3.39,179.38,5112.12,511.21,17.94
TXN1148,North,Electronics,Cash,Member,64.44,14,902.16,11.5,103.75,798.41,57.03,7.41
TXN1149,West,Furniture,Wallet,New,122.88,7,860.16,21.74,187,673.16,96.17,26.71
TXN1150,West,Apparel,Cash,Member,387.57,19,7363.83,17.99,1324.75,6039.08,317.85,69.72
TXN1151,North,Electronics,UPI,New,218.47,17,3713.99,28.85,1071.49,2642.5,155.44,63.03
TXN1152,North,Furniture,Wallet,New,765.62,6,4593.72,21.34,980.3,3613.42,602.24,163.38
TXN1153,East,Electronics,Credit Card,Returning,428.87,1,428.87,14.01,60.08,368.79,368.79,60.08
TXN1154,West,Apparel,UPI,Member,508.12,10,5081.2,4.73,240.34,4840.86,484.09,24.03
TXN1155,East,Furniture,Credit Card,Guest,727.98,16,11647.68,0.52,60.57,11587.11,724.19,3.79
TXN1156,South,Electronics,Credit Card,Returning,422.7,8,3381.6,16.92,572.17,2809.43,351.18,71.52
TXN1157,East,Grocery,UPI,Returning,922.99,18,16613.82,6.14,1020.09,15593.73,866.32,56.67
TXN1158,North,Furniture,UPI,Returning,111.43,18,2005.74,10.6,212.61,1793.13,99.62,11.81
TXN1159,North,Apparel,UPI,Returning,482.24,1,482.24,28.75,138.64,343.6,343.6,138.64
TXN1160,West,Electronics,Credit Card,Guest,462.44,2,924.88,13.5,124.86,800.02,400.01,62.43
TXN1161,South,Apparel,Wallet,Member,70.04,6,420.24,29.07,122.16,298.08,49.68,20.36
TXN1162,East,Electronics,Credit Card,New,937.38,5,4686.9,21.95,1028.77,3658.13,731.63,205.75
TXN1163,South,Grocery,Credit Card,Member,955.36,9,8598.24,22.63,1945.78,6652.46,739.16,216.2
TXN1164,South,Furniture,Cash,New,818.27,4,3273.08,26.92,881.11,2391.97,597.99,220.28
TXN1165,West,Grocery,Credit Card,Guest,526.5,4,2106,19.74,415.72,1690.28,422.57,103.93
TXN1166,West,Apparel,Cash,Returning,866.64,16,13866.24,1.55,214.93,13651.31,853.21,13.43
TXN1167,West,Electronics,UPI,Guest,567.43,2,1134.86,6.79,77.06,1057.8,528.9,38.53
TXN1168,North,Grocery,UPI,Member,726.13,9,6535.17,8.53,557.45,5977.72,664.19,61.94
TXN1169,South,Electronics,Wallet,New,588.78,2,1177.56,2.58,30.38,1147.18,573.59,15.19
TXN1170,North,Grocery,Credit Card,Returning,728.71,12,8744.52,8.83,772.14,7972.38,664.36,64.35
TXN1171,North,Grocery,UPI,Member,946.99,2,1893.98,1.86,35.23,1858.75,929.38,
TXN1172,East,Electronics,Credit Card,Member,530.03,14,7420.42,21.1,1565.71,5854.71,418.19,111.84
TXN1173,East,Grocery,Credit Card,Member,269.65,11,2966.15,22.34,662.64,2303.51,209.41,60.24
TXN1174,North,Electronics,Credit Card,New,796.39,13,10353.07,1.1,113.88,10239.19,787.63,8.76
TXN1175,West,Grocery,Wallet,Member,788.12,2,1576.24,19.67,310.05,1266.19,633.1,155.02
TXN1176,North,Electronics,UPI,Member,846.65,11,9313.15,16.43,1530.15,7783,707.55,139.1
TXN1177,South,Furniture,UPI,Guest,121.44,18,2185.92,14.26,311.71,1874.21,104.12,17.32
TXN1178,East,Furniture,UPI,Returning,208.82,18,3758.76,25.69,965.63,2793.13,155.17,53.65
TXN1179,North,Electronics,Wallet,Guest,95.25,3,285.75,20.37,58.21,227.54,75.85,19.4
TXN1180,North,Electronics,Cash,Returning,85.1,6,510.6,28.97,147.92,362.68,60.45,24.65
TXN1181,North,Electronics,UPI,Member,784.31,13,10196.03,16.91,1724.15,8471.88,651.68,
TXN1182,South,Apparel,Wallet,Returning,986.56,9,,26.94,2392.01,6487.03,720.78,
TXN1183,South,Electronics,Credit Card,Member,506.45,18,9116.1,19.32,,7354.87,408.6,
TXN1184,East,Apparel,UPI,Member,502.96,19,9556.24,1.57,,9406.21,495.06,
TXN1185,North,Apparel,Credit Card,Returning,454.71,2,909.42,17.64,160.42,749,374.5,80.21
TXN1186,North,Electronics,Cash,New,913.33,19,17353.27,7.75,1344.88,16008.39,,
TXN1187,West,Electronics,Wallet,Guest,56.8,6,340.8,2.49,8.49,332.31,55.39,1.41
TXN1188,South,Furniture,Cash,Guest,106.32,2,212.64,19.62,41.72,170.92,85.46,20.86
TXN1189,South,Grocery,Cash,Returning,271.31,19,5154.89,12.91,665.5,4489.39,236.28,35.03
TXN1190,South,Electronics,UPI,Member,583.8,3,1751.4,12.39,217,1534.4,511.47,72.33
TXN1191,South,Furniture,UPI,New,674.28,4,2697.12,12.24,330.13,2366.99,591.75,82.53
TXN1192,North,Apparel,Cash,Member,83.38,3,250.14,13.98,34.97,215.17,71.72,11.66
TXN1193,West,Apparel,UPI,New,581.39,7,4069.73,,1097.2,2972.53,424.65,156.74
TXN1194,South,Apparel,Wallet,Returning,986.56,9,8879.04,26.94,,6487.03,720.78,20.64
TXN1195,South,Electronics,Credit Card,Member,506.45,18,9116.1,19.32,1761.23,,408.6,174.93
TXN1196,East,Apparel,UPI,Member,502.96,19,9556.24,1.57,150.03,9406.21,495.06,163.9
TXN1197,North,Apparel,Credit Card,Returning,454.71,2,909.42,17.64,,749,374.5,125.36
TXN1198,North,Electronics,Cash,New,913.33,19,17353.27,7.75,1344.88,16008.39,842.55,77.66
TXN1199,West,Electronics,Wallet,Guest,56.8,6,340.8,2.49,8.49,332.31,55.39,109.79
TXN1200,South,Furniture,Cash,Guest,106.32,2,212.64,19.62,41.72,170.92,85.46,11.66
TXN1201,South,Grocery,Cash,Returning,271.31,19,5154.89,12.91,665.5,4489.39,236.28,156.74
TXN1202,South,Electronics,UPI,Member,583.8,3,1751.4,12.39,217,1534.4,511.47,20.64
TXN1203,South,Furniture,UPI,New,674.28,4,2697.12,12.24,330.13,2366.99,591.75,174.93
TXN1204,North,Apparel,Cash,Member,83.38,3,250.14,13.98,34.97,215.17,71.72,163.9
TXN1205,West,Apparel,UPI,New,581.39,7,4069.73,26.96,1097.2,2972.53,424.65,125.36
TXN1206,East,Apparel,Credit Card,Returning,566.92,8,4535.36,3.64,165.09,4370.27,546.28,77.66
TXN1207,West,Furniture,Cash,Guest,704.78,5,3523.9,24.82,874.63,2649.27,529.85,109.79
TXN1208,South,Furniture,Credit Card,New,623.89,1,623.89,26.27,163.9,459.99,459.99,143.23
TXN1209,East,Apparel,Credit Card,Returning,566.92,8,4535.36,3.64,165.09,4370.27,546.28,30.79
TXN1210,West,Furniture,Cash,Guest,704.78,5,3523.9,24.82,874.63,2649.27,529.85,6.34
TXN1211,South,Furniture,Credit Card,New,623.89,1,623.89,,,459.99,459.99,155.24
TXN1212,West,Furniture,Cash,Guest,704.78,,3523.9,24.82,874.63,,529.85,70.31
TXN1213,South,Furniture,Credit Card,New,623.89,1,623.89,26.27,163.9,459.99,,70.69
TXN1214,South,Apparel,Credit Card,Returning,502.83,5,2514.15,24.93,626.78,1887.37,377.47,56.44
TXN1215,North,Apparel,Cash,Member,733.98,14,10275.72,10.58,1087.17,9188.55,656.32,38.35
TXN1216,South,Furniture,UPI,Returning,954.7,16,,11.5,1756.65,13518.55,844.91,16.38
TXN1217,North,Apparel,Cash,Member,83.38,3,250.14,,34.97,215.17,71.72,19.98
TXN1218,West,Apparel,UPI,New,581.39,7,4069.73,26.96,,2972.53,424.65,143.23
TXN1219,East,Apparel,Credit Card,Returning,566.92,8,4535.36,3.64,165.09,,546.28,30.79
TXN1220,West,Furniture,Cash,Guest,704.78,5,3523.9,24.82,,2649.27,,6.34
TXN1221,South,Furniture,Credit Card,New,623.89,1,,26.27,163.9,459.99,459.99,155.24
TXN1222,South,Apparel,Credit Card,Returning,502.83,5,,24.93,,1887.37,377.47,70.31
TXN1223,North,Apparel,Cash,Member,733.98,14,10275.72,,1087.17,9188.55,656.32,70.69
TXN1224,South,Furniture,UPI,Returning,,16,15275.2,11.5,1756.65,,844.91,56.44
TXN1225,North,Apparel,Credit Card,Returning,454.71,2,909.42,17.64,160.42,749,374.5,80.21
TXN1226,North,Electronics,Cash,New,913.33,19,17353.27,7.75,1344.88,16008.39,,
TXN1227,West,Electronics,Wallet,Guest,56.8,6,340.8,2.49,8.49,332.31,55.39,1.41
TXN1228,South,Furniture,Cash,Guest,106.32,2,212.64,19.62,41.72,170.92,85.46,20.86
TXN1229,South,Grocery,Cash,Returning,271.31,19,5154.89,12.91,665.5,4489.39,236.28,35.03
TXN1230,South,Electronics,UPI,Member,583.8,3,1751.4,12.39,217,1534.4,511.47,72.33
TXN1231,South,Furniture,UPI,New,674.28,4,2697.12,12.24,330.13,2366.99,591.75,82.53
TXN1232,North,Apparel,Cash,Member,83.38,3,250.14,13.98,34.97,215.17,71.72,11.66
TXN1233,West,Apparel,UPI,New,581.39,7,4069.73,,1097.2,2972.53,424.65,156.74
TXN1234,South,Apparel,Wallet,Returning,986.56,9,8879.04,26.94,,6487.03,720.78,20.64
TXN1235,South,Electronics,Credit Card,Member,506.45,18,9116.1,19.32,1761.23,,408.6,174.93
TXN1236,East,Apparel,UPI,Member,502.96,19,9556.24,1.57,150.03,9406.21,495.06,163.9
TXN1237,North,Apparel,Credit Card,Returning,454.71,2,909.42,17.64,,749,374.5,125.36
TXN1238,North,Electronics,Cash,New,913.33,19,17353.27,7.75,1344.88,16008.39,842.55,77.66
TXN1239,West,Electronics,Wallet,Guest,56.8,6,340.8,2.49,8.49,332.31,55.39,109.79
TXN1240,South,Furniture,Cash,Guest,106.32,2,212.64,19.62,41.72,170.92,85.46,11.66
TXN1241,South,Grocery,Cash,Returning,271.31,19,5154.89,12.91,665.5,4489.39,236.28,156.74
TXN1242,South,Electronics,UPI,Member,583.8,3,1751.4,12.39,217,1534.4,511.47,20.64
TXN1243,South,Furniture,UPI,New,674.28,4,2697.12,12.24,330.13,2366.99,591.75,174.93
TXN1244,North,Apparel,Cash,Member,83.38,3,250.14,13.98,34.97,215.17,71.72,163.9
TXN1245,West,Apparel,UPI,New,581.39,7,4069.73,26.96,1097.2,2972.53,424.65,125.36
TXN1246,East,Apparel,Credit Card,Returning,566.92,8,4535.36,3.64,165.09,4370.27,546.28,77.66
TXN1247,West,Furniture,Cash,Guest,704.78,5,3523.9,24.82,874.63,2649.27,529.85,109.79
TXN1248,South,Furniture,Credit Card,New,623.89,1,623.89,26.27,163.9,459.99,459.99,143.23
TXN1249,East,Apparel,Credit Card,Returning,566.92,8,4535.36,3.64,165.09,4370.27,546.28,30.79
TXN1250,West,Furniture,Cash,Guest,704.78,5,3523.9,24.82,874.63,2649.27,529.85,6.34
TXN1251,South,Furniture,Credit Card,New,623.89,1,623.89,,,459.99,459.99,155.24
TXN1252,West,Furniture,Cash,Guest,704.78,,3523.9,24.82,874.63,,529.85,70.31
TXN1253,South,Furniture,Credit Card,New,623.89,1,623.89,26.27,163.9,459.99,,70.69
TXN1254,South,Apparel,Credit Card,Returning,502.83,5,2514.15,24.93,626.78,1887.37,377.47,56.44
TXN1255,North,Apparel,Cash,Member,733.98,14,10275.72,10.58,1087.17,9188.55,656.32,38.35
TXN1256,South,Furniture,UPI,Returning,954.7,16,,11.5,1756.65,13518.55,844.91,16.38
TXN1257,North,Apparel,Cash,Member,83.38,3,250.14,,34.97,215.17,71.72,19.98
TXN1258,West,Apparel,UPI,New,581.39,7,4069.73,26.96,,2972.53,424.65,143.23
TXN1259,East,Apparel,Credit Card,Returning,566.92,8,4535.36,3.64,165.09,,546.28,30.79
TXN1260,West,Furniture,Cash,Guest,704.78,5,3523.9,24.82,,2649.27,,6.34
TXN1261,South,Furniture,Credit Card,New,623.89,1,,26.27,163.9,459.99,459.99,155.24
TXN1262,South,Apparel,Credit Card,Returning,502.83,5,,24.93,,1887.37,377.47,70.31
TXN1263,North,Apparel,Cash,Member,733.98,14,10275.72,,1087.17,9188.55,656.32,70.69
TXN1264,South,Furniture,UPI,Returning,,16,15275.2,11.5,1756.65,,844.91,56.44
TXN1265,East,Grocery,Cash,New,321.44,9,2892.96,9.13,264.13,2628.83,292.09,29.35
TXN1266,West,Furniture,Wallet,Member,873.53,4,3494.12,17.01,594.35,2899.77,724.94,148.59
TXN1267,North,Apparel,Wallet,Guest,188.47,3,565.41,9.92,56.09,509.32,169.77,18.7
TXN1268,South,Furniture,Wallet,Guest,326.1,11,3587.1,10.01,359.07,3228.03,293.46,32.64
TXN1269,North,Electronics,Credit Card,New,356.04,17,6052.68,4.36,263.9,5788.78,340.52,15.52
TXN1270,West,Electronics,Wallet,Guest,77.09,17,1310.53,0.74,9.7,1300.83,76.52,0.57
TXN1271,North,Electronics,Wallet,Guest,643.29,15,9649.35,15.36,1482.14,8167.21,544.48,98.81
TXN1272,South,Electronics,Wallet,New,565.3,12,6783.6,9.09,616.63,6166.97,513.91,51.39
TXN1273,North,Apparel,Credit Card,New,852.03,4,3408.12,6.24,212.67,3195.45,798.86,53.17
TXN1274,North,Apparel,Credit Card,Returning,862.11,12,10345.32,3.63,375.54,9969.78,830.82,31.29
TXN1275,North,Furniture,UPI,Guest,265.93,10,2659.3,3.24,86.16,2573.14,257.31,8.62
TXN1276,West,Furniture,Cash,Guest,842.98,19,16016.62,20.23,3240.16,12776.46,672.45,170.53
TXN1277,South,Apparel,UPI,New,693.42,4,2773.68,3.55,98.47,2675.21,668.8,24.62
TXN1278,North,Furniture,Wallet,New,255.1,18,4591.8,10.9,500.51,4091.29,227.29,27.81
TXN1279,North,Furniture,UPI,Guest,984.03,3,2952.09,24.56,725.03,2227.06,742.35,241.68
TXN1280,East,Grocery,Wallet,Member,910.64,6,5463.84,21.8,1191.12,4272.72,712.12,198.52
TXN1281,South,Apparel,UPI,Member,498.14,17,8468.38,19.42,1644.56,6823.82,401.4,96.74
TXN1282,South,Furniture,Cash,Returning,152.86,16,2445.76,7.95,194.44,2251.32,140.71,12.15
TXN1283,South,Furniture,Credit Card,Guest,258.4,13,3359.2,23.96,804.86,2554.34,196.49,61.91
TXN1284,North,Grocery,UPI,Returning,953.69,17,16212.73,20.67,3351.17,12861.56,756.56,197.13
TXN1285,North,Furniture,Cash,Member,240.37,2,480.74,5.3,25.48,455.26,227.63,12.74
TXN1286,North,Furniture,Cash,New,713.08,14,9983.12,14.57,1454.54,8528.58,609.18,103.9
TXN1287,North,Furniture,UPI,New,843.31,5,4216.55,12.44,524.54,3692.01,738.4,104.91
TXN1288,South,Apparel,Cash,New,483.95,2,967.9,10.11,97.85,870.05,435.02,48.93
TXN1289,West,Apparel,Cash,New,217.1,17,3690.7,23.41,863.99,2826.71,166.28,50.82
TXN1290,South,Furniture,Cash,Member,692,2,1384,25.19,348.63,1035.37,517.69,174.31
TXN1291,North,Electronics,Wallet,Guest,344.48,3,1033.44,13.64,140.96,892.48,297.49,46.99
TXN1292,West,Furniture,Credit Card,Returning,314.89,11,3463.79,8.85,306.55,3157.24,287.02,27.87
TXN1293,East,Apparel,Wallet,Guest,716.53,10,7165.3,12.48,894.23,6271.07,627.11,89.42
TXN1294,South,Apparel,UPI,New,797.08,16,12753.28,21.32,2719,10034.28,627.14,169.94
TXN1295,South,Grocery,Credit Card,Returning,339.57,15,5093.55,2.68,136.51,4957.04,330.47,9.1
TXN1296,North,Apparel,Wallet,Guest,940.53,1,940.53,13.56,127.54,812.99,812.99,127.54
TXN1297,North,Electronics,Wallet,Guest,498.65,7,3490.55,12.66,441.9,3048.65,435.52,63.13
TXN1298,East,Furniture,UPI,New,759.68,9,6837.12,0.81,55.38,6781.74,753.53,6.15
TXN1299,East,Grocery,Cash,Member,564.31,3,1692.93,22.07,373.63,1319.3,439.77,124.54
TXN1300,North,Furniture,UPI,New,847.74,10,8477.4,8.8,746.01,7731.39,773.14,74.6
TXN1301,East,Grocery,Wallet,Returning,488.43,6,2930.58,7.35,215.4,2715.18,452.53,35.9
TXN1302,North,Apparel,Credit Card,Member,700.8,9,6307.2,1.08,68.12,6239.08,693.23,7.57
TXN1303,North,Grocery,Cash,Guest,72.72,18,1308.96,7.66,100.27,1208.69,67.15,5.57
TXN1304,North,Grocery,Wallet,New,789.98,1,789.98,28.44,224.67,565.31,565.31,224.67
TXN1305,North,Furniture,UPI,New,209.55,3,628.65,5.89,37.03,591.62,197.21,12.34
TXN1306,West,Furniture,Cash,New,929.52,10,9295.2,18.2,1691.73,7603.47,760.35,169.17
TXN1307,South,Apparel,UPI,Guest,733.77,13,9539.01,6.31,601.91,8937.1,687.47,46.3
TXN1308,West,Grocery,Wallet,Returning,804.83,5,4024.15,10.15,408.45,3615.7,723.14,81.69
TXN1309,East,Grocery,Cash,Returning,309.34,6,1856.04,7.78,144.4,1711.64,285.27,24.07
TXN1310,West,Electronics,UPI,Member,975.18,17,16578.06,10.51,1742.35,14835.71,872.69,102.49
TXN1311,West,Furniture,Wallet,Returning,989.05,11,10879.55,24.29,2642.64,8236.91,748.81,240.24
TXN1312,East,Furniture,Wallet,Returning,860.54,16,13768.64,25.51,3512.38,10256.26,641.02,219.52
TXN1313,North,Furniture,Wallet,New,530.16,15,7952.4,24.14,1919.71,6032.69,402.18,127.98
TXN1314,South,Furniture,Credit Card,Guest,272.16,10,2721.6,25.45,692.65,2028.95,202.9,69.26
TXN1315,South,Grocery,Credit Card,New,554.98,5,2774.9,25.78,715.37,2059.53,411.91,143.07
TXN1316,North,Apparel,Wallet,Guest,971.78,15,14576.7,18.17,2648.59,11928.11,795.21,176.57
TXN1317,West,Furniture,Cash,Guest,497.97,4,1991.88,23.44,466.9,1524.98,381.25,116.72
TXN1318,East,Apparel,UPI,New,449.02,16,7184.32,22.04,1583.42,5600.9,350.06,98.96
TXN1319,South,Grocery,Credit Card,Member,684.58,3,2053.74,20.53,421.63,1632.11,544.04,140.54
TXN1320,South,Apparel,Wallet,Guest,951.53,5,4757.65,19.58,931.55,3826.1,765.22,186.31
TXN1321,North,Apparel,Cash,Guest,655.35,1,655.35,18.62,122.03,533.32,533.32,122.03
TXN1322,East,Furniture,UPI,Member,482.08,16,7713.28,1.42,109.53,7603.75,475.23,6.85
TXN1323,East,Grocery,UPI,Guest,692.16,14,9690.24,11.86,1149.26,8540.98,610.07,82.09
TXN1324,West,Grocery,UPI,Returning,176.94,3,530.82,12.5,66.35,464.47,154.82,15.52
TXN1325,North,Electronics,Cash,Member,344.23,11,3786.53,21.64,819.41,2967.12,269.74,0.57
TXN1326,West,Apparel,UPI,Returning,552.03,12,6624.36,23.77,1574.61,5049.75,420.81,98.81
TXN1327,West,Apparel,Wallet,New,373.14,9,3358.26,12.04,404.33,2953.93,328.21,51.39
TXN1328,North,Grocery,UPI,Returning,969.47,4,3877.88,15.34,594.87,3283.01,820.75,53.17
TXN1329,West,Furniture,Cash,Member,875.07,7,6125.49,0.28,17.15,6108.34,872.62,31.29
TXN1330,East,Grocery,Cash,Member,243.75,2,487.5,29.45,143.57,343.93,171.97,8.62
TXN1331,South,Electronics,UPI,Returning,75.03,5,375.15,10.93,41,334.15,66.83,170.53
TXN1332,East,Apparel,Credit Card,Returning,106.02,6,636.12,28.92,183.97,452.15,75.36,24.62
TXN1333,East,Electronics,Cash,Returning,139.04,5,695.2,2.53,17.59,677.61,135.52,27.81
TXN1334,West,Apparel,UPI,Guest,809.42,19,15378.98,21.84,3358.77,12020.21,632.64,241.68
TXN1335,South,Electronics,Wallet,Returning,898.84,10,8988.4,4.86,436.84,8551.56,855.16,198.52
TXN1336,West,Electronics,Credit Card,Guest,380.48,11,4185.28,16.38,685.55,3499.73,318.16,96.74
TXN1337,North,Grocery,Wallet,New,75.34,19,1431.46,10.8,154.6,1276.86,67.2,12.15
TXN1338,East,Apparel,UPI,Member,651.97,17,11083.49,15.68,1737.89,9345.6,549.74,61.91
TXN1339,North,Electronics,UPI,Guest,234.82,15,3522.3,17.41,613.23,2909.07,193.94,197.13
TXN1340,South,Furniture,Credit Card,Returning,134.48,10,1344.8,9.9,133.14,1211.66,121.17,12.74
TXN1341,West,Furniture,Cash,Guest,293.04,4,1172.16,24.03,281.67,890.49,222.62,103.9
TXN1342,North,Grocery,Cash,New,669.35,11,7362.85,17.98,1323.84,6039.01,549,104.91
TXN1343,South,Grocery,Cash,New,440.33,4,1761.32,21.82,384.32,1377,344.25,74.6
TXN1344,South,Furniture,Cash,New,792.77,11,8720.47,21.53,1877.52,6842.95,622.09,35.9
TXN1345,South,Furniture,UPI,Guest,626.06,4,2504.24,27.38,685.66,1818.58,,7.57
TXN1346,South,Electronics,Credit Card,New,788.25,6,4729.5,22.91,1083.53,3645.97,607.66,5.57
TXN1347,West,Electronics,Wallet,Member,207.09,14,2899.26,0.83,24.06,2875.2,205.37,224.67
TXN1348,South,Electronics,Wallet,Guest,542.11,17,9215.87,12.74,1174.1,8041.77,473.05,12.34
TXN1349,East,Apparel,Cash,New,424.26,6,2545.56,15.15,385.65,2159.91,359.98,169.17
TXN1350,East,Furniture,Wallet,Returning,833,11,9163,20.53,1881.16,7281.84,661.99,46.3
TXN1351,South,Electronics,Credit Card,Guest,67.98,14,951.72,14.15,134.67,817.05,58.36,81.69
TXN1352,West,Electronics,Wallet,Guest,285.02,8,2280.16,5.18,118.11,2162.05,270.26,124.54
TXN1353,South,Electronics,UPI,New,893.58,15,13403.7,12.03,1612.47,11791.23,786.08,74.6
TXN1354,South,Apparel,Credit Card,Member,856.59,17,14562.03,12.3,1791.13,12770.9,,35.9
TXN1355,South,Grocery,Credit Card,Guest,587.95,6,3527.7,9.6,338.66,3189.04,531.51,7.57
TXN1356,West,Apparel,UPI,Member,273.64,10,2736.4,1.75,47.89,2688.51,268.85,5.57
TXN1357,West,Apparel,Credit Card,Returning,289.78,19,5505.82,23.8,1310.39,4195.43,220.81,224.67
TXN1358,South,Apparel,UPI,Guest,949.62,3,2848.86,17.55,499.97,,782.96,12.34
TXN1359,North,Electronics,UPI,Member,576.8,13,7498.4,26.78,,5490.33,422.33,169.17
TXN1360,North,Apparel,Credit Card,Guest,344.98,14,4829.72,13.83,,4161.77,297.27,46.3
TXN1361,East,Grocery,Cash,Guest,488.95,2,977.9,16.07,157.15,,410.38,81.69
TXN1362,East,Furniture,Cash,Member,603.98,5,3019.9,22.55,680.99,2338.91,467.78,98.96
TXN1363,East,Grocery,Cash,Member,575.37,13,7479.81,0.54,40.39,7439.42,,140.54
TXN1364,East,Apparel,Cash,Member,707.42,10,7074.2,5.24,370.69,6703.51,670.35,186.31
TXN1365,South,Electronics,Credit Card,Member,123.13,18,2216.34,16.71,370.35,1845.99,102.55,122.03
TXN1366,West,Apparel,Cash,Returning,321.14,11,3532.54,19.9,702.98,2829.56,257.23,6.85
TXN1367,South,Apparel,Wallet,Returning,368.71,17,6268.07,6.39,400.53,5867.54,345.15,82.09
TXN1368,North,Apparel,Credit Card,Guest,904.01,9,8136.09,11.72,953.55,7182.54,798.06,15.52
TXN1369,South,Grocery,Cash,Returning,939,13,12207,5.63,687.25,11519.75,886.13,0.57
TXN1370,West,Grocery,Credit Card,Returning,874.92,17,14873.64,29.76,4426.4,10447.24,614.54,98.81
TXN1371,West,Apparel,UPI,Member,950.3,11,10453.3,4.16,434.86,10018.44,910.77,51.39
TXN1372,West,Furniture,Cash,Returning,575.6,1,575.6,6.81,39.2,536.4,536.4,53.17
TXN1373,South,Grocery,Credit Card,Guest,765.6,16,12249.6,21.08,2582.22,9667.38,604.21,31.29
TXN1374,South,Grocery,UPI,Returning,266.5,4,1066,9.62,102.55,963.45,240.86,8.62
TXN1375,West,Grocery,Cash,New,280.73,3,842.19,10.02,84.39,757.8,252.6,170.53
TXN1376,West,Apparel,Credit Card,New,258.71,16,4139.36,21.25,879.61,3259.75,203.73,24.62
TXN1377,East,Furniture,UPI,Member,532.33,4,2129.32,24.79,527.86,1601.46,400.37,27.81
TXN1378,North,Grocery,UPI,Returning,62.18,13,808.34,27.95,225.93,582.41,44.8,241.68
TXN1379,West,Electronics,Wallet,Member,395.42,18,7117.56,21.35,1519.6,5597.96,311,198.52
TXN1380,South,Electronics,Cash,New,637.89,7,4465.23,19.75,881.88,3583.35,511.91,96.74
TXN1381,West,Apparel,Wallet,Member,318.61,11,3504.71,24.31,852,2652.71,241.16,12.15
TXN1382,West,Electronics,Wallet,Returning,195.9,4,783.6,12.97,101.63,681.97,170.49,61.91
TXN1383,West,Grocery,Wallet,Guest,816.14,17,13874.38,17.55,2434.95,11439.43,672.91,197.13
TXN1384,South,Electronics,Wallet,New,707.72,16,11323.52,4.35,492.57,10830.95,676.93,12.74
TXN1385,East,Grocery,Credit Card,New,54.87,8,438.96,11.55,50.7,388.26,48.53,103.9
TXN1386,West,Grocery,Wallet,Member,625.97,11,6885.67,24.8,1707.65,5178.02,470.73,104.91
TXN1387,North,Furniture,Credit Card,Guest,881.09,10,8810.9,7.98,703.11,8107.79,810.78,74.6
TXN1388,West,Electronics,Wallet,Returning,685.66,10,6856.6,10.31,706.92,6149.68,614.97,35.9
TXN1389,South,Grocery,Cash,Guest,200.77,19,,28.11,1072.29,2742.34,144.33,7.57
TXN1390,North,Electronics,UPI,Returning,947.02,6,5682.12,4.05,230.13,,908.67,5.57
TXN1391,South,Furniture,Credit Card,Member,765.53,18,,2.14,294.88,13484.66,749.15,224.67
TXN1392,East,Apparel,Wallet,Member,292.97,18,5273.46,6.82,,4913.81,272.99,12.34
TXN1393,East,Furniture,Wallet,Returning,169.37,9,1524.33,5.77,87.95,1436.38,159.6,169.17
TXN1394,North,Furniture,UPI,Member,445.18,19,8458.42,,927.89,7530.53,,46.3
TXN1395,West,Electronics,UPI,Returning,269.81,1,,4.91,13.25,256.56,256.56,81.69
TXN1396,East,Grocery,Credit Card,Guest,576.78,9,5191.02,20.1,1043.4,4147.62,460.85,124.54
TXN1397,West,Apparel,Cash,New,414.72,5,2073.6,2.72,56.4,2017.2,403.44,29.35
TXN1398,East,Furniture,Wallet,Guest,621.57,15,9323.55,19.53,1820.89,7502.66,500.18,148.59
TXN1399,North,Furniture,Cash,New,733.01,16,11728.16,23.51,2757.29,8970.87,560.68,18.7
TXN1400,North,Apparel,Cash,Returning,324.98,11,3574.78,8.58,306.72,3268.06,297.1,32.64
TXN1401,East,Apparel,Credit Card,Returning,508.32,11,5591.52,11.55,645.82,4945.7,449.61,15.52
TXN1402,East,Apparel,Wallet,New,565.3,10,5653,9.52,538.17,,511.48,0.57
TXN1403,East,Apparel,Credit Card,Member,78.21,10,782.1,3.84,,752.07,75.21,98.81
TXN1404,West,Grocery,Cash,Guest,333.73,3,,10.49,105.02,896.17,298.72,51.39
TXN1405,South,Electronics,Wallet,New,565.3,12,6783.6,9.09,616.63,6166.97,513.91,51.39
TXN1406,North,Apparel,Credit Card,New,852.03,4,3408.12,6.24,212.67,3195.45,798.86,53.17
TXN1407,North,Apparel,Credit Card,Returning,862.11,12,10345.32,3.63,375.54,9969.78,830.82,31.29
TXN1408,North,Furniture,UPI,Guest,265.93,10,2659.3,3.24,86.16,2573.14,257.31,8.62
TXN1409,West,Furniture,Cash,Guest,842.98,19,16016.62,20.23,3240.16,12776.46,672.45,170.53
TXN1410,South,Apparel,UPI,New,693.42,4,2773.68,3.55,98.47,2675.21,668.8,24.62
TXN1411,North,Furniture,Wallet,New,255.1,18,4591.8,10.9,500.51,4091.29,227.29,27.81
TXN1412,North,Furniture,UPI,Guest,984.03,3,2952.09,24.56,725.03,2227.06,742.35,241.68
TXN1413,East,Grocery,Wallet,Member,910.64,6,5463.84,21.8,1191.12,4272.72,712.12,198.52
TXN1414,South,Apparel,UPI,Member,498.14,17,8468.38,19.42,1644.56,6823.82,401.4,96.74
TXN1415,South,Furniture,Cash,Returning,152.86,16,2445.76,7.95,194.44,2251.32,140.71,12.15
TXN1416,South,Furniture,Credit Card,Guest,258.4,13,3359.2,23.96,804.86,2554.34,196.49,61.91
TXN1417,North,Grocery,UPI,Returning,953.69,17,16212.73,20.67,3351.17,12861.56,756.56,197.13
TXN1418,North,Furniture,Cash,Member,240.37,2,480.74,5.3,25.48,455.26,227.63,12.74
TXN1419,North,Furniture,Cash,New,713.08,14,9983.12,14.57,1454.54,8528.58,609.18,103.9
TXN1420,North,Furniture,UPI,New,843.31,5,4216.55,12.44,524.54,3692.01,738.4,104.91
TXN1421,South,Apparel,Cash,New,483.95,2,967.9,10.11,97.85,870.05,435.02,48.93
TXN1422,West,Apparel,Cash,New,217.1,17,3690.7,23.41,863.99,2826.71,166.28,50.82
TXN1423,South,Furniture,Cash,Member,692,2,1384,25.19,348.63,1035.37,517.69,174.31
TXN1424,North,Electronics,Wallet,Guest,344.48,3,1033.44,13.64,140.96,892.48,297.49,46.99
TXN1425,West,Furniture,Credit Card,Returning,314.89,11,3463.79,8.85,306.55,3157.24,287.02,27.87
TXN1426,East,Apparel,Wallet,Guest,716.53,10,7165.3,12.48,894.23,6271.07,627.11,89.42
TXN1427,South,Apparel,UPI,New,797.08,16,12753.28,21.32,2719,10034.28,627.14,169.94
TXN1428,South,Grocery,Credit Card,Returning,339.57,15,5093.55,2.68,136.51,4957.04,330.47,9.1
TXN1429,North,Apparel,Wallet,Guest,940.53,1,940.53,13.56,127.54,812.99,812.99,127.54
TXN1430,North,Electronics,Wallet,Guest,498.65,7,3490.55,12.66,441.9,3048.65,435.52,63.13
TXN1431,East,Furniture,UPI,New,759.68,9,6837.12,0.81,55.38,6781.74,753.53,6.15
TXN1432,East,Grocery,Cash,Member,564.31,3,1692.93,22.07,373.63,1319.3,439.77,124.54
TXN1433,North,Furniture,UPI,New,847.74,10,8477.4,8.8,746.01,7731.39,773.14,74.6
TXN1434,East,Grocery,Wallet,Returning,488.43,6,2930.58,7.35,215.4,2715.18,452.53,35.9
TXN1435,North,Apparel,Credit Card,Member,700.8,9,6307.2,1.08,68.12,6239.08,693.23,7.57
TXN1436,North,Grocery,Cash,Guest,72.72,18,1308.96,7.66,100.27,1208.69,67.15,5.57
TXN1437,North,Grocery,Wallet,New,789.98,1,789.98,28.44,224.67,565.31,565.31,224.67
TXN1438,North,Furniture,UPI,New,209.55,3,628.65,5.89,37.03,591.62,197.21,12.34
TXN1439,West,Furniture,Cash,New,929.52,10,9295.2,18.2,1691.73,7603.47,760.35,169.17
TXN1440,South,Apparel,UPI,Guest,733.77,13,9539.01,6.31,601.91,8937.1,687.47,46.3
TXN1441,West,Grocery,Wallet,Returning,804.83,5,4024.15,10.15,408.45,3615.7,723.14,81.69
TXN1442,East,Grocery,Cash,Returning,309.34,6,1856.04,7.78,144.4,1711.64,285.27,24.07
TXN1443,West,Electronics,UPI,Member,975.18,17,16578.06,10.51,1742.35,14835.71,872.69,102.49
TXN1444,West,Furniture,Wallet,Returning,989.05,11,10879.55,24.29,2642.64,8236.91,748.81,240.24
TXN1445,East,Furniture,Wallet,Returning,860.54,16,13768.64,25.51,3512.38,10256.26,641.02,219.52
TXN1446,North,Furniture,Wallet,New,530.16,15,7952.4,24.14,1919.71,6032.69,402.18,127.98
TXN1447,South,Furniture,Credit Card,Guest,272.16,10,2721.6,25.45,692.65,2028.95,202.9,69.26
TXN1448,South,Grocery,Credit Card,New,554.98,5,2774.9,25.78,715.37,2059.53,411.91,143.07
TXN1449,North,Apparel,Wallet,Guest,971.78,15,14576.7,18.17,2648.59,11928.11,795.21,176.57
TXN1450,West,Furniture,Cash,Guest,497.97,4,1991.88,23.44,466.9,1524.98,381.25,116.72
TXN1451,East,Apparel,UPI,New,449.02,16,7184.32,22.04,1583.42,5600.9,350.06,98.96
TXN1452,South,Grocery,Credit Card,Member,684.58,3,2053.74,20.53,421.63,1632.11,544.04,140.54
TXN1453,South,Apparel,Wallet,Guest,951.53,5,4757.65,19.58,931.55,3826.1,765.22,186.31
TXN1454,North,Apparel,Cash,Guest,655.35,1,655.35,18.62,122.03,533.32,533.32,122.03
TXN1455,East,Furniture,UPI,Member,482.08,16,7713.28,1.42,109.53,7603.75,475.23,6.85
TXN1456,East,Grocery,UPI,Guest,692.16,14,9690.24,11.86,1149.26,8540.98,610.07,82.09
TXN1457,West,Grocery,UPI,Returning,176.94,3,530.82,12.5,66.35,464.47,154.82,22.12
TXN1458,North,Electronics,Cash,Member,344.23,11,3786.53,21.64,819.41,2967.12,269.74,74.49
TXN1459,West,Apparel,UPI,Returning,552.03,12,6624.36,23.77,1574.61,5049.75,420.81,131.22
TXN1460,West,Apparel,Wallet,New,373.14,9,3358.26,12.04,404.33,2953.93,328.21,44.93
TXN1461,North,Grocery,UPI,Returning,969.47,4,3877.88,15.34,594.87,3283.01,820.75,148.72
TXN1462,West,Furniture,Cash,Member,875.07,7,6125.49,0.28,17.15,6108.34,872.62,2.45
TXN1463,East,Grocery,Cash,Member,243.75,2,487.5,29.45,143.57,343.93,171.97,71.78
TXN1464,South,Electronics,UPI,Returning,75.03,5,375.15,10.93,41,334.15,66.83,8.2
TXN1465,East,Apparel,Credit Card,Returning,106.02,6,636.12,28.92,183.97,452.15,75.36,30.66
TXN1466,East,Electronics,Cash,Returning,139.04,5,695.2,2.53,17.59,677.61,135.52,3.52
TXN1467,West,Apparel,UPI,Guest,809.42,19,15378.98,21.84,3358.77,12020.21,632.64,176.78
TXN1468,South,Electronics,Wallet,Returning,898.84,10,8988.4,4.86,436.84,8551.56,855.16,43.68
TXN1469,West,Electronics,Wallet,Returning,685.66,10,6856.6,10.31,706.92,6149.68,614.97,35.9
TXN1470,South,Grocery,Cash,Guest,200.77,19,,28.11,1072.29,2742.34,144.33,7.57
TXN1471,North,Electronics,UPI,Returning,947.02,6,5682.12,4.05,230.13,,908.67,5.57
TXN1472,South,Furniture,Credit Card,Member,765.53,18,,2.14,294.88,13484.66,749.15,224.67
TXN1473,East,Apparel,Wallet,Member,292.97,18,5273.46,6.82,,4913.81,272.99,
TXN1474,East,Furniture,Wallet,Returning,169.37,9,1524.33,5.77,87.95,1436.38,159.6,169.17
TXN1475,North,Furniture,UPI,Member,445.18,19,8458.42,,927.89,7530.53,,46.3
TXN1476,West,Electronics,UPI,Returning,269.81,1,,4.91,13.25,256.56,256.56,81.69
TXN1477,East,Grocery,Credit Card,Guest,576.78,9,5191.02,20.1,1043.4,4147.62,,124.54
TXN1478,West,Apparel,Cash,New,414.72,5,2073.6,2.72,56.4,2017.2,403.44,
TXN1479,East,Furniture,Wallet,Guest,621.57,15,9323.55,19.53,1820.89,7502.66,500.18,148.59
TXN1480,North,Furniture,Cash,New,733.01,16,11728.16,23.51,2757.29,8970.87,560.68,18.7
TXN1481,North,Apparel,Cash,Returning,324.98,11,3574.78,8.58,306.72,3268.06,297.1,32.64
TXN1482,East,Apparel,Credit Card,Returning,508.32,11,5591.52,11.55,645.82,4945.7,449.61,15.52
TXN1483,East,Apparel,Wallet,New,565.3,10,5653,9.52,538.17,,511.48,
TXN1484,East,Apparel,Credit Card,Member,78.21,10,782.1,3.84,,752.07,75.21,98.81
TXN1485,West,Grocery,Cash,Guest,333.73,3,,10.49,105.02,896.17,298.72,51.39
TXN1486,South,Electronics,Wallet,New,565.3,12,6783.6,9.09,616.63,6166.97,513.91,51.39
TXN1487,North,Apparel,Credit Card,New,852.03,4,3408.12,6.24,212.67,3195.45,798.86,53.17
TXN1488,North,Apparel,Credit Card,Returning,862.11,12,10345.32,3.63,375.54,9969.78,830.82,31.29
TXN1489,North,Furniture,UPI,Guest,265.93,10,2659.3,3.24,86.16,2573.14,257.31,8.62
TXN1490,West,Furniture,Cash,Guest,842.98,19,16016.62,20.23,3240.16,12776.46,672.45,170.53
TXN1491,South,Apparel,UPI,New,693.42,4,2773.68,3.55,98.47,2675.21,668.8,24.62
TXN1492,North,Furniture,Wallet,New,255.1,18,4591.8,10.9,500.51,4091.29,227.29,27.81
TXN1493,North,Furniture,UPI,Guest,984.03,3,2952.09,24.56,725.03,2227.06,742.35,241.68
TXN1494,East,Grocery,Wallet,Member,910.64,6,5463.84,21.8,1191.12,4272.72,712.12,198.52
TXN1495,South,Apparel,UPI,Member,498.14,17,8468.38,19.42,1644.56,6823.82,401.4,96.74
TXN1496,South,Furniture,Cash,Returning,152.86,16,2445.76,7.95,194.44,2251.32,140.71,12.15
TXN1497,South,Furniture,Credit Card,Guest,258.4,13,3359.2,23.96,804.86,2554.34,196.49,61.91
TXN1498,North,Grocery,UPI,Returning,953.69,17,16212.73,20.67,3351.17,12861.56,,
TXN1499,North,Furniture,Cash,Member,240.37,2,480.74,5.3,25.48,455.26,227.63,12.74
TXN1500,South,Furniture,Credit Card,Guest,272.16,10,2721.6,25.45,692.65,2028.95,202.9,69.26
TXN1501,South,Grocery,Credit Card,New,554.98,5,2774.9,25.78,715.37,2059.53,411.91,143.07
TXN1502,North,Apparel,Wallet,Guest,971.78,15,14576.7,18.17,2648.59,11928.11,795.21,176.57
TXN1503,West,Furniture,Cash,Guest,497.97,4,1991.88,23.44,466.9,1524.98,381.25,116.72
TXN1504,East,Apparel,UPI,New,449.02,16,7184.32,22.04,1583.42,5600.9,350.06,98.96
TXN1505,South,Grocery,Credit Card,Member,684.58,3,2053.74,20.53,421.63,1632.11,544.04,140.54
TXN1506,South,Apparel,Wallet,Guest,951.53,5,4757.65,19.58,931.55,3826.1,765.22,186.31
TXN1507,North,Apparel,Cash,Guest,655.35,1,655.35,18.62,122.03,533.32,533.32,122.03
TXN1508,East,Furniture,UPI,Member,482.08,16,7713.28,1.42,109.53,7603.75,475.23,6.85
TXN1509,East,Grocery,UPI,Guest,692.16,14,9690.24,11.86,1149.26,8540.98,610.07,82.09
TXN1510,West,Grocery,UPI,Returning,176.94,3,530.82,12.5,66.35,464.47,154.82,22.12
TXN1511,North,Electronics,Cash,Member,344.23,11,3786.53,21.64,819.41,2967.12,269.74,74.49
TXN1512,West,Apparel,UPI,Returning,552.03,12,6624.36,23.77,1574.61,5049.75,420.81,131.22
TXN1513,West,Apparel,Wallet,New,373.14,9,3358.26,12.04,404.33,2953.93,328.21,44.93
TXN1514,North,Grocery,UPI,Returning,969.47,4,3877.88,15.34,594.87,3283.01,820.75,148.72
TXN1515,West,Furniture,Cash,Member,875.07,7,6125.49,0.28,17.15,6108.34,872.62,2.45
TXN1516,East,Grocery,Cash,Member,243.75,2,487.5,29.45,143.57,343.93,171.97,71.78
TXN1517,South,Furniture,Credit Card,Guest,272.16,10,2721.6,25.45,692.65,2028.95,202.9,69.26
TXN1518,South,Grocery,Credit Card,New,554.98,5,2774.9,25.78,715.37,2059.53,411.91,143.07
TXN1519,North,Apparel,Wallet,Guest,971.78,15,14576.7,18.17,2648.59,11928.11,795.21,176.57
TXN1520,West,Furniture,Cash,Guest,497.97,4,1991.88,23.44,466.9,1524.98,381.25,116.72
TXN1521,East,Apparel,UPI,New,449.02,16,7184.32,22.04,1583.42,5600.9,350.06,98.96
TXN1522,South,Grocery,Credit Card,Member,684.58,3,2053.74,20.53,421.63,1632.11,,
TXN1523,South,Apparel,Wallet,Guest,951.53,5,4757.65,19.58,931.55,3826.1,765.22,186.31
TXN1524,North,Apparel,Cash,Guest,655.35,1,655.35,18.62,122.03,533.32,533.32,122.03
TXN1525,East,Furniture,UPI,Member,482.08,16,7713.28,1.42,109.53,7603.75,475.23,6.85
TXN1526,East,Grocery,UPI,Guest,692.16,14,9690.24,11.86,1149.26,8540.98,610.07,82.09
TXN1527,West,Grocery,UPI,Returning,176.94,3,530.82,12.5,66.35,464.47,154.82,
TXN1528,North,Electronics,Cash,Member,344.23,11,3786.53,21.64,819.41,2967.12,,74.49
TXN1529,West,Apparel,UPI,Returning,552.03,12,6624.36,23.77,1574.61,5049.75,420.81,
TXN1530,West,Apparel,Wallet,New,373.14,9,3358.26,12.04,404.33,2953.93,328.21,44.93
TXN1531,North,Grocery,UPI,Returning,969.47,4,3877.88,15.34,594.87,3283.01,820.75,148.72
TXN1532,West,Furniture,Cash,Member,875.07,7,6125.49,0.28,17.15,6108.34,872.62,2.45
TXN1533,East,Grocery,Cash,Member,243.75,2,487.5,29.45,143.57,343.93,171.97,71.78
TXN1534,South,Apparel,UPI,Guest,949.62,3,2848.86,17.55,499.97,2348.89,782.96,166.66
TXN1535,North,Electronics,UPI,Member,576.8,13,7498.4,26.78,2008.07,5490.33,422.33,154.47
TXN1536,North,Apparel,Credit Card,Guest,344.98,14,4829.72,13.83,667.95,4161.77,297.27,47.71
TXN1537,East,Grocery,Cash,Guest,488.95,2,977.9,16.07,157.15,820.75,410.38,78.57
TXN1538,East,Furniture,Cash,Member,603.98,5,3019.9,22.55,680.99,2338.91,467.78,136.2
TXN1539,East,Grocery,Cash,Member,575.37,13,7479.81,0.54,40.39,7439.42,572.26,3.11
TXN1540,East,Apparel,Cash,Member,707.42,10,7074.2,5.24,370.69,6703.51,670.35,37.07
TXN1541,South,Electronics,Credit Card,Member,123.13,18,2216.34,16.71,370.35,1845.99,102.55,20.58
TXN1542,West,Apparel,Cash,Returning,321.14,11,3532.54,19.9,702.98,2829.56,257.23,63.91
TXN1543,South,Apparel,Wallet,Returning,368.71,17,6268.07,6.39,400.53,5867.54,345.15,23.56
TXN1544,North,Apparel,Credit Card,Guest,904.01,9,8136.09,11.72,953.55,7182.54,798.06,105.95
TXN1545,South,Grocery,Cash,Returning,939,13,12207,5.63,687.25,11519.75,886.13,52.87
TXN1546,West,Grocery,Credit Card,Returning,874.92,17,14873.64,29.76,4426.4,10447.24,614.54,260.38
TXN1547,West,Apparel,UPI,Member,950.3,11,10453.3,4.16,434.86,10018.44,910.77,39.53
TXN1548,West,Furniture,Cash,Returning,575.6,1,575.6,6.81,39.2,536.4,536.4,39.2
TXN1549,South,Grocery,Credit Card,Guest,765.6,16,12249.6,21.08,2582.22,9667.38,604.21,161.39
TXN1550,South,Grocery,UPI,Returning,266.5,4,1066,9.62,102.55,963.45,240.86,25.64
TXN1551,West,Grocery,Cash,New,280.73,3,842.19,10.02,84.39,757.8,252.6,28.13
TXN1552,West,Apparel,Credit Card,New,258.71,16,4139.36,21.25,879.61,3259.75,203.73,54.98
TXN1553,East,Furniture,UPI,Member,532.33,4,2129.32,24.79,527.86,1601.46,400.37,131.96
TXN1554,North,Grocery,UPI,Returning,62.18,13,808.34,27.95,225.93,582.41,44.8,17.38
TXN1555,West,Electronics,Wallet,Member,395.42,18,7117.56,21.35,1519.6,5597.96,311,84.42
TXN1556,South,Electronics,Cash,New,637.89,7,4465.23,19.75,881.88,3583.35,511.91,125.98
TXN1557,West,Apparel,Wallet,Member,318.61,11,3504.71,24.31,852,2652.71,241.16,77.45
TXN1558,West,Electronics,Wallet,Returning,195.9,4,783.6,12.97,101.63,681.97,170.49,25.41
TXN1559,West,Grocery,Wallet,Guest,816.14,17,13874.38,17.55,2434.95,11439.43,672.91,143.23
TXN1560,South,Electronics,Wallet,New,707.72,16,11323.52,4.35,492.57,10830.95,676.93,30.79
TXN1561,East,Grocery,Credit Card,New,54.87,8,438.96,11.55,50.7,388.26,48.53,6.34
TXN1562,West,Grocery,Wallet,Member,625.97,11,6885.67,24.8,1707.65,5178.02,470.73,155.24
TXN1563,North,Furniture,Credit Card,Guest,881.09,10,8810.9,7.98,703.11,8107.79,810.78,70.31
TXN1564,West,Electronics,Wallet,Returning,685.66,10,6856.6,10.31,706.92,6149.68,614.97,70.69
TXN1565,South,Grocery,Cash,Guest,200.77,19,3814.63,28.11,1072.29,2742.34,144.33,56.44
TXN1566,North,Electronics,UPI,Returning,947.02,6,5682.12,4.05,230.13,5451.99,908.67,38.35
TXN1567,South,Furniture,Credit Card,Member,765.53,18,13779.54,2.14,294.88,13484.66,749.15,16.38
TXN1568,East,Apparel,Wallet,Member,292.97,18,5273.46,6.82,359.65,4913.81,272.99,19.98
TXN1569,East,Furniture,Wallet,Returning,169.37,9,1524.33,5.77,87.95,1436.38,159.6,
TXN1570,North,Furniture,UPI,Member,445.18,19,8458.42,10.97,927.89,7530.53,396.34,48.84
TXN1571,West,Electronics,UPI,Returning,269.81,1,269.81,4.91,13.25,256.56,256.56,13.25
TXN1572,East,Grocery,Credit Card,Guest,576.78,9,5191.02,20.1,1043.4,4147.62,460.85,115.93
TXN1573,West,Apparel,Cash,New,414.72,5,2073.6,2.72,56.4,2017.2,403.44,11.28
TXN1574,East,Furniture,Wallet,Guest,621.57,15,9323.55,19.53,1820.89,7502.66,500.18,121.39
TXN1575,North,Furniture,Cash,New,733.01,16,11728.16,23.51,2757.29,8970.87,560.68,172.33
TXN1576,North,Apparel,Cash,Returning,324.98,11,3574.78,8.58,306.72,3268.06,297.1,27.88
TXN1577,South,Grocery,Cash,Guest,200.77,19,3814.63,28.11,1072.29,2742.34,144.33,56.44
TXN1578,North,Electronics,UPI,Returning,947.02,6,5682.12,4.05,230.13,5451.99,908.67,38.35
TXN1579,South,Furniture,Credit Card,Member,765.53,18,13779.54,2.14,294.88,13484.66,749.15,
TXN1580,East,Apparel,Wallet,Member,292.97,18,5273.46,6.82,359.65,4913.81,272.99,19.98
TXN1581,East,Furniture,Wallet,Returning,169.37,9,1524.33,5.77,87.95,1436.38,159.6,
TXN1582,North,Furniture,UPI,Member,445.18,19,8458.42,10.97,927.89,7530.53,396.34,48.84
TXN1583,West,Electronics,UPI,Returning,269.81,1,269.81,4.91,13.25,256.56,256.56,13.25
TXN1584,East,Grocery,Credit Card,Guest,576.78,9,5191.02,20.1,1043.4,4147.62,460.85,115.93
TXN1585,West,Apparel,Cash,New,414.72,5,2073.6,2.72,56.4,2017.2,,11.28
TXN1586,East,Furniture,Wallet,Guest,621.57,15,9323.55,19.53,1820.89,7502.66,500.18,121.39
TXN1587,North,Furniture,Cash,New,733.01,16,11728.16,23.51,2757.29,8970.87,560.68,172.33
TXN1588,North,Apparel,Cash,Returning,324.98,11,3574.78,8.58,306.72,3268.06,297.1,27.88
TXN1589,East,Grocery,Cash,Returning,309.34,6,1856.04,7.78,144.4,1711.64,285.27,24.07
TXN1590,West,Electronics,UPI,Member,975.18,17,16578.06,10.51,1742.35,14835.71,872.69,102.49
TXN1591,West,Furniture,Wallet,Returning,989.05,11,10879.55,24.29,2642.64,8236.91,748.81,240.24
TXN1592,East,Furniture,Wallet,Returning,860.54,16,13768.64,25.51,3512.38,10256.26,641.02,219.52
TXN1593,North,Furniture,Wallet,New,530.16,15,7952.4,24.14,1919.71,6032.69,402.18,127.98
TXN1594,South,Furniture,Credit Card,Guest,272.16,10,2721.6,25.45,692.65,2028.95,202.9,69.26
TXN1595,South,Grocery,Credit Card,New,554.98,5,2774.9,25.78,715.37,2059.53,411.91,143.07
TXN1596,North,Apparel,Wallet,Guest,971.78,15,14576.7,18.17,2648.59,11928.11,795.21,176.57
TXN1597,West,Furniture,Cash,Guest,497.97,4,1991.88,23.44,466.9,1524.98,381.25,116.72
TXN1598,East,Apparel,UPI,New,449.02,16,7184.32,22.04,1583.42,5600.9,,98.96
TXN1599,South,Grocery,Credit Card,Member,684.58,3,2053.74,20.53,421.63,1632.11,544.04,140.54
TXN1600,South,Apparel,Wallet,Guest,951.53,5,4757.65,19.58,931.55,3826.1,765.22,
TXN1601,North,Apparel,Cash,Guest,655.35,1,655.35,18.62,122.03,533.32,533.32,122.03
TXN1602,East,Furniture,UPI,Member,482.08,16,7713.28,1.42,109.53,7603.75,475.23,6.85
TXN1603,East,Grocery,UPI,Guest,692.16,14,9690.24,11.86,1149.26,8540.98,610.07,82.09
TXN1604,West,Grocery,UPI,Returning,176.94,3,530.82,12.5,66.35,464.47,154.82,22.12
TXN1605,East,Grocery,Cash,Member,564.31,3,1692.93,22.07,373.63,1319.3,439.77,124.54
TXN1606,North,Furniture,UPI,New,847.74,10,8477.4,8.8,746.01,7731.39,773.14,74.6
TXN1607,East,Grocery,Wallet,Returning,488.43,6,2930.58,7.35,215.4,2715.18,452.53,35.9
TXN1608,North,Apparel,Credit Card,Member,700.8,9,6307.2,1.08,68.12,6239.08,693.23,7.57
TXN1609,North,Grocery,Cash,Guest,72.72,18,1308.96,7.66,100.27,1208.69,67.15,5.57
TXN1610,North,Grocery,Wallet,New,789.98,1,789.98,28.44,224.67,565.31,565.31,224.67
TXN1611,North,Furniture,UPI,New,209.55,3,628.65,5.89,37.03,591.62,197.21,12.34
TXN1612,West,Furniture,Cash,New,929.52,10,9295.2,18.2,1691.73,7603.47,760.35,169.17
TXN1613,South,Apparel,UPI,Guest,733.77,13,9539.01,6.31,601.91,8937.1,687.47,46.3
TXN1614,West,Grocery,Wallet,Returning,804.83,5,4024.15,10.15,408.45,3615.7,723.14,81.69
TXN1615,East,Grocery,Cash,Returning,309.34,6,1856.04,7.78,144.4,1711.64,285.27,24.07
TXN1616,West,Electronics,UPI,Member,975.18,17,16578.06,10.51,1742.35,14835.71,872.69,102.49
TXN1617,West,Furniture,Wallet,Returning,989.05,11,10879.55,24.29,2642.64,8236.91,748.81,240.24
TXN1618,East,Grocery,Cash,New,321.44,9,2892.96,9.13,264.13,2628.83,292.09,29.35
TXN1619,West,Furniture,Wallet,Member,873.53,4,3494.12,17.01,594.35,2899.77,724.94,148.59
TXN1620,North,Apparel,Wallet,Guest,188.47,3,565.41,9.92,56.09,509.32,169.77,18.7
TXN1621,South,Furniture,Wallet,Guest,326.1,11,3587.1,10.01,359.07,3228.03,293.46,32.64
TXN1622,North,Electronics,Credit Card,New,356.04,17,6052.68,4.36,263.9,5788.78,340.52,15.52
TXN1623,West,Electronics,Wallet,Guest,77.09,17,1310.53,0.74,9.7,1300.83,76.52,0.57
TXN1624,North,Electronics,Wallet,Guest,643.29,15,9649.35,15.36,1482.14,8167.21,544.48,98.81
TXN1625,South,Electronics,Wallet,New,565.3,12,6783.6,9.09,616.63,6166.97,513.91,51.39
TXN1626,North,Apparel,Credit Card,New,852.03,4,3408.12,6.24,212.67,3195.45,798.86,53.17
TXN1627,North,Apparel,Credit Card,Returning,862.11,12,10345.32,3.63,375.54,9969.78,830.82,31.29
TXN1628,North,Furniture,UPI,Guest,265.93,10,2659.3,3.24,86.16,2573.14,257.31,8.62
TXN1629,West,Furniture,Cash,Guest,842.98,19,16016.62,20.23,3240.16,12776.46,672.45,170.53
TXN1630,South,Apparel,UPI,New,693.42,4,2773.68,3.55,98.47,2675.21,668.8,24.62
TXN1631,North,Furniture,Wallet,New,255.1,18,4591.8,10.9,500.51,4091.29,227.29,27.81
TXN1632,North,Furniture,UPI,Guest,984.03,3,2952.09,24.56,725.03,2227.06,742.35,241.68
TXN1633,East,Grocery,Wallet,Member,910.64,6,5463.84,21.8,1191.12,4272.72,712.12,198.52
TXN1634,South,Apparel,UPI,Member,498.14,17,8468.38,19.42,1644.56,6823.82,401.4,96.74
TXN1635,South,Furniture,Cash,Returning,152.86,16,2445.76,7.95,194.44,2251.32,140.71,12.15
TXN1636,South,Furniture,Credit Card,Guest,258.4,13,3359.2,23.96,804.86,2554.34,196.49,61.91
TXN1637,North,Grocery,UPI,Returning,953.69,17,16212.73,20.67,3351.17,12861.56,756.56,197.13
TXN1638,North,Furniture,Cash,Member,240.37,2,480.74,5.3,25.48,455.26,227.63,12.74
TXN1639,North,Furniture,Cash,New,713.08,14,9983.12,14.57,1454.54,8528.58,609.18,103.9
TXN1640,North,Furniture,UPI,New,843.31,5,4216.55,12.44,524.54,3692.01,738.4,104.91
TXN1641,South,Apparel,Cash,New,483.95,2,967.9,10.11,97.85,870.05,435.02,48.93
TXN1642,West,Apparel,Cash,New,217.1,17,3690.7,23.41,863.99,2826.71,166.28,50.82
TXN1643,South,Furniture,Cash,Member,692,2,1384,25.19,348.63,1035.37,517.69,174.31
TXN1644,North,Electronics,Wallet,Guest,344.48,3,1033.44,13.64,140.96,892.48,297.49,46.99
TXN1645,West,Furniture,Credit Card,Returning,314.89,11,3463.79,8.85,306.55,3157.24,287.02,27.87
TXN1646,East,Apparel,Wallet,Guest,716.53,10,7165.3,12.48,894.23,6271.07,627.11,89.42
TXN1647,South,Apparel,UPI,New,797.08,16,12753.28,21.32,2719,10034.28,627.14,169.94
TXN1648,South,Grocery,Credit Card,Returning,339.57,15,5093.55,2.68,136.51,4957.04,330.47,9.1
TXN1649,North,Apparel,Wallet,Guest,940.53,1,940.53,13.56,127.54,812.99,812.99,127.54
TXN1650,North,Electronics,Wallet,Guest,498.65,7,3490.55,12.66,441.9,3048.65,435.52,63.13
TXN1651,East,Furniture,UPI,New,759.68,9,6837.12,0.81,55.38,6781.74,753.53,6.15
TXN1652,East,Grocery,Cash,Member,564.31,3,1692.93,22.07,373.63,1319.3,439.77,124.54
TXN1653,North,Furniture,UPI,New,847.74,10,8477.4,8.8,746.01,7731.39,773.14,74.6
TXN1654,East,Grocery,Wallet,Returning,488.43,6,2930.58,7.35,215.4,2715.18,452.53,35.9
TXN1655,North,Apparel,Credit Card,Member,700.8,9,6307.2,1.08,68.12,6239.08,693.23,7.57
TXN1656,North,Grocery,Cash,Guest,72.72,18,1308.96,7.66,100.27,1208.69,67.15,5.57
TXN1657,North,Grocery,Wallet,New,789.98,1,789.98,28.44,224.67,565.31,565.31,224.67
TXN1658,North,Furniture,UPI,New,209.55,3,628.65,5.89,37.03,591.62,197.21,12.34
TXN1659,West,Furniture,Cash,New,929.52,10,9295.2,18.2,1691.73,7603.47,760.35,169.17
TXN1660,South,Apparel,UPI,Guest,733.77,13,9539.01,6.31,601.91,8937.1,687.47,46.3
TXN1661,West,Grocery,Wallet,Returning,804.83,5,4024.15,10.15,408.45,3615.7,723.14,81.69
TXN1662,East,Grocery,Cash,Returning,309.34,6,1856.04,7.78,144.4,1711.64,285.27,24.07
TXN1663,West,Electronics,UPI,Member,975.18,17,16578.06,10.51,1742.35,14835.71,872.69,102.49
TXN1664,West,Furniture,Wallet,Returning,989.05,11,10879.55,24.29,2642.64,8236.91,748.81,240.24
TXN1665,East,Furniture,Wallet,Returning,860.54,16,13768.64,25.51,3512.38,10256.26,641.02,219.52
TXN1666,North,Furniture,Wallet,New,530.16,15,7952.4,24.14,1919.71,6032.69,402.18,127.98
TXN1667,South,Furniture,Credit Card,Guest,272.16,10,2721.6,25.45,692.65,2028.95,202.9,69.26
TXN1668,South,Grocery,Credit Card,New,554.98,5,2774.9,25.78,715.37,2059.53,411.91,143.07
TXN1669,North,Apparel,Wallet,Guest,971.78,15,14576.7,18.17,2648.59,11928.11,795.21,176.57
TXN1670,West,Furniture,Cash,Guest,497.97,4,1991.88,23.44,466.9,1524.98,381.25,116.72
TXN1671,East,Apparel,UPI,New,449.02,16,7184.32,22.04,1583.42,5600.9,350.06,98.96
TXN1672,South,Grocery,Credit Card,Member,684.58,3,2053.74,20.53,421.63,1632.11,544.04,140.54
TXN1673,South,Apparel,Wallet,Guest,951.53,5,4757.65,19.58,931.55,3826.1,765.22,186.31
TXN1674,North,Apparel,Cash,Guest,655.35,1,655.35,18.62,122.03,533.32,533.32,122.03
TXN1675,East,Furniture,UPI,Member,482.08,16,7713.28,1.42,109.53,7603.75,475.23,6.85
TXN1676,East,Grocery,UPI,Guest,692.16,14,9690.24,11.86,1149.26,8540.98,610.07,82.09
TXN1677,West,Grocery,UPI,Returning,176.94,3,530.82,12.5,66.35,464.47,154.82,22.12
TXN1678,North,Electronics,Cash,Member,344.23,11,3786.53,21.64,819.41,2967.12,269.74,74.49
TXN1679,West,Apparel,UPI,Returning,552.03,12,6624.36,23.77,1574.61,5049.75,420.81,131.22
TXN1680,West,Apparel,Wallet,New,373.14,9,3358.26,12.04,404.33,2953.93,328.21,44.93
TXN1681,North,Grocery,UPI,Returning,969.47,4,3877.88,15.34,594.87,3283.01,820.75,148.72
TXN1682,West,Furniture,Cash,Member,875.07,7,6125.49,0.28,17.15,6108.34,872.62,2.45
TXN1683,East,Grocery,Cash,Member,243.75,2,487.5,29.45,143.57,343.93,171.97,71.78
TXN1684,South,Electronics,UPI,Returning,75.03,5,375.15,10.93,41,334.15,66.83,8.2
TXN1685,East,Apparel,Credit Card,Returning,106.02,6,636.12,28.92,183.97,452.15,75.36,30.66
TXN1686,East,Electronics,Cash,Returning,139.04,5,695.2,2.53,17.59,677.61,135.52,3.52
TXN1687,West,Apparel,UPI,Guest,809.42,19,15378.98,21.84,3358.77,12020.21,632.64,176.78
TXN1688,South,Electronics,Wallet,Returning,898.84,10,8988.4,4.86,436.84,8551.56,855.16,43.68
TXN1689,West,Electronics,Credit Card,Guest,380.48,11,4185.28,16.38,685.55,3499.73,318.16,62.32
TXN1690,North,Grocery,Wallet,New,75.34,19,1431.46,10.8,154.6,1276.86,67.2,8.14
TXN1691,East,Apparel,UPI,Member,651.97,17,11083.49,15.68,1737.89,9345.6,549.74,102.23
TXN1692,North,Electronics,UPI,Guest,234.82,15,3522.3,17.41,613.23,2909.07,193.94,40.88
TXN1693,South,Furniture,Credit Card,Returning,134.48,10,1344.8,9.9,133.14,1211.66,121.17,13.31
TXN1694,West,Furniture,Cash,Guest,293.04,4,1172.16,24.03,281.67,890.49,222.62,70.42
TXN1695,North,Grocery,Cash,New,669.35,11,7362.85,17.98,1323.84,6039.01,549,120.35
TXN1696,South,Grocery,Cash,New,440.33,4,1761.32,21.82,384.32,1377,344.25,96.08
TXN1697,South,Furniture,Cash,New,792.77,11,8720.47,21.53,1877.52,6842.95,622.09,170.68
TXN1698,South,Furniture,UPI,Guest,626.06,4,2504.24,27.38,685.66,1818.58,454.64,171.42
TXN1699,South,Electronics,Credit Card,New,788.25,6,4729.5,22.91,1083.53,3645.97,607.66,180.59
TXN1700,West,Electronics,Wallet,Member,207.09,14,2899.26,0.83,24.06,2875.2,205.37,1.72
TXN1701,South,Electronics,Wallet,Guest,542.11,17,9215.87,12.74,1174.1,8041.77,473.05,69.06
TXN1702,East,Apparel,Cash,New,424.26,6,2545.56,15.15,385.65,2159.91,359.98,64.28
TXN1703,East,Furniture,Wallet,Returning,833,11,9163,20.53,1881.16,7281.84,661.99,171.01
TXN1704,South,Electronics,Credit Card,Guest,67.98,14,951.72,14.15,134.67,817.05,58.36,9.62
TXN1705,West,Electronics,Wallet,Guest,285.02,8,2280.16,5.18,118.11,2162.05,270.26,14.76
TXN1706,South,Electronics,UPI,New,893.58,15,13403.7,12.03,1612.47,11791.23,786.08,107.5
TXN1707,South,Apparel,Credit Card,Member,856.59,17,14562.03,12.3,1791.13,12770.9,751.23,105.36
TXN1708,South,Grocery,Credit Card,Guest,587.95,6,3527.7,9.6,338.66,3189.04,531.51,56.44
TXN1709,West,Apparel,UPI,Member,273.64,10,2736.4,1.75,47.89,2688.51,268.85,4.79
TXN1710,West,Apparel,Credit Card,Returning,289.78,19,5505.82,23.8,1310.39,4195.43,220.81,68.97
TXN1711,South,Apparel,UPI,Guest,949.62,3,2848.86,17.55,499.97,2348.89,782.96,166.66
TXN1712,North,Electronics,UPI,Member,576.8,13,7498.4,26.78,2008.07,5490.33,422.33,154.47
TXN1713,North,Apparel,Credit Card,Guest,344.98,14,4829.72,13.83,667.95,4161.77,297.27,47.71
TXN1714,East,Grocery,Cash,Guest,488.95,2,977.9,16.07,157.15,820.75,410.38,78.57
TXN1715,East,Furniture,Cash,Member,603.98,5,3019.9,22.55,680.99,2338.91,467.78,136.2
TXN1716,East,Grocery,Cash,Member,575.37,13,7479.81,0.54,40.39,7439.42,572.26,3.11
TXN1717,East,Apparel,Cash,Member,707.42,10,7074.2,5.24,370.69,6703.51,670.35,37.07
TXN1718,South,Electronics,Credit Card,Member,123.13,18,2216.34,16.71,370.35,1845.99,102.55,20.58
TXN1719,West,Apparel,Cash,Returning,321.14,11,3532.54,19.9,702.98,2829.56,257.23,63.91
TXN1720,South,Apparel,Wallet,Returning,368.71,17,6268.07,6.39,400.53,5867.54,345.15,23.56
TXN1721,North,Apparel,Credit Card,Guest,904.01,9,8136.09,11.72,953.55,7182.54,798.06,105.95
TXN1722,South,Grocery,Cash,Returning,939,13,12207,5.63,687.25,11519.75,886.13,52.87
TXN1723,West,Grocery,Credit Card,Returning,874.92,17,14873.64,29.76,4426.4,10447.24,614.54,260.38
TXN1724,West,Apparel,UPI,Member,950.3,11,10453.3,4.16,434.86,10018.44,910.77,39.53
TXN1725,West,Furniture,Cash,Returning,575.6,1,575.6,6.81,39.2,536.4,536.4,39.2
TXN1726,South,Grocery,Credit Card,Guest,765.6,16,12249.6,21.08,2582.22,9667.38,604.21,161.39
TXN1727,South,Grocery,UPI,Returning,266.5,4,1066,9.62,102.55,963.45,240.86,25.64
TXN1728,West,Grocery,Cash,New,280.73,3,842.19,10.02,84.39,757.8,252.6,28.13
TXN1729,West,Apparel,Credit Card,New,258.71,16,4139.36,21.25,879.61,3259.75,203.73,54.98
TXN1730,East,Furniture,UPI,Member,532.33,4,2129.32,24.79,527.86,1601.46,400.37,131.96
TXN1731,North,Grocery,UPI,Returning,62.18,13,808.34,27.95,225.93,582.41,44.8,17.38
TXN1732,West,Electronics,Wallet,Member,395.42,18,7117.56,21.35,1519.6,5597.96,311,84.42
TXN1733,South,Electronics,Cash,New,637.89,7,4465.23,19.75,881.88,3583.35,511.91,125.98
TXN1734,West,Apparel,Wallet,Member,318.61,11,3504.71,24.31,852,2652.71,241.16,77.45
TXN1735,West,Electronics,Wallet,Returning,195.9,4,783.6,12.97,101.63,681.97,170.49,25.41
TXN1736,West,Grocery,Wallet,Guest,816.14,17,13874.38,17.55,2434.95,11439.43,672.91,143.23
TXN1737,South,Electronics,Wallet,New,707.72,16,11323.52,4.35,492.57,10830.95,676.93,30.79
TXN1738,East,Grocery,Credit Card,New,54.87,8,438.96,11.55,50.7,388.26,48.53,6.34
TXN1739,West,Grocery,Wallet,Member,625.97,11,6885.67,24.8,1707.65,5178.02,470.73,155.24
TXN1740,North,Furniture,Credit Card,Guest,881.09,10,8810.9,7.98,703.11,8107.79,810.78,70.31
TXN1741,West,Electronics,Wallet,Returning,685.66,10,6856.6,10.31,706.92,6149.68,614.97,70.69
TXN1742,South,Grocery,Cash,Guest,200.77,19,3814.63,28.11,1072.29,2742.34,144.33,56.44
TXN1743,North,Electronics,UPI,Returning,947.02,6,5682.12,4.05,230.13,5451.99,908.67,38.35
TXN1744,South,Furniture,Credit Card,Member,765.53,18,13779.54,2.14,294.88,13484.66,749.15,16.38
TXN1745,East,Apparel,Wallet,Member,292.97,18,5273.46,6.82,359.65,4913.81,272.99,19.98
TXN1746,East,Furniture,Wallet,Returning,169.37,9,1524.33,5.77,87.95,1436.38,159.6,
TXN1747,North,Furniture,UPI,Member,445.18,19,8458.42,10.97,927.89,7530.53,396.34,48.84
TXN1748,West,Electronics,UPI,Returning,269.81,1,269.81,4.91,13.25,256.56,256.56,13.25
TXN1749,East,Grocery,Credit Card,Guest,576.78,9,5191.02,20.1,1043.4,4147.62,460.85,115.93
TXN1750,West,Apparel,Cash,New,414.72,5,2073.6,2.72,56.4,2017.2,403.44,11.28
TXN1751,East,Furniture,Wallet,Guest,621.57,15,9323.55,19.53,1820.89,7502.66,500.18,121.39
TXN1752,North,Furniture,Cash,New,733.01,16,11728.16,23.51,2757.29,8970.87,560.68,172.33
TXN1753,North,Apparel,Cash,Returning,324.98,11,3574.78,8.58,306.72,3268.06,297.1,27.88
TXN1754,East,Apparel,Credit Card,Returning,508.32,11,5591.52,11.55,645.82,4945.7,449.61,58.71
TXN1755,East,Apparel,Wallet,New,565.3,10,5653,9.52,538.17,5114.83,511.48,53.82
TXN1756,East,Apparel,Credit Card,Member,78.21,10,782.1,3.84,30.03,752.07,75.21,3
TXN1757,West,Grocery,Cash,Guest,333.73,3,1001.19,10.49,105.02,896.17,298.72,35.01
TXN1758,North,Grocery,Cash,Returning,436.48,16,6983.68,13.56,946.99,6036.69,377.29,59.19
TXN1759,West,Grocery,Cash,New,139.52,13,1813.76,5.51,99.94,1713.82,131.83,7.69
TXN1760,North,Grocery,Credit Card,Guest,361.08,9,3249.72,6.43,208.96,3040.76,337.86,23.22
TXN1761,South,Grocery,UPI,Returning,142.21,10,1422.1,14.79,210.33,1211.77,121.18,21.03
TXN1762,West,Grocery,Credit Card,Returning,493.67,15,7405.05,19.52,1445.47,5959.58,397.31,96.36
TXN1763,West,Apparel,UPI,Member,90.55,1,90.55,14.63,13.25,77.3,77.3,13.25
TXN1764,North,Furniture,Credit Card,Member,776.1,6,4656.6,17.57,818.16,3838.44,639.74,136.36
TXN1765,West,Grocery,UPI,Guest,529.15,10,5291.5,3.39,179.38,5112.12,511.21,17.94
TXN1766,North,Electronics,Cash,Member,64.44,14,902.16,11.5,103.75,798.41,57.03,7.41
TXN1767,West,Furniture,Wallet,New,122.88,7,860.16,21.74,187,673.16,96.17,26.71
TXN1768,West,Apparel,Cash,Member,387.57,19,7363.83,17.99,1324.75,6039.08,317.85,69.72
TXN1769,North,Electronics,UPI,New,218.47,17,3713.99,28.85,1071.49,2642.5,155.44,63.03
TXN1770,North,Furniture,Wallet,New,765.62,6,4593.72,21.34,980.3,3613.42,602.24,163.38
TXN1771,East,Electronics,Credit Card,Returning,428.87,1,428.87,14.01,60.08,368.79,368.79,60.08
TXN1772,West,Apparel,UPI,Member,508.12,10,5081.2,4.73,240.34,4840.86,484.09,24.03
TXN1773,East,Furniture,Credit Card,Guest,727.98,16,11647.68,0.52,60.57,11587.11,724.19,3.79
TXN1774,South,Electronics,Credit Card,Returning,422.7,8,3381.6,16.92,572.17,2809.43,351.18,71.52
TXN1775,East,Grocery,UPI,Returning,922.99,18,16613.82,6.14,1020.09,15593.73,866.32,56.67
TXN1776,North,Furniture,UPI,Returning,111.43,18,2005.74,10.6,212.61,1793.13,99.62,11.81
TXN1777,North,Apparel,UPI,Returning,482.24,1,482.24,28.75,138.64,343.6,343.6,138.64
TXN1778,West,Electronics,Credit Card,Guest,462.44,2,924.88,13.5,124.86,800.02,400.01,62.43
TXN1779,South,Apparel,Wallet,Member,70.04,6,420.24,29.07,122.16,298.08,49.68,20.36
TXN1780,East,Electronics,Credit Card,New,937.38,5,4686.9,21.95,1028.77,3658.13,731.63,205.75
TXN1781,South,Grocery,Credit Card,Member,955.36,9,8598.24,22.63,1945.78,6652.46,739.16,216.2
TXN1782,South,Furniture,Cash,New,818.27,4,3273.08,26.92,881.11,2391.97,597.99,220.28
TXN1783,West,Grocery,Credit Card,Guest,526.5,4,2106,19.74,415.72,1690.28,422.57,103.93
TXN1784,West,Apparel,Cash,Returning,866.64,16,13866.24,1.55,214.93,13651.31,853.21,13.43
TXN1785,West,Electronics,UPI,Guest,567.43,2,1134.86,6.79,77.06,1057.8,528.9,38.53
TXN1786,North,Grocery,UPI,Member,726.13,9,6535.17,8.53,557.45,5977.72,664.19,61.94
TXN1787,South,Electronics,Wallet,New,588.78,2,1177.56,2.58,30.38,1147.18,573.59,15.19
TXN1788,North,Grocery,Credit Card,Returning,728.71,12,8744.52,8.83,772.14,7972.38,664.36,64.35
TXN1789,North,Grocery,UPI,Member,946.99,2,1893.98,1.86,35.23,1858.75,929.38,
TXN1790,East,Electronics,Credit Card,Member,530.03,14,7420.42,21.1,1565.71,5854.71,418.19,111.84
TXN1791,East,Grocery,Credit Card,Member,269.65,11,2966.15,22.34,662.64,2303.51,209.41,60.24
TXN1792,North,Electronics,Credit Card,New,796.39,13,10353.07,1.1,113.88,10239.19,787.63,8.76
TXN1793,West,Grocery,Wallet,Member,788.12,2,1576.24,19.67,310.05,1266.19,633.1,155.02
TXN1794,North,Electronics,UPI,Member,846.65,11,9313.15,16.43,1530.15,7783,707.55,139.1
TXN1795,South,Furniture,UPI,Guest,121.44,18,2185.92,14.26,311.71,1874.21,104.12,17.32
TXN1796,East,Furniture,UPI,Returning,208.82,18,3758.76,25.69,965.63,2793.13,155.17,53.65
TXN1797,North,Electronics,Wallet,Guest,95.25,3,285.75,20.37,58.21,227.54,75.85,19.4
TXN1798,North,Electronics,Cash,Returning,85.1,6,510.6,28.97,147.92,362.68,60.45,24.65
TXN1799,North,Electronics,UPI,Member,784.31,13,10196.03,16.91,1724.15,8471.88,651.68,
TXN1800,South,Apparel,Wallet,Returning,986.56,9,,26.94,2392.01,6487.03,720.78,
TXN1801,South,Electronics,Credit Card,Member,506.45,18,9116.1,19.32,,7354.87,408.6,
TXN1802,East,Apparel,UPI,Member,502.96,19,9556.24,1.57,,9406.21,495.06,
TXN1803,North,Apparel,Credit Card,Returning,454.71,2,909.42,17.64,160.42,749,374.5,80.21
TXN1804,North,Electronics,Cash,New,913.33,19,17353.27,7.75,1344.88,16008.39,,
TXN1805,West,Electronics,Wallet,Guest,56.8,6,340.8,2.49,8.49,332.31,55.39,1.41
TXN1806,South,Furniture,Cash,Guest,106.32,2,212.64,19.62,41.72,170.92,85.46,20.86
TXN1807,South,Grocery,Cash,Returning,271.31,19,5154.89,12.91,665.5,4489.39,236.28,35.03
TXN1808,South,Electronics,UPI,Member,583.8,3,1751.4,12.39,217,1534.4,511.47,72.33
TXN1809,South,Furniture,UPI,New,674.28,4,2697.12,12.24,330.13,2366.99,591.75,82.53
TXN1810,North,Apparel,Cash,Member,83.38,3,250.14,13.98,34.97,215.17,71.72,11.66
TXN1811,West,Apparel,UPI,New,581.39,7,4069.73,,1097.2,2972.53,424.65,156.74
TXN1812,South,Apparel,Wallet,Returning,986.56,9,8879.04,26.94,,6487.03,720.78,20.64
TXN1813,South,Electronics,Credit Card,Member,506.45,18,9116.1,19.32,1761.23,,408.6,174.93
TXN1814,East,Apparel,UPI,Member,502.96,19,9556.24,1.57,150.03,9406.21,495.06,163.9
TXN1815,North,Apparel,Credit Card,Returning,454.71,2,909.42,17.64,,749,374.5,125.36
TXN1816,North,Electronics,Cash,New,913.33,19,17353.27,7.75,1344.88,16008.39,842.55,77.66
TXN1817,West,Electronics,Wallet,Guest,56.8,6,340.8,2.49,8.49,332.31,55.39,109.79
TXN1818,South,Furniture,Cash,Guest,106.32,2,212.64,19.62,41.72,170.92,85.46,11.66
TXN1819,South,Grocery,Cash,Returning,271.31,19,5154.89,12.91,665.5,4489.39,236.28,156.74
TXN1820,South,Electronics,UPI,Member,583.8,3,1751.4,12.39,217,1534.4,511.47,20.64
TXN1821,South,Furniture,UPI,New,674.28,4,2697.12,12.24,330.13,2366.99,591.75,174.93
TXN1822,North,Apparel,Cash,Member,83.38,3,250.14,13.98,34.97,215.17,71.72,163.9
TXN1823,West,Apparel,UPI,New,581.39,7,4069.73,26.96,1097.2,2972.53,424.65,125.36
TXN1824,East,Apparel,Credit Card,Returning,566.92,8,4535.36,3.64,165.09,4370.27,546.28,77.66
TXN1825,West,Furniture,Cash,Guest,704.78,5,3523.9,24.82,874.63,2649.27,529.85,109.79
TXN1826,South,Furniture,Credit Card,New,623.89,1,623.89,26.27,163.9,459.99,459.99,143.23
TXN1827,East,Apparel,Credit Card,Returning,566.92,8,4535.36,3.64,165.09,4370.27,546.28,30.79
TXN1828,West,Furniture,Cash,Guest,704.78,5,3523.9,24.82,874.63,2649.27,529.85,6.34
TXN1829,South,Furniture,Credit Card,New,623.89,1,623.89,,,459.99,459.99,155.24
TXN1830,West,Furniture,Cash,Guest,704.78,,3523.9,24.82,874.63,,529.85,70.31
TXN1831,South,Furniture,Credit Card,New,623.89,1,623.89,26.27,163.9,459.99,,70.69
TXN1832,South,Apparel,Credit Card,Returning,502.83,5,2514.15,24.93,626.78,1887.37,377.47,56.44
TXN1833,North,Apparel,Cash,Member,733.98,14,10275.72,10.58,1087.17,9188.55,656.32,38.35
TXN1834,South,Furniture,UPI,Returning,954.7,16,,11.5,1756.65,13518.55,844.91,16.38
TXN1835,North,Apparel,Cash,Member,83.38,3,250.14,,34.97,215.17,71.72,19.98
TXN1836,West,Apparel,UPI,New,581.39,7,4069.73,26.96,,2972.53,424.65,143.23
TXN1837,East,Apparel,Credit Card,Returning,566.92,8,4535.36,3.64,165.09,,546.28,30.79
TXN1838,West,Furniture,Cash,Guest,704.78,5,3523.9,24.82,,2649.27,,6.34
TXN1839,South,Furniture,Credit Card,New,623.89,1,,26.27,163.9,459.99,459.99,155.24
TXN1840,South,Apparel,Credit Card,Returning,502.83,5,,24.93,,1887.37,377.47,70.31
TXN1841,North,Apparel,Cash,Member,733.98,14,10275.72,,1087.17,9188.55,656.32,70.69
TXN1842,South,Furniture,UPI,Returning,,16,15275.2,11.5,1756.65,,844.91,56.44
TXN1843,North,Apparel,Credit Card,Returning,454.71,2,909.42,17.64,160.42,749,374.5,80.21
TXN1844,North,Electronics,Cash,New,913.33,19,17353.27,7.75,1344.88,16008.39,,
TXN1845,West,Electronics,Wallet,Guest,56.8,6,340.8,2.49,8.49,332.31,55.39,1.41
TXN1846,South,Furniture,Cash,Guest,106.32,2,212.64,19.62,41.72,170.92,85.46,20.86
TXN1847,South,Grocery,Cash,Returning,271.31,19,5154.89,12.91,665.5,4489.39,236.28,35.03
TXN1848,South,Electronics,UPI,Member,583.8,3,1751.4,12.39,217,1534.4,511.47,72.33
TXN1849,South,Furniture,UPI,New,674.28,4,2697.12,12.24,330.13,2366.99,591.75,82.53
TXN1850,North,Apparel,Cash,Member,83.38,3,250.14,13.98,34.97,215.17,71.72,11.66
TXN1851,West,Apparel,UPI,New,581.39,7,4069.73,,1097.2,2972.53,424.65,156.74
TXN1852,South,Apparel,Wallet,Returning,986.56,9,8879.04,26.94,,6487.03,720.78,20.64
TXN1853,South,Electronics,Credit Card,Member,506.45,18,9116.1,19.32,1761.23,,408.6,174.93
TXN1854,East,Apparel,UPI,Member,502.96,19,9556.24,1.57,150.03,9406.21,495.06,163.9
TXN1855,North,Apparel,Credit Card,Returning,454.71,2,909.42,17.64,,749,374.5,125.36
TXN1856,North,Electronics,Cash,New,913.33,19,17353.27,7.75,1344.88,16008.39,842.55,77.66
TXN1857,West,Electronics,Wallet,Guest,56.8,6,340.8,2.49,8.49,332.31,55.39,109.79
TXN1858,South,Furniture,Cash,Guest,106.32,2,212.64,19.62,41.72,170.92,85.46,11.66
TXN1859,South,Grocery,Cash,Returning,271.31,19,5154.89,12.91,665.5,4489.39,236.28,156.74
TXN1860,South,Electronics,UPI,Member,583.8,3,1751.4,12.39,217,1534.4,511.47,20.64
TXN1861,South,Furniture,UPI,New,674.28,4,2697.12,12.24,330.13,2366.99,591.75,174.93
TXN1862,North,Apparel,Cash,Member,83.38,3,250.14,13.98,34.97,215.17,71.72,163.9
TXN1863,West,Apparel,UPI,New,581.39,7,4069.73,26.96,1097.2,2972.53,424.65,125.36
TXN1864,East,Apparel,Credit Card,Returning,566.92,8,4535.36,3.64,165.09,4370.27,546.28,77.66
TXN1865,West,Furniture,Cash,Guest,704.78,5,3523.9,24.82,874.63,2649.27,529.85,109.79
TXN1866,South,Furniture,Credit Card,New,623.89,1,623.89,26.27,163.9,459.99,459.99,143.23
TXN1867,East,Apparel,Credit Card,Returning,566.92,8,4535.36,3.64,165.09,4370.27,546.28,30.79
TXN1868,West,Furniture,Cash,Guest,704.78,5,3523.9,24.82,874.63,2649.27,529.85,6.34
TXN1869,South,Furniture,Credit Card,New,623.89,1,623.89,,,459.99,459.99,155.24
TXN1870,West,Furniture,Cash,Guest,704.78,,3523.9,24.82,874.63,,529.85,70.31
TXN1871,South,Furniture,Credit Card,New,623.89,1,623.89,26.27,163.9,459.99,,70.69
TXN1872,South,Apparel,Credit Card,Returning,502.83,5,2514.15,24.93,626.78,1887.37,377.47,56.44
TXN1873,North,Apparel,Cash,Member,733.98,14,10275.72,10.58,1087.17,9188.55,656.32,38.35
TXN1874,South,Furniture,UPI,Returning,954.7,16,,11.5,1756.65,13518.55,844.91,16.38
TXN1875,North,Apparel,Cash,Member,83.38,3,250.14,,34.97,215.17,71.72,19.98
TXN1876,West,Apparel,UPI,New,581.39,7,4069.73,26.96,,2972.53,424.65,143.23
TXN1877,East,Apparel,Credit Card,Returning,566.92,8,4535.36,3.64,165.09,,546.28,30.79
TXN1878,West,Furniture,Cash,Guest,704.78,5,3523.9,24.82,,2649.27,,6.34
TXN1879,South,Furniture,Credit Card,New,623.89,1,,26.27,163.9,459.99,459.99,155.24
TXN1880,South,Apparel,Credit Card,Returning,502.83,5,,24.93,,1887.37,377.47,70.31
TXN1881,North,Apparel,Cash,Member,733.98,14,10275.72,,1087.17,9188.55,656.32,70.69
TXN1882,South,Furniture,UPI,Returning,,16,15275.2,11.5,1756.65,,844.91,56.44
TXN1883,East,Grocery,Cash,New,321.44,9,2892.96,9.13,264.13,2628.83,292.09,29.35
TXN1884,West,Furniture,Wallet,Member,873.53,4,3494.12,17.01,594.35,2899.77,724.94,148.59
TXN1885,North,Apparel,Wallet,Guest,188.47,3,565.41,9.92,56.09,509.32,169.77,18.7
TXN1886,South,Furniture,Wallet,Guest,326.1,11,3587.1,10.01,359.07,3228.03,293.46,32.64
TXN1887,North,Electronics,Credit Card,New,356.04,17,6052.68,4.36,263.9,5788.78,340.52,15.52
TXN1888,West,Electronics,Wallet,Guest,77.09,17,1310.53,0.74,9.7,1300.83,76.52,0.57
TXN1889,North,Electronics,Wallet,Guest,643.29,15,9649.35,15.36,1482.14,8167.21,544.48,98.81
TXN1890,South,Electronics,Wallet,New,565.3,12,6783.6,9.09,616.63,6166.97,513.91,51.39
TXN1891,North,Apparel,Credit Card,New,852.03,4,3408.12,6.24,212.67,3195.45,798.86,53.17
TXN1892,North,Apparel,Credit Card,Returning,862.11,12,10345.32,3.63,375.54,9969.78,830.82,31.29
TXN1893,North,Furniture,UPI,Guest,265.93,10,2659.3,3.24,86.16,2573.14,257.31,8.62
TXN1894,West,Furniture,Cash,Guest,842.98,19,16016.62,20.23,3240.16,12776.46,672.45,170.53
TXN1895,South,Apparel,UPI,New,693.42,4,2773.68,3.55,98.47,2675.21,668.8,24.62
TXN1896,North,Furniture,Wallet,New,255.1,18,4591.8,10.9,500.51,4091.29,227.29,27.81
TXN1897,North,Furniture,UPI,Guest,984.03,3,2952.09,24.56,725.03,2227.06,742.35,241.68
TXN1898,East,Grocery,Wallet,Member,910.64,6,5463.84,21.8,1191.12,4272.72,712.12,198.52
TXN1899,South,Apparel,UPI,Member,498.14,17,8468.38,19.42,1644.56,6823.82,401.4,96.74
TXN1900,South,Furniture,Cash,Returning,152.86,16,2445.76,7.95,194.44,2251.32,140.71,12.15
TXN1901,South,Furniture,Credit Card,Guest,258.4,13,3359.2,23.96,804.86,2554.34,196.49,61.91
TXN1902,North,Grocery,UPI,Returning,953.69,17,16212.73,20.67,3351.17,12861.56,756.56,197.13
TXN1903,North,Furniture,Cash,Member,240.37,2,480.74,5.3,25.48,455.26,227.63,12.74
TXN1904,North,Furniture,Cash,New,713.08,14,9983.12,14.57,1454.54,8528.58,609.18,103.9
TXN1905,North,Furniture,UPI,New,843.31,5,4216.55,12.44,524.54,3692.01,738.4,104.91
TXN1906,South,Apparel,Cash,New,483.95,2,967.9,10.11,97.85,870.05,435.02,48.93
TXN1907,West,Apparel,Cash,New,217.1,17,3690.7,23.41,863.99,2826.71,166.28,50.82
TXN1908,South,Furniture,Cash,Member,692,2,1384,25.19,348.63,1035.37,517.69,174.31
TXN1909,North,Electronics,Wallet,Guest,344.48,3,1033.44,13.64,140.96,892.48,297.49,46.99
TXN1910,West,Furniture,Credit Card,Returning,314.89,11,3463.79,8.85,306.55,3157.24,287.02,27.87
TXN1911,East,Apparel,Wallet,Guest,716.53,10,7165.3,12.48,894.23,6271.07,627.11,89.42
TXN1912,South,Apparel,UPI,New,797.08,16,12753.28,21.32,2719,10034.28,627.14,169.94
TXN1913,South,Grocery,Credit Card,Returning,339.57,15,5093.55,2.68,136.51,4957.04,330.47,9.1
TXN1914,North,Apparel,Wallet,Guest,940.53,1,940.53,13.56,127.54,812.99,812.99,127.54
TXN1915,North,Electronics,Wallet,Guest,498.65,7,3490.55,12.66,441.9,3048.65,435.52,63.13
TXN1916,East,Furniture,UPI,New,759.68,9,6837.12,0.81,55.38,6781.74,753.53,6.15
TXN1917,East,Grocery,Cash,Member,564.31,3,1692.93,22.07,373.63,1319.3,439.77,124.54
TXN1918,North,Furniture,UPI,New,847.74,10,8477.4,8.8,746.01,7731.39,773.14,74.6
TXN1919,East,Grocery,Wallet,Returning,488.43,6,2930.58,7.35,215.4,2715.18,452.53,35.9
TXN1920,North,Apparel,Credit Card,Member,700.8,9,6307.2,1.08,68.12,6239.08,693.23,7.57
TXN1921,North,Grocery,Cash,Guest,72.72,18,1308.96,7.66,100.27,1208.69,67.15,5.57
TXN1922,North,Grocery,Wallet,New,789.98,1,789.98,28.44,224.67,565.31,565.31,224.67
TXN1923,North,Furniture,UPI,New,209.55,3,628.65,5.89,37.03,591.62,197.21,12.34
TXN1924,West,Furniture,Cash,New,929.52,10,9295.2,18.2,1691.73,7603.47,760.35,169.17
TXN1925,South,Apparel,UPI,Guest,733.77,13,9539.01,6.31,601.91,8937.1,687.47,46.3
TXN1926,West,Grocery,Wallet,Returning,804.83,5,4024.15,10.15,408.45,3615.7,723.14,81.69
TXN1927,East,Grocery,Cash,Returning,309.34,6,1856.04,7.78,144.4,1711.64,285.27,24.07
TXN1928,West,Electronics,UPI,Member,975.18,17,16578.06,10.51,1742.35,14835.71,872.69,102.49
TXN1929,West,Furniture,Wallet,Returning,989.05,11,10879.55,24.29,2642.64,8236.91,748.81,240.24
TXN1930,East,Furniture,Wallet,Returning,860.54,16,13768.64,25.51,3512.38,10256.26,641.02,219.52
TXN1931,North,Furniture,Wallet,New,530.16,15,7952.4,24.14,1919.71,6032.69,402.18,127.98
TXN1932,South,Furniture,Credit Card,Guest,272.16,10,2721.6,25.45,692.65,2028.95,202.9,69.26
TXN1933,South,Grocery,Credit Card,New,554.98,5,2774.9,25.78,715.37,2059.53,411.91,143.07
TXN1934,North,Apparel,Wallet,Guest,971.78,15,14576.7,18.17,2648.59,11928.11,795.21,176.57
TXN1935,West,Furniture,Cash,Guest,497.97,4,1991.88,23.44,466.9,1524.98,381.25,116.72
TXN1936,East,Apparel,UPI,New,449.02,16,7184.32,22.04,1583.42,5600.9,350.06,98.96
TXN1937,South,Grocery,Credit Card,Member,684.58,3,2053.74,20.53,421.63,1632.11,544.04,140.54
TXN1938,South,Apparel,Wallet,Guest,951.53,5,4757.65,19.58,931.55,3826.1,765.22,186.31
TXN1939,North,Apparel,Cash,Guest,655.35,1,655.35,18.62,122.03,533.32,533.32,122.03
TXN1940,East,Furniture,UPI,Member,482.08,16,7713.28,1.42,109.53,7603.75,475.23,6.85
TXN1941,East,Grocery,UPI,Guest,692.16,14,9690.24,11.86,1149.26,8540.98,610.07,82.09
TXN1942,West,Grocery,UPI,Returning,176.94,3,530.82,12.5,66.35,464.47,154.82,15.52
TXN1943,North,Electronics,Cash,Member,344.23,11,3786.53,21.64,819.41,2967.12,269.74,0.57
TXN1944,West,Apparel,UPI,Returning,552.03,12,6624.36,23.77,1574.61,5049.75,420.81,98.81
TXN1945,West,Apparel,Wallet,New,373.14,9,3358.26,12.04,404.33,2953.93,328.21,51.39
TXN1946,North,Grocery,UPI,Returning,969.47,4,3877.88,15.34,594.87,3283.01,820.75,53.17
TXN1947,West,Furniture,Cash,Member,875.07,7,6125.49,0.28,17.15,6108.34,872.62,31.29
TXN1948,East,Grocery,Cash,Member,243.75,2,487.5,29.45,143.57,343.93,171.97,8.62
TXN1949,South,Electronics,UPI,Returning,75.03,5,375.15,10.93,41,334.15,66.83,170.53
TXN1950,East,Apparel,Credit Card,Returning,106.02,6,636.12,28.92,183.97,452.15,75.36,24.62
TXN1951,East,Electronics,Cash,Returning,139.04,5,695.2,2.53,17.59,677.61,135.52,27.81
TXN1952,West,Apparel,UPI,Guest,809.42,19,15378.98,21.84,3358.77,12020.21,632.64,241.68
TXN1953,South,Electronics,Wallet,Returning,898.84,10,8988.4,4.86,436.84,8551.56,855.16,198.52
TXN1954,West,Electronics,Credit Card,Guest,380.48,11,4185.28,16.38,685.55,3499.73,318.16,96.74
TXN1955,North,Grocery,Wallet,New,75.34,19,1431.46,10.8,154.6,1276.86,67.2,12.15
TXN1956,East,Apparel,UPI,Member,651.97,17,11083.49,15.68,1737.89,9345.6,549.74,61.91
TXN1957,North,Electronics,UPI,Guest,234.82,15,3522.3,17.41,613.23,2909.07,193.94,197.13
TXN1958,South,Furniture,Credit Card,Returning,134.48,10,1344.8,9.9,133.14,1211.66,121.17,12.74
TXN1959,West,Furniture,Cash,Guest,293.04,4,1172.16,24.03,281.67,890.49,222.62,103.9
TXN1960,North,Grocery,Cash,New,669.35,11,7362.85,17.98,1323.84,6039.01,549,104.91
TXN1961,South,Grocery,Cash,New,440.33,4,1761.32,21.82,384.32,1377,344.25,74.6
TXN1962,South,Furniture,Cash,New,792.77,11,8720.47,21.53,1877.52,6842.95,622.09,35.9
TXN1963,South,Furniture,UPI,Guest,626.06,4,2504.24,27.38,685.66,1818.58,,7.57
TXN1964,South,Electronics,Credit Card,New,788.25,6,4729.5,22.91,1083.53,3645.97,607.66,5.57
TXN1965,West,Electronics,Wallet,Member,207.09,14,2899.26,0.83,24.06,2875.2,205.37,224.67
TXN1966,South,Electronics,Wallet,Guest,542.11,17,9215.87,12.74,1174.1,8041.77,473.05,12.34
TXN1967,East,Apparel,Cash,New,424.26,6,2545.56,15.15,385.65,2159.91,359.98,169.17
TXN1968,East,Furniture,Wallet,Returning,833,11,9163,20.53,1881.16,7281.84,661.99,46.3
TXN1969,South,Electronics,Credit Card,Guest,67.98,14,951.72,14.15,134.67,817.05,58.36,81.69
TXN1970,West,Electronics,Wallet,Guest,285.02,8,2280.16,5.18,118.11,2162.05,270.26,124.54
TXN1971,South,Electronics,UPI,New,893.58,15,13403.7,12.03,1612.47,11791.23,786.08,74.6
TXN1972,South,Apparel,Credit Card,Member,856.59,17,14562.03,12.3,1791.13,12770.9,,35.9
TXN1973,South,Grocery,Credit Card,Guest,587.95,6,3527.7,9.6,338.66,3189.04,531.51,7.57
TXN1974,West,Apparel,UPI,Member,273.64,10,2736.4,1.75,47.89,2688.51,268.85,5.57
TXN1975,West,Apparel,Credit Card,Returning,289.78,19,5505.82,23.8,1310.39,4195.43,220.81,224.67
TXN1976,South,Apparel,UPI,Guest,949.62,3,2848.86,17.55,499.97,,782.96,12.34
TXN1977,North,Electronics,UPI,Member,576.8,13,7498.4,26.78,,5490.33,422.33,169.17
TXN1978,North,Apparel,Credit Card,Guest,344.98,14,4829.72,13.83,,4161.77,297.27,46.3
TXN1979,East,Grocery,Cash,Guest,488.95,2,977.9,16.07,157.15,,410.38,81.69
TXN1980,East,Furniture,Cash,Member,603.98,5,3019.9,22.55,680.99,2338.91,467.78,98.96
TXN1981,East,Grocery,Cash,Member,575.37,13,7479.81,0.54,40.39,7439.42,,140.54
TXN1982,East,Apparel,Cash,Member,707.42,10,7074.2,5.24,370.69,6703.51,670.35,186.31
TXN1983,South,Electronics,Credit Card,Member,123.13,18,2216.34,16.71,370.35,1845.99,102.55,122.03
TXN1984,West,Apparel,Cash,Returning,321.14,11,3532.54,19.9,702.98,2829.56,257.23,6.85
TXN1985,South,Apparel,Wallet,Returning,368.71,17,6268.07,6.39,400.53,5867.54,345.15,82.09
TXN1986,North,Apparel,Credit Card,Guest,904.01,9,8136.09,11.72,953.55,7182.54,798.06,15.52
TXN1987,South,Grocery,Cash,Returning,939,13,12207,5.63,687.25,11519.75,886.13,0.57
TXN1988,West,Grocery,Credit Card,Returning,874.92,17,14873.64,29.76,4426.4,10447.24,614.54,98.81
TXN1989,West,Apparel,UPI,Member,950.3,11,10453.3,4.16,434.86,10018.44,910.77,51.39
TXN1990,West,Furniture,Cash,Returning,575.6,1,575.6,6.81,39.2,536.4,536.4,53.17
TXN1991,South,Grocery,Credit Card,Guest,765.6,16,12249.6,21.08,2582.22,9667.38,604.21,31.29
TXN1992,South,Grocery,UPI,Returning,266.5,4,1066,9.62,102.55,963.45,240.86,8.62
TXN1993,West,Grocery,Cash,New,280.73,3,842.19,10.02,84.39,757.8,252.6,170.53
TXN1994,West,Apparel,Credit Card,New,258.71,16,4139.36,21.25,879.61,3259.75,203.73,24.62
TXN1995,East,Furniture,UPI,Member,532.33,4,2129.32,24.79,527.86,1601.46,400.37,27.81
TXN1996,North,Grocery,UPI,Returning,62.18,13,808.34,27.95,225.93,582.41,44.8,241.68
TXN1997,West,Electronics,Wallet,Member,395.42,18,7117.56,21.35,1519.6,5597.96,311,198.52
TXN1998,South,Electronics,Cash,New,637.89,7,4465.23,19.75,881.88,3583.35,511.91,96.74
TXN1999,West,Apparel,Wallet,Member,318.61,11,3504.71,24.31,852,2652.71,241.16,12.15
TXN2000,West,Electronics,Wallet,Returning,195.9,4,783.6,12.97,101.63,681.97,170.49,61.91
TXN2001,West,Grocery,Wallet,Guest,816.14,17,13874.38,17.55,2434.95,11439.43,672.91,197.13
TXN2002,South,Electronics,Wallet,New,707.72,16,11323.52,4.35,492.57,10830.95,676.93,12.74
TXN2003,East,Grocery,Credit Card,New,54.87,8,438.96,11.55,50.7,388.26,48.53,103.9
TXN2004,West,Grocery,Wallet,Member,625.97,11,6885.67,24.8,1707.65,5178.02,470.73,104.91
TXN2005,North,Furniture,Credit Card,Guest,881.09,10,8810.9,7.98,703.11,8107.79,810.78,74.6
TXN2006,West,Electronics,Wallet,Returning,685.66,10,6856.6,10.31,706.92,6149.68,614.97,35.9
TXN2007,South,Grocery,Cash,Guest,200.77,19,,28.11,1072.29,2742.34,144.33,7.57
TXN2008,North,Electronics,UPI,Returning,947.02,6,5682.12,4.05,230.13,,908.67,5.57
TXN2009,South,Furniture,Credit Card,Member,765.53,18,,2.14,294.88,13484.66,749.15,224.67
TXN2010,East,Apparel,Wallet,Member,292.97,18,5273.46,6.82,,4913.81,272.99,12.34
TXN2011,East,Furniture,Wallet,Returning,169.37,9,1524.33,5.77,87.95,1436.38,159.6,169.17
TXN2012,North,Furniture,UPI,Member,445.18,19,8458.42,,927.89,7530.53,,46.3
TXN2013,West,Electronics,UPI,Returning,269.81,1,,4.91,13.25,256.56,256.56,81.69
TXN2014,East,Grocery,Credit Card,Guest,576.78,9,5191.02,20.1,1043.4,4147.62,460.85,124.54
TXN2015,West,Apparel,Cash,New,414.72,5,2073.6,2.72,56.4,2017.2,403.44,29.35
TXN2016,East,Furniture,Wallet,Guest,621.57,15,9323.55,19.53,1820.89,7502.66,500.18,148.59
TXN2017,North,Furniture,Cash,New,733.01,16,11728.16,23.51,2757.29,8970.87,560.68,18.7
TXN2018,North,Apparel,Cash,Returning,324.98,11,3574.78,8.58,306.72,3268.06,297.1,32.64
TXN2019,East,Apparel,Credit Card,Returning,508.32,11,5591.52,11.55,645.82,4945.7,449.61,15.52
TXN2020,East,Apparel,Wallet,New,565.3,10,5653,9.52,538.17,,511.48,0.57
TXN2021,East,Apparel,Credit Card,Member,78.21,10,782.1,3.84,,752.07,75.21,98.81
TXN2022,West,Grocery,Cash,Guest,333.73,3,,10.49,105.02,896.17,298.72,51.39
TXN2023,South,Electronics,Wallet,New,565.3,12,6783.6,9.09,616.63,6166.97,513.91,51.39
TXN2024,North,Apparel,Credit Card,New,852.03,4,3408.12,6.24,212.67,3195.45,798.86,53.17
TXN2025,North,Apparel,Credit Card,Returning,862.11,12,10345.32,3.63,375.54,9969.78,830.82,31.29
TXN2026,North,Furniture,UPI,Guest,265.93,10,2659.3,3.24,86.16,2573.14,257.31,8.62
TXN2027,West,Furniture,Cash,Guest,842.98,19,16016.62,20.23,3240.16,12776.46,672.45,170.53
TXN2028,South,Apparel,UPI,New,693.42,4,2773.68,3.55,98.47,2675.21,668.8,24.62
TXN2029,North,Furniture,Wallet,New,255.1,18,4591.8,10.9,500.51,4091.29,227.29,27.81
TXN2030,North,Furniture,UPI,Guest,984.03,3,2952.09,24.56,725.03,2227.06,742.35,241.68
TXN2031,East,Grocery,Wallet,Member,910.64,6,5463.84,21.8,1191.12,4272.72,712.12,198.52
TXN2032,South,Apparel,UPI,Member,498.14,17,8468.38,19.42,1644.56,6823.82,401.4,96.74
TXN2033,South,Furniture,Cash,Returning,152.86,16,2445.76,7.95,194.44,2251.32,140.71,12.15
TXN2034,South,Furniture,Credit Card,Guest,258.4,13,3359.2,23.96,804.86,2554.34,196.49,61.91
TXN2035,North,Grocery,UPI,Returning,953.69,17,16212.73,20.67,3351.17,12861.56,756.56,197.13
TXN2036,North,Furniture,Cash,Member,240.37,2,480.74,5.3,25.48,455.26,227.63,12.74
TXN2037,North,Furniture,Cash,New,713.08,14,9983.12,14.57,1454.54,8528.58,609.18,103.9
TXN2038,North,Furniture,UPI,New,843.31,5,4216.55,12.44,524.54,3692.01,738.4,104.91
TXN2039,South,Apparel,Cash,New,483.95,2,967.9,10.11,97.85,870.05,435.02,48.93
TXN2040,West,Apparel,Cash,New,217.1,17,3690.7,23.41,863.99,2826.71,166.28,50.82
TXN2041,South,Furniture,Cash,Member,692,2,1384,25.19,348.63,1035.37,517.69,174.31
TXN2042,North,Electronics,Wallet,Guest,344.48,3,1033.44,13.64,140.96,892.48,297.49,46.99
TXN2043,West,Furniture,Credit Card,Returning,314.89,11,3463.79,8.85,306.55,3157.24,287.02,27.87
TXN2044,East,Apparel,Wallet,Guest,716.53,10,7165.3,12.48,894.23,6271.07,627.11,89.42
TXN2045,South,Apparel,UPI,New,797.08,16,12753.28,21.32,2719,10034.28,627.14,169.94
TXN2046,South,Grocery,Credit Card,Returning,339.57,15,5093.55,2.68,136.51,4957.04,330.47,9.1
TXN2047,North,Apparel,Wallet,Guest,940.53,1,940.53,13.56,127.54,812.99,812.99,127.54
TXN2048,North,Electronics,Wallet,Guest,498.65,7,3490.55,12.66,441.9,3048.65,435.52,63.13
TXN2049,East,Furniture,UPI,New,759.68,9,6837.12,0.81,55.38,6781.74,753.53,6.15
TXN2050,East,Grocery,Cash,Member,564.31,3,1692.93,22.07,373.63,1319.3,439.77,124.54
TXN2051,North,Furniture,UPI,New,847.74,10,8477.4,8.8,746.01,7731.39,773.14,74.6
TXN2052,East,Grocery,Wallet,Returning,488.43,6,2930.58,7.35,215.4,2715.18,452.53,35.9
TXN2053,North,Apparel,Credit Card,Member,700.8,9,6307.2,1.08,68.12,6239.08,693.23,7.57
TXN2054,North,Grocery,Cash,Guest,72.72,18,1308.96,7.66,100.27,1208.69,67.15,5.57
TXN2055,North,Grocery,Wallet,New,789.98,1,789.98,28.44,224.67,565.31,565.31,224.67
TXN2056,North,Furniture,UPI,New,209.55,3,628.65,5.89,37.03,591.62,197.21,12.34
TXN2057,West,Furniture,Cash,New,929.52,10,9295.2,18.2,1691.73,7603.47,760.35,169.17
TXN2058,South,Apparel,UPI,Guest,733.77,13,9539.01,6.31,601.91,8937.1,687.47,46.3
TXN2059,West,Grocery,Wallet,Returning,804.83,5,4024.15,10.15,408.45,3615.7,723.14,81.69
TXN2060,East,Grocery,Cash,Returning,309.34,6,1856.04,7.78,144.4,1711.64,285.27,24.07
TXN2061,West,Electronics,UPI,Member,975.18,17,16578.06,10.51,1742.35,14835.71,872.69,102.49
TXN2062,West,Furniture,Wallet,Returning,989.05,11,10879.55,24.29,2642.64,8236.91,748.81,240.24
TXN2063,East,Furniture,Wallet,Returning,860.54,16,13768.64,25.51,3512.38,10256.26,641.02,219.52
TXN2064,North,Furniture,Wallet,New,530.16,15,7952.4,24.14,1919.71,6032.69,402.18,127.98
TXN2065,South,Furniture,Credit Card,Guest,272.16,10,2721.6,25.45,692.65,2028.95,202.9,69.26
TXN2066,South,Grocery,Credit Card,New,554.98,5,2774.9,25.78,715.37,2059.53,411.91,143.07
TXN2067,North,Apparel,Wallet,Guest,971.78,15,14576.7,18.17,2648.59,11928.11,795.21,176.57
TXN2068,West,Furniture,Cash,Guest,497.97,4,1991.88,23.44,466.9,1524.98,381.25,116.72
TXN2069,East,Apparel,UPI,New,449.02,16,7184.32,22.04,1583.42,5600.9,350.06,98.96
TXN2070,South,Grocery,Credit Card,Member,684.58,3,2053.74,20.53,421.63,1632.11,544.04,140.54
TXN2071,South,Apparel,Wallet,Guest,951.53,5,4757.65,19.58,931.55,3826.1,765.22,186.31
TXN2072,North,Apparel,Cash,Guest,655.35,1,655.35,18.62,122.03,533.32,533.32,122.03
TXN2073,East,Furniture,UPI,Member,482.08,16,7713.28,1.42,109.53,7603.75,475.23,6.85
TXN2074,East,Grocery,UPI,Guest,692.16,14,9690.24,11.86,1149.26,8540.98,610.07,82.09
TXN2075,West,Grocery,UPI,Returning,176.94,3,530.82,12.5,66.35,464.47,154.82,22.12
TXN2076,North,Electronics,Cash,Member,344.23,11,3786.53,21.64,819.41,2967.12,269.74,74.49
TXN2077,West,Apparel,UPI,Returning,552.03,12,6624.36,23.77,1574.61,5049.75,420.81,131.22
TXN2078,West,Apparel,Wallet,New,373.14,9,3358.26,12.04,404.33,2953.93,328.21,44.93
TXN2079,North,Grocery,UPI,Returning,969.47,4,3877.88,15.34,594.87,3283.01,820.75,148.72
TXN2080,West,Furniture,Cash,Member,875.07,7,6125.49,0.28,17.15,6108.34,872.62,2.45
TXN2081,East,Grocery,Cash,Member,243.75,2,487.5,29.45,143.57,343.93,171.97,71.78
TXN2082,South,Electronics,UPI,Returning,75.03,5,375.15,10.93,41,334.15,66.83,8.2
TXN2083,East,Apparel,Credit Card,Returning,106.02,6,636.12,28.92,183.97,452.15,75.36,30.66
TXN2084,East,Electronics,Cash,Returning,139.04,5,695.2,2.53,17.59,677.61,135.52,3.52
TXN2085,West,Apparel,UPI,Guest,809.42,19,15378.98,21.84,3358.77,12020.21,632.64,176.78
TXN2086,South,Electronics,Wallet,Returning,898.84,10,8988.4,4.86,436.84,8551.56,855.16,43.68
TXN2087,West,Electronics,Wallet,Returning,685.66,10,6856.6,10.31,706.92,6149.68,614.97,35.9
TXN2088,South,Grocery,Cash,Guest,200.77,19,,28.11,1072.29,2742.34,144.33,7.57
TXN2089,North,Electronics,UPI,Returning,947.02,6,5682.12,4.05,230.13,,908.67,5.57
TXN2090,South,Furniture,Credit Card,Member,765.53,18,,2.14,294.88,13484.66,749.15,224.67
TXN2091,East,Apparel,Wallet,Member,292.97,18,5273.46,6.82,,4913.81,272.99,
TXN2092,East,Furniture,Wallet,Returning,169.37,9,1524.33,5.77,87.95,1436.38,159.6,169.17
TXN2093,North,Furniture,UPI,Member,445.18,19,8458.42,,927.89,7530.53,,46.3
TXN2094,West,Electronics,UPI,Returning,269.81,1,,4.91,13.25,256.56,256.56,81.69
TXN2095,East,Grocery,Credit Card,Guest,576.78,9,5191.02,20.1,1043.4,4147.62,,124.54
TXN2096,West,Apparel,Cash,New,414.72,5,2073.6,2.72,56.4,2017.2,403.44,
TXN2097,East,Furniture,Wallet,Guest,621.57,15,9323.55,19.53,1820.89,7502.66,500.18,148.59
TXN2098,North,Furniture,Cash,New,733.01,16,11728.16,23.51,2757.29,8970.87,560.68,18.7
TXN2099,North,Apparel,Cash,Returning,324.98,11,3574.78,8.58,306.72,3268.06,297.1,32.64
TXN2100,East,Apparel,Credit Card,Returning,508.32,11,5591.52,11.55,645.82,4945.7,449.61,15.52
TXN2101,East,Apparel,Wallet,New,565.3,10,5653,9.52,538.17,,511.48,
TXN2102,East,Apparel,Credit Card,Member,78.21,10,782.1,3.84,,752.07,75.21,98.81
TXN2103,West,Grocery,Cash,Guest,333.73,3,,10.49,105.02,896.17,298.72,51.39
TXN2104,South,Electronics,Wallet,New,565.3,12,6783.6,9.09,616.63,6166.97,513.91,51.39
TXN2105,North,Apparel,Credit Card,New,852.03,4,3408.12,6.24,212.67,3195.45,798.86,53.17
TXN2106,North,Apparel,Credit Card,Returning,862.11,12,10345.32,3.63,375.54,9969.78,830.82,31.29
TXN2107,North,Furniture,UPI,Guest,265.93,10,2659.3,3.24,86.16,2573.14,257.31,8.62
TXN2108,West,Furniture,Cash,Guest,842.98,19,16016.62,20.23,3240.16,12776.46,672.45,170.53
TXN2109,South,Apparel,UPI,New,693.42,4,2773.68,3.55,98.47,2675.21,668.8,24.62
TXN2110,North,Furniture,Wallet,New,255.1,18,4591.8,10.9,500.51,4091.29,227.29,27.81
TXN2111,North,Furniture,UPI,Guest,984.03,3,2952.09,24.56,725.03,2227.06,742.35,241.68
TXN2112,East,Grocery,Wallet,Member,910.64,6,5463.84,21.8,1191.12,4272.72,712.12,198.52
TXN2113,South,Apparel,UPI,Member,498.14,17,8468.38,19.42,1644.56,6823.82,401.4,96.74
TXN2114,South,Furniture,Cash,Returning,152.86,16,2445.76,7.95,194.44,2251.32,140.71,12.15
TXN2115,South,Furniture,Credit Card,Guest,258.4,13,3359.2,23.96,804.86,2554.34,196.49,61.91
TXN2116,North,Grocery,UPI,Returning,953.69,17,16212.73,20.67,3351.17,12861.56,,
TXN2117,North,Furniture,Cash,Member,240.37,2,480.74,5.3,25.48,455.26,227.63,12.74
TXN2118,South,Furniture,Credit Card,Guest,272.16,10,2721.6,25.45,692.65,2028.95,202.9,69.26
TXN2119,South,Grocery,Credit Card,New,554.98,5,2774.9,25.78,715.37,2059.53,411.91,143.07
TXN2120,North,Apparel,Wallet,Guest,971.78,15,14576.7,18.17,2648.59,11928.11,795.21,176.57
TXN2121,West,Furniture,Cash,Guest,497.97,4,1991.88,23.44,466.9,1524.98,381.25,116.72
TXN2122,East,Apparel,UPI,New,449.02,16,7184.32,22.04,1583.42,5600.9,350.06,98.96
TXN2123,South,Grocery,Credit Card,Member,684.58,3,2053.74,20.53,421.63,1632.11,544.04,140.54
TXN2124,South,Apparel,Wallet,Guest,951.53,5,4757.65,19.58,931.55,3826.1,765.22,186.31
TXN2125,North,Apparel,Cash,Guest,655.35,1,655.35,18.62,122.03,533.32,533.32,122.03
TXN2126,East,Furniture,UPI,Member,482.08,16,7713.28,1.42,109.53,7603.75,475.23,6.85
TXN2127,East,Grocery,UPI,Guest,692.16,14,9690.24,11.86,1149.26,8540.98,610.07,82.09
TXN2128,West,Grocery,UPI,Returning,176.94,3,530.82,12.5,66.35,464.47,154.82,22.12
TXN2129,North,Electronics,Cash,Member,344.23,11,3786.53,21.64,819.41,2967.12,269.74,74.49
TXN2130,West,Apparel,UPI,Returning,552.03,12,6624.36,23.77,1574.61,5049.75,420.81,131.22
TXN2131,West,Apparel,Wallet,New,373.14,9,3358.26,12.04,404.33,2953.93,328.21,44.93
TXN2132,North,Grocery,UPI,Returning,969.47,4,3877.88,15.34,594.87,3283.01,820.75,148.72
TXN2133,West,Furniture,Cash,Member,875.07,7,6125.49,0.28,17.15,6108.34,872.62,2.45
TXN2134,East,Grocery,Cash,Member,243.75,2,487.5,29.45,143.57,343.93,171.97,71.78
TXN2135,South,Furniture,Credit Card,Guest,272.16,10,2721.6,25.45,692.65,2028.95,202.9,69.26
TXN2136,South,Grocery,Credit Card,New,554.98,5,2774.9,25.78,715.37,2059.53,411.91,143.07
TXN2137,North,Apparel,Wallet,Guest,971.78,15,14576.7,18.17,2648.59,11928.11,795.21,176.57
TXN2138,West,Furniture,Cash,Guest,497.97,4,1991.88,23.44,466.9,1524.98,381.25,116.72
TXN2139,East,Apparel,UPI,New,449.02,16,7184.32,22.04,1583.42,5600.9,350.06,98.96
TXN2140,South,Grocery,Credit Card,Member,684.58,3,2053.74,20.53,421.63,1632.11,,
TXN2141,South,Apparel,Wallet,Guest,951.53,5,4757.65,19.58,931.55,3826.1,765.22,186.31
TXN2142,North,Apparel,Cash,Guest,655.35,1,655.35,18.62,122.03,533.32,533.32,122.03
TXN2143,East,Furniture,UPI,Member,482.08,16,7713.28,1.42,109.53,7603.75,475.23,6.85
TXN2144,East,Grocery,UPI,Guest,692.16,14,9690.24,11.86,1149.26,8540.98,610.07,82.09
TXN2145,West,Grocery,UPI,Returning,176.94,3,530.82,12.5,66.35,464.47,154.82,
TXN2146,North,Electronics,Cash,Member,344.23,11,3786.53,21.64,819.41,2967.12,,74.49
TXN2147,West,Apparel,UPI,Returning,552.03,12,6624.36,23.77,1574.61,5049.75,420.81,
TXN2148,West,Apparel,Wallet,New,373.14,9,3358.26,12.04,404.33,2953.93,328.21,44.93
TXN2149,North,Grocery,UPI,Returning,969.47,4,3877.88,15.34,594.87,3283.01,820.75,148.72
TXN2150,West,Furniture,Cash,Member,875.07,7,6125.49,0.28,17.15,6108.34,872.62,2.45
TXN2151,East,Grocery,Cash,Member,243.75,2,487.5,29.45,143.57,343.93,171.97,71.78
TXN2152,South,Apparel,UPI,Guest,949.62,3,2848.86,17.55,499.97,2348.89,782.96,166.66
TXN2153,North,Electronics,UPI,Member,576.8,13,7498.4,26.78,2008.07,5490.33,422.33,154.47
TXN2154,North,Apparel,Credit Card,Guest,344.98,14,4829.72,13.83,667.95,4161.77,297.27,47.71
TXN2155,East,Grocery,Cash,Guest,488.95,2,977.9,16.07,157.15,820.75,410.38,78.57
TXN2156,East,Furniture,Cash,Member,603.98,5,3019.9,22.55,680.99,2338.91,467.78,136.2
TXN2157,East,Grocery,Cash,Member,575.37,13,7479.81,0.54,40.39,7439.42,572.26,3.11
TXN2158,East,Apparel,Cash,Member,707.42,10,7074.2,5.24,370.69,6703.51,670.35,37.07
TXN2159,South,Electronics,Credit Card,Member,123.13,18,2216.34,16.71,370.35,1845.99,102.55,20.58
TXN2160,West,Apparel,Cash,Returning,321.14,11,3532.54,19.9,702.98,2829.56,257.23,63.91
TXN2161,South,Apparel,Wallet,Returning,368.71,17,6268.07,6.39,400.53,5867.54,345.15,23.56
TXN2162,North,Apparel,Credit Card,Guest,904.01,9,8136.09,11.72,953.55,7182.54,798.06,105.95
TXN2163,South,Grocery,Cash,Returning,939,13,12207,5.63,687.25,11519.75,886.13,52.87
TXN2164,West,Grocery,Credit Card,Returning,874.92,17,14873.64,29.76,4426.4,10447.24,614.54,260.38
TXN2165,West,Apparel,UPI,Member,950.3,11,10453.3,4.16,434.86,10018.44,910.77,39.53
TXN2166,West,Furniture,Cash,Returning,575.6,1,575.6,6.81,39.2,536.4,536.4,39.2
TXN2167,South,Grocery,Credit Card,Guest,765.6,16,12249.6,21.08,2582.22,9667.38,604.21,161.39
TXN2168,South,Grocery,UPI,Returning,266.5,4,1066,9.62,102.55,963.45,240.86,25.64
TXN2169,West,Grocery,Cash,New,280.73,3,842.19,10.02,84.39,757.8,252.6,28.13
TXN2170,West,Apparel,Credit Card,New,258.71,16,4139.36,21.25,879.61,3259.75,203.73,54.98
TXN2171,East,Furniture,UPI,Member,532.33,4,2129.32,24.79,527.86,1601.46,400.37,131.96
TXN2172,North,Grocery,UPI,Returning,62.18,13,808.34,27.95,225.93,582.41,44.8,17.38
TXN2173,West,Electronics,Wallet,Member,395.42,18,7117.56,21.35,1519.6,5597.96,311,84.42
TXN2174,South,Electronics,Cash,New,637.89,7,4465.23,19.75,881.88,3583.35,511.91,125.98
TXN2175,West,Apparel,Wallet,Member,318.61,11,3504.71,24.31,852,2652.71,241.16,77.45
TXN2176,West,Electronics,Wallet,Returning,195.9,4,783.6,12.97,101.63,681.97,170.49,25.41
TXN2177,West,Grocery,Wallet,Guest,816.14,17,13874.38,17.55,2434.95,11439.43,672.91,143.23
TXN2178,South,Electronics,Wallet,New,707.72,16,11323.52,4.35,492.57,10830.95,676.93,30.79
TXN2179,East,Grocery,Credit Card,New,54.87,8,438.96,11.55,50.7,388.26,48.53,6.34
TXN2180,West,Grocery,Wallet,Member,625.97,11,6885.67,24.8,1707.65,5178.02,470.73,155.24
TXN2181,North,Furniture,Credit Card,Guest,881.09,10,8810.9,7.98,703.11,8107.79,810.78,70.31
TXN2182,West,Electronics,Wallet,Returning,685.66,10,6856.6,10.31,706.92,6149.68,614.97,70.69
TXN2183,South,Grocery,Cash,Guest,200.77,19,3814.63,28.11,1072.29,2742.34,144.33,56.44
TXN2184,North,Electronics,UPI,Returning,947.02,6,5682.12,4.05,230.13,5451.99,908.67,38.35
TXN2185,South,Furniture,Credit Card,Member,765.53,18,13779.54,2.14,294.88,13484.66,749.15,16.38
TXN2186,East,Apparel,Wallet,Member,292.97,18,5273.46,6.82,359.65,4913.81,272.99,19.98
TXN2187,East,Furniture,Wallet,Returning,169.37,9,1524.33,5.77,87.95,1436.38,159.6,
TXN2188,North,Furniture,UPI,Member,445.18,19,8458.42,10.97,927.89,7530.53,396.34,48.84
TXN2189,West,Electronics,UPI,Returning,269.81,1,269.81,4.91,13.25,256.56,256.56,13.25
TXN2190,East,Grocery,Credit Card,Guest,576.78,9,5191.02,20.1,1043.4,4147.62,460.85,115.93
TXN2191,West,Apparel,Cash,New,414.72,5,2073.6,2.72,56.4,2017.2,403.44,11.28
TXN2192,East,Furniture,Wallet,Guest,621.57,15,9323.55,19.53,1820.89,7502.66,500.18,121.39
TXN2193,North,Furniture,Cash,New,733.01,16,11728.16,23.51,2757.29,8970.87,560.68,172.33
TXN2194,North,Apparel,Cash,Returning,324.98,11,3574.78,8.58,306.72,3268.06,297.1,27.88
TXN2195,South,Grocery,Cash,Guest,200.77,19,3814.63,28.11,1072.29,2742.34,144.33,56.44
TXN2196,North,Electronics,UPI,Returning,947.02,6,5682.12,4.05,230.13,5451.99,908.67,38.35
TXN2197,South,Furniture,Credit Card,Member,765.53,18,13779.54,2.14,294.88,13484.66,749.15,
TXN2198,East,Apparel,Wallet,Member,292.97,18,5273.46,6.82,359.65,4913.81,272.99,19.98
TXN2199,East,Furniture,Wallet,Returning,169.37,9,1524.33,5.77,87.95,1436.38,159.6,
TXN2200,North,Furniture,UPI,Member,445.18,19,8458.42,10.97,927.89,7530.53,396.34,48.84
TXN2201,West,Electronics,UPI,Returning,269.81,1,269.81,4.91,13.25,256.56,256.56,13.25
TXN2202,East,Grocery,Credit Card,Guest,576.78,9,5191.02,20.1,1043.4,4147.62,460.85,115.93
TXN2203,West,Apparel,Cash,New,414.72,5,2073.6,2.72,56.4,2017.2,,11.28
TXN2204,East,Furniture,Wallet,Guest,621.57,15,9323.55,19.53,1820.89,7502.66,500.18,121.39
TXN2205,North,Furniture,Cash,New,733.01,16,11728.16,23.51,2757.29,8970.87,560.68,172.33
TXN2206,North,Apparel,Cash,Returning,324.98,11,3574.78,8.58,306.72,3268.06,297.1,27.88
TXN2207,East,Grocery,Cash,Returning,309.34,6,1856.04,7.78,144.4,1711.64,285.27,24.07
TXN2208,West,Electronics,UPI,Member,975.18,17,16578.06,10.51,1742.35,14835.71,872.69,102.49
TXN2209,West,Furniture,Wallet,Returning,989.05,11,10879.55,24.29,2642.64,8236.91,748.81,240.24
TXN2210,East,Furniture,Wallet,Returning,860.54,16,13768.64,25.51,3512.38,10256.26,641.02,219.52
TXN2211,North,Furniture,Wallet,New,530.16,15,7952.4,24.14,1919.71,6032.69,402.18,127.98
TXN2212,South,Furniture,Credit Card,Guest,272.16,10,2721.6,25.45,692.65,2028.95,202.9,69.26
TXN2213,South,Grocery,Credit Card,New,554.98,5,2774.9,25.78,715.37,2059.53,411.91,143.07
TXN2214,North,Apparel,Wallet,Guest,971.78,15,14576.7,18.17,2648.59,11928.11,795.21,176.57
TXN2215,West,Furniture,Cash,Guest,497.97,4,1991.88,23.44,466.9,1524.98,381.25,116.72
TXN2216,East,Apparel,UPI,New,449.02,16,7184.32,22.04,1583.42,5600.9,,98.96
TXN2217,South,Grocery,Credit Card,Member,684.58,3,2053.74,20.53,421.63,1632.11,544.04,140.54
TXN2218,South,Apparel,Wallet,Guest,951.53,5,4757.65,19.58,931.55,3826.1,765.22,
TXN2219,North,Apparel,Cash,Guest,655.35,1,655.35,18.62,122.03,533.32,533.32,122.03
TXN2220,East,Furniture,UPI,Member,482.08,16,7713.28,1.42,109.53,7603.75,475.23,6.85
TXN2221,East,Grocery,UPI,Guest,692.16,14,9690.24,11.86,1149.26,8540.98,610.07,82.09
TXN2222,West,Grocery,UPI,Returning,176.94,3,530.82,12.5,66.35,464.47,154.82,22.12
TXN2223,East,Grocery,Cash,Member,564.31,3,1692.93,22.07,373.63,1319.3,439.77,124.54
TXN2224,North,Furniture,UPI,New,847.74,10,8477.4,8.8,746.01,7731.39,773.14,74.6
TXN2225,East,Grocery,Wallet,Returning,488.43,6,2930.58,7.35,215.4,2715.18,452.53,35.9
TXN2226,North,Apparel,Credit Card,Member,700.8,9,6307.2,1.08,68.12,6239.08,693.23,7.57
TXN2227,North,Grocery,Cash,Guest,72.72,18,1308.96,7.66,100.27,1208.69,67.15,5.57
TXN2228,North,Grocery,Wallet,New,789.98,1,789.98,28.44,224.67,565.31,565.31,224.67
TXN2229,North,Furniture,UPI,New,209.55,3,628.65,5.89,37.03,591.62,197.21,12.34
TXN2230,West,Furniture,Cash,New,929.52,10,9295.2,18.2,1691.73,7603.47,760.35,169.17
TXN2231,South,Apparel,UPI,Guest,733.77,13,9539.01,6.31,601.91,8937.1,687.47,46.3
TXN2232,West,Grocery,Wallet,Returning,804.83,5,4024.15,10.15,408.45,3615.7,723.14,81.69
TXN2233,East,Grocery,Cash,Returning,309.34,6,1856.04,7.78,144.4,1711.64,285.27,24.07
TXN2234,West,Electronics,UPI,Member,975.18,17,16578.06,10.51,1742.35,14835.71,872.69,102.49
TXN2235,West,Furniture,Wallet,Returning,989.05,11,10879.55,24.29,2642.64,8236.91,748.81,240.24
TXN2236,West,Grocery,Wallet,Returning,804.83,5,4024.15,10.15,408.45,3615.7,723.14,
TXN2237,East,Grocery,Cash,Returning,309.34,6,1856.04,7.78,144.4,1711.64,285.27,24.07
TXN2238,West,Electronics,UPI,Member,975.18,17,16578.06,10.51,1742.35,14835.71,872.69,102.49
TXN2239,West,Furniture,Wallet,Returning,989.05,11,10879.55,24.29,2642.64,8236.91,,240.24
TXN2240,East,Furniture,Wallet,Returning,860.54,16,13768.64,25.51,3512.38,10256.26,641.02,219.52
TXN2241,North,Furniture,Wallet,New,530.16,15,7952.4,24.14,1919.71,6032.69,,
TXN2242,South,Furniture,Credit Card,Guest,272.16,10,2721.6,25.45,692.65,2028.95,202.9,69.26
TXN2243,South,Grocery,Credit Card,New,554.98,5,2774.9,25.78,715.37,2059.53,411.91,143.07
TXN2244,North,Apparel,Wallet,Guest,971.78,15,14576.7,18.17,2648.59,11928.11,795.21,176.57
TXN2245,West,Furniture,Cash,Guest,497.97,4,1991.88,23.44,466.9,1524.98,381.25,
TXN2246,East,Apparel,UPI,New,449.02,16,7184.32,22.04,1583.42,5600.9,350.06,98.96
TXN2247,South,Grocery,Credit Card,Member,684.58,3,2053.74,20.53,421.63,1632.11,544.04,140.54
TXN2248,South,Apparel,Wallet,Guest,951.53,5,4757.65,19.58,931.55,3826.1,765.22,186.31
TXN2249,North,Apparel,Cash,Guest,655.35,1,655.35,18.62,122.03,533.32,533.32,122.03
TXN2250,East,Furniture,UPI,Member,482.08,16,7713.28,1.42,109.53,7603.75,475.23,6.85
TXN2251,East,Grocery,UPI,Guest,692.16,14,9690.24,11.86,1149.26,8540.98,610.07,82.09
TXN2252,West,Grocery,UPI,Returning,176.94,3,530.82,12.5,66.35,464.47,154.82,22.12
TXN2253,North,Electronics,Cash,Member,344.23,11,3786.53,21.64,819.41,2967.12,269.74,74.49
TXN2254,West,Apparel,UPI,Returning,552.03,12,6624.36,23.77,1574.61,5049.75,420.81,131.22
TXN2255,West,Apparel,Wallet,New,373.14,9,3358.26,12.04,404.33,2953.93,328.21,44.93
TXN2256,North,Grocery,UPI,Returning,969.47,4,3877.88,15.34,594.87,3283.01,820.75,148.72
TXN2257,West,Furniture,Cash,Member,875.07,7,6125.49,0.28,17.15,6108.34,872.62,2.45
TXN2258,East,Grocery,Cash,Member,243.75,2,487.5,29.45,143.57,343.93,171.97,71.78
TXN2259,South,Electronics,UPI,Returning,75.03,5,375.15,10.93,41,334.15,66.83,8.2
TXN2260,East,Apparel,Credit Card,Returning,106.02,6,636.12,28.92,183.97,452.15,75.36,30.66
TXN2261,East,Electronics,Cash,Returning,139.04,5,695.2,2.53,17.59,677.61,,3.52
TXN2262,West,Apparel,UPI,Guest,809.42,19,15378.98,21.84,3358.77,12020.21,632.64,
TXN2263,South,Electronics,Wallet,Returning,898.84,10,8988.4,4.86,436.84,8551.56,855.16,43.68
TXN2264,West,Electronics,Credit Card,Guest,380.48,11,4185.28,16.38,685.55,3499.73,318.16,62.32
TXN2265,North,Grocery,Wallet,New,75.34,19,1431.46,10.8,154.6,1276.86,67.2,8.14
TXN2266,East,Apparel,UPI,Member,651.97,17,11083.49,15.68,1737.89,9345.6,549.74,102.23
TXN2267,North,Electronics,UPI,Guest,234.82,15,3522.3,17.41,613.23,2909.07,193.94,40.88
TXN2268,South,Furniture,Credit Card,Returning,134.48,10,1344.8,9.9,133.14,1211.66,121.17,13.31
TXN2269,West,Furniture,Cash,Guest,293.04,4,1172.16,24.03,281.67,890.49,222.62,70.42
TXN2270,North,Grocery,Cash,New,669.35,11,7362.85,17.98,1323.84,6039.01,549,120.35
TXN2271,South,Grocery,Cash,New,440.33,4,1761.32,21.82,384.32,1377,344.25,96.08
TXN2272,South,Furniture,Cash,New,792.77,11,8720.47,21.53,1877.52,6842.95,622.09,170.68
TXN2273,South,Furniture,UPI,Guest,626.06,4,2504.24,27.38,685.66,1818.58,454.64,171.42
TXN2274,South,Electronics,Credit Card,New,788.25,6,4729.5,22.91,1083.53,3645.97,607.66,180.59
TXN2275,West,Electronics,Wallet,Member,207.09,14,2899.26,0.83,24.06,2875.2,205.37,1.72
TXN2276,South,Electronics,Wallet,Guest,542.11,17,9215.87,12.74,1174.1,8041.77,473.05,69.06
TXN2277,East,Apparel,Cash,New,424.26,6,2545.56,15.15,385.65,2159.91,359.98,64.28
TXN2278,East,Furniture,Wallet,Returning,833,11,9163,20.53,1881.16,7281.84,661.99,171.01
TXN2279,South,Electronics,Credit Card,Guest,67.98,14,951.72,14.15,134.67,817.05,58.36,9.62
TXN2280,West,Electronics,Wallet,Guest,285.02,8,2280.16,5.18,118.11,2162.05,270.26,14.76
TXN2281,South,Electronics,UPI,New,893.58,15,13403.7,12.03,1612.47,11791.23,786.08,107.5
TXN2282,South,Apparel,Credit Card,Member,856.59,17,14562.03,12.3,1791.13,12770.9,751.23,105.36
TXN2283,South,Grocery,Credit Card,Guest,587.95,6,3527.7,9.6,338.66,3189.04,531.51,56.44
TXN2284,West,Apparel,UPI,Member,273.64,10,2736.4,1.75,47.89,2688.51,268.85,4.79
TXN2285,West,Apparel,Credit Card,Returning,289.78,19,5505.82,23.8,1310.39,4195.43,220.81,68.97
TXN2286,South,Apparel,UPI,Guest,949.62,3,2848.86,17.55,499.97,2348.89,782.96,166.66
TXN2287,North,Electronics,UPI,Member,576.8,13,7498.4,26.78,2008.07,5490.33,422.33,154.47
TXN2288,North,Apparel,Credit Card,Guest,344.98,14,4829.72,13.83,667.95,4161.77,,47.71
TXN2289,East,Grocery,Cash,Guest,488.95,2,977.9,16.07,157.15,820.75,410.38,78.57
TXN2290,East,Furniture,Cash,Member,603.98,5,3019.9,22.55,680.99,2338.91,467.78,
TXN2291,East,Grocery,Cash,Member,575.37,13,7479.81,0.54,40.39,7439.42,572.26,3.11
TXN2292,East,Apparel,Cash,Member,707.42,10,7074.2,5.24,370.69,6703.51,670.35,37.07
TXN2293,South,Electronics,Credit Card,Member,123.13,18,2216.34,16.71,370.35,1845.99,102.55,20.58
TXN2294,West,Apparel,Cash,Returning,321.14,11,3532.54,19.9,702.98,2829.56,257.23,63.91
TXN2295,South,Apparel,Wallet,Returning,368.71,17,6268.07,6.39,400.53,5867.54,345.15,
TXN2296,North,Apparel,Credit Card,Guest,904.01,9,8136.09,11.72,953.55,7182.54,798.06,105.95
TXN2297,South,Grocery,Cash,Returning,939,13,12207,5.63,687.25,11519.75,886.13,52.87
TXN2298,West,Grocery,Credit Card,Returning,874.92,17,14873.64,29.76,4426.4,10447.24,614.54,260.38
TXN2299,West,Apparel,UPI,Member,950.3,11,10453.3,4.16,434.86,10018.44,910.77,39.53
TXN2300,West,Furniture,Cash,Returning,575.6,1,575.6,6.81,39.2,536.4,536.4,39.2
TXN2301,South,Grocery,Credit Card,Guest,765.6,16,12249.6,21.08,2582.22,9667.38,,161.39
TXN2302,South,Grocery,UPI,Returning,266.5,4,1066,9.62,102.55,963.45,240.86,25.64
TXN2303,West,Grocery,Cash,New,280.73,3,842.19,10.02,84.39,757.8,252.6,28.13
TXN2304,West,Apparel,Credit Card,New,258.71,16,4139.36,21.25,879.61,3259.75,203.73,54.98
TXN2305,East,Furniture,UPI,Member,532.33,4,2129.32,24.79,527.86,1601.46,400.37,
TXN2306,North,Grocery,UPI,Returning,62.18,13,808.34,27.95,225.93,582.41,44.8,17.38
TXN2307,West,Electronics,Wallet,Member,395.42,18,7117.56,21.35,1519.6,5597.96,311,84.42
TXN2308,South,Electronics,Cash,New,637.89,7,4465.23,19.75,881.88,3583.35,511.91,125.98
TXN2309,West,Apparel,Wallet,Member,318.61,11,3504.71,24.31,852,2652.71,241.16,77.45
TXN2310,West,Electronics,Wallet,Returning,195.9,4,783.6,12.97,101.63,681.97,,25.41
TXN2311,West,Grocery,Wallet,Guest,816.14,17,13874.38,17.55,2434.95,11439.43,672.91,143.23
TXN2312,South,Electronics,Wallet,New,707.72,16,11323.52,4.35,492.57,10830.95,676.93,30.79
TXN2313,East,Grocery,Credit Card,New,54.87,8,438.96,11.55,50.7,388.26,48.53,6.34
TXN2314,West,Grocery,Wallet,Member,625.97,11,6885.67,24.8,1707.65,5178.02,,155.24
TXN2315,North,Furniture,Credit Card,Guest,881.09,10,8810.9,7.98,703.11,8107.79,810.78,70.31
TXN2316,West,Electronics,Wallet,Returning,685.66,10,6856.6,10.31,706.92,6149.68,614.97,70.69
TXN2317,South,Grocery,Cash,Guest,200.77,19,3814.63,28.11,1072.29,2742.34,144.33,
TXN2318,North,Electronics,UPI,Returning,947.02,6,5682.12,4.05,230.13,5451.99,908.67,38.35
TXN2319,South,Furniture,Credit Card,Member,765.53,18,13779.54,2.14,294.88,13484.66,749.15,16.38
TXN2320,East,Apparel,Wallet,Member,292.97,18,5273.46,6.82,359.65,4913.81,272.99,19.98
TXN2321,East,Furniture,Wallet,Returning,169.37,9,1524.33,5.77,87.95,1436.38,159.6,
TXN2322,North,Furniture,UPI,Member,445.18,19,8458.42,10.97,927.89,7530.53,396.34,48.84
TXN2323,West,Electronics,UPI,Returning,269.81,1,269.81,4.91,13.25,256.56,256.56,13.25
TXN2324,East,Grocery,Credit Card,Guest,576.78,9,5191.02,20.1,1043.4,4147.62,460.85,115.93
TXN2325,West,Apparel,Cash,New,414.72,5,2073.6,2.72,56.4,2017.2,403.44,11.28
TXN2326,East,Furniture,Wallet,Guest,621.57,15,9323.55,19.53,1820.89,7502.66,500.18,121.39
TXN2327,North,Furniture,Cash,New,733.01,16,11728.16,23.51,2757.29,8970.87,560.68,172.33
TXN2328,North,Apparel,Cash,Returning,324.98,11,3574.78,8.58,306.72,3268.06,297.1,27.88
TXN2329,East,Apparel,Credit Card,Returning,508.32,11,5591.52,11.55,645.82,4945.7,449.61,58.71
TXN2330,East,Apparel,Wallet,New,565.3,10,5653,9.52,538.17,5114.83,511.48,53.82
TXN2331,East,Apparel,Credit Card,Member,78.21,10,782.1,3.84,30.03,752.07,75.21,3
TXN2332,West,Grocery,Cash,Guest,333.73,3,1001.19,10.49,105.02,896.17,298.72,35.01
TXN2333,North,Grocery,Cash,Returning,436.48,16,6983.68,13.56,946.99,6036.69,377.29,59.19
TXN2334,West,Grocery,Cash,New,139.52,13,1813.76,5.51,99.94,1713.82,131.83,7.69
TXN2335,North,Grocery,Credit Card,Guest,361.08,9,3249.72,6.43,208.96,3040.76,337.86,23.22
TXN2336,South,Grocery,UPI,Returning,142.21,10,1422.1,14.79,210.33,1211.77,121.18,21.03
TXN2337,West,Grocery,Credit Card,Returning,493.67,15,7405.05,19.52,1445.47,5959.58,397.31,96.36
TXN2338,West,Apparel,UPI,Member,90.55,1,90.55,14.63,13.25,77.3,77.3,13.25
TXN2339,North,Furniture,Credit Card,Member,776.1,6,4656.6,17.57,818.16,3838.44,639.74,136.36
TXN2340,West,Grocery,UPI,Guest,529.15,10,5291.5,3.39,179.38,5112.12,511.21,17.94
TXN2341,North,Electronics,Cash,Member,64.44,14,902.16,11.5,103.75,798.41,57.03,7.41
TXN2342,West,Furniture,Wallet,New,122.88,7,860.16,21.74,187,673.16,,26.71
TXN2343,West,Apparel,Cash,Member,387.57,19,7363.83,17.99,1324.75,6039.08,317.85,69.72
TXN2344,North,Electronics,UPI,New,218.47,17,3713.99,28.85,1071.49,2642.5,155.44,63.03
TXN2345,North,Furniture,Wallet,New,765.62,6,4593.72,21.34,980.3,3613.42,602.24,
TXN2346,East,Electronics,Credit Card,Returning,428.87,1,428.87,14.01,60.08,368.79,368.79,60.08
TXN2347,West,Apparel,UPI,Member,508.12,10,5081.2,4.73,240.34,4840.86,484.09,24.03
TXN2348,East,Furniture,Credit Card,Guest,727.98,16,11647.68,0.52,60.57,11587.11,724.19,3.79
TXN2349,South,Electronics,Credit Card,Returning,422.7,8,3381.6,16.92,572.17,2809.43,351.18,71.52
TXN2350,East,Grocery,UPI,Returning,922.99,18,16613.82,6.14,1020.09,15593.73,866.32,56.67
TXN2351,North,Furniture,UPI,Returning,111.43,18,2005.74,10.6,212.61,1793.13,99.62,11.81
TXN2352,North,Apparel,UPI,Returning,482.24,1,482.24,28.75,138.64,343.6,343.6,138.64
TXN2353,West,Electronics,Credit Card,Guest,462.44,2,924.88,13.5,124.86,800.02,400.01,62.43
TXN2354,South,Apparel,Wallet,Member,70.04,6,420.24,29.07,122.16,298.08,49.68,20.36
TXN2355,East,Electronics,Credit Card,New,937.38,5,4686.9,21.95,1028.77,3658.13,731.63,205.75
TXN2356,South,Grocery,Credit Card,Member,955.36,9,8598.24,22.63,1945.78,6652.46,,216.2
TXN2357,South,Furniture,Cash,New,818.27,4,3273.08,26.92,881.11,2391.97,597.99,220.28
TXN2358,West,Grocery,Credit Card,Guest,526.5,4,2106,19.74,415.72,1690.28,422.57,103.93
TXN2359,West,Apparel,Cash,Returning,866.64,16,13866.24,1.55,214.93,13651.31,853.21,13.43
TXN2360,West,Electronics,UPI,Guest,567.43,2,1134.86,6.79,77.06,1057.8,528.9,
TXN2361,North,Grocery,UPI,Member,726.13,9,6535.17,8.53,557.45,5977.72,664.19,61.94
TXN2362,South,Electronics,Wallet,New,588.78,2,1177.56,2.58,30.38,1147.18,573.59,15.19
TXN2363,North,Grocery,Credit Card,Returning,728.71,12,8744.52,8.83,772.14,7972.38,664.36,64.35
TXN2364,North,Grocery,UPI,Member,946.99,2,1893.98,1.86,35.23,1858.75,929.38,
TXN2365,East,Electronics,Credit Card,Member,530.03,14,7420.42,21.1,1565.71,5854.71,418.19,111.84
TXN2366,East,Grocery,Credit Card,Member,269.65,11,2966.15,22.34,662.64,2303.51,209.41,60.24
TXN2367,North,Electronics,Credit Card,New,796.39,13,10353.07,1.1,113.88,10239.19,787.63,8.76
TXN2368,West,Grocery,Wallet,Member,788.12,2,1576.24,19.67,310.05,1266.19,633.1,155.02
TXN2369,North,Electronics,UPI,Member,846.65,11,9313.15,16.43,1530.15,7783,707.55,139.1
TXN2370,South,Furniture,UPI,Guest,121.44,18,2185.92,14.26,311.71,1874.21,104.12,17.32
TXN2371,East,Furniture,UPI,Returning,208.82,18,3758.76,25.69,965.63,2793.13,155.17,53.65
TXN2372,North,Electronics,Wallet,Guest,95.25,3,285.75,20.37,58.21,227.54,75.85,19.4
TXN2373,North,Electronics,Cash,Returning,85.1,6,510.6,28.97,147.92,362.68,60.45,24.65
TXN2374,North,Electronics,UPI,Member,784.31,13,10196.03,16.91,1724.15,8471.88,651.68,
TXN2375,South,Apparel,Wallet,Returning,986.56,9,,26.94,2392.01,6487.03,720.78,
TXN2376,South,Electronics,Credit Card,Member,506.45,18,9116.1,19.32,,7354.87,408.6,
TXN2377,East,Apparel,UPI,Member,502.96,19,9556.24,1.57,,9406.21,495.06,
TXN2378,North,Apparel,Credit Card,Returning,454.71,2,909.42,17.64,160.42,749,374.5,80.21
TXN2379,North,Electronics,Cash,New,913.33,19,17353.27,7.75,1344.88,16008.39,,
TXN2380,West,Electronics,Wallet,Guest,56.8,6,340.8,2.49,8.49,332.31,55.39,1.41
TXN2381,South,Furniture,Cash,Guest,106.32,2,212.64,19.62,41.72,170.92,85.46,20.86
TXN2382,South,Grocery,Cash,Returning,271.31,19,5154.89,12.91,665.5,4489.39,236.28,35.03
TXN2383,South,Electronics,UPI,Member,583.8,3,1751.4,12.39,217,1534.4,511.47,72.33
TXN2384,South,Furniture,UPI,New,674.28,4,2697.12,12.24,330.13,2366.99,591.75,82.53
TXN2385,North,Apparel,Cash,Member,83.38,3,250.14,13.98,34.97,215.17,71.72,11.66
TXN2386,West,Apparel,UPI,New,581.39,7,4069.73,,1097.2,2972.53,424.65,156.74
TXN2387,South,Apparel,Wallet,Returning,986.56,9,8879.04,26.94,,6487.03,720.78,20.64
TXN2388,South,Electronics,Credit Card,Member,506.45,18,9116.1,19.32,1761.23,,408.6,174.93
TXN2389,East,Apparel,UPI,Member,502.96,19,9556.24,1.57,150.03,9406.21,495.06,163.9
TXN2390,North,Apparel,Credit Card,Returning,454.71,2,909.42,17.64,,749,374.5,125.36
TXN2391,North,Electronics,Cash,New,913.33,19,17353.27,7.75,1344.88,16008.39,842.55,77.66
TXN2392,West,Electronics,Wallet,Guest,56.8,6,340.8,2.49,8.49,332.31,55.39,109.79
TXN2393,South,Furniture,Cash,Guest,106.32,2,212.64,19.62,41.72,170.92,85.46,11.66
TXN2394,South,Grocery,Cash,Returning,271.31,19,5154.89,12.91,665.5,4489.39,236.28,156.74
TXN2395,South,Electronics,UPI,Member,583.8,3,1751.4,12.39,217,1534.4,511.47,20.64
TXN2396,South,Furniture,UPI,New,674.28,4,2697.12,12.24,330.13,2366.99,591.75,174.93
TXN2397,North,Apparel,Cash,Member,83.38,3,250.14,13.98,34.97,215.17,71.72,163.9
TXN2398,West,Apparel,UPI,New,581.39,7,4069.73,26.96,1097.2,2972.53,424.65,125.36
TXN2399,East,Apparel,Credit Card,Returning,566.92,8,4535.36,3.64,165.09,4370.27,546.28,77.66
TXN2400,West,Furniture,Cash,Guest,704.78,5,3523.9,24.82,874.63,2649.27,529.85,109.79
TXN2401,South,Furniture,Credit Card,New,623.89,1,623.89,26.27,163.9,459.99,459.99,143.23
TXN2402,East,Apparel,Credit Card,Returning,566.92,8,4535.36,3.64,165.09,4370.27,546.28,30.79
TXN2403,West,Furniture,Cash,Guest,704.78,5,3523.9,24.82,874.63,2649.27,529.85,6.34
TXN2404,South,Furniture,Credit Card,New,623.89,1,623.89,,,459.99,459.99,155.24
TXN2405,West,Furniture,Cash,Guest,704.78,,3523.9,24.82,874.63,,529.85,70.31
TXN2406,South,Furniture,Credit Card,New,623.89,1,623.89,26.27,163.9,459.99,,70.69
TXN2407,South,Apparel,Credit Card,Returning,502.83,5,2514.15,24.93,626.78,1887.37,377.47,56.44
TXN2408,North,Apparel,Cash,Member,733.98,14,10275.72,10.58,1087.17,9188.55,656.32,38.35
TXN2409,South,Furniture,UPI,Returning,954.7,16,,11.5,1756.65,13518.55,844.91,16.38
TXN2410,North,Apparel,Cash,Member,83.38,3,250.14,,34.97,215.17,71.72,19.98
TXN2411,West,Apparel,UPI,New,581.39,7,4069.73,26.96,,2972.53,424.65,143.23
TXN2412,East,Apparel,Credit Card,Returning,566.92,8,4535.36,3.64,165.09,,546.28,30.79
TXN2413,West,Furniture,Cash,Guest,704.78,5,3523.9,24.82,,2649.27,,6.34
TXN2414,South,Furniture,Credit Card,New,623.89,1,,26.27,163.9,459.99,459.99,155.24
TXN2415,South,Apparel,Credit Card,Returning,502.83,5,,24.93,,1887.37,377.47,70.31
TXN2416,North,Apparel,Cash,Member,733.98,14,10275.72,,1087.17,9188.55,656.32,70.69
TXN2417,South,Furniture,UPI,Returning,,16,15275.2,11.5,1756.65,,844.91,56.44
TXN2418,North,Apparel,Credit Card,Returning,454.71,2,909.42,17.64,160.42,749,374.5,80.21
TXN2419,North,Electronics,Cash,New,913.33,19,17353.27,7.75,1344.88,16008.39,,
TXN2420,West,Electronics,Wallet,Guest,56.8,6,340.8,2.49,8.49,332.31,55.39,1.41
TXN2421,South,Furniture,Cash,Guest,106.32,2,212.64,19.62,41.72,170.92,85.46,20.86
TXN2422,South,Grocery,Cash,Returning,271.31,19,5154.89,12.91,665.5,4489.39,236.28,35.03
TXN2423,South,Electronics,UPI,Member,583.8,3,1751.4,12.39,217,1534.4,511.47,72.33
TXN2424,South,Furniture,UPI,New,674.28,4,2697.12,12.24,330.13,2366.99,591.75,82.53
TXN2425,North,Apparel,Cash,Member,83.38,3,250.14,13.98,34.97,215.17,71.72,11.66
TXN2426,West,Apparel,UPI,New,581.39,7,4069.73,,1097.2,2972.53,424.65,156.74
TXN2427,South,Apparel,Wallet,Returning,986.56,9,8879.04,26.94,,6487.03,720.78,20.64
TXN2428,South,Electronics,Credit Card,Member,506.45,18,9116.1,19.32,1761.23,,408.6,174.93
TXN2429,East,Apparel,UPI,Member,502.96,19,9556.24,1.57,150.03,9406.21,495.06,163.9
TXN2430,North,Apparel,Credit Card,Returning,454.71,2,909.42,17.64,,749,374.5,125.36
TXN2431,North,Electronics,Cash,New,913.33,19,17353.27,7.75,1344.88,16008.39,842.55,77.66
TXN2432,West,Electronics,Wallet,Guest,56.8,6,340.8,2.49,8.49,332.31,55.39,109.79
TXN2433,South,Furniture,Cash,Guest,106.32,2,212.64,19.62,41.72,170.92,85.46,11.66
TXN2434,South,Grocery,Cash,Returning,271.31,19,5154.89,12.91,665.5,4489.39,236.28,156.74
TXN2435,South,Electronics,UPI,Member,583.8,3,1751.4,12.39,217,1534.4,511.47,20.64
TXN2436,South,Furniture,UPI,New,674.28,4,2697.12,12.24,330.13,2366.99,591.75,174.93
TXN2437,North,Apparel,Cash,Member,83.38,3,250.14,13.98,34.97,215.17,71.72,163.9
TXN2438,West,Apparel,UPI,New,581.39,7,4069.73,26.96,1097.2,2972.53,424.65,125.36
TXN2439,East,Apparel,Credit Card,Returning,566.92,8,4535.36,3.64,165.09,4370.27,546.28,77.66
TXN2440,West,Furniture,Cash,Guest,704.78,5,3523.9,24.82,874.63,2649.27,529.85,109.79
TXN2441,South,Furniture,Credit Card,New,623.89,1,623.89,26.27,163.9,459.99,459.99,143.23
TXN2442,East,Apparel,Credit Card,Returning,566.92,8,4535.36,3.64,165.09,4370.27,546.28,30.79
TXN2443,West,Furniture,Cash,Guest,704.78,5,3523.9,24.82,874.63,2649.27,529.85,6.34
TXN2444,South,Furniture,Credit Card,New,623.89,1,623.89,,,459.99,459.99,155.24
TXN2445,West,Furniture,Cash,Guest,704.78,,3523.9,24.82,874.63,,529.85,70.31
TXN2446,South,Furniture,Credit Card,New,623.89,1,623.89,26.27,163.9,459.99,,70.69
TXN2447,South,Apparel,Credit Card,Returning,502.83,5,2514.15,24.93,626.78,1887.37,377.47,56.44
TXN2448,North,Apparel,Cash,Member,733.98,14,10275.72,10.58,1087.17,9188.55,656.32,38.35
TXN2449,South,Furniture,UPI,Returning,954.7,16,,11.5,1756.65,13518.55,844.91,16.38
TXN2450,North,Apparel,Cash,Member,83.38,3,250.14,,34.97,215.17,71.72,19.98
TXN2451,West,Apparel,UPI,New,581.39,7,4069.73,26.96,,2972.53,424.65,143.23
TXN2452,East,Apparel,Credit Card,Returning,566.92,8,4535.36,3.64,165.09,,546.28,30.79
TXN2453,West,Furniture,Cash,Guest,704.78,5,3523.9,24.82,,2649.27,,6.34
TXN2454,South,Furniture,Credit Card,New,623.89,1,,26.27,163.9,459.99,459.99,155.24
TXN2455,South,Apparel,Credit Card,Returning,502.83,5,,24.93,,1887.37,377.47,70.31
TXN2456,North,Apparel,Cash,Member,733.98,14,10275.72,,1087.17,9188.55,656.32,70.69
TXN2457,South,Furniture,UPI,Returning,,16,15275.2,11.5,1756.65,,844.91,56.44
TXN2458,East,Grocery,Cash,New,321.44,9,2892.96,9.13,264.13,2628.83,292.09,29.35
TXN2459,West,Furniture,Wallet,Member,873.53,4,3494.12,17.01,594.35,2899.77,724.94,148.59
TXN2460,North,Apparel,Wallet,Guest,188.47,3,565.41,9.92,56.09,509.32,169.77,18.7
TXN2461,South,Furniture,Wallet,Guest,326.1,11,3587.1,10.01,359.07,3228.03,293.46,32.64
TXN2462,North,Electronics,Credit Card,New,356.04,17,6052.68,4.36,263.9,5788.78,340.52,15.52
TXN2463,West,Electronics,Wallet,Guest,77.09,17,1310.53,0.74,9.7,1300.83,76.52,0.57
TXN2464,North,Electronics,Wallet,Guest,643.29,15,9649.35,15.36,1482.14,8167.21,544.48,98.81
TXN2465,South,Electronics,Wallet,New,565.3,12,6783.6,9.09,616.63,6166.97,513.91,51.39
TXN2466,North,Apparel,Credit Card,New,852.03,4,3408.12,6.24,212.67,3195.45,798.86,53.17
TXN2467,North,Apparel,Credit Card,Returning,862.11,12,10345.32,3.63,375.54,9969.78,830.82,31.29
TXN2468,North,Furniture,UPI,Guest,265.93,10,2659.3,3.24,86.16,2573.14,257.31,8.62
TXN2469,West,Furniture,Cash,Guest,842.98,19,16016.62,20.23,3240.16,12776.46,672.45,170.53
TXN2470,South,Apparel,UPI,New,693.42,4,2773.68,3.55,98.47,2675.21,668.8,24.62
TXN2471,North,Furniture,Wallet,New,255.1,18,4591.8,10.9,500.51,4091.29,227.29,27.81
TXN2472,North,Furniture,UPI,Guest,984.03,3,2952.09,24.56,725.03,2227.06,742.35,241.68
TXN2473,East,Grocery,Wallet,Member,910.64,6,5463.84,21.8,1191.12,4272.72,712.12,198.52
TXN2474,South,Apparel,UPI,Member,498.14,17,8468.38,19.42,1644.56,6823.82,401.4,96.74
TXN2475,South,Furniture,Cash,Returning,152.86,16,2445.76,7.95,194.44,2251.32,140.71,12.15
TXN2476,South,Furniture,Credit Card,Guest,258.4,13,3359.2,23.96,804.86,2554.34,196.49,61.91
TXN2477,North,Grocery,UPI,Returning,953.69,17,16212.73,20.67,3351.17,12861.56,756.56,197.13
TXN2478,North,Furniture,Cash,Member,240.37,2,480.74,5.3,25.48,455.26,227.63,12.74
TXN2479,North,Furniture,Cash,New,713.08,14,9983.12,14.57,1454.54,8528.58,609.18,103.9
TXN2480,North,Furniture,UPI,New,843.31,5,4216.55,12.44,524.54,3692.01,738.4,104.91
TXN2481,South,Apparel,Cash,New,483.95,2,967.9,10.11,97.85,870.05,435.02,48.93
TXN2482,West,Apparel,Cash,New,217.1,17,3690.7,23.41,863.99,2826.71,166.28,50.82
TXN2483,South,Furniture,Cash,Member,692,2,1384,25.19,348.63,1035.37,517.69,174.31
TXN2484,North,Electronics,Wallet,Guest,344.48,3,1033.44,13.64,140.96,892.48,297.49,46.99
TXN2485,West,Furniture,Credit Card,Returning,314.89,11,3463.79,8.85,306.55,3157.24,287.02,27.87
TXN2486,East,Apparel,Wallet,Guest,716.53,10,7165.3,12.48,894.23,6271.07,627.11,89.42
TXN2487,South,Apparel,UPI,New,797.08,16,12753.28,21.32,2719,10034.28,627.14,169.94
TXN2488,South,Grocery,Credit Card,Returning,339.57,15,5093.55,2.68,136.51,4957.04,330.47,9.1
TXN2489,North,Apparel,Wallet,Guest,940.53,1,940.53,13.56,127.54,812.99,812.99,127.54
TXN2490,North,Electronics,Wallet,Guest,498.65,7,3490.55,12.66,441.9,3048.65,435.52,63.13
TXN2491,East,Furniture,UPI,New,759.68,9,6837.12,0.81,55.38,6781.74,753.53,6.15
TXN2492,East,Grocery,Cash,Member,564.31,3,1692.93,22.07,373.63,1319.3,439.77,124.54
TXN2493,North,Furniture,UPI,New,847.74,10,8477.4,8.8,746.01,7731.39,773.14,74.6
TXN2494,East,Grocery,Wallet,Returning,488.43,6,2930.58,7.35,215.4,2715.18,452.53,35.9
TXN2495,North,Apparel,Credit Card,Member,700.8,9,6307.2,1.08,68.12,6239.08,693.23,7.57
TXN2496,North,Grocery,Cash,Guest,72.72,18,1308.96,7.66,100.27,1208.69,67.15,5.57
TXN2497,North,Grocery,Wallet,New,789.98,1,789.98,28.44,224.67,565.31,565.31,224.67
TXN2498,North,Furniture,UPI,New,209.55,3,628.65,5.89,37.03,591.62,197.21,12.34
TXN2499,West,Furniture,Cash,New,929.52,10,9295.2,18.2,1691.73,7603.47,760.35,169.17
TXN2500,South,Apparel,UPI,Guest,733.77,13,9539.01,6.31,601.91,8937.1,687.47,46.3
TXN2501,West,Grocery,Wallet,Returning,804.83,5,4024.15,10.15,408.45,3615.7,723.14,81.69
TXN2502,East,Grocery,Cash,Returning,309.34,6,1856.04,7.78,144.4,1711.64,285.27,24.07
TXN2503,West,Electronics,UPI,Member,975.18,17,16578.06,10.51,1742.35,14835.71,872.69,102.49
TXN2504,West,Furniture,Wallet,Returning,989.05,11,10879.55,24.29,2642.64,8236.91,748.81,240.24
TXN2505,East,Furniture,Wallet,Returning,860.54,16,13768.64,25.51,3512.38,10256.26,641.02,219.52
TXN2506,North,Furniture,Wallet,New,530.16,15,7952.4,24.14,1919.71,6032.69,402.18,127.98
TXN2507,South,Furniture,Credit Card,Guest,272.16,10,2721.6,25.45,692.65,2028.95,202.9,69.26
TXN2508,South,Grocery,Credit Card,New,554.98,5,2774.9,25.78,715.37,2059.53,411.91,143.07
TXN2509,North,Apparel,Wallet,Guest,971.78,15,14576.7,18.17,2648.59,11928.11,795.21,176.57
TXN2510,West,Furniture,Cash,Guest,497.97,4,1991.88,23.44,466.9,1524.98,381.25,116.72
TXN2511,East,Apparel,UPI,New,449.02,16,7184.32,22.04,1583.42,5600.9,350.06,98.96
TXN2512,South,Grocery,Credit Card,Member,684.58,3,2053.74,20.53,421.63,1632.11,544.04,140.54
TXN2513,South,Apparel,Wallet,Guest,951.53,5,4757.65,19.58,931.55,3826.1,765.22,186.31
TXN2514,North,Apparel,Cash,Guest,655.35,1,655.35,18.62,122.03,533.32,533.32,122.03
TXN2515,East,Furniture,UPI,Member,482.08,16,7713.28,1.42,109.53,7603.75,475.23,6.85
TXN2516,East,Grocery,UPI,Guest,692.16,14,9690.24,11.86,1149.26,8540.98,610.07,82.09
TXN2517,West,Grocery,UPI,Returning,176.94,3,530.82,12.5,66.35,464.47,154.82,15.52
TXN2518,North,Electronics,Cash,Member,344.23,11,3786.53,21.64,819.41,2967.12,269.74,0.57
TXN2519,West,Apparel,UPI,Returning,552.03,12,6624.36,23.77,1574.61,5049.75,420.81,98.81
TXN2520,West,Apparel,Wallet,New,373.14,9,3358.26,12.04,404.33,2953.93,328.21,51.39
TXN2521,North,Grocery,UPI,Returning,969.47,4,3877.88,15.34,594.87,3283.01,820.75,53.17
TXN2522,West,Furniture,Cash,Member,875.07,7,6125.49,0.28,17.15,6108.34,872.62,31.29
TXN2523,East,Grocery,Cash,Member,243.75,2,487.5,29.45,143.57,343.93,171.97,8.62
TXN2524,South,Electronics,UPI,Returning,75.03,5,375.15,10.93,41,334.15,66.83,170.53
TXN2525,East,Apparel,Credit Card,Returning,106.02,6,636.12,28.92,183.97,452.15,75.36,24.62
TXN2526,East,Electronics,Cash,Returning,139.04,5,695.2,2.53,17.59,677.61,135.52,27.81
TXN2527,West,Apparel,UPI,Guest,809.42,19,15378.98,21.84,3358.77,12020.21,632.64,241.68
TXN2528,South,Electronics,Wallet,Returning,898.84,10,8988.4,4.86,436.84,8551.56,855.16,198.52
TXN2529,West,Electronics,Credit Card,Guest,380.48,11,4185.28,16.38,685.55,3499.73,318.16,96.74
TXN2530,North,Grocery,Wallet,New,75.34,19,1431.46,10.8,154.6,1276.86,67.2,12.15
TXN2531,East,Apparel,UPI,Member,651.97,17,11083.49,15.68,1737.89,9345.6,549.74,61.91
TXN2532,North,Electronics,UPI,Guest,234.82,15,3522.3,17.41,613.23,2909.07,193.94,197.13
TXN2533,South,Furniture,Credit Card,Returning,134.48,10,1344.8,9.9,133.14,1211.66,121.17,12.74
TXN2534,West,Furniture,Cash,Guest,293.04,4,1172.16,24.03,281.67,890.49,222.62,103.9
TXN2535,North,Grocery,Cash,New,669.35,11,7362.85,17.98,1323.84,6039.01,549,104.91
TXN2536,South,Grocery,Cash,New,440.33,4,1761.32,21.82,384.32,1377,344.25,74.6
TXN2537,South,Furniture,Cash,New,792.77,11,8720.47,21.53,1877.52,6842.95,622.09,35.9
TXN2538,South,Furniture,UPI,Guest,626.06,4,2504.24,27.38,685.66,1818.58,,7.57
TXN2539,South,Electronics,Credit Card,New,788.25,6,4729.5,22.91,1083.53,3645.97,607.66,5.57
TXN2540,West,Electronics,Wallet,Member,207.09,14,2899.26,0.83,24.06,2875.2,205.37,224.67
TXN2541,South,Electronics,Wallet,Guest,542.11,17,9215.87,12.74,1174.1,8041.77,473.05,12.34
TXN2542,East,Apparel,Cash,New,424.26,6,2545.56,15.15,385.65,2159.91,359.98,169.17
TXN2543,East,Furniture,Wallet,Returning,833,11,9163,20.53,1881.16,7281.84,661.99,46.3
TXN2544,South,Electronics,Credit Card,Guest,67.98,14,951.72,14.15,134.67,817.05,58.36,81.69
TXN2545,West,Electronics,Wallet,Guest,285.02,8,2280.16,5.18,118.11,2162.05,,124.54
TXN2546,South,Electronics,UPI,New,893.58,15,13403.7,12.03,1612.47,11791.23,786.08,74.6
TXN2547,South,Apparel,Credit Card,Member,856.59,17,14562.03,12.3,1791.13,12770.9,,35.9
TXN2548,South,Grocery,Credit Card,Guest,587.95,6,3527.7,9.6,338.66,3189.04,531.51,7.57
TXN2549,West,Apparel,UPI,Member,273.64,10,2736.4,1.75,47.89,2688.51,268.85,5.57
TXN2550,West,Apparel,Credit Card,Returning,289.78,19,5505.82,23.8,1310.39,4195.43,220.81,224.67
TXN2551,South,Apparel,UPI,Guest,949.62,3,2848.86,17.55,499.97,,782.96,12.34
TXN2552,North,Electronics,UPI,Member,576.8,13,7498.4,26.78,,5490.33,422.33,169.17
TXN2553,North,Apparel,Credit Card,Guest,344.98,14,4829.72,13.83,,4161.77,297.27,46.3
TXN2554,East,Grocery,Cash,Guest,488.95,2,977.9,16.07,157.15,,410.38,
TXN2555,East,Furniture,Cash,Member,603.98,5,3019.9,22.55,680.99,2338.91,467.78,98.96
TXN2556,East,Grocery,Cash,Member,575.37,13,7479.81,0.54,40.39,7439.42,,140.54
TXN2557,East,Apparel,Cash,Member,707.42,10,7074.2,5.24,370.69,6703.51,670.35,186.31
TXN2558,South,Electronics,Credit Card,Member,123.13,18,2216.34,16.71,370.35,1845.99,102.55,122.03
TXN2559,West,Apparel,Cash,Returning,321.14,11,3532.54,19.9,702.98,2829.56,257.23,6.85
TXN2560,South,Apparel,Wallet,Returning,368.71,17,6268.07,6.39,400.53,5867.54,345.15,82.09
TXN2561,North,Apparel,Credit Card,Guest,904.01,9,8136.09,11.72,953.55,7182.54,798.06,15.52
TXN2562,South,Grocery,Cash,Returning,939,13,12207,5.63,687.25,11519.75,886.13,0.57
TXN2563,West,Grocery,Credit Card,Returning,874.92,17,14873.64,29.76,4426.4,10447.24,614.54,98.81
TXN2564,West,Apparel,UPI,Member,950.3,11,10453.3,4.16,434.86,10018.44,910.77,51.39
TXN2565,West,Furniture,Cash,Returning,575.6,1,575.6,6.81,39.2,536.4,536.4,53.17
TXN2566,South,Grocery,Credit Card,Guest,765.6,16,12249.6,21.08,2582.22,9667.38,604.21,31.29
TXN2567,South,Grocery,UPI,Returning,266.5,4,1066,9.62,102.55,963.45,240.86,8.62
TXN2568,West,Grocery,Cash,New,280.73,3,842.19,10.02,84.39,757.8,252.6,170.53
TXN2569,West,Apparel,Credit Card,New,258.71,16,4139.36,21.25,879.61,3259.75,203.73,24.62
TXN2570,East,Furniture,UPI,Member,532.33,4,2129.32,24.79,527.86,1601.46,400.37,27.81
TXN2571,North,Grocery,UPI,Returning,62.18,13,808.34,27.95,225.93,582.41,44.8,241.68
TXN2572,West,Electronics,Wallet,Member,395.42,18,7117.56,21.35,1519.6,5597.96,311,198.52
TXN2573,South,Electronics,Cash,New,637.89,7,4465.23,19.75,881.88,3583.35,511.91,96.74
TXN2574,West,Apparel,Wallet,Member,318.61,11,3504.71,24.31,852,2652.71,241.16,12.15
TXN2575,West,Electronics,Wallet,Returning,195.9,4,783.6,12.97,101.63,681.97,170.49,61.91
TXN2576,West,Grocery,Wallet,Guest,816.14,17,13874.38,17.55,2434.95,11439.43,672.91,197.13
TXN2577,South,Electronics,Wallet,New,707.72,16,11323.52,4.35,492.57,10830.95,676.93,12.74
TXN2578,East,Grocery,Credit Card,New,54.87,8,438.96,11.55,50.7,388.26,48.53,103.9
TXN2579,West,Grocery,Wallet,Member,625.97,11,6885.67,24.8,1707.65,5178.02,,104.91
TXN2580,North,Furniture,Credit Card,Guest,881.09,10,8810.9,7.98,703.11,8107.79,810.78,74.6
TXN2581,West,Electronics,Wallet,Returning,685.66,10,6856.6,10.31,706.92,6149.68,614.97,35.9
TXN2582,South,Grocery,Cash,Guest,200.77,19,,28.11,1072.29,2742.34,144.33,7.57
TXN2583,North,Electronics,UPI,Returning,947.02,6,5682.12,4.05,230.13,,908.67,5.57
TXN2584,South,Furniture,Credit Card,Member,765.53,18,,2.14,294.88,13484.66,749.15,224.67
TXN2585,East,Apparel,Wallet,Member,292.97,18,5273.46,6.82,,4913.81,272.99,12.34
TXN2586,East,Furniture,Wallet,Returning,169.37,9,1524.33,5.77,87.95,1436.38,159.6,
TXN2587,North,Furniture,UPI,Member,445.18,19,8458.42,,927.89,7530.53,,46.3
TXN2588,West,Electronics,UPI,Returning,269.81,1,,4.91,13.25,256.56,256.56,81.69
TXN2589,East,Grocery,Credit Card,Guest,576.78,9,5191.02,20.1,1043.4,4147.62,460.85,124.54
TXN2590,West,Apparel,Cash,New,414.72,5,2073.6,2.72,56.4,2017.2,403.44,29.35
TXN2591,East,Furniture,Wallet,Guest,621.57,15,9323.55,19.53,1820.89,7502.66,500.18,148.59
TXN2592,North,Furniture,Cash,New,733.01,16,11728.16,23.51,2757.29,8970.87,560.68,18.7
TXN2593,North,Apparel,Cash,Returning,324.98,11,3574.78,8.58,306.72,3268.06,,32.64
TXN2594,East,Apparel,Credit Card,Returning,508.32,11,5591.52,11.55,645.82,4945.7,449.61,15.52
TXN2595,East,Apparel,Wallet,New,565.3,10,5653,9.52,538.17,,511.48,0.57
TXN2596,East,Apparel,Credit Card,Member,78.21,10,782.1,3.84,,752.07,75.21,98.81
TXN2597,West,Grocery,Cash,Guest,333.73,3,,10.49,105.02,896.17,298.72,51.39
TXN2598,South,Electronics,Wallet,New,565.3,12,6783.6,9.09,616.63,6166.97,513.91,51.39
TXN2599,North,Apparel,Credit Card,New,852.03,4,3408.12,6.24,212.67,3195.45,798.86,53.17
TXN2600,North,Apparel,Credit Card,Returning,862.11,12,10345.32,3.63,375.54,9969.78,830.82,
TXN2601,North,Furniture,UPI,Guest,265.93,10,2659.3,3.24,86.16,2573.14,257.31,8.62
TXN2602,West,Furniture,Cash,Guest,842.98,19,16016.62,20.23,3240.16,12776.46,672.45,170.53
TXN2603,South,Apparel,UPI,New,693.42,4,2773.68,3.55,98.47,2675.21,668.8,24.62
TXN2604,North,Furniture,Wallet,New,255.1,18,4591.8,10.9,500.51,4091.29,227.29,27.81
TXN2605,North,Furniture,UPI,Guest,984.03,3,2952.09,24.56,725.03,2227.06,742.35,241.68
TXN2606,East,Grocery,Wallet,Member,910.64,6,5463.84,21.8,1191.12,4272.72,,198.52
TXN2607,South,Apparel,UPI,Member,498.14,17,8468.38,19.42,1644.56,6823.82,401.4,96.74
TXN2608,South,Furniture,Cash,Returning,152.86,16,2445.76,7.95,194.44,2251.32,140.71,12.15
TXN2609,South,Furniture,Credit Card,Guest,258.4,13,3359.2,23.96,804.86,2554.34,196.49,61.91
TXN2610,North,Grocery,UPI,Returning,953.69,17,16212.73,20.67,3351.17,12861.56,756.56,197.13
TXN2611,North,Furniture,Cash,Member,240.37,2,480.74,5.3,25.48,455.26,227.63,12.74
TXN2612,North,Furniture,Cash,New,713.08,14,9983.12,14.57,1454.54,8528.58,609.18,103.9
TXN2613,North,Furniture,UPI,New,843.31,5,4216.55,12.44,524.54,3692.01,738.4,104.91
TXN2614,South,Apparel,Cash,New,483.95,2,967.9,10.11,97.85,870.05,435.02,
TXN2615,West,Apparel,Cash,New,217.1,17,3690.7,23.41,863.99,2826.71,166.28,50.82
TXN2616,South,Furniture,Cash,Member,692,2,1384,25.19,348.63,1035.37,517.69,174.31
TXN2617,North,Electronics,Wallet,Guest,344.48,3,1033.44,13.64,140.96,892.48,297.49,46.99
TXN2618,West,Furniture,Credit Card,Returning,314.89,11,3463.79,8.85,306.55,3157.24,287.02,27.87
TXN2619,East,Apparel,Wallet,Guest,716.53,10,7165.3,12.48,894.23,6271.07,627.11,89.42
TXN2620,South,Apparel,UPI,New,797.08,16,12753.28,21.32,2719,10034.28,627.14,169.94
TXN2621,South,Grocery,Credit Card,Returning,339.57,15,5093.55,2.68,136.51,4957.04,330.47,9.1
TXN2622,North,Apparel,Wallet,Guest,940.53,1,940.53,13.56,127.54,812.99,812.99,127.54
TXN2623,North,Electronics,Wallet,Guest,498.65,7,3490.55,12.66,441.9,3048.65,435.52,63.13
TXN2624,East,Furniture,UPI,New,759.68,9,6837.12,0.81,55.38,6781.74,753.53,6.15
TXN2625,East,Grocery,Cash,Member,564.31,3,1692.93,22.07,373.63,1319.3,439.77,124.54
TXN2626,North,Furniture,UPI,New,847.74,10,8477.4,8.8,746.01,7731.39,773.14,74.6
TXN2627,East,Grocery,Wallet,Returning,488.43,6,2930.58,7.35,215.4,2715.18,452.53,35.9
TXN2628,North,Apparel,Credit Card,Member,700.8,9,6307.2,1.08,68.12,6239.08,693.23,7.57
TXN2629,North,Grocery,Cash,Guest,72.72,18,1308.96,7.66,100.27,1208.69,67.15,5.57
TXN2630,North,Grocery,Wallet,New,789.98,1,789.98,28.44,224.67,565.31,565.31,224.67
TXN2631,North,Furniture,UPI,New,209.55,3,628.65,5.89,37.03,591.62,197.21,12.34
TXN2632,West,Furniture,Cash,New,929.52,10,9295.2,18.2,1691.73,7603.47,760.35,169.17
TXN2633,South,Apparel,UPI,Guest,733.77,13,9539.01,6.31,601.91,8937.1,687.47,46.3
TXN2634,West,Grocery,Wallet,Returning,804.83,5,4024.15,10.15,408.45,3615.7,723.14,81.69
TXN2635,East,Grocery,Cash,Returning,309.34,6,1856.04,7.78,144.4,1711.64,285.27,24.07
TXN2636,West,Electronics,UPI,Member,975.18,17,16578.06,10.51,1742.35,14835.71,872.69,102.49
TXN2637,West,Furniture,Wallet,Returning,989.05,11,10879.55,24.29,2642.64,8236.91,748.81,240.24
TXN2638,East,Furniture,Wallet,Returning,860.54,16,13768.64,25.51,3512.38,10256.26,641.02,219.52
TXN2639,North,Furniture,Wallet,New,530.16,15,7952.4,24.14,1919.71,6032.69,402.18,127.98
TXN2640,South,Furniture,Credit Card,Guest,272.16,10,2721.6,25.45,692.65,2028.95,202.9,69.26
TXN2641,South,Grocery,Credit Card,New,554.98,5,2774.9,25.78,715.37,2059.53,411.91,143.07
TXN2642,North,Apparel,Wallet,Guest,971.78,15,14576.7,18.17,2648.59,11928.11,795.21,176.57
TXN2643,West,Furniture,Cash,Guest,497.97,4,1991.88,23.44,466.9,1524.98,381.25,116.72
TXN2644,East,Apparel,UPI,New,449.02,16,7184.32,22.04,1583.42,5600.9,350.06,98.96
TXN2645,South,Grocery,Credit Card,Member,684.58,3,2053.74,20.53,421.63,1632.11,544.04,140.54
TXN2646,South,Apparel,Wallet,Guest,951.53,5,4757.65,19.58,931.55,3826.1,765.22,186.31
TXN2647,North,Apparel,Cash,Guest,655.35,1,655.35,18.62,122.03,533.32,533.32,122.03
TXN2648,East,Furniture,UPI,Member,482.08,16,7713.28,1.42,109.53,7603.75,475.23,6.85
TXN2649,East,Grocery,UPI,Guest,692.16,14,9690.24,11.86,1149.26,8540.98,610.07,82.09
TXN2650,West,Grocery,UPI,Returning,176.94,3,530.82,12.5,66.35,464.47,154.82,22.12
TXN2651,North,Electronics,Cash,Member,344.23,11,3786.53,21.64,819.41,2967.12,269.74,74.49
TXN2652,West,Apparel,UPI,Returning,552.03,12,6624.36,23.77,1574.61,5049.75,420.81,131.22
TXN2653,West,Apparel,Wallet,New,373.14,9,3358.26,12.04,404.33,2953.93,328.21,44.93
TXN2654,North,Grocery,UPI,Returning,969.47,4,3877.88,15.34,594.87,3283.01,820.75,148.72
TXN2655,West,Furniture,Cash,Member,875.07,7,6125.49,0.28,17.15,6108.34,872.62,2.45
TXN2656,East,Grocery,Cash,Member,243.75,2,487.5,29.45,143.57,343.93,171.97,71.78
TXN2657,South,Electronics,UPI,Returning,75.03,5,375.15,10.93,41,334.15,66.83,8.2
TXN2658,East,Apparel,Credit Card,Returning,106.02,6,636.12,28.92,183.97,452.15,75.36,30.66
TXN2659,East,Electronics,Cash,Returning,139.04,5,695.2,2.53,17.59,677.61,135.52,3.52
TXN2660,West,Apparel,UPI,Guest,809.42,19,15378.98,21.84,3358.77,12020.21,632.64,176.78
TXN2661,South,Electronics,Wallet,Returning,898.84,10,8988.4,4.86,436.84,8551.56,855.16,43.68
TXN2662,West,Electronics,Wallet,Returning,685.66,10,6856.6,10.31,706.92,6149.68,614.97,35.9
TXN2663,South,Grocery,Cash,Guest,200.77,19,,28.11,1072.29,2742.34,144.33,7.57
TXN2664,North,Electronics,UPI,Returning,947.02,6,5682.12,4.05,230.13,,908.67,5.57
TXN2665,South,Furniture,Credit Card,Member,765.53,18,,2.14,294.88,13484.66,749.15,224.67
TXN2666,East,Apparel,Wallet,Member,292.97,18,5273.46,6.82,,4913.81,272.99,
TXN2667,East,Furniture,Wallet,Returning,169.37,9,1524.33,5.77,87.95,1436.38,159.6,169.17
TXN2668,North,Furniture,UPI,Member,445.18,19,8458.42,,927.89,7530.53,,46.3
TXN2669,West,Electronics,UPI,Returning,269.81,1,,4.91,13.25,256.56,256.56,81.69
TXN2670,East,Grocery,Credit Card,Guest,576.78,9,5191.02,20.1,1043.4,4147.62,,124.54
TXN2671,West,Apparel,Cash,New,414.72,5,2073.6,2.72,56.4,2017.2,403.44,
TXN2672,East,Furniture,Wallet,Guest,621.57,15,9323.55,19.53,1820.89,7502.66,500.18,148.59
TXN2673,North,Furniture,Cash,New,733.01,16,11728.16,23.51,2757.29,8970.87,560.68,18.7
TXN2674,North,Apparel,Cash,Returning,324.98,11,3574.78,8.58,306.72,3268.06,297.1,32.64
TXN2675,East,Apparel,Credit Card,Returning,508.32,11,5591.52,11.55,645.82,4945.7,449.61,15.52
TXN2676,East,Apparel,Wallet,New,565.3,10,5653,9.52,538.17,,511.48,
TXN2677,East,Apparel,Credit Card,Member,78.21,10,782.1,3.84,,752.07,75.21,98.81
TXN2678,West,Grocery,Cash,Guest,333.73,3,,10.49,105.02,896.17,298.72,51.39
TXN2679,South,Electronics,Wallet,New,565.3,12,6783.6,9.09,616.63,6166.97,513.91,51.39
TXN2680,North,Apparel,Credit Card,New,852.03,4,3408.12,6.24,212.67,3195.45,798.86,53.17
TXN2681,North,Apparel,Credit Card,Returning,862.11,12,10345.32,3.63,375.54,9969.78,830.82,31.29
TXN2682,North,Furniture,UPI,Guest,265.93,10,2659.3,3.24,86.16,2573.14,257.31,8.62
TXN2683,West,Furniture,Cash,Guest,842.98,19,16016.62,20.23,3240.16,12776.46,672.45,170.53
TXN2684,South,Apparel,UPI,New,693.42,4,2773.68,3.55,98.47,2675.21,668.8,24.62
TXN2685,North,Furniture,Wallet,New,255.1,18,4591.8,10.9,500.51,4091.29,227.29,27.81
TXN2686,North,Furniture,UPI,Guest,984.03,3,2952.09,24.56,725.03,2227.06,742.35,241.68
TXN2687,East,Grocery,Wallet,Member,910.64,6,5463.84,21.8,1191.12,4272.72,712.12,198.52
TXN2688,South,Apparel,UPI,Member,498.14,17,8468.38,19.42,1644.56,6823.82,401.4,96.74
TXN2689,South,Furniture,Cash,Returning,152.86,16,2445.76,7.95,194.44,2251.32,140.71,12.15
TXN2690,South,Furniture,Credit Card,Guest,258.4,13,3359.2,23.96,804.86,2554.34,196.49,61.91
TXN2691,North,Grocery,UPI,Returning,953.69,17,16212.73,20.67,3351.17,12861.56,,
TXN2692,North,Furniture,Cash,Member,240.37,2,480.74,5.3,25.48,455.26,227.63,12.74
TXN2693,South,Furniture,Credit Card,Guest,272.16,10,2721.6,25.45,692.65,2028.95,202.9,69.26
TXN2694,South,Grocery,Credit Card,New,554.98,5,2774.9,25.78,715.37,2059.53,411.91,143.07
TXN2695,North,Apparel,Wallet,Guest,971.78,15,14576.7,18.17,2648.59,11928.11,795.21,176.57
TXN2696,West,Furniture,Cash,Guest,497.97,4,1991.88,23.44,466.9,1524.98,381.25,116.72
TXN2697,East,Apparel,UPI,New,449.02,16,7184.32,22.04,1583.42,5600.9,350.06,98.96
TXN2698,South,Grocery,Credit Card,Member,684.58,3,2053.74,20.53,421.63,1632.11,544.04,140.54
TXN2699,South,Apparel,Wallet,Guest,951.53,5,4757.65,19.58,931.55,3826.1,765.22,186.31
TXN2700,North,Apparel,Cash,Guest,655.35,1,655.35,18.62,122.03,533.32,533.32,122.03
TXN2701,East,Furniture,UPI,Member,482.08,16,7713.28,1.42,109.53,7603.75,475.23,6.85
TXN2702,East,Grocery,UPI,Guest,692.16,14,9690.24,11.86,1149.26,8540.98,610.07,82.09
TXN2703,West,Grocery,UPI,Returning,176.94,3,530.82,12.5,66.35,464.47,154.82,22.12
TXN2704,North,Electronics,Cash,Member,344.23,11,3786.53,21.64,819.41,2967.12,269.74,74.49
TXN2705,West,Apparel,UPI,Returning,552.03,12,6624.36,23.77,1574.61,5049.75,420.81,131.22
TXN2706,West,Apparel,Wallet,New,373.14,9,3358.26,12.04,404.33,2953.93,328.21,44.93
TXN2707,North,Grocery,UPI,Returning,969.47,4,3877.88,15.34,594.87,3283.01,820.75,148.72
TXN2708,West,Furniture,Cash,Member,875.07,7,6125.49,0.28,17.15,6108.34,872.62,2.45
TXN2709,East,Grocery,Cash,Member,243.75,2,487.5,29.45,143.57,343.93,171.97,71.78
TXN2710,South,Furniture,Credit Card,Guest,272.16,10,2721.6,25.45,692.65,2028.95,202.9,69.26
TXN2711,South,Grocery,Credit Card,New,554.98,5,2774.9,25.78,715.37,2059.53,411.91,143.07
TXN2712,North,Apparel,Wallet,Guest,971.78,15,14576.7,18.17,2648.59,11928.11,795.21,176.57
TXN2713,West,Furniture,Cash,Guest,497.97,4,1991.88,23.44,466.9,1524.98,381.25,116.72
TXN2714,East,Apparel,UPI,New,449.02,16,7184.32,22.04,1583.42,5600.9,350.06,98.96
TXN2715,South,Grocery,Credit Card,Member,684.58,3,2053.74,20.53,421.63,1632.11,,
TXN2716,South,Apparel,Wallet,Guest,951.53,5,4757.65,19.58,931.55,3826.1,765.22,186.31
TXN2717,North,Apparel,Cash,Guest,655.35,1,655.35,18.62,122.03,533.32,533.32,122.03
TXN2718,East,Furniture,UPI,Member,482.08,16,7713.28,1.42,109.53,7603.75,475.23,6.85
TXN2719,East,Grocery,UPI,Guest,692.16,14,9690.24,11.86,1149.26,8540.98,610.07,82.09
TXN2720,West,Grocery,UPI,Returning,176.94,3,530.82,12.5,66.35,464.47,154.82,
TXN2721,North,Electronics,Cash,Member,344.23,11,3786.53,21.64,819.41,2967.12,,74.49
TXN2722,West,Apparel,UPI,Returning,552.03,12,6624.36,23.77,1574.61,5049.75,420.81,
TXN2723,West,Apparel,Wallet,New,373.14,9,3358.26,12.04,404.33,2953.93,328.21,44.93
TXN2724,North,Grocery,UPI,Returning,969.47,4,3877.88,15.34,594.87,3283.01,820.75,148.72
TXN2725,West,Furniture,Cash,Member,875.07,7,6125.49,0.28,17.15,6108.34,872.62,2.45
TXN2726,East,Grocery,Cash,Member,243.75,2,487.5,29.45,143.57,343.93,171.97,71.78
TXN2727,South,Apparel,UPI,Guest,949.62,3,2848.86,17.55,499.97,2348.89,782.96,166.66
TXN2728,North,Electronics,UPI,Member,576.8,13,7498.4,26.78,2008.07,5490.33,422.33,154.47
TXN2729,North,Apparel,Credit Card,Guest,344.98,14,4829.72,13.83,667.95,4161.77,297.27,47.71
TXN2730,East,Grocery,Cash,Guest,488.95,2,977.9,16.07,157.15,820.75,410.38,78.57
TXN2731,East,Furniture,Cash,Member,603.98,5,3019.9,22.55,680.99,2338.91,467.78,136.2
TXN2732,East,Grocery,Cash,Member,575.37,13,7479.81,0.54,40.39,7439.42,572.26,3.11
TXN2733,East,Apparel,Cash,Member,707.42,10,7074.2,5.24,370.69,6703.51,670.35,37.07
TXN2734,South,Electronics,Credit Card,Member,123.13,18,2216.34,16.71,370.35,1845.99,102.55,20.58
TXN2735,West,Apparel,Cash,Returning,321.14,11,3532.54,19.9,702.98,2829.56,257.23,63.91
TXN2736,South,Apparel,Wallet,Returning,368.71,17,6268.07,6.39,400.53,5867.54,345.15,23.56
TXN2737,North,Apparel,Credit Card,Guest,904.01,9,8136.09,11.72,953.55,7182.54,798.06,105.95
TXN2738,South,Grocery,Cash,Returning,939,13,12207,5.63,687.25,11519.75,886.13,52.87
TXN2739,West,Grocery,Credit Card,Returning,874.92,17,14873.64,29.76,4426.4,10447.24,614.54,260.38
TXN2740,West,Apparel,UPI,Member,950.3,11,10453.3,4.16,434.86,10018.44,910.77,39.53
TXN2741,West,Furniture,Cash,Returning,575.6,1,575.6,6.81,39.2,536.4,536.4,39.2
TXN2742,South,Grocery,Credit Card,Guest,765.6,16,12249.6,21.08,2582.22,9667.38,604.21,161.39
TXN2743,South,Grocery,UPI,Returning,266.5,4,1066,9.62,102.55,963.45,240.86,25.64
TXN2744,West,Grocery,Cash,New,280.73,3,842.19,10.02,84.39,757.8,252.6,28.13
TXN2745,West,Apparel,Credit Card,New,258.71,16,4139.36,21.25,879.61,3259.75,203.73,54.98
TXN2746,East,Furniture,UPI,Member,532.33,4,2129.32,24.79,527.86,1601.46,400.37,131.96
TXN2747,North,Grocery,UPI,Returning,62.18,13,808.34,27.95,225.93,582.41,44.8,17.38
TXN2748,West,Electronics,Wallet,Member,395.42,18,7117.56,21.35,1519.6,5597.96,311,84.42
TXN2749,South,Electronics,Cash,New,637.89,7,4465.23,19.75,881.88,3583.35,511.91,125.98
TXN2750,West,Apparel,Wallet,Member,318.61,11,3504.71,24.31,852,2652.71,241.16,77.45
TXN2751,West,Electronics,Wallet,Returning,195.9,4,783.6,12.97,101.63,681.97,170.49,25.41
TXN2752,West,Grocery,Wallet,Guest,816.14,17,13874.38,17.55,2434.95,11439.43,672.91,143.23
TXN2753,South,Electronics,Wallet,New,707.72,16,11323.52,4.35,492.57,10830.95,676.93,30.79
TXN2754,East,Grocery,Credit Card,New,54.87,8,438.96,11.55,50.7,388.26,48.53,6.34
TXN2755,West,Grocery,Wallet,Member,625.97,11,6885.67,24.8,1707.65,5178.02,470.73,155.24
TXN2756,North,Furniture,Credit Card,Guest,881.09,10,8810.9,7.98,703.11,8107.79,810.78,70.31
TXN2757,West,Electronics,Wallet,Returning,685.66,10,6856.6,10.31,706.92,6149.68,614.97,70.69
TXN2758,South,Grocery,Cash,Guest,200.77,19,3814.63,28.11,1072.29,2742.34,144.33,56.44
TXN2759,North,Electronics,UPI,Returning,947.02,6,5682.12,4.05,230.13,5451.99,908.67,38.35
TXN2760,South,Furniture,Credit Card,Member,765.53,18,13779.54,2.14,294.88,13484.66,749.15,16.38
TXN2761,East,Apparel,Wallet,Member,292.97,18,5273.46,6.82,359.65,4913.81,272.99,19.98
TXN2762,East,Furniture,Wallet,Returning,169.37,9,1524.33,5.77,87.95,1436.38,159.6,
TXN2763,North,Furniture,UPI,Member,445.18,19,8458.42,10.97,927.89,7530.53,396.34,48.84
TXN2764,West,Electronics,UPI,Returning,269.81,1,269.81,4.91,13.25,256.56,256.56,13.25
TXN2765,East,Grocery,Credit Card,Guest,576.78,9,5191.02,20.1,1043.4,4147.62,460.85,115.93
TXN2766,West,Apparel,Cash,New,414.72,5,2073.6,2.72,56.4,2017.2,403.44,11.28
TXN2767,East,Furniture,Wallet,Guest,621.57,15,9323.55,19.53,1820.89,7502.66,500.18,121.39
TXN2768,North,Furniture,Cash,New,733.01,16,11728.16,23.51,2757.29,8970.87,560.68,172.33
TXN2769,North,Apparel,Cash,Returning,324.98,11,3574.78,8.58,306.72,3268.06,297.1,27.88
TXN2770,South,Grocery,Cash,Guest,200.77,19,3814.63,28.11,1072.29,2742.34,144.33,56.44
TXN2771,North,Electronics,UPI,Returning,947.02,6,5682.12,4.05,230.13,5451.99,908.67,38.35
TXN2772,South,Furniture,Credit Card,Member,765.53,18,13779.54,2.14,294.88,13484.66,749.15,
TXN2773,East,Apparel,Wallet,Member,292.97,18,5273.46,6.82,359.65,4913.81,272.99,19.98
TXN2774,East,Furniture,Wallet,Returning,169.37,9,1524.33,5.77,87.95,1436.38,159.6,
TXN2775,North,Furniture,UPI,Member,445.18,19,8458.42,10.97,927.89,7530.53,396.34,48.84
TXN2776,West,Electronics,UPI,Returning,269.81,1,269.81,4.91,13.25,256.56,256.56,13.25
TXN2777,East,Grocery,Credit Card,Guest,576.78,9,5191.02,20.1,1043.4,4147.62,460.85,115.93
TXN2778,West,Apparel,Cash,New,414.72,5,2073.6,2.72,56.4,2017.2,,11.28
TXN2779,East,Furniture,Wallet,Guest,621.57,15,9323.55,19.53,1820.89,7502.66,500.18,121.39
TXN2780,North,Furniture,Cash,New,733.01,16,11728.16,23.51,2757.29,8970.87,560.68,172.33
TXN2781,North,Apparel,Cash,Returning,324.98,11,3574.78,8.58,306.72,3268.06,297.1,27.88
TXN2782,East,Grocery,Cash,Returning,309.34,6,1856.04,7.78,144.4,1711.64,285.27,24.07
TXN2783,West,Electronics,UPI,Member,975.18,17,16578.06,10.51,1742.35,14835.71,872.69,102.49
TXN2784,West,Furniture,Wallet,Returning,989.05,11,10879.55,24.29,2642.64,8236.91,748.81,240.24
TXN2785,East,Furniture,Wallet,Returning,860.54,16,13768.64,25.51,3512.38,10256.26,641.02,219.52
TXN2786,North,Furniture,Wallet,New,530.16,15,7952.4,24.14,1919.71,6032.69,402.18,127.98
TXN2787,South,Furniture,Credit Card,Guest,272.16,10,2721.6,25.45,692.65,2028.95,202.9,69.26
TXN2788,South,Grocery,Credit Card,New,554.98,5,2774.9,25.78,715.37,2059.53,411.91,143.07
TXN2789,North,Apparel,Wallet,Guest,971.78,15,14576.7,18.17,2648.59,11928.11,795.21,176.57
TXN2790,West,Furniture,Cash,Guest,497.97,4,1991.88,23.44,466.9,1524.98,381.25,116.72
TXN2791,East,Apparel,UPI,New,449.02,16,7184.32,22.04,1583.42,5600.9,,98.96
TXN2792,South,Grocery,Credit Card,Member,684.58,3,2053.74,20.53,421.63,1632.11,544.04,140.54
TXN2793,South,Apparel,Wallet,Guest,951.53,5,4757.65,19.58,931.55,3826.1,765.22,
TXN2794,North,Apparel,Cash,Guest,655.35,1,655.35,18.62,122.03,533.32,533.32,122.03
TXN2795,East,Furniture,UPI,Member,482.08,16,7713.28,1.42,109.53,7603.75,475.23,6.85
TXN2796,East,Grocery,UPI,Guest,692.16,14,9690.24,11.86,1149.26,8540.98,610.07,82.09
TXN2797,West,Grocery,UPI,Returning,176.94,3,530.82,12.5,66.35,464.47,154.82,22.12
TXN2798,East,Grocery,Cash,Member,564.31,3,1692.93,22.07,373.63,1319.3,439.77,124.54
TXN2799,North,Furniture,UPI,New,847.74,10,8477.4,8.8,746.01,7731.39,773.14,74.6
TXN2800,East,Grocery,Wallet,Returning,488.43,6,2930.58,7.35,215.4,2715.18,452.53,35.9
TXN2801,North,Apparel,Credit Card,Member,700.8,9,6307.2,1.08,68.12,6239.08,693.23,7.57
TXN2802,North,Grocery,Cash,Guest,72.72,18,1308.96,7.66,100.27,1208.69,67.15,5.57
TXN2803,North,Grocery,Wallet,New,789.98,1,789.98,28.44,224.67,565.31,565.31,224.67
TXN2804,North,Furniture,UPI,New,209.55,3,628.65,5.89,37.03,591.62,197.21,12.34
TXN2805,West,Furniture,Cash,New,929.52,10,9295.2,18.2,1691.73,7603.47,760.35,169.17
TXN2806,South,Apparel,UPI,Guest,733.77,13,9539.01,6.31,601.91,8937.1,687.47,46.3
TXN2807,West,Grocery,Wallet,Returning,804.83,5,4024.15,10.15,408.45,3615.7,723.14,81.69
TXN2808,East,Grocery,Cash,Returning,309.34,6,1856.04,7.78,144.4,1711.64,285.27,24.07
TXN2809,West,Electronics,UPI,Member,975.18,17,16578.06,10.51,1742.35,14835.71,872.69,102.49
TXN2810,West,Furniture,Wallet,Returning,989.05,11,10879.55,24.29,2642.64,8236.91,748.81,240.24
TXN2811,South,Apparel,UPI,Guest,949.62,3,2848.86,17.55,499.97,2348.89,782.96,166.66
TXN2812,North,Electronics,UPI,Member,576.8,13,7498.4,26.78,2008.07,5490.33,422.33,154.47
TXN2813,North,Apparel,Credit Card,Guest,344.98,14,4829.72,13.83,667.95,4161.77,297.27,47.71
TXN2814,East,Grocery,Cash,Guest,488.95,2,977.9,16.07,157.15,820.75,410.38,78.57
TXN2815,East,Furniture,Cash,Member,603.98,5,3019.9,22.55,680.99,2338.91,467.78,136.2
TXN2816,East,Grocery,Cash,Member,575.37,13,7479.81,0.54,40.39,7439.42,572.26,3.11
TXN2817,East,Apparel,Cash,Member,707.42,10,7074.2,5.24,370.69,6703.51,670.35,37.07
TXN2818,South,Electronics,Credit Card,Member,123.13,18,2216.34,16.71,370.35,1845.99,102.55,20.58
TXN2819,West,Apparel,Cash,Returning,321.14,11,3532.54,19.9,702.98,2829.56,257.23,63.91
TXN2820,South,Apparel,Wallet,Returning,368.71,17,6268.07,6.39,400.53,5867.54,345.15,23.56
TXN2821,North,Apparel,Credit Card,Guest,904.01,9,8136.09,11.72,953.55,7182.54,798.06,105.95
TXN2822,South,Grocery,Cash,Returning,939,13,12207,5.63,687.25,11519.75,886.13,52.87
TXN2823,West,Grocery,Credit Card,Returning,874.92,17,14873.64,29.76,4426.4,10447.24,614.54,260.38
TXN2824,West,Apparel,UPI,Member,950.3,11,10453.3,4.16,434.86,10018.44,910.77,39.53
TXN2825,West,Furniture,Cash,Returning,575.6,1,575.6,6.81,39.2,536.4,536.4,39.2
TXN2826,South,Grocery,Credit Card,Guest,765.6,16,12249.6,21.08,2582.22,9667.38,604.21,161.39
TXN2827,South,Grocery,UPI,Returning,266.5,4,1066,9.62,102.55,963.45,240.86,25.64
TXN2828,West,Grocery,Cash,New,280.73,3,842.19,10.02,84.39,757.8,252.6,28.13
TXN2829,West,Apparel,Credit Card,New,258.71,16,4139.36,21.25,879.61,3259.75,203.73,54.98
TXN2830,East,Furniture,UPI,Member,532.33,4,2129.32,24.79,527.86,1601.46,400.37,131.96
TXN2831,North,Grocery,UPI,Returning,62.18,13,808.34,27.95,225.93,582.41,44.8,17.38
TXN2832,West,Electronics,Wallet,Member,395.42,18,7117.56,21.35,1519.6,5597.96,311,84.42
TXN2833,South,Electronics,Cash,New,637.89,7,4465.23,19.75,881.88,3583.35,511.91,125.98
TXN2834,West,Apparel,Wallet,Member,318.61,11,3504.71,24.31,852,2652.71,241.16,77.45
TXN2835,West,Electronics,Wallet,Returning,195.9,4,783.6,12.97,101.63,681.97,170.49,25.41
TXN2836,West,Grocery,Wallet,Guest,816.14,17,13874.38,17.55,2434.95,11439.43,672.91,143.23
TXN2837,South,Electronics,Wallet,New,707.72,16,11323.52,4.35,492.57,10830.95,676.93,30.79
TXN2838,East,Grocery,Credit Card,New,54.87,8,438.96,11.55,50.7,388.26,48.53,6.34
TXN2839,West,Grocery,Wallet,Member,625.97,11,6885.67,24.8,1707.65,5178.02,470.73,155.24
TXN2840,North,Furniture,Credit Card,Guest,881.09,10,8810.9,7.98,703.11,8107.79,810.78,70.31
TXN2841,West,Electronics,Wallet,Returning,685.66,10,6856.6,10.31,706.92,6149.68,614.97,70.69
TXN2842,South,Grocery,Cash,Guest,200.77,19,3814.63,28.11,1072.29,2742.34,144.33,56.44
TXN2843,North,Electronics,UPI,Returning,947.02,6,5682.12,4.05,230.13,5451.99,908.67,38.35
TXN2844,South,Furniture,Credit Card,Member,765.53,18,13779.54,2.14,294.88,13484.66,749.15,16.38
TXN2845,East,Apparel,Wallet,Member,292.97,18,5273.46,6.82,359.65,4913.81,272.99,19.98
TXN2846,East,Furniture,Wallet,Returning,169.37,9,1524.33,5.77,87.95,1436.38,159.6,
TXN2847,North,Furniture,UPI,Member,445.18,19,8458.42,10.97,927.89,7530.53,396.34,48.84
TXN2848,West,Electronics,UPI,Returning,269.81,1,269.81,4.91,13.25,256.56,256.56,13.25
TXN2849,East,Grocery,Credit Card,Guest,576.78,9,5191.02,20.1,1043.4,4147.62,460.85,115.93
TXN2850,West,Apparel,Cash,New,414.72,5,2073.6,2.72,56.4,2017.2,403.44,11.28
TXN2851,East,Furniture,Wallet,Guest,621.57,15,9323.55,19.53,1820.89,7502.66,500.18,121.39
TXN2852,North,Furniture,Cash,New,733.01,16,11728.16,23.51,2757.29,8970.87,560.68,172.33
TXN2853,North,Apparel,Cash,Returning,324.98,11,3574.78,8.58,306.72,3268.06,297.1,27.88
TXN2854,South,Grocery,Cash,Guest,200.77,19,3814.63,28.11,1072.29,2742.34,144.33,56.44
TXN2855,North,Electronics,UPI,Returning,947.02,6,5682.12,4.05,230.13,5451.99,908.67,38.35
TXN2856,South,Furniture,Credit Card,Member,765.53,18,13779.54,2.14,294.88,13484.66,749.15,
TXN2857,East,Apparel,Wallet,Member,292.97,18,5273.46,6.82,359.65,4913.81,272.99,19.98
TXN2858,East,Furniture,Wallet,Returning,169.37,9,1524.33,5.77,87.95,1436.38,159.6,
TXN2859,North,Furniture,UPI,Member,445.18,19,8458.42,10.97,927.89,7530.53,396.34,48.84
TXN2860,West,Electronics,UPI,Returning,269.81,1,269.81,4.91,13.25,256.56,256.56,13.25
TXN2861,East,Grocery,Credit Card,Guest,576.78,9,5191.02,20.1,1043.4,4147.62,460.85,115.93
TXN2862,West,Apparel,Cash,New,414.72,5,2073.6,2.72,56.4,2017.2,,11.28
TXN2863,East,Furniture,Wallet,Guest,621.57,15,9323.55,19.53,1820.89,7502.66,500.18,121.39
TXN2864,North,Furniture,Cash,New,733.01,16,11728.16,23.51,2757.29,8970.87,560.68,172.33
TXN2865,North,Apparel,Cash,Returning,324.98,11,3574.78,8.58,306.72,3268.06,297.1,27.88
TXN2866,East,Grocery,Cash,Returning,309.34,6,1856.04,7.78,144.4,1711.64,285.27,24.07
TXN2867,West,Electronics,UPI,Member,975.18,17,16578.06,10.51,1742.35,14835.71,872.69,102.49
TXN2868,West,Furniture,Wallet,Returning,989.05,11,10879.55,24.29,2642.64,8236.91,748.81,240.24
TXN2869,East,Furniture,Wallet,Returning,860.54,16,13768.64,25.51,3512.38,10256.26,641.02,219.52
TXN2870,North,Furniture,Wallet,New,530.16,15,7952.4,24.14,1919.71,6032.69,402.18,127.98
TXN2871,South,Furniture,Credit Card,Guest,272.16,10,2721.6,25.45,692.65,2028.95,202.9,69.26
TXN2872,South,Grocery,Credit Card,New,554.98,5,2774.9,25.78,715.37,2059.53,411.91,143.07
TXN2873,North,Apparel,Wallet,Guest,971.78,15,14576.7,18.17,2648.59,11928.11,795.21,176.57
TXN2874,West,Furniture,Cash,Guest,497.97,4,1991.88,23.44,466.9,1524.98,381.25,116.72
TXN2875,East,Apparel,UPI,New,449.02,16,7184.32,22.04,1583.42,5600.9,,98.96
TXN2876,South,Grocery,Credit Card,Member,684.58,3,2053.74,20.53,421.63,1632.11,544.04,140.54
TXN2877,South,Apparel,Wallet,Guest,951.53,5,4757.65,19.58,931.55,3826.1,765.22,
TXN2878,North,Apparel,Cash,Guest,655.35,1,655.35,18.62,122.03,533.32,533.32,122.03
TXN2879,East,Furniture,UPI,Member,482.08,16,7713.28,1.42,109.53,7603.75,475.23,6.85
TXN2880,East,Grocery,UPI,Guest,692.16,14,9690.24,11.86,1149.26,8540.98,610.07,82.09
TXN2881,West,Grocery,UPI,Returning,176.94,3,530.82,12.5,66.35,464.47,154.82,22.12
TXN2882,East,Grocery,Cash,Member,564.31,3,1692.93,22.07,373.63,1319.3,439.77,124.54
TXN2883,North,Furniture,UPI,New,847.74,10,8477.4,8.8,746.01,7731.39,773.14,74.6
TXN2884,East,Grocery,Wallet,Returning,488.43,6,2930.58,7.35,215.4,2715.18,452.53,35.9
TXN2885,North,Apparel,Credit Card,Member,700.8,9,6307.2,1.08,68.12,6239.08,693.23,7.57
TXN2886,North,Grocery,Cash,Guest,72.72,18,1308.96,7.66,100.27,1208.69,67.15,5.57
TXN2887,North,Grocery,Wallet,New,789.98,1,789.98,28.44,224.67,565.31,565.31,224.67
TXN2888,North,Furniture,UPI,New,209.55,3,628.65,5.89,37.03,591.62,197.21,12.34
TXN2889,West,Furniture,Cash,New,929.52,10,9295.2,18.2,1691.73,7603.47,760.35,169.17
TXN2890,South,Apparel,UPI,Guest,733.77,13,9539.01,6.31,601.91,8937.1,687.47,46.3
TXN2891,West,Grocery,Wallet,Returning,804.83,5,4024.15,10.15,408.45,3615.7,723.14,81.69
TXN2892,East,Grocery,Cash,Returning,309.34,6,1856.04,7.78,144.4,1711.64,285.27,24.07
TXN2893,West,Electronics,UPI,Member,975.18,17,16578.06,10.51,1742.35,14835.71,872.69,102.49
TXN2894,West,Furniture,Wallet,Returning,989.05,11,10879.55,24.29,2642.64,8236.91,748.81,240.24
TXN2895,North,Furniture,UPI,Member,445.18,19,8458.42,10.97,927.89,7530.53,396.34,48.84
TXN2896,West,Electronics,UPI,Returning,269.81,1,269.81,4.91,13.25,256.56,256.56,13.25
TXN2897,East,Grocery,Credit Card,Guest,576.78,9,5191.02,20.1,1043.4,4147.62,460.85,115.93
TXN2898,West,Apparel,Cash,New,414.72,5,2073.6,2.72,56.4,2017.2,,11.28
TXN2899,East,Furniture,Wallet,Guest,621.57,15,9323.55,19.53,1820.89,7502.66,500.18,121.39
TXN2900,North,Furniture,Cash,New,733.01,16,11728.16,23.51,2757.29,8970.87,560.68,172.33
TXN2901,North,Apparel,Cash,Returning,324.98,11,3574.78,8.58,306.72,3268.06,297.1,27.88
TXN2902,East,Grocery,Cash,Returning,309.34,6,1856.04,7.78,144.4,1711.64,285.27,24.07
TXN2903,West,Electronics,UPI,Member,975.18,17,16578.06,10.51,1742.35,14835.71,872.69,102.49
TXN2904,West,Furniture,Wallet,Returning,989.05,11,10879.55,24.29,2642.64,8236.91,748.81,240.24
TXN2905,East,Furniture,Wallet,Returning,860.54,16,13768.64,25.51,3512.38,10256.26,641.02,219.52
TXN2906,North,Furniture,Wallet,New,530.16,15,7952.4,24.14,1919.71,6032.69,402.18,127.98
TXN2907,South,Furniture,Credit Card,Guest,272.16,10,2721.6,25.45,692.65,2028.95,202.9,69.26
TXN2908,South,Grocery,Credit Card,New,554.98,5,2774.9,25.78,715.37,2059.53,411.91,143.07
TXN2909,North,Apparel,Wallet,Guest,971.78,15,14576.7,18.17,2648.59,11928.11,795.21,176.57
TXN2910,West,Furniture,Cash,Guest,497.97,4,1991.88,23.44,466.9,1524.98,381.25,116.72
TXN2911,East,Apparel,UPI,New,449.02,16,7184.32,22.04,1583.42,5600.9,,98.96
TXN2912,South,Grocery,Credit Card,Member,684.58,3,2053.74,20.53,421.63,1632.11,544.04,140.54
TXN2913,South,Apparel,Wallet,Guest,951.53,5,4757.65,19.58,931.55,3826.1,765.22,
TXN2914,North,Apparel,Cash,Guest,655.35,1,655.35,18.62,122.03,533.32,533.32,122.03
TXN2915,East,Furniture,UPI,Member,482.08,16,7713.28,1.42,109.53,7603.75,475.23,6.85
TXN2916,East,Grocery,UPI,Guest,692.16,14,9690.24,11.86,1149.26,8540.98,610.07,82.09
TXN2917,West,Grocery,UPI,Returning,176.94,3,530.82,12.5,66.35,464.47,154.82,22.12
TXN2918,East,Grocery,Cash,Member,564.31,3,1692.93,22.07,373.63,1319.3,439.77,124.54
TXN2919,North,Furniture,UPI,New,847.74,10,8477.4,8.8,746.01,7731.39,773.14,74.6
TXN2920,East,Grocery,Wallet,Returning,488.43,6,2930.58,7.35,215.4,2715.18,452.53,35.9
TXN2921,North,Apparel,Credit Card,Member,700.8,9,6307.2,1.08,68.12,6239.08,693.23,7.57
TXN2922,North,Grocery,Cash,Guest,72.72,18,1308.96,7.66,100.27,1208.69,67.15,5.57
TXN2923,North,Grocery,Wallet,New,789.98,1,789.98,28.44,224.67,565.31,565.31,224.67
TXN2924,North,Furniture,UPI,New,209.55,3,628.65,5.89,37.03,591.62,197.21,12.34
TXN2925,West,Furniture,Cash,New,929.52,10,9295.2,18.2,1691.73,7603.47,760.35,169.17
TXN2926,South,Apparel,UPI,Guest,733.77,13,9539.01,6.31,601.91,8937.1,687.47,46.3
TXN2927,West,Grocery,Wallet,Returning,804.83,5,4024.15,10.15,408.45,3615.7,723.14,81.69
TXN2928,East,Grocery,Cash,Returning,309.34,6,1856.04,7.78,144.4,1711.64,285.27,24.07
TXN2929,West,Electronics,UPI,Member,975.18,17,16578.06,10.51,1742.35,14835.71,872.69,102.49
TXN2930,West,Furniture,Wallet,Returning,989.05,11,10879.55,24.29,2642.64,8236.91,748.81,240.24
TXN2931,North,Grocery,Wallet,New,789.98,1,789.98,28.44,224.67,565.31,565.31,224.67
TXN2932,North,Furniture,UPI,New,209.55,3,628.65,5.89,37.03,591.62,197.21,12.34
TXN2933,West,Furniture,Cash,New,929.52,10,9295.2,18.2,1691.73,7603.47,760.35,169.17
TXN2934,South,Apparel,UPI,Guest,733.77,13,9539.01,6.31,601.91,8937.1,687.47,46.3
TXN2935,West,Grocery,Wallet,Returning,804.83,5,4024.15,10.15,408.45,3615.7,723.14,81.69
TXN2936,East,Grocery,Cash,Returning,309.34,6,1856.04,7.78,144.4,1711.64,285.27,24.07
TXN2937,West,Electronics,UPI,Member,975.18,17,16578.06,10.51,1742.35,14835.71,872.69,102.49
TXN2938,West,Furniture,Wallet,Returning,989.05,11,10879.55,24.29,2642.64,8236.91,748.81,240.24
TXN2939,North,Furniture,UPI,Member,445.18,19,8458.42,10.97,927.89,7530.53,396.34,48.84
TXN2940,West,Electronics,UPI,Returning,269.81,1,269.81,4.91,13.25,256.56,256.56,13.25
TXN2941,East,Grocery,Credit Card,Guest,576.78,9,5191.02,20.1,1043.4,4147.62,460.85,115.93
TXN2942,West,Apparel,Cash,New,414.72,5,2073.6,2.72,56.4,2017.2,,11.28
TXN2943,East,Furniture,Wallet,Guest,621.57,15,9323.55,19.53,1820.89,7502.66,500.18,121.39
TXN2944,North,Furniture,Cash,New,733.01,16,11728.16,23.51,2757.29,8970.87,560.68,172.33
TXN2945,North,Apparel,Cash,Returning,324.98,11,3574.78,8.58,306.72,3268.06,297.1,27.88
TXN2946,East,Grocery,Cash,Returning,309.34,6,1856.04,7.78,144.4,1711.64,285.27,24.07
TXN2947,West,Electronics,UPI,Member,975.18,17,16578.06,10.51,1742.35,14835.71,872.69,102.49
TXN2948,West,Furniture,Wallet,Returning,989.05,11,10879.55,24.29,2642.64,8236.91,748.81,240.24
TXN2949,East,Furniture,Wallet,Returning,860.54,16,13768.64,25.51,3512.38,10256.26,641.02,219.52
TXN2950,North,Furniture,Wallet,New,530.16,15,7952.4,24.14,1919.71,6032.69,402.18,127.98
TXN2951,South,Furniture,Credit Card,Guest,272.16,10,2721.6,25.45,692.65,2028.95,202.9,69.26
TXN2952,South,Grocery,Credit Card,New,554.98,5,2774.9,25.78,715.37,2059.53,411.91,143.07
TXN2953,North,Apparel,Wallet,Guest,971.78,15,14576.7,18.17,2648.59,11928.11,795.21,176.57
TXN2954,West,Furniture,Cash,Guest,497.97,4,1991.88,23.44,466.9,1524.98,381.25,116.72
TXN2955,East,Apparel,UPI,New,449.02,16,7184.32,22.04,1583.42,5600.9,,98.96
TXN2956,South,Grocery,Credit Card,Member,684.58,3,2053.74,20.53,421.63,1632.11,544.04,140.54
TXN2957,South,Apparel,Wallet,Guest,951.53,5,4757.65,19.58,931.55,3826.1,765.22,
TXN2958,North,Apparel,Cash,Guest,655.35,1,655.35,18.62,122.03,533.32,533.32,122.03
TXN2959,East,Furniture,UPI,Member,482.08,16,7713.28,1.42,109.53,7603.75,475.23,6.85
TXN2960,East,Grocery,UPI,Guest,692.16,14,9690.24,11.86,1149.26,8540.98,610.07,82.09
TXN2961,West,Grocery,UPI,Returning,176.94,3,530.82,12.5,66.35,464.47,154.82,22.12
TXN2962,East,Grocery,Cash,Member,564.31,3,1692.93,22.07,373.63,1319.3,439.77,124.54
TXN2963,North,Furniture,UPI,New,847.74,10,8477.4,8.8,746.01,7731.39,773.14,74.6
TXN2964,East,Grocery,Wallet,Returning,488.43,6,2930.58,7.35,215.4,2715.18,452.53,35.9
TXN2965,North,Apparel,Credit Card,Member,700.8,9,6307.2,1.08,68.12,6239.08,693.23,7.57
TXN2966,North,Grocery,Cash,Guest,72.72,18,1308.96,7.66,100.27,1208.69,67.15,5.57
TXN2967,North,Grocery,Wallet,New,789.98,1,789.98,28.44,224.67,565.31,565.31,224.67
TXN2968,North,Furniture,UPI,New,209.55,3,628.65,5.89,37.03,591.62,197.21,12.34
TXN2969,West,Furniture,Cash,New,929.52,10,9295.2,18.2,1691.73,7603.47,760.35,169.17
TXN2970,South,Apparel,UPI,Guest,733.77,13,9539.01,6.31,601.91,8937.1,687.47,46.3
TXN2971,West,Grocery,Wallet,Returning,804.83,5,4024.15,10.15,408.45,3615.7,723.14,81.69
TXN2972,East,Grocery,Cash,Returning,309.34,6,1856.04,7.78,144.4,1711.64,285.27,24.07
TXN2973,West,Electronics,UPI,Member,975.18,17,16578.06,10.51,1742.35,14835.71,872.69,102.49
TXN2974,West,Furniture,Wallet,Returning,989.05,11,10879.55,24.29,2642.64,8236.91,748.81,240.24
TXN2975,West,Apparel,Cash,New,414.72,5,2073.6,2.72,56.4,2017.2,403.44,11.28
TXN2976,East,Furniture,Wallet,Guest,621.57,15,9323.55,19.53,1820.89,7502.66,500.18,121.39
TXN2977,North,Furniture,Cash,New,733.01,16,11728.16,23.51,2757.29,8970.87,560.68,172.33
TXN2978,North,Apparel,Cash,Returning,324.98,11,3574.78,8.58,306.72,3268.06,297.1,27.88
TXN2979,East,Apparel,Credit Card,Returning,508.32,11,5591.52,11.55,645.82,4945.7,449.61,58.71
TXN2980,East,Apparel,Wallet,New,565.3,10,5653,9.52,538.17,5114.83,511.48,53.82
TXN2981,East,Apparel,Credit Card,Member,78.21,10,782.1,3.84,30.03,752.07,75.21,3
TXN2982,West,Grocery,Cash,Guest,333.73,3,1001.19,10.49,105.02,896.17,298.72,35.01
TXN2983,North,Grocery,Cash,Returning,436.48,16,6983.68,13.56,946.99,6036.69,377.29,59.19
TXN2984,West,Grocery,Cash,New,139.52,13,1813.76,5.51,99.94,1713.82,131.83,7.69
TXN2985,North,Grocery,Credit Card,Guest,361.08,9,3249.72,6.43,208.96,3040.76,337.86,23.22
TXN2986,South,Grocery,UPI,Returning,142.21,10,1422.1,14.79,210.33,1211.77,121.18,21.03
TXN2987,West,Grocery,Credit Card,Returning,493.67,15,7405.05,19.52,1445.47,5959.58,397.31,96.36
TXN2988,West,Apparel,UPI,Member,90.55,1,90.55,14.63,13.25,77.3,77.3,13.25
TXN2989,North,Furniture,Credit Card,Member,776.1,6,4656.6,17.57,818.16,3838.44,639.74,136.36
TXN2990,West,Grocery,UPI,Guest,529.15,10,5291.5,3.39,179.38,5112.12,511.21,17.94
TXN2991,North,Electronics,Cash,Member,64.44,14,902.16,11.5,103.75,798.41,57.03,7.41
TXN2992,West,Furniture,Wallet,New,122.88,7,860.16,21.74,187,673.16,96.17,26.71
TXN2993,West,Apparel,Cash,Member,387.57,19,7363.83,17.99,1324.75,6039.08,317.85,69.72
TXN2994,North,Electronics,UPI,New,218.47,17,3713.99,28.85,1071.49,2642.5,155.44,63.03
TXN2995,North,Furniture,Wallet,New,765.62,6,4593.72,21.34,980.3,3613.42,602.24,163.38
TXN2996,East,Electronics,Credit Card,Returning,428.87,1,428.87,14.01,60.08,368.79,368.79,60.08
TXN2997,West,Apparel,UPI,Member,508.12,10,5081.2,4.73,240.34,4840.86,484.09,24.03
TXN2998,East,Furniture,Credit Card,Guest,727.98,16,11647.68,0.52,60.57,11587.11,724.19,3.79
TXN2999,South,Electronics,Credit Card,Returning,422.7,8,3381.6,16.92,572.17,2809.43,351.18,71.52
TXN3000,East,Grocery,UPI,Returning,922.99,18,16613.82,6.14,1020.09,15593.73,866.32,56.67
TXN3001,North,Furniture,UPI,Returning,111.43,18,2005.74,10.6,212.61,1793.13,99.62,11.81
TXN3002,North,Apparel,UPI,Returning,482.24,1,482.24,28.75,138.64,343.6,343.6,138.64
TXN3003,West,Electronics,Credit Card,Guest,462.44,2,924.88,13.5,124.86,800.02,400.01,62.43
TXN3004,South,Apparel,Wallet,Member,70.04,6,420.24,29.07,122.16,298.08,49.68,20.36
TXN3005,East,Electronics,Credit Card,New,937.38,5,4686.9,21.95,1028.77,3658.13,731.63,205.75
TXN3006,South,Grocery,Credit Card,Member,955.36,9,8598.24,22.63,1945.78,6652.46,739.16,216.2
TXN3007,South,Furniture,Cash,New,818.27,4,3273.08,26.92,881.11,2391.97,597.99,220.28
TXN3008,West,Grocery,Credit Card,Guest,526.5,4,2106,19.74,415.72,1690.28,422.57,103.93
TXN3009,West,Apparel,Cash,Returning,866.64,16,13866.24,1.55,214.93,13651.31,853.21,13.43
TXN3010,West,Electronics,UPI,Guest,567.43,2,1134.86,6.79,77.06,1057.8,528.9,38.53
TXN3011,North,Grocery,UPI,Member,726.13,9,6535.17,8.53,557.45,5977.72,664.19,61.94
TXN3012,South,Electronics,Wallet,New,588.78,2,1177.56,2.58,30.38,1147.18,573.59,15.19
TXN3013,North,Grocery,Credit Card,Returning,728.71,12,8744.52,8.83,772.14,7972.38,664.36,64.35
TXN3014,North,Grocery,UPI,Member,946.99,2,1893.98,1.86,35.23,1858.75,929.38,
TXN3015,East,Electronics,Credit Card,Member,530.03,14,7420.42,21.1,1565.71,5854.71,418.19,111.84
TXN3016,East,Grocery,Credit Card,Member,269.65,11,2966.15,22.34,662.64,2303.51,209.41,60.24
TXN3017,North,Electronics,Credit Card,New,796.39,13,10353.07,1.1,113.88,10239.19,787.63,8.76
TXN3018,West,Grocery,Wallet,Member,788.12,2,1576.24,19.67,310.05,1266.19,633.1,155.02
TXN3019,North,Electronics,UPI,Member,846.65,11,9313.15,16.43,1530.15,7783,707.55,139.1
TXN3020,South,Furniture,UPI,Guest,121.44,18,2185.92,14.26,311.71,1874.21,104.12,17.32
TXN3021,East,Furniture,UPI,Returning,208.82,18,3758.76,25.69,965.63,2793.13,155.17,53.65
TXN3022,North,Electronics,Wallet,Guest,95.25,3,285.75,20.37,58.21,227.54,75.85,19.4
TXN3023,North,Electronics,Cash,Returning,85.1,6,510.6,28.97,147.92,362.68,60.45,24.65
TXN3024,North,Electronics,UPI,Member,784.31,13,10196.03,16.91,1724.15,8471.88,651.68,
TXN3025,South,Apparel,Wallet,Returning,986.56,9,,26.94,2392.01,6487.03,720.78,
TXN3026,South,Electronics,Credit Card,Member,506.45,18,9116.1,19.32,,7354.87,408.6,
TXN3027,East,Apparel,UPI,Member,502.96,19,9556.24,1.57,,9406.21,495.06,
TXN3028,North,Apparel,Credit Card,Returning,454.71,2,909.42,17.64,160.42,749,374.5,80.21
TXN3029,North,Electronics,Cash,New,913.33,19,17353.27,7.75,1344.88,16008.39,,
TXN3030,West,Electronics,Wallet,Guest,56.8,6,340.8,2.49,8.49,332.31,55.39,1.41
TXN3031,South,Furniture,Cash,Guest,106.32,2,212.64,19.62,41.72,170.92,85.46,20.86
TXN3032,South,Grocery,Cash,Returning,271.31,19,5154.89,12.91,665.5,4489.39,236.28,35.03
TXN3033,South,Electronics,UPI,Member,583.8,3,1751.4,12.39,217,1534.4,511.47,72.33
TXN3034,South,Furniture,UPI,New,674.28,4,2697.12,12.24,330.13,2366.99,591.75,82.53
TXN3035,North,Apparel,Cash,Member,83.38,3,250.14,13.98,34.97,215.17,71.72,11.66
TXN3036,West,Apparel,UPI,New,581.39,7,4069.73,,1097.2,2972.53,424.65,156.74
TXN3037,South,Apparel,Wallet,Returning,986.56,9,8879.04,26.94,,6487.03,720.78,20.64
TXN3038,South,Electronics,Credit Card,Member,506.45,18,9116.1,19.32,1761.23,,408.6,174.93
TXN3039,East,Apparel,UPI,Member,502.96,19,9556.24,1.57,150.03,9406.21,495.06,163.9
TXN3040,North,Apparel,Credit Card,Returning,454.71,2,909.42,17.64,,749,374.5,125.36
TXN3041,North,Electronics,Cash,New,913.33,19,17353.27,7.75,1344.88,16008.39,842.55,77.66
TXN3042,West,Electronics,Wallet,Guest,56.8,6,340.8,2.49,8.49,332.31,55.39,109.79
TXN3043,South,Furniture,Cash,Guest,106.32,2,212.64,19.62,41.72,170.92,85.46,11.66
TXN3044,South,Grocery,Cash,Returning,271.31,19,5154.89,12.91,665.5,4489.39,236.28,156.74
TXN3045,South,Electronics,UPI,Member,583.8,3,1751.4,12.39,217,1534.4,511.47,20.64
TXN3046,South,Furniture,UPI,New,674.28,4,2697.12,12.24,330.13,2366.99,591.75,174.93
TXN3047,North,Apparel,Cash,Member,83.38,3,250.14,13.98,34.97,215.17,71.72,163.9
TXN3048,West,Apparel,UPI,New,581.39,7,4069.73,26.96,1097.2,2972.53,424.65,125.36
TXN3049,East,Apparel,Credit Card,Returning,566.92,8,4535.36,3.64,165.09,4370.27,546.28,77.66
TXN3050,West,Furniture,Cash,Guest,704.78,5,3523.9,24.82,874.63,2649.27,529.85,109.79
TXN3051,South,Furniture,Credit Card,New,623.89,1,623.89,26.27,163.9,459.99,459.99,143.23
TXN3052,East,Apparel,Credit Card,Returning,566.92,8,4535.36,3.64,165.09,4370.27,546.28,30.79
TXN3053,West,Furniture,Cash,Guest,704.78,5,3523.9,24.82,874.63,2649.27,529.85,6.34
TXN3054,South,Furniture,Credit Card,New,623.89,1,623.89,,,459.99,459.99,155.24
TXN3055,West,Furniture,Cash,Guest,704.78,,3523.9,24.82,874.63,,529.85,70.31
TXN3056,South,Furniture,Credit Card,New,623.89,1,623.89,26.27,163.9,459.99,,70.69
TXN3057,South,Apparel,Credit Card,Returning,502.83,5,2514.15,24.93,626.78,1887.37,377.47,56.44
TXN3058,North,Apparel,Cash,Member,733.98,14,10275.72,10.58,1087.17,9188.55,656.32,38.35
TXN3059,South,Furniture,UPI,Returning,954.7,16,,11.5,1756.65,13518.55,844.91,16.38
TXN3060,North,Apparel,Cash,Member,83.38,3,250.14,,34.97,215.17,71.72,19.98
TXN3061,West,Apparel,UPI,New,581.39,7,4069.73,26.96,,2972.53,424.65,143.23
TXN3062,East,Apparel,Credit Card,Returning,566.92,8,4535.36,3.64,165.09,,546.28,30.79
TXN3063,West,Furniture,Cash,Guest,704.78,5,3523.9,24.82,,2649.27,,6.34
TXN3064,South,Furniture,Credit Card,New,623.89,1,,26.27,163.9,459.99,459.99,155.24
TXN3065,South,Apparel,Credit Card,Returning,502.83,5,,24.93,,1887.37,377.47,70.31
TXN3066,North,Apparel,Cash,Member,733.98,14,10275.72,,1087.17,9188.55,656.32,70.69
TXN3067,South,Furniture,UPI,Returning,,16,15275.2,11.5,1756.65,,844.91,56.44
TXN3068,North,Apparel,Credit Card,Returning,454.71,2,909.42,17.64,160.42,749,374.5,80.21
TXN3069,North,Electronics,Cash,New,913.33,19,17353.27,7.75,1344.88,16008.39,,
TXN3070,West,Electronics,Wallet,Guest,56.8,6,340.8,2.49,8.49,332.31,55.39,1.41
TXN3071,South,Furniture,Cash,Guest,106.32,2,212.64,19.62,41.72,170.92,85.46,20.86
TXN3072,South,Grocery,Cash,Returning,271.31,19,5154.89,12.91,665.5,4489.39,236.28,35.03
TXN3073,South,Electronics,UPI,Member,583.8,3,1751.4,12.39,217,1534.4,511.47,72.33
TXN3074,South,Furniture,UPI,New,674.28,4,2697.12,12.24,330.13,2366.99,591.75,82.53
TXN3075,North,Apparel,Cash,Member,83.38,3,250.14,13.98,34.97,215.17,71.72,11.66
TXN3076,West,Apparel,UPI,New,581.39,7,4069.73,,1097.2,2972.53,424.65,156.74
TXN3077,South,Apparel,Wallet,Returning,986.56,9,8879.04,26.94,,6487.03,720.78,20.64
TXN3078,South,Electronics,Credit Card,Member,506.45,18,9116.1,19.32,1761.23,,408.6,174.93
TXN3079,East,Apparel,UPI,Member,502.96,19,9556.24,1.57,150.03,9406.21,495.06,163.9
TXN3080,North,Apparel,Credit Card,Returning,454.71,2,909.42,17.64,,749,374.5,125.36
TXN3081,North,Electronics,Cash,New,913.33,19,17353.27,7.75,1344.88,16008.39,842.55,77.66
TXN3082,West,Electronics,Wallet,Guest,56.8,6,340.8,2.49,8.49,332.31,55.39,109.79
TXN3083,South,Furniture,Cash,Guest,106.32,2,212.64,19.62,41.72,170.92,85.46,11.66
TXN3084,South,Grocery,Cash,Returning,271.31,19,5154.89,12.91,665.5,4489.39,236.28,156.74
TXN3085,South,Electronics,UPI,Member,583.8,3,1751.4,12.39,217,1534.4,511.47,20.64
TXN3086,South,Furniture,UPI,New,674.28,4,2697.12,12.24,330.13,2366.99,591.75,174.93
TXN3087,North,Apparel,Cash,Member,83.38,3,250.14,13.98,34.97,215.17,71.72,163.9
TXN3088,West,Apparel,UPI,New,581.39,7,4069.73,26.96,1097.2,2972.53,424.65,125.36
TXN3089,East,Apparel,Credit Card,Returning,566.92,8,4535.36,3.64,165.09,4370.27,546.28,77.66
TXN3090,West,Furniture,Cash,Guest,704.78,5,3523.9,24.82,874.63,2649.27,529.85,109.79
TXN3091,South,Furniture,Credit Card,New,623.89,1,623.89,26.27,163.9,459.99,459.99,143.23
TXN3092,East,Apparel,Credit Card,Returning,566.92,8,4535.36,3.64,165.09,4370.27,546.28,30.79
TXN3093,West,Furniture,Cash,Guest,704.78,5,3523.9,24.82,874.63,2649.27,529.85,6.34
TXN3094,South,Furniture,Credit Card,New,623.89,1,623.89,,,459.99,459.99,155.24
TXN3095,West,Furniture,Cash,Guest,704.78,,3523.9,24.82,874.63,,529.85,70.31
TXN3096,South,Furniture,Credit Card,New,623.89,1,623.89,26.27,163.9,459.99,,70.69
TXN3097,South,Apparel,Credit Card,Returning,502.83,5,2514.15,24.93,626.78,1887.37,377.47,56.44
TXN3098,North,Apparel,Cash,Member,733.98,14,10275.72,10.58,1087.17,9188.55,656.32,38.35
TXN3099,South,Furniture,UPI,Returning,954.7,16,,11.5,1756.65,13518.55,844.91,16.38
TXN3100,North,Apparel,Cash,Member,83.38,3,250.14,,34.97,215.17,71.72,19.98
TXN3101,West,Apparel,UPI,New,581.39,7,4069.73,26.96,,2972.53,424.65,143.23
TXN3102,East,Apparel,Credit Card,Returning,566.92,8,4535.36,3.64,165.09,,546.28,30.79
TXN3103,West,Furniture,Cash,Guest,704.78,5,3523.9,24.82,,2649.27,,6.34
TXN3104,South,Furniture,Credit Card,New,623.89,1,,26.27,163.9,459.99,459.99,155.24
TXN3105,South,Apparel,Credit Card,Returning,502.83,5,,24.93,,1887.37,377.47,70.31
TXN3106,North,Apparel,Cash,Member,733.98,14,10275.72,,1087.17,9188.55,656.32,70.69
TXN3107,South,Furniture,UPI,Returning,,16,15275.2,11.5,1756.65,,844.91,56.44
TXN3108,East,Grocery,Cash,New,321.44,9,2892.96,9.13,264.13,2628.83,292.09,29.35
TXN3109,West,Furniture,Wallet,Member,873.53,4,3494.12,17.01,594.35,2899.77,724.94,148.59
TXN3110,North,Apparel,Wallet,Guest,188.47,3,565.41,9.92,56.09,509.32,169.77,18.7
TXN3111,South,Furniture,Wallet,Guest,326.1,11,3587.1,10.01,359.07,3228.03,293.46,32.64
TXN3112,North,Electronics,Credit Card,New,356.04,17,6052.68,4.36,263.9,5788.78,340.52,15.52
TXN3113,West,Electronics,Wallet,Guest,77.09,17,1310.53,0.74,9.7,1300.83,76.52,0.57
TXN3114,North,Electronics,Wallet,Guest,643.29,15,9649.35,15.36,1482.14,8167.21,544.48,98.81
TXN3115,South,Electronics,Wallet,New,565.3,12,6783.6,9.09,616.63,6166.97,513.91,51.39
TXN3116,North,Apparel,Credit Card,New,852.03,4,3408.12,6.24,212.67,3195.45,798.86,53.17
TXN3117,North,Apparel,Credit Card,Returning,862.11,12,10345.32,3.63,375.54,9969.78,830.82,31.29
TXN3118,North,Furniture,UPI,Guest,265.93,10,2659.3,3.24,86.16,2573.14,257.31,8.62
TXN3119,West,Furniture,Cash,Guest,842.98,19,16016.62,20.23,3240.16,12776.46,672.45,170.53
TXN3120,South,Apparel,UPI,New,693.42,4,2773.68,3.55,98.47,2675.21,668.8,24.62
TXN3121,North,Furniture,Wallet,New,255.1,18,4591.8,10.9,500.51,4091.29,227.29,27.81
TXN3122,North,Furniture,UPI,Guest,984.03,3,2952.09,24.56,725.03,2227.06,742.35,241.68
TXN3123,East,Grocery,Wallet,Member,910.64,6,5463.84,21.8,1191.12,4272.72,712.12,198.52
TXN3124,South,Apparel,UPI,Member,498.14,17,8468.38,19.42,1644.56,6823.82,401.4,96.74
TXN3125,South,Furniture,Cash,Returning,152.86,16,2445.76,7.95,194.44,2251.32,140.71,12.15
TXN3126,South,Furniture,Credit Card,Guest,258.4,13,3359.2,23.96,804.86,2554.34,196.49,61.91
TXN3127,North,Grocery,UPI,Returning,953.69,17,16212.73,20.67,3351.17,12861.56,756.56,197.13
TXN3128,North,Furniture,Cash,Member,240.37,2,480.74,5.3,25.48,455.26,227.63,12.74
TXN3129,North,Furniture,Cash,New,713.08,14,9983.12,14.57,1454.54,8528.58,609.18,103.9
TXN3130,North,Furniture,UPI,New,843.31,5,4216.55,12.44,524.54,3692.01,738.4,104.91
TXN3131,South,Apparel,Cash,New,483.95,2,967.9,10.11,97.85,870.05,435.02,48.93
TXN3132,West,Apparel,Cash,New,217.1,17,3690.7,23.41,863.99,2826.71,166.28,50.82
TXN3133,South,Furniture,Cash,Member,692,2,1384,25.19,348.63,1035.37,517.69,174.31
TXN3134,North,Electronics,Wallet,Guest,344.48,3,1033.44,13.64,140.96,892.48,297.49,46.99
TXN3135,West,Furniture,Credit Card,Returning,314.89,11,3463.79,8.85,306.55,3157.24,287.02,27.87
TXN3136,East,Apparel,Wallet,Guest,716.53,10,7165.3,12.48,894.23,6271.07,627.11,89.42
TXN3137,South,Apparel,UPI,New,797.08,16,12753.28,21.32,2719,10034.28,627.14,169.94
TXN3138,South,Grocery,Credit Card,Returning,339.57,15,5093.55,2.68,136.51,4957.04,330.47,9.1
TXN3139,North,Apparel,Wallet,Guest,940.53,1,940.53,13.56,127.54,812.99,812.99,127.54
TXN3140,North,Electronics,Wallet,Guest,498.65,7,3490.55,12.66,441.9,3048.65,435.52,63.13
TXN3141,East,Furniture,UPI,New,759.68,9,6837.12,0.81,55.38,6781.74,753.53,6.15
TXN3142,East,Grocery,Cash,Member,564.31,3,1692.93,22.07,373.63,1319.3,439.77,124.54
TXN3143,North,Furniture,UPI,New,847.74,10,8477.4,8.8,746.01,7731.39,773.14,74.6
TXN3144,East,Grocery,Wallet,Returning,488.43,6,2930.58,7.35,215.4,2715.18,452.53,35.9
TXN3145,North,Apparel,Credit Card,Member,700.8,9,6307.2,1.08,68.12,6239.08,693.23,7.57
TXN3146,North,Grocery,Cash,Guest,72.72,18,1308.96,7.66,100.27,1208.69,67.15,5.57
TXN3147,North,Grocery,Wallet,New,789.98,1,789.98,28.44,224.67,565.31,565.31,224.67
TXN3148,North,Furniture,UPI,New,209.55,3,628.65,5.89,37.03,591.62,197.21,12.34
TXN3149,West,Furniture,Cash,New,929.52,10,9295.2,18.2,1691.73,7603.47,760.35,169.17
TXN3150,South,Apparel,UPI,Guest,733.77,13,9539.01,6.31,601.91,8937.1,687.47,46.3
TXN3151,West,Grocery,Wallet,Returning,804.83,5,4024.15,10.15,408.45,3615.7,723.14,81.69
TXN3152,East,Grocery,Cash,Returning,309.34,6,1856.04,7.78,144.4,1711.64,285.27,24.07
TXN3153,West,Electronics,UPI,Member,975.18,17,16578.06,10.51,1742.35,14835.71,872.69,102.49
TXN3154,West,Furniture,Wallet,Returning,989.05,11,10879.55,24.29,2642.64,8236.91,748.81,240.24
TXN3155,East,Furniture,Wallet,Returning,860.54,16,13768.64,25.51,3512.38,10256.26,641.02,219.52
TXN3156,North,Furniture,Wallet,New,530.16,15,7952.4,24.14,1919.71,6032.69,402.18,127.98
TXN3157,South,Furniture,Credit Card,Guest,272.16,10,2721.6,25.45,692.65,2028.95,202.9,69.26
TXN3158,South,Grocery,Credit Card,New,554.98,5,2774.9,25.78,715.37,2059.53,411.91,143.07
TXN3159,North,Apparel,Wallet,Guest,971.78,15,14576.7,18.17,2648.59,11928.11,795.21,176.57
TXN3160,West,Furniture,Cash,Guest,497.97,4,1991.88,23.44,466.9,1524.98,381.25,116.72
TXN3161,East,Apparel,UPI,New,449.02,16,7184.32,22.04,1583.42,5600.9,350.06,98.96
TXN3162,South,Grocery,Credit Card,Member,684.58,3,2053.74,20.53,421.63,1632.11,544.04,140.54
TXN3163,South,Apparel,Wallet,Guest,951.53,5,4757.65,19.58,931.55,3826.1,765.22,186.31
TXN3164,North,Apparel,Cash,Guest,655.35,1,655.35,18.62,122.03,533.32,533.32,122.03
TXN3165,East,Furniture,UPI,Member,482.08,16,7713.28,1.42,109.53,7603.75,475.23,6.85
TXN3166,East,Grocery,UPI,Guest,692.16,14,9690.24,11.86,1149.26,8540.98,610.07,82.09
TXN3167,West,Grocery,UPI,Returning,176.94,3,530.82,12.5,66.35,464.47,154.82,15.52
TXN3168,North,Electronics,Cash,Member,344.23,11,3786.53,21.64,819.41,2967.12,269.74,0.57
TXN3169,West,Apparel,UPI,Returning,552.03,12,6624.36,23.77,1574.61,5049.75,420.81,98.81
TXN3170,West,Apparel,Wallet,New,373.14,9,3358.26,12.04,404.33,2953.93,328.21,51.39
TXN3171,North,Grocery,UPI,Returning,969.47,4,3877.88,15.34,594.87,3283.01,820.75,53.17
TXN3172,West,Furniture,Cash,Member,875.07,7,6125.49,0.28,17.15,6108.34,872.62,31.29
TXN3173,East,Grocery,Cash,Member,243.75,2,487.5,29.45,143.57,343.93,171.97,8.62
TXN3174,South,Electronics,UPI,Returning,75.03,5,375.15,10.93,41,334.15,66.83,170.53
TXN3175,East,Apparel,Credit Card,Returning,106.02,6,636.12,28.92,183.97,452.15,75.36,24.62
TXN3176,East,Electronics,Cash,Returning,139.04,5,695.2,2.53,17.59,677.61,135.52,27.81
TXN3177,West,Apparel,UPI,Guest,809.42,19,15378.98,21.84,3358.77,12020.21,632.64,241.68
TXN3178,South,Electronics,Wallet,Returning,898.84,10,8988.4,4.86,436.84,8551.56,855.16,198.52
TXN3179,West,Electronics,Credit Card,Guest,380.48,11,4185.28,16.38,685.55,3499.73,318.16,96.74
TXN3180,North,Grocery,Wallet,New,75.34,19,1431.46,10.8,154.6,1276.86,67.2,12.15
TXN3181,East,Apparel,UPI,Member,651.97,17,11083.49,15.68,1737.89,9345.6,549.74,61.91
TXN3182,North,Electronics,UPI,Guest,234.82,15,3522.3,17.41,613.23,2909.07,193.94,197.13
TXN3183,South,Furniture,Credit Card,Returning,134.48,10,1344.8,9.9,133.14,1211.66,121.17,12.74
TXN3184,West,Furniture,Cash,Guest,293.04,4,1172.16,24.03,281.67,890.49,222.62,103.9
TXN3185,North,Grocery,Cash,New,669.35,11,7362.85,17.98,1323.84,6039.01,549,104.91
TXN3186,South,Grocery,Cash,New,440.33,4,1761.32,21.82,384.32,1377,344.25,74.6
TXN3187,South,Furniture,Cash,New,792.77,11,8720.47,21.53,1877.52,6842.95,622.09,35.9
TXN3188,South,Furniture,UPI,Guest,626.06,4,2504.24,27.38,685.66,1818.58,,7.57
TXN3189,South,Electronics,Credit Card,New,788.25,6,4729.5,22.91,1083.53,3645.97,607.66,5.57
TXN3190,West,Electronics,Wallet,Member,207.09,14,2899.26,0.83,24.06,2875.2,205.37,224.67
TXN3191,South,Electronics,Wallet,Guest,542.11,17,9215.87,12.74,1174.1,8041.77,473.05,12.34
TXN3192,East,Apparel,Cash,New,424.26,6,2545.56,15.15,385.65,2159.91,359.98,169.17
TXN3193,East,Furniture,Wallet,Returning,833,11,9163,20.53,1881.16,7281.84,661.99,46.3
TXN3194,South,Electronics,Credit Card,Guest,67.98,14,951.72,14.15,134.67,817.05,58.36,81.69
TXN3195,West,Electronics,Wallet,Guest,285.02,8,2280.16,5.18,118.11,2162.05,270.26,124.54
TXN3196,South,Electronics,UPI,New,893.58,15,13403.7,12.03,1612.47,11791.23,786.08,74.6
TXN3197,South,Apparel,Credit Card,Member,856.59,17,14562.03,12.3,1791.13,12770.9,,35.9
TXN3198,South,Grocery,Credit Card,Guest,587.95,6,3527.7,9.6,338.66,3189.04,531.51,7.57
TXN3199,West,Apparel,UPI,Member,273.64,10,2736.4,1.75,47.89,2688.51,268.85,5.57
TXN3200,West,Apparel,Credit Card,Returning,289.78,19,5505.82,23.8,1310.39,4195.43,220.81,224.67
TXN3201,South,Apparel,UPI,Guest,949.62,3,2848.86,17.55,499.97,,782.96,12.34
TXN3202,North,Electronics,UPI,Member,576.8,13,7498.4,26.78,,5490.33,422.33,169.17
TXN3203,North,Apparel,Credit Card,Guest,344.98,14,4829.72,13.83,,4161.77,297.27,46.3
TXN3204,East,Grocery,Cash,Guest,488.95,2,977.9,16.07,157.15,,410.38,81.69
TXN3205,East,Furniture,Cash,Member,603.98,5,3019.9,22.55,680.99,2338.91,467.78,98.96
TXN3206,East,Grocery,Cash,Member,575.37,13,7479.81,0.54,40.39,7439.42,,140.54
TXN3207,East,Apparel,Cash,Member,707.42,10,7074.2,5.24,370.69,6703.51,670.35,186.31
TXN3208,South,Electronics,Credit Card,Member,123.13,18,2216.34,16.71,370.35,1845.99,102.55,122.03
TXN3209,West,Apparel,Cash,Returning,321.14,11,3532.54,19.9,702.98,2829.56,257.23,6.85
TXN3210,South,Apparel,Wallet,Returning,368.71,17,6268.07,6.39,400.53,5867.54,345.15,82.09
TXN3211,North,Apparel,Credit Card,Guest,904.01,9,8136.09,11.72,953.55,7182.54,798.06,15.52
TXN3212,South,Grocery,Cash,Returning,939,13,12207,5.63,687.25,11519.75,886.13,0.57
TXN3213,West,Grocery,Credit Card,Returning,874.92,17,14873.64,29.76,4426.4,10447.24,614.54,98.81
TXN3214,West,Apparel,UPI,Member,950.3,11,10453.3,4.16,434.86,10018.44,910.77,51.39
TXN3215,West,Furniture,Cash,Returning,575.6,1,575.6,6.81,39.2,536.4,536.4,53.17
TXN3216,South,Grocery,Credit Card,Guest,765.6,16,12249.6,21.08,2582.22,9667.38,604.21,31.29
TXN3217,South,Grocery,UPI,Returning,266.5,4,1066,9.62,102.55,963.45,240.86,8.62
TXN3218,West,Grocery,Cash,New,280.73,3,842.19,10.02,84.39,757.8,252.6,170.53
TXN3219,West,Apparel,Credit Card,New,258.71,16,4139.36,21.25,879.61,3259.75,203.73,24.62
TXN3220,East,Furniture,UPI,Member,532.33,4,2129.32,24.79,527.86,1601.46,400.37,27.81
TXN3221,North,Grocery,UPI,Returning,62.18,13,808.34,27.95,225.93,582.41,44.8,241.68
TXN3222,West,Electronics,Wallet,Member,395.42,18,7117.56,21.35,1519.6,5597.96,311,198.52
TXN3223,South,Electronics,Cash,New,637.89,7,4465.23,19.75,881.88,3583.35,511.91,96.74
TXN3224,West,Apparel,Wallet,Member,318.61,11,3504.71,24.31,852,2652.71,241.16,12.15
TXN3225,West,Electronics,Wallet,Returning,195.9,4,783.6,12.97,101.63,681.97,170.49,61.91
TXN3226,West,Grocery,Wallet,Guest,816.14,17,13874.38,17.55,2434.95,11439.43,672.91,197.13
TXN3227,South,Electronics,Wallet,New,707.72,16,11323.52,4.35,492.57,10830.95,676.93,12.74
TXN3228,East,Grocery,Credit Card,New,54.87,8,438.96,11.55,50.7,388.26,48.53,103.9
TXN3229,West,Grocery,Wallet,Member,625.97,11,6885.67,24.8,1707.65,5178.02,470.73,104.91
TXN3230,North,Furniture,Credit Card,Guest,881.09,10,8810.9,7.98,703.11,8107.79,810.78,74.6
TXN3231,West,Electronics,Wallet,Returning,685.66,10,6856.6,10.31,706.92,6149.68,614.97,35.9
TXN3232,South,Grocery,Cash,Guest,200.77,19,,28.11,1072.29,2742.34,144.33,7.57
TXN3233,North,Electronics,UPI,Returning,947.02,6,5682.12,4.05,230.13,,908.67,5.57
TXN3234,South,Furniture,Credit Card,Member,765.53,18,,2.14,294.88,13484.66,749.15,224.67
TXN3235,East,Apparel,Wallet,Member,292.97,18,5273.46,6.82,,4913.81,272.99,12.34
TXN3236,East,Furniture,Wallet,Returning,169.37,9,1524.33,5.77,87.95,1436.38,159.6,169.17
TXN3237,North,Furniture,UPI,Member,445.18,19,8458.42,,927.89,7530.53,,46.3
TXN3238,West,Electronics,UPI,Returning,269.81,1,,4.91,13.25,256.56,256.56,81.69
TXN3239,East,Grocery,Credit Card,Guest,576.78,9,5191.02,20.1,1043.4,4147.62,460.85,124.54
TXN3240,West,Apparel,Cash,New,414.72,5,2073.6,2.72,56.4,2017.2,403.44,29.35
TXN3241,East,Furniture,Wallet,Guest,621.57,15,9323.55,19.53,1820.89,7502.66,500.18,148.59
TXN3242,North,Furniture,Cash,New,733.01,16,11728.16,23.51,2757.29,8970.87,560.68,18.7
TXN3243,North,Apparel,Cash,Returning,324.98,11,3574.78,8.58,306.72,3268.06,297.1,32.64
TXN3244,East,Apparel,Credit Card,Returning,508.32,11,5591.52,11.55,645.82,4945.7,449.61,15.52
TXN3245,East,Apparel,Wallet,New,565.3,10,5653,9.52,538.17,,511.48,0.57
TXN3246,East,Apparel,Credit Card,Member,78.21,10,782.1,3.84,,752.07,75.21,98.81
TXN3247,West,Grocery,Cash,Guest,333.73,3,,10.49,105.02,896.17,298.72,51.39
TXN3248,South,Electronics,Wallet,New,565.3,12,6783.6,9.09,616.63,6166.97,513.91,51.39
TXN3249,North,Apparel,Credit Card,New,852.03,4,3408.12,6.24,212.67,3195.45,798.86,53.17
TXN3250,North,Apparel,Credit Card,Returning,862.11,12,10345.32,3.63,375.54,9969.78,830.82,31.29
TXN3251,North,Furniture,UPI,Guest,265.93,10,2659.3,3.24,86.16,2573.14,257.31,8.62
TXN3252,West,Furniture,Cash,Guest,842.98,19,16016.62,20.23,3240.16,12776.46,672.45,170.53
TXN3253,South,Apparel,UPI,New,693.42,4,2773.68,3.55,98.47,2675.21,668.8,24.62
TXN3254,North,Furniture,Wallet,New,255.1,18,4591.8,10.9,500.51,4091.29,227.29,27.81
TXN3255,North,Furniture,UPI,Guest,984.03,3,2952.09,24.56,725.03,2227.06,742.35,241.68
TXN3256,East,Grocery,Wallet,Member,910.64,6,5463.84,21.8,1191.12,4272.72,712.12,198.52
TXN3257,South,Apparel,UPI,Member,498.14,17,8468.38,19.42,1644.56,6823.82,401.4,96.74
TXN3258,South,Furniture,Cash,Returning,152.86,16,2445.76,7.95,194.44,2251.32,140.71,12.15
TXN3259,South,Furniture,Credit Card,Guest,258.4,13,3359.2,23.96,804.86,2554.34,196.49,61.91
TXN3260,North,Grocery,UPI,Returning,953.69,17,16212.73,20.67,3351.17,12861.56,756.56,197.13
TXN3261,North,Furniture,Cash,Member,240.37,2,480.74,5.3,25.48,455.26,227.63,12.74
TXN3262,North,Furniture,Cash,New,713.08,14,9983.12,14.57,1454.54,8528.58,609.18,103.9
TXN3263,North,Furniture,UPI,New,843.31,5,4216.55,12.44,524.54,3692.01,738.4,104.91
TXN3264,South,Apparel,Cash,New,483.95,2,967.9,10.11,97.85,870.05,435.02,48.93
TXN3265,West,Apparel,Cash,New,217.1,17,3690.7,23.41,863.99,2826.71,166.28,50.82
TXN3266,South,Furniture,Cash,Member,692,2,1384,25.19,348.63,1035.37,517.69,174.31
TXN3267,North,Electronics,Wallet,Guest,344.48,3,1033.44,13.64,140.96,892.48,297.49,46.99
TXN3268,West,Furniture,Credit Card,Returning,314.89,11,3463.79,8.85,306.55,3157.24,287.02,27.87
TXN3269,East,Apparel,Wallet,Guest,716.53,10,7165.3,12.48,894.23,6271.07,627.11,89.42
TXN3270,South,Apparel,UPI,New,797.08,16,12753.28,21.32,2719,10034.28,627.14,169.94
TXN3271,South,Grocery,Credit Card,Returning,339.57,15,5093.55,2.68,136.51,4957.04,330.47,9.1
TXN3272,North,Apparel,Wallet,Guest,940.53,1,940.53,13.56,127.54,812.99,812.99,127.54
TXN3273,North,Electronics,Wallet,Guest,498.65,7,3490.55,12.66,441.9,3048.65,435.52,63.13
TXN3274,East,Furniture,UPI,New,759.68,9,6837.12,0.81,55.38,6781.74,753.53,6.15
TXN3275,East,Grocery,Cash,Member,564.31,3,1692.93,22.07,373.63,1319.3,439.77,124.54
TXN3276,North,Furniture,UPI,New,847.74,10,8477.4,8.8,746.01,7731.39,773.14,74.6
TXN3277,East,Grocery,Wallet,Returning,488.43,6,2930.58,7.35,215.4,2715.18,452.53,35.9
TXN3278,North,Apparel,Credit Card,Member,700.8,9,6307.2,1.08,68.12,6239.08,693.23,7.57
TXN3279,North,Grocery,Cash,Guest,72.72,18,1308.96,7.66,100.27,1208.69,67.15,5.57
TXN3280,North,Grocery,Wallet,New,789.98,1,789.98,28.44,224.67,565.31,565.31,224.67
TXN3281,North,Furniture,UPI,New,209.55,3,628.65,5.89,37.03,591.62,197.21,12.34
TXN3282,West,Furniture,Cash,New,929.52,10,9295.2,18.2,1691.73,7603.47,760.35,169.17
TXN3283,South,Apparel,UPI,Guest,733.77,13,9539.01,6.31,601.91,8937.1,687.47,46.3
TXN3284,West,Grocery,Wallet,Returning,804.83,5,4024.15,10.15,408.45,3615.7,723.14,81.69
TXN3285,East,Grocery,Cash,Returning,309.34,6,1856.04,7.78,144.4,1711.64,285.27,24.07
TXN3286,West,Electronics,UPI,Member,975.18,17,16578.06,10.51,1742.35,14835.71,872.69,102.49
TXN3287,West,Furniture,Wallet,Returning,989.05,11,10879.55,24.29,2642.64,8236.91,748.81,240.24
TXN3288,East,Furniture,Wallet,Returning,860.54,16,13768.64,25.51,3512.38,10256.26,641.02,219.52
TXN3289,North,Furniture,Wallet,New,530.16,15,7952.4,24.14,1919.71,6032.69,402.18,127.98
TXN3290,South,Furniture,Credit Card,Guest,272.16,10,2721.6,25.45,692.65,2028.95,202.9,69.26
TXN3291,South,Grocery,Credit Card,New,554.98,5,2774.9,25.78,715.37,2059.53,411.91,143.07
TXN3292,North,Apparel,Wallet,Guest,971.78,15,14576.7,18.17,2648.59,11928.11,795.21,176.57
TXN3293,West,Furniture,Cash,Guest,497.97,4,1991.88,23.44,466.9,1524.98,381.25,116.72
TXN3294,East,Apparel,UPI,New,449.02,16,7184.32,22.04,1583.42,5600.9,350.06,98.96
TXN3295,South,Grocery,Credit Card,Member,684.58,3,2053.74,20.53,421.63,1632.11,544.04,140.54
TXN3296,South,Apparel,Wallet,Guest,951.53,5,4757.65,19.58,931.55,3826.1,765.22,186.31
TXN3297,North,Apparel,Cash,Guest,655.35,1,655.35,18.62,122.03,533.32,533.32,122.03
TXN3298,East,Furniture,UPI,Member,482.08,16,7713.28,1.42,109.53,7603.75,475.23,6.85
TXN3299,East,Grocery,UPI,Guest,692.16,14,9690.24,11.86,1149.26,8540.98,610.07,82.09
TXN3300,West,Grocery,UPI,Returning,176.94,3,530.82,12.5,66.35,464.47,154.82,22.12
TXN3301,North,Electronics,Cash,Member,344.23,11,3786.53,21.64,819.41,2967.12,269.74,74.49
TXN3302,West,Apparel,UPI,Returning,552.03,12,6624.36,23.77,1574.61,5049.75,420.81,131.22
TXN3303,West,Apparel,Wallet,New,373.14,9,3358.26,12.04,404.33,2953.93,328.21,44.93
TXN3304,North,Grocery,UPI,Returning,969.47,4,3877.88,15.34,594.87,3283.01,820.75,148.72
TXN3305,West,Furniture,Cash,Member,875.07,7,6125.49,0.28,17.15,6108.34,872.62,2.45
TXN3306,East,Grocery,Cash,Member,243.75,2,487.5,29.45,143.57,343.93,171.97,71.78
TXN3307,South,Electronics,UPI,Returning,75.03,5,375.15,10.93,41,334.15,66.83,8.2
TXN3308,East,Apparel,Credit Card,Returning,106.02,6,636.12,28.92,183.97,452.15,75.36,30.66
TXN3309,East,Electronics,Cash,Returning,139.04,5,695.2,2.53,17.59,677.61,135.52,3.52
TXN3310,West,Apparel,UPI,Guest,809.42,19,15378.98,21.84,3358.77,12020.21,632.64,176.78
TXN3311,South,Electronics,Wallet,Returning,898.84,10,8988.4,4.86,436.84,8551.56,855.16,43.68
TXN3312,West,Electronics,Wallet,Returning,685.66,10,6856.6,10.31,706.92,6149.68,614.97,35.9
TXN3313,South,Grocery,Cash,Guest,200.77,19,,28.11,1072.29,2742.34,144.33,7.57
TXN3314,North,Electronics,UPI,Returning,947.02,6,5682.12,4.05,230.13,,908.67,5.57
TXN3315,South,Furniture,Credit Card,Member,765.53,18,,2.14,294.88,13484.66,749.15,224.67
TXN3316,East,Apparel,Wallet,Member,292.97,18,5273.46,6.82,,4913.81,272.99,
TXN3317,East,Furniture,Wallet,Returning,169.37,9,1524.33,5.77,87.95,1436.38,159.6,169.17
TXN3318,North,Furniture,UPI,Member,445.18,19,8458.42,,927.89,7530.53,,46.3
TXN3319,West,Electronics,UPI,Returning,269.81,1,,4.91,13.25,256.56,256.56,81.69
TXN3320,East,Grocery,Credit Card,Guest,576.78,9,5191.02,20.1,1043.4,4147.62,,124.54
TXN3321,West,Apparel,Cash,New,414.72,5,2073.6,2.72,56.4,2017.2,403.44,
TXN3322,East,Furniture,Wallet,Guest,621.57,15,9323.55,19.53,1820.89,7502.66,500.18,148.59
TXN3323,North,Furniture,Cash,New,733.01,16,11728.16,23.51,2757.29,8970.87,560.68,18.7
TXN3324,North,Apparel,Cash,Returning,324.98,11,3574.78,8.58,306.72,3268.06,297.1,32.64
TXN3325,East,Apparel,Credit Card,Returning,508.32,11,5591.52,11.55,645.82,4945.7,449.61,15.52
TXN3326,East,Apparel,Wallet,New,565.3,10,5653,9.52,538.17,,511.48,
TXN3327,East,Apparel,Credit Card,Member,78.21,10,782.1,3.84,,752.07,75.21,98.81
TXN3328,West,Grocery,Cash,Guest,333.73,3,,10.49,105.02,896.17,298.72,51.39
TXN3329,South,Electronics,Wallet,New,565.3,12,6783.6,9.09,616.63,6166.97,513.91,51.39
TXN3330,North,Apparel,Credit Card,New,852.03,4,3408.12,6.24,212.67,3195.45,798.86,53.17
TXN3331,North,Apparel,Credit Card,Returning,862.11,12,10345.32,3.63,375.54,9969.78,830.82,31.29
TXN3332,North,Furniture,UPI,Guest,265.93,10,2659.3,3.24,86.16,2573.14,257.31,8.62
TXN3333,West,Furniture,Cash,Guest,842.98,19,16016.62,20.23,3240.16,12776.46,672.45,170.53
TXN3334,South,Apparel,UPI,New,693.42,4,2773.68,3.55,98.47,2675.21,668.8,24.62
TXN3335,North,Furniture,Wallet,New,255.1,18,4591.8,10.9,500.51,4091.29,227.29,27.81
TXN3336,North,Furniture,UPI,Guest,984.03,3,2952.09,24.56,725.03,2227.06,742.35,241.68
TXN3337,East,Grocery,Wallet,Member,910.64,6,5463.84,21.8,1191.12,4272.72,712.12,198.52
TXN3338,South,Apparel,UPI,Member,498.14,17,8468.38,19.42,1644.56,6823.82,401.4,96.74
TXN3339,South,Furniture,Cash,Returning,152.86,16,2445.76,7.95,194.44,2251.32,140.71,12.15
TXN3340,South,Furniture,Credit Card,Guest,258.4,13,3359.2,23.96,804.86,2554.34,196.49,61.91
TXN3341,North,Grocery,UPI,Returning,953.69,17,16212.73,20.67,3351.17,12861.56,,
TXN3342,North,Furniture,Cash,Member,240.37,2,480.74,5.3,25.48,455.26,227.63,12.74
TXN3343,South,Furniture,Credit Card,Guest,272.16,10,2721.6,25.45,692.65,2028.95,202.9,69.26
TXN3344,South,Grocery,Credit Card,New,554.98,5,2774.9,25.78,715.37,2059.53,411.91,143.07
TXN3345,North,Apparel,Wallet,Guest,971.78,15,14576.7,18.17,2648.59,11928.11,795.21,176.57
TXN3346,West,Furniture,Cash,Guest,497.97,4,1991.88,23.44,466.9,1524.98,381.25,116.72
TXN3347,East,Apparel,UPI,New,449.02,16,7184.32,22.04,1583.42,5600.9,350.06,98.96
TXN3348,South,Grocery,Credit Card,Member,684.58,3,2053.74,20.53,421.63,1632.11,544.04,140.54
TXN3349,South,Apparel,Wallet,Guest,951.53,5,4757.65,19.58,931.55,3826.1,765.22,186.31
TXN3350,North,Apparel,Cash,Guest,655.35,1,655.35,18.62,122.03,533.32,533.32,122.03
TXN3351,East,Furniture,UPI,Member,482.08,16,7713.28,1.42,109.53,7603.75,475.23,6.85
TXN3352,East,Grocery,UPI,Guest,692.16,14,9690.24,11.86,1149.26,8540.98,610.07,82.09
TXN3353,West,Grocery,UPI,Returning,176.94,3,530.82,12.5,66.35,464.47,154.82,22.12
TXN3354,North,Electronics,Cash,Member,344.23,11,3786.53,21.64,819.41,2967.12,269.74,74.49
TXN3355,West,Apparel,UPI,Returning,552.03,12,6624.36,23.77,1574.61,5049.75,420.81,131.22
TXN3356,West,Apparel,Wallet,New,373.14,9,3358.26,12.04,404.33,2953.93,328.21,44.93
TXN3357,North,Grocery,UPI,Returning,969.47,4,3877.88,15.34,594.87,3283.01,820.75,148.72
TXN3358,West,Furniture,Cash,Member,875.07,7,6125.49,0.28,17.15,6108.34,872.62,2.45
TXN3359,East,Grocery,Cash,Member,243.75,2,487.5,29.45,143.57,343.93,171.97,71.78
TXN3360,South,Furniture,Credit Card,Guest,272.16,10,2721.6,25.45,692.65,2028.95,202.9,69.26
TXN3361,South,Grocery,Credit Card,New,554.98,5,2774.9,25.78,715.37,2059.53,411.91,143.07
TXN3362,North,Apparel,Wallet,Guest,971.78,15,14576.7,18.17,2648.59,11928.11,795.21,176.57
TXN3363,West,Furniture,Cash,Guest,497.97,4,1991.88,23.44,466.9,1524.98,381.25,116.72
TXN3364,East,Apparel,UPI,New,449.02,16,7184.32,22.04,1583.42,5600.9,350.06,98.96
TXN3365,South,Grocery,Credit Card,Member,684.58,3,2053.74,20.53,421.63,1632.11,,
TXN3366,South,Apparel,Wallet,Guest,951.53,5,4757.65,19.58,931.55,3826.1,765.22,186.31
TXN3367,North,Apparel,Cash,Guest,655.35,1,655.35,18.62,122.03,533.32,533.32,122.03
TXN3368,East,Furniture,UPI,Member,482.08,16,7713.28,1.42,109.53,7603.75,475.23,6.85
TXN3369,East,Grocery,UPI,Guest,692.16,14,9690.24,11.86,1149.26,8540.98,610.07,82.09
TXN3370,West,Grocery,UPI,Returning,176.94,3,530.82,12.5,66.35,464.47,154.82,
TXN3371,North,Electronics,Cash,Member,344.23,11,3786.53,21.64,819.41,2967.12,,74.49
TXN3372,West,Apparel,UPI,Returning,552.03,12,6624.36,23.77,1574.61,5049.75,420.81,
TXN3373,West,Apparel,Wallet,New,373.14,9,3358.26,12.04,404.33,2953.93,328.21,44.93
TXN3374,North,Grocery,UPI,Returning,969.47,4,3877.88,15.34,594.87,3283.01,820.75,148.72
TXN3375,West,Furniture,Cash,Member,875.07,7,6125.49,0.28,17.15,6108.34,872.62,2.45
TXN3376,East,Grocery,Cash,Member,243.75,2,487.5,29.45,143.57,343.93,171.97,71.78
TXN3377,South,Apparel,UPI,Guest,949.62,3,2848.86,17.55,499.97,2348.89,782.96,166.66
TXN3378,North,Electronics,UPI,Member,576.8,13,7498.4,26.78,2008.07,5490.33,422.33,154.47
TXN3379,North,Apparel,Credit Card,Guest,344.98,14,4829.72,13.83,667.95,4161.77,297.27,47.71
TXN3380,East,Grocery,Cash,Guest,488.95,2,977.9,16.07,157.15,820.75,410.38,78.57
TXN3381,East,Furniture,Cash,Member,603.98,5,3019.9,22.55,680.99,2338.91,467.78,136.2
TXN3382,East,Grocery,Cash,Member,575.37,13,7479.81,0.54,40.39,7439.42,572.26,3.11
TXN3383,East,Apparel,Cash,Member,707.42,10,7074.2,5.24,370.69,6703.51,670.35,37.07
TXN3384,South,Electronics,Credit Card,Member,123.13,18,2216.34,16.71,370.35,1845.99,102.55,20.58
TXN3385,West,Apparel,Cash,Returning,321.14,11,3532.54,19.9,702.98,2829.56,257.23,63.91
TXN3386,South,Apparel,Wallet,Returning,368.71,17,6268.07,6.39,400.53,5867.54,345.15,23.56
TXN3387,North,Apparel,Credit Card,Guest,904.01,9,8136.09,11.72,953.55,7182.54,798.06,105.95
TXN3388,South,Grocery,Cash,Returning,939,13,12207,5.63,687.25,11519.75,886.13,52.87
TXN3389,West,Grocery,Credit Card,Returning,874.92,17,14873.64,29.76,4426.4,10447.24,614.54,260.38
TXN3390,West,Apparel,UPI,Member,950.3,11,10453.3,4.16,434.86,10018.44,910.77,39.53
TXN3391,West,Furniture,Cash,Returning,575.6,1,575.6,6.81,39.2,536.4,536.4,39.2
TXN3392,South,Grocery,Credit Card,Guest,765.6,16,12249.6,21.08,2582.22,9667.38,604.21,161.39
TXN3393,South,Grocery,UPI,Returning,266.5,4,1066,9.62,102.55,963.45,240.86,25.64
TXN3394,West,Grocery,Cash,New,280.73,3,842.19,10.02,84.39,757.8,252.6,28.13
TXN3395,West,Apparel,Credit Card,New,258.71,16,4139.36,21.25,879.61,3259.75,203.73,54.98
TXN3396,East,Furniture,UPI,Member,532.33,4,2129.32,24.79,527.86,1601.46,400.37,131.96
TXN3397,North,Grocery,UPI,Returning,62.18,13,808.34,27.95,225.93,582.41,44.8,17.38
TXN3398,West,Electronics,Wallet,Member,395.42,18,7117.56,21.35,1519.6,5597.96,311,84.42
TXN3399,South,Electronics,Cash,New,637.89,7,4465.23,19.75,881.88,3583.35,511.91,125.98
TXN3400,West,Apparel,Wallet,Member,318.61,11,3504.71,24.31,852,2652.71,241.16,77.45
TXN3401,West,Electronics,Wallet,Returning,195.9,4,783.6,12.97,101.63,681.97,170.49,25.41
TXN3402,West,Grocery,Wallet,Guest,816.14,17,13874.38,17.55,2434.95,11439.43,672.91,143.23
TXN3403,South,Electronics,Wallet,New,707.72,16,11323.52,4.35,492.57,10830.95,676.93,30.79
TXN3404,East,Grocery,Credit Card,New,54.87,8,438.96,11.55,50.7,388.26,48.53,6.34
TXN3405,West,Grocery,Wallet,Member,625.97,11,6885.67,24.8,1707.65,5178.02,470.73,155.24
TXN3406,North,Furniture,Credit Card,Guest,881.09,10,8810.9,7.98,703.11,8107.79,810.78,70.31
TXN3407,West,Electronics,Wallet,Returning,685.66,10,6856.6,10.31,706.92,6149.68,614.97,70.69
TXN3408,South,Grocery,Cash,Guest,200.77,19,3814.63,28.11,1072.29,2742.34,144.33,56.44
TXN3409,North,Electronics,UPI,Returning,947.02,6,5682.12,4.05,230.13,5451.99,908.67,38.35
TXN3410,South,Furniture,Credit Card,Member,765.53,18,13779.54,2.14,294.88,13484.66,749.15,16.38
TXN3411,East,Apparel,Wallet,Member,292.97,18,5273.46,6.82,359.65,4913.81,272.99,19.98
TXN3412,East,Furniture,Wallet,Returning,169.37,9,1524.33,5.77,87.95,1436.38,159.6,
TXN3413,North,Furniture,UPI,Member,445.18,19,8458.42,10.97,927.89,7530.53,396.34,48.84
TXN3414,West,Electronics,UPI,Returning,269.81,1,269.81,4.91,13.25,256.56,256.56,13.25
TXN3415,East,Grocery,Credit Card,Guest,576.78,9,5191.02,20.1,1043.4,4147.62,460.85,115.93
TXN3416,West,Apparel,Cash,New,414.72,5,2073.6,2.72,56.4,2017.2,403.44,11.28
TXN3417,East,Furniture,Wallet,Guest,621.57,15,9323.55,19.53,1820.89,7502.66,500.18,121.39
TXN3418,North,Furniture,Cash,New,733.01,16,11728.16,23.51,2757.29,8970.87,560.68,172.33
TXN3419,North,Apparel,Cash,Returning,324.98,11,3574.78,8.58,306.72,3268.06,297.1,27.88
TXN3420,South,Grocery,Cash,Guest,200.77,19,3814.63,28.11,1072.29,2742.34,144.33,56.44
TXN3421,North,Electronics,UPI,Returning,947.02,6,5682.12,4.05,230.13,5451.99,908.67,38.35
TXN3422,South,Furniture,Credit Card,Member,765.53,18,13779.54,2.14,294.88,13484.66,749.15,
TXN3423,East,Apparel,Wallet,Member,292.97,18,5273.46,6.82,359.65,4913.81,272.99,19.98
TXN3424,East,Furniture,Wallet,Returning,169.37,9,1524.33,5.77,87.95,1436.38,159.6,
TXN3425,North,Furniture,UPI,Member,445.18,19,8458.42,10.97,927.89,7530.53,396.34,48.84
TXN3426,West,Electronics,UPI,Returning,269.81,1,269.81,4.91,13.25,256.56,256.56,13.25
TXN3427,East,Grocery,Credit Card,Guest,576.78,9,5191.02,20.1,1043.4,4147.62,460.85,115.93
TXN3428,West,Apparel,Cash,New,414.72,5,2073.6,2.72,56.4,2017.2,,11.28
TXN3429,East,Furniture,Wallet,Guest,621.57,15,9323.55,19.53,1820.89,7502.66,500.18,121.39
TXN3430,North,Furniture,Cash,New,733.01,16,11728.16,23.51,2757.29,8970.87,560.68,172.33
TXN3431,North,Apparel,Cash,Returning,324.98,11,3574.78,8.58,306.72,3268.06,297.1,27.88
TXN3432,East,Grocery,Cash,Returning,309.34,6,1856.04,7.78,144.4,1711.64,285.27,24.07
TXN3433,West,Electronics,UPI,Member,975.18,17,16578.06,10.51,1742.35,14835.71,872.69,102.49
TXN3434,West,Furniture,Wallet,Returning,989.05,11,10879.55,24.29,2642.64,8236.91,748.81,240.24
TXN3435,East,Furniture,Wallet,Returning,860.54,16,13768.64,25.51,3512.38,10256.26,641.02,219.52
TXN3436,North,Furniture,Wallet,New,530.16,15,7952.4,24.14,1919.71,6032.69,402.18,127.98
TXN3437,South,Furniture,Credit Card,Guest,272.16,10,2721.6,25.45,692.65,2028.95,202.9,69.26
TXN3438,South,Grocery,Credit Card,New,554.98,5,2774.9,25.78,715.37,2059.53,411.91,143.07
TXN3439,North,Apparel,Wallet,Guest,971.78,15,14576.7,18.17,2648.59,11928.11,795.21,176.57
TXN3440,West,Furniture,Cash,Guest,497.97,4,1991.88,23.44,466.9,1524.98,381.25,116.72
TXN3441,East,Apparel,UPI,New,449.02,16,7184.32,22.04,1583.42,5600.9,,98.96
TXN3442,South,Grocery,Credit Card,Member,684.58,3,2053.74,20.53,421.63,1632.11,544.04,140.54
TXN3443,South,Apparel,Wallet,Guest,951.53,5,4757.65,19.58,931.55,3826.1,765.22,
TXN3444,North,Apparel,Cash,Guest,655.35,1,655.35,18.62,122.03,533.32,533.32,122.03
TXN3445,East,Furniture,UPI,Member,482.08,16,7713.28,1.42,109.53,7603.75,475.23,6.85
TXN3446,East,Grocery,UPI,Guest,692.16,14,9690.24,11.86,1149.26,8540.98,610.07,82.09
TXN3447,West,Grocery,UPI,Returning,176.94,3,530.82,12.5,66.35,464.47,154.82,22.12
TXN3448,East,Grocery,Cash,Member,564.31,3,1692.93,22.07,373.63,1319.3,439.77,124.54
TXN3449,North,Furniture,UPI,New,847.74,10,8477.4,8.8,746.01,7731.39,773.14,74.6
TXN3450,East,Grocery,Wallet,Returning,488.43,6,2930.58,7.35,215.4,2715.18,452.53,35.9
TXN3451,North,Apparel,Credit Card,Member,700.8,9,6307.2,1.08,68.12,6239.08,693.23,7.57
TXN3452,North,Grocery,Cash,Guest,72.72,18,1308.96,7.66,100.27,1208.69,67.15,5.57
TXN3453,North,Grocery,Wallet,New,789.98,1,789.98,28.44,224.67,565.31,565.31,224.67
TXN3454,North,Furniture,UPI,New,209.55,3,628.65,5.89,37.03,591.62,197.21,12.34
TXN3455,West,Furniture,Cash,New,929.52,10,9295.2,18.2,1691.73,7603.47,760.35,169.17
TXN3456,South,Apparel,UPI,Guest,733.77,13,9539.01,6.31,601.91,8937.1,687.47,46.3
TXN3457,West,Grocery,Wallet,Returning,804.83,5,4024.15,10.15,408.45,3615.7,723.14,81.69
TXN3458,East,Grocery,Cash,Returning,309.34,6,1856.04,7.78,144.4,1711.64,285.27,24.07
TXN3459,West,Electronics,UPI,Member,975.18,17,16578.06,10.51,1742.35,14835.71,872.69,102.49
TXN3460,West,Furniture,Wallet,Returning,989.05,11,10879.55,24.29,2642.64,8236.91,748.81,240.24
TXN3461,East,Grocery,Cash,New,321.44,9,2892.96,9.13,264.13,2628.83,292.09,29.35
TXN3462,West,Furniture,Wallet,Member,873.53,4,3494.12,17.01,594.35,2899.77,724.94,148.59
TXN3463,North,Apparel,Wallet,Guest,188.47,3,565.41,9.92,56.09,509.32,169.77,18.7
TXN3464,South,Furniture,Wallet,Guest,326.1,11,3587.1,10.01,359.07,3228.03,293.46,32.64
TXN3465,North,Electronics,Credit Card,New,356.04,17,6052.68,4.36,263.9,5788.78,340.52,15.52
TXN3466,West,Electronics,Wallet,Guest,77.09,17,1310.53,0.74,9.7,1300.83,76.52,0.57
TXN3467,North,Electronics,Wallet,Guest,643.29,15,9649.35,15.36,1482.14,8167.21,544.48,98.81
TXN3468,South,Electronics,Wallet,New,565.3,12,6783.6,9.09,616.63,6166.97,513.91,51.39
TXN3469,North,Apparel,Credit Card,New,852.03,4,3408.12,6.24,212.67,3195.45,798.86,53.17
TXN3470,North,Apparel,Credit Card,Returning,862.11,12,10345.32,3.63,375.54,9969.78,830.82,31.29
TXN3471,North,Furniture,UPI,Guest,265.93,10,2659.3,3.24,86.16,2573.14,257.31,8.62
TXN3472,West,Furniture,Cash,Guest,842.98,19,16016.62,20.23,3240.16,12776.46,672.45,170.53
TXN3473,South,Apparel,UPI,New,693.42,4,2773.68,3.55,98.47,2675.21,668.8,24.62
TXN3474,North,Furniture,Wallet,New,255.1,18,4591.8,10.9,500.51,4091.29,227.29,27.81
TXN3475,North,Furniture,UPI,Guest,984.03,3,2952.09,24.56,725.03,2227.06,742.35,241.68
TXN3476,East,Grocery,Wallet,Member,910.64,6,5463.84,21.8,1191.12,4272.72,712.12,198.52
TXN3477,South,Apparel,UPI,Member,498.14,17,8468.38,19.42,1644.56,6823.82,401.4,96.74
TXN3478,South,Furniture,Cash,Returning,152.86,16,2445.76,7.95,194.44,2251.32,140.71,12.15
TXN3479,South,Furniture,Credit Card,Guest,258.4,13,3359.2,23.96,804.86,2554.34,196.49,61.91
TXN3480,North,Grocery,UPI,Returning,953.69,17,16212.73,20.67,3351.17,12861.56,756.56,197.13
TXN3481,North,Furniture,Cash,Member,240.37,2,480.74,5.3,25.48,455.26,227.63,12.74
TXN3482,North,Furniture,Cash,New,713.08,14,9983.12,14.57,1454.54,8528.58,609.18,103.9
TXN3483,North,Furniture,UPI,New,843.31,5,4216.55,12.44,524.54,3692.01,738.4,104.91
TXN3484,South,Apparel,Cash,New,483.95,2,967.9,10.11,97.85,870.05,435.02,48.93
TXN3485,West,Apparel,Cash,New,217.1,17,3690.7,23.41,863.99,2826.71,166.28,50.82
TXN3486,South,Furniture,Cash,Member,692,2,1384,25.19,348.63,1035.37,517.69,174.31
TXN3487,North,Electronics,Wallet,Guest,344.48,3,1033.44,13.64,140.96,892.48,297.49,46.99
TXN3488,West,Furniture,Credit Card,Returning,314.89,11,3463.79,8.85,306.55,3157.24,287.02,27.87
TXN3489,East,Apparel,Wallet,Guest,716.53,10,7165.3,12.48,894.23,6271.07,627.11,89.42
TXN3490,South,Apparel,UPI,New,797.08,16,12753.28,21.32,2719,10034.28,627.14,169.94
TXN3491,South,Grocery,Credit Card,Returning,339.57,15,5093.55,2.68,136.51,4957.04,330.47,9.1
TXN3492,North,Apparel,Wallet,Guest,940.53,1,940.53,13.56,127.54,812.99,812.99,127.54
TXN3493,North,Electronics,Wallet,Guest,498.65,7,3490.55,12.66,441.9,3048.65,435.52,63.13
TXN3494,East,Furniture,UPI,New,759.68,9,6837.12,0.81,55.38,6781.74,753.53,6.15
TXN3495,East,Grocery,Cash,Member,564.31,3,1692.93,22.07,373.63,1319.3,439.77,124.54
TXN3496,North,Furniture,UPI,New,847.74,10,8477.4,8.8,746.01,7731.39,773.14,74.6
TXN3497,East,Grocery,Wallet,Returning,488.43,6,2930.58,7.35,215.4,2715.18,452.53,35.9
TXN3498,North,Apparel,Credit Card,Member,700.8,9,6307.2,1.08,68.12,6239.08,693.23,7.57
TXN3499,North,Grocery,Cash,Guest,72.72,18,1308.96,7.66,100.27,1208.69,67.15,5.57
TXN3500,North,Grocery,Wallet,New,789.98,1,789.98,28.44,224.67,565.31,565.31,224.67
TXN3501,North,Furniture,UPI,New,209.55,3,628.65,5.89,37.03,591.62,197.21,12.34
TXN3502,West,Furniture,Cash,New,929.52,10,9295.2,18.2,1691.73,7603.47,760.35,169.17
TXN3503,South,Apparel,UPI,Guest,733.77,13,9539.01,6.31,601.91,8937.1,687.47,46.3
TXN3504,West,Grocery,Wallet,Returning,804.83,5,4024.15,10.15,408.45,3615.7,723.14,81.69
TXN3505,East,Grocery,Cash,Returning,309.34,6,1856.04,7.78,144.4,1711.64,285.27,24.07
TXN3506,West,Electronics,UPI,Member,975.18,17,16578.06,10.51,1742.35,14835.71,872.69,102.49
TXN3507,West,Furniture,Wallet,Returning,989.05,11,10879.55,24.29,2642.64,8236.91,748.81,240.24
TXN3508,East,Furniture,Wallet,Returning,860.54,16,13768.64,25.51,3512.38,10256.26,641.02,219.52
TXN3509,North,Furniture,Wallet,New,530.16,15,7952.4,24.14,1919.71,6032.69,402.18,127.98
TXN3510,South,Furniture,Credit Card,Guest,272.16,10,2721.6,25.45,692.65,2028.95,202.9,69.26
TXN3511,South,Grocery,Credit Card,New,554.98,5,2774.9,25.78,715.37,2059.53,411.91,143.07
TXN3512,North,Apparel,Wallet,Guest,971.78,15,14576.7,18.17,2648.59,11928.11,795.21,176.57
TXN3513,West,Furniture,Cash,Guest,497.97,4,1991.88,23.44,466.9,1524.98,381.25,116.72
TXN3514,East,Apparel,UPI,New,449.02,16,7184.32,22.04,1583.42,5600.9,350.06,98.96
TXN3515,South,Grocery,Credit Card,Member,684.58,3,2053.74,20.53,421.63,1632.11,544.04,140.54
TXN3516,South,Apparel,Wallet,Guest,951.53,5,4757.65,19.58,931.55,3826.1,765.22,186.31
TXN3517,North,Apparel,Cash,Guest,655.35,1,655.35,18.62,122.03,533.32,533.32,122.03
TXN3518,East,Furniture,UPI,Member,482.08,16,7713.28,1.42,109.53,7603.75,475.23,6.85
TXN3519,East,Grocery,UPI,Guest,692.16,14,9690.24,11.86,1149.26,8540.98,610.07,82.09
TXN3520,West,Grocery,UPI,Returning,176.94,3,530.82,12.5,66.35,464.47,154.82,22.12
TXN3521,North,Electronics,Cash,Member,344.23,11,3786.53,21.64,819.41,2967.12,269.74,74.49
TXN3522,West,Apparel,UPI,Returning,552.03,12,6624.36,23.77,1574.61,5049.75,420.81,131.22
TXN3523,West,Apparel,Wallet,New,373.14,9,3358.26,12.04,404.33,2953.93,328.21,44.93
TXN3524,North,Grocery,UPI,Returning,969.47,4,3877.88,15.34,594.87,3283.01,820.75,148.72
TXN3525,West,Furniture,Cash,Member,875.07,7,6125.49,0.28,17.15,6108.34,872.62,2.45
TXN3526,East,Grocery,Cash,Member,243.75,2,487.5,29.45,143.57,343.93,171.97,71.78
TXN3527,South,Electronics,UPI,Returning,75.03,5,375.15,10.93,41,334.15,66.83,8.2
TXN3528,East,Apparel,Credit Card,Returning,106.02,6,636.12,28.92,183.97,452.15,75.36,30.66
TXN3529,East,Electronics,Cash,Returning,139.04,5,695.2,2.53,17.59,677.61,135.52,3.52
TXN3530,West,Apparel,UPI,Guest,809.42,19,15378.98,21.84,3358.77,12020.21,632.64,176.78
TXN3531,South,Electronics,Wallet,Returning,898.84,10,8988.4,4.86,436.84,8551.56,855.16,43.68
TXN3532,West,Electronics,Credit Card,Guest,380.48,11,4185.28,16.38,685.55,3499.73,318.16,62.32
TXN3533,North,Grocery,Wallet,New,75.34,19,1431.46,10.8,154.6,1276.86,67.2,8.14
TXN3534,East,Apparel,UPI,Member,651.97,17,11083.49,15.68,1737.89,9345.6,549.74,102.23
TXN3535,North,Electronics,UPI,Guest,234.82,15,3522.3,17.41,613.23,2909.07,193.94,40.88
TXN3536,South,Furniture,Credit Card,Returning,134.48,10,1344.8,9.9,133.14,1211.66,121.17,13.31
TXN3537,West,Furniture,Cash,Guest,293.04,4,1172.16,24.03,281.67,890.49,222.62,70.42
TXN3538,North,Grocery,Cash,New,669.35,11,7362.85,17.98,1323.84,6039.01,549,120.35
TXN3539,South,Grocery,Cash,New,440.33,4,1761.32,21.82,384.32,1377,344.25,96.08
TXN3540,South,Furniture,Cash,New,792.77,11,8720.47,21.53,1877.52,6842.95,622.09,170.68
TXN3541,South,Furniture,UPI,Guest,626.06,4,2504.24,27.38,685.66,1818.58,454.64,171.42
TXN3542,South,Electronics,Credit Card,New,788.25,6,4729.5,22.91,1083.53,3645.97,607.66,180.59
TXN3543,West,Electronics,Wallet,Member,207.09,14,2899.26,0.83,24.06,2875.2,205.37,1.72
TXN3544,South,Electronics,Wallet,Guest,542.11,17,9215.87,12.74,1174.1,8041.77,473.05,69.06
TXN3545,East,Apparel,Cash,New,424.26,6,2545.56,15.15,385.65,2159.91,359.98,64.28
TXN3546,East,Furniture,Wallet,Returning,833,11,9163,20.53,1881.16,7281.84,661.99,171.01
TXN3547,South,Electronics,Credit Card,Guest,67.98,14,951.72,14.15,134.67,817.05,58.36,9.62
TXN3548,West,Electronics,Wallet,Guest,285.02,8,2280.16,5.18,118.11,2162.05,270.26,14.76
TXN3549,South,Electronics,UPI,New,893.58,15,13403.7,12.03,1612.47,11791.23,786.08,107.5
TXN3550,South,Apparel,Credit Card,Member,856.59,17,14562.03,12.3,1791.13,12770.9,751.23,105.36
TXN3551,South,Grocery,Credit Card,Guest,587.95,6,3527.7,9.6,338.66,3189.04,531.51,56.44
TXN3552,West,Apparel,UPI,Member,273.64,10,2736.4,1.75,47.89,2688.51,268.85,4.79
TXN3553,West,Apparel,Credit Card,Returning,289.78,19,5505.82,23.8,1310.39,4195.43,220.81,68.97
TXN3554,South,Apparel,UPI,Guest,949.62,3,2848.86,17.55,499.97,2348.89,782.96,166.66
TXN3555,North,Electronics,UPI,Member,576.8,13,7498.4,26.78,2008.07,5490.33,422.33,154.47
TXN3556,North,Apparel,Credit Card,Guest,344.98,14,4829.72,13.83,667.95,4161.77,297.27,47.71
TXN3557,East,Grocery,Cash,Guest,488.95,2,977.9,16.07,157.15,820.75,410.38,78.57
TXN3558,East,Furniture,Cash,Member,603.98,5,3019.9,22.55,680.99,2338.91,467.78,136.2
TXN3559,East,Grocery,Cash,Member,575.37,13,7479.81,0.54,40.39,7439.42,572.26,3.11
TXN3560,East,Apparel,Cash,Member,707.42,10,7074.2,5.24,370.69,6703.51,670.35,37.07
TXN3561,South,Electronics,Credit Card,Member,123.13,18,2216.34,16.71,370.35,1845.99,102.55,20.58
TXN3562,West,Apparel,Cash,Returning,321.14,11,3532.54,19.9,702.98,2829.56,257.23,63.91
TXN3563,South,Apparel,Wallet,Returning,368.71,17,6268.07,6.39,400.53,5867.54,345.15,23.56
TXN3564,North,Apparel,Credit Card,Guest,904.01,9,8136.09,11.72,953.55,7182.54,798.06,105.95
TXN3565,South,Grocery,Cash,Returning,939,13,12207,5.63,687.25,11519.75,886.13,52.87
TXN3566,West,Grocery,Credit Card,Returning,874.92,17,14873.64,29.76,4426.4,10447.24,614.54,260.38
TXN3567,West,Apparel,UPI,Member,950.3,11,10453.3,4.16,434.86,10018.44,910.77,39.53
TXN3568,West,Furniture,Cash,Returning,575.6,1,575.6,6.81,39.2,536.4,536.4,39.2
TXN3569,South,Grocery,Credit Card,Guest,765.6,16,12249.6,21.08,2582.22,9667.38,604.21,161.39
TXN3570,South,Grocery,UPI,Returning,266.5,4,1066,9.62,102.55,963.45,240.86,25.64
TXN3571,West,Grocery,Cash,New,280.73,3,842.19,10.02,84.39,757.8,252.6,28.13
TXN3572,West,Apparel,Credit Card,New,258.71,16,4139.36,21.25,879.61,3259.75,203.73,54.98
TXN3573,East,Furniture,UPI,Member,532.33,4,2129.32,24.79,527.86,1601.46,400.37,131.96
TXN3574,North,Grocery,UPI,Returning,62.18,13,808.34,27.95,225.93,582.41,44.8,17.38
TXN3575,West,Electronics,Wallet,Member,395.42,18,7117.56,21.35,1519.6,5597.96,311,84.42
TXN3576,South,Electronics,Cash,New,637.89,7,4465.23,19.75,881.88,3583.35,511.91,125.98
TXN3577,West,Apparel,Wallet,Member,318.61,11,3504.71,24.31,852,2652.71,241.16,77.45
TXN3578,West,Electronics,Wallet,Returning,195.9,4,783.6,12.97,101.63,681.97,170.49,25.41
TXN3579,West,Grocery,Wallet,Guest,816.14,17,13874.38,17.55,2434.95,11439.43,672.91,143.23
TXN3580,South,Electronics,Wallet,New,707.72,16,11323.52,4.35,492.57,10830.95,676.93,30.79
TXN3581,East,Grocery,Credit Card,New,54.87,8,438.96,11.55,50.7,388.26,48.53,6.34
TXN3582,West,Grocery,Wallet,Member,625.97,11,6885.67,24.8,1707.65,5178.02,470.73,155.24
TXN3583,North,Furniture,Credit Card,Guest,881.09,10,8810.9,7.98,703.11,8107.79,810.78,70.31
TXN3584,West,Electronics,Wallet,Returning,685.66,10,6856.6,10.31,706.92,6149.68,614.97,70.69
TXN3585,South,Grocery,Cash,Guest,200.77,19,3814.63,28.11,1072.29,2742.34,144.33,56.44
TXN3586,North,Electronics,UPI,Returning,947.02,6,5682.12,4.05,230.13,5451.99,908.67,38.35
TXN3587,South,Furniture,Credit Card,Member,765.53,18,13779.54,2.14,294.88,13484.66,749.15,16.38
TXN3588,East,Apparel,Wallet,Member,292.97,18,5273.46,6.82,359.65,4913.81,272.99,19.98
TXN3589,East,Furniture,Wallet,Returning,169.37,9,1524.33,5.77,87.95,1436.38,159.6,
TXN3590,North,Furniture,UPI,Member,445.18,19,8458.42,10.97,927.89,7530.53,396.34,48.84
TXN3591,West,Electronics,UPI,Returning,269.81,1,269.81,4.91,13.25,256.56,256.56,13.25
TXN3592,East,Grocery,Credit Card,Guest,576.78,9,5191.02,20.1,1043.4,4147.62,460.85,115.93
TXN3593,West,Apparel,Cash,New,414.72,5,2073.6,2.72,56.4,2017.2,403.44,11.28
TXN3594,East,Furniture,Wallet,Guest,621.57,15,9323.55,19.53,1820.89,7502.66,500.18,121.39
TXN3595,North,Furniture,Cash,New,733.01,16,11728.16,23.51,2757.29,8970.87,560.68,172.33
TXN3596,North,Apparel,Cash,Returning,324.98,11,3574.78,8.58,306.72,3268.06,297.1,27.88
TXN3597,East,Apparel,Credit Card,Returning,508.32,11,5591.52,11.55,645.82,4945.7,449.61,58.71
TXN3598,East,Apparel,Wallet,New,565.3,10,5653,9.52,538.17,5114.83,511.48,53.82
TXN3599,East,Apparel,Credit Card,Member,78.21,10,782.1,3.84,30.03,752.07,75.21,3
TXN3600,West,Grocery,Cash,Guest,333.73,3,1001.19,10.49,105.02,896.17,298.72,35.01
TXN3601,North,Grocery,Cash,Returning,436.48,16,6983.68,13.56,946.99,6036.69,377.29,59.19
TXN3602,West,Grocery,Cash,New,139.52,13,1813.76,5.51,99.94,1713.82,131.83,7.69
TXN3603,North,Grocery,Credit Card,Guest,361.08,9,3249.72,6.43,208.96,3040.76,337.86,23.22
TXN3604,South,Grocery,UPI,Returning,142.21,10,1422.1,14.79,210.33,1211.77,121.18,21.03
TXN3605,West,Grocery,Credit Card,Returning,493.67,15,7405.05,19.52,1445.47,5959.58,397.31,96.36
TXN3606,West,Apparel,UPI,Member,90.55,1,90.55,14.63,13.25,77.3,77.3,13.25
TXN3607,North,Furniture,Credit Card,Member,776.1,6,4656.6,17.57,818.16,3838.44,639.74,136.36
TXN3608,West,Grocery,UPI,Guest,529.15,10,5291.5,3.39,179.38,5112.12,511.21,17.94
TXN3609,North,Electronics,Cash,Member,64.44,14,902.16,11.5,103.75,798.41,57.03,7.41
TXN3610,West,Furniture,Wallet,New,122.88,7,860.16,21.74,187,673.16,96.17,26.71
TXN3611,West,Apparel,Cash,Member,387.57,19,7363.83,17.99,1324.75,6039.08,317.85,69.72
TXN3612,North,Electronics,UPI,New,218.47,17,3713.99,28.85,1071.49,2642.5,155.44,63.03
TXN3613,North,Furniture,Wallet,New,765.62,6,4593.72,21.34,980.3,3613.42,602.24,163.38
TXN3614,East,Electronics,Credit Card,Returning,428.87,1,428.87,14.01,60.08,368.79,368.79,60.08
TXN3615,West,Apparel,UPI,Member,508.12,10,5081.2,4.73,240.34,4840.86,484.09,24.03
TXN3616,East,Furniture,Credit Card,Guest,727.98,16,11647.68,0.52,60.57,11587.11,724.19,3.79
TXN3617,South,Electronics,Credit Card,Returning,422.7,8,3381.6,16.92,572.17,2809.43,351.18,71.52
TXN3618,East,Grocery,UPI,Returning,922.99,18,16613.82,6.14,1020.09,15593.73,866.32,56.67
TXN3619,North,Furniture,UPI,Returning,111.43,18,2005.74,10.6,212.61,1793.13,99.62,11.81
TXN3620,North,Apparel,UPI,Returning,482.24,1,482.24,28.75,138.64,343.6,343.6,138.64
TXN3621,West,Electronics,Credit Card,Guest,462.44,2,924.88,13.5,124.86,800.02,400.01,62.43
TXN3622,South,Apparel,Wallet,Member,70.04,6,420.24,29.07,122.16,298.08,49.68,20.36
TXN3623,East,Electronics,Credit Card,New,937.38,5,4686.9,21.95,1028.77,3658.13,731.63,205.75
TXN3624,South,Grocery,Credit Card,Member,955.36,9,8598.24,22.63,1945.78,6652.46,739.16,216.2
TXN3625,South,Furniture,Cash,New,818.27,4,3273.08,26.92,881.11,2391.97,597.99,220.28
TXN3626,West,Grocery,Credit Card,Guest,526.5,4,2106,19.74,415.72,1690.28,422.57,103.93
TXN3627,West,Apparel,Cash,Returning,866.64,16,13866.24,1.55,214.93,13651.31,853.21,13.43
TXN3628,West,Electronics,UPI,Guest,567.43,2,1134.86,6.79,77.06,1057.8,528.9,38.53
TXN3629,North,Grocery,UPI,Member,726.13,9,6535.17,8.53,557.45,5977.72,664.19,61.94
TXN3630,South,Electronics,Wallet,New,588.78,2,1177.56,2.58,30.38,1147.18,573.59,15.19
TXN3631,North,Grocery,Credit Card,Returning,728.71,12,8744.52,8.83,772.14,7972.38,664.36,64.35
TXN3632,North,Grocery,UPI,Member,946.99,2,1893.98,1.86,35.23,1858.75,929.38,
TXN3633,East,Electronics,Credit Card,Member,530.03,14,7420.42,21.1,1565.71,5854.71,418.19,111.84
TXN3634,East,Grocery,Credit Card,Member,269.65,11,2966.15,22.34,662.64,2303.51,209.41,60.24
TXN3635,North,Electronics,Credit Card,New,796.39,13,10353.07,1.1,113.88,10239.19,787.63,8.76
TXN3636,West,Grocery,Wallet,Member,788.12,2,1576.24,19.67,310.05,1266.19,633.1,155.02
TXN3637,North,Electronics,UPI,Member,846.65,11,9313.15,16.43,1530.15,7783,707.55,139.1
TXN3638,South,Furniture,UPI,Guest,121.44,18,2185.92,14.26,311.71,1874.21,104.12,17.32
TXN3639,East,Furniture,UPI,Returning,208.82,18,3758.76,25.69,965.63,2793.13,155.17,53.65
TXN3640,North,Electronics,Wallet,Guest,95.25,3,285.75,20.37,58.21,227.54,75.85,19.4
TXN3641,North,Electronics,Cash,Returning,85.1,6,510.6,28.97,147.92,362.68,60.45,24.65
TXN3642,North,Electronics,UPI,Member,784.31,13,10196.03,16.91,1724.15,8471.88,651.68,
TXN3643,South,Apparel,Wallet,Returning,986.56,9,,26.94,2392.01,6487.03,720.78,
TXN3644,South,Electronics,Credit Card,Member,506.45,18,9116.1,19.32,,7354.87,408.6,
TXN3645,East,Apparel,UPI,Member,502.96,19,9556.24,1.57,,9406.21,495.06,
TXN3646,North,Apparel,Credit Card,Returning,454.71,2,909.42,17.64,160.42,749,374.5,80.21
TXN3647,North,Electronics,Cash,New,913.33,19,17353.27,7.75,1344.88,16008.39,,
TXN3648,West,Electronics,Wallet,Guest,56.8,6,340.8,2.49,8.49,332.31,55.39,1.41
TXN3649,South,Furniture,Cash,Guest,106.32,2,212.64,19.62,41.72,170.92,85.46,20.86
TXN3650,South,Grocery,Cash,Returning,271.31,19,5154.89,12.91,665.5,4489.39,236.28,35.03
TXN3651,South,Electronics,UPI,Member,583.8,3,1751.4,12.39,217,1534.4,511.47,72.33
TXN3652,South,Furniture,UPI,New,674.28,4,2697.12,12.24,330.13,2366.99,591.75,82.53
TXN3653,North,Apparel,Cash,Member,83.38,3,250.14,13.98,34.97,215.17,71.72,11.66
TXN3654,West,Apparel,UPI,New,581.39,7,4069.73,,1097.2,2972.53,424.65,156.74
TXN3655,South,Apparel,Wallet,Returning,986.56,9,8879.04,26.94,,6487.03,720.78,20.64
TXN3656,South,Electronics,Credit Card,Member,506.45,18,9116.1,19.32,1761.23,,408.6,174.93
TXN3657,East,Apparel,UPI,Member,502.96,19,9556.24,1.57,150.03,9406.21,495.06,163.9
TXN3658,North,Apparel,Credit Card,Returning,454.71,2,909.42,17.64,,749,374.5,125.36
TXN3659,North,Electronics,Cash,New,913.33,19,17353.27,7.75,1344.88,16008.39,842.55,77.66
TXN3660,West,Electronics,Wallet,Guest,56.8,6,340.8,2.49,8.49,332.31,55.39,109.79
TXN3661,South,Furniture,Cash,Guest,106.32,2,212.64,19.62,41.72,170.92,85.46,11.66
TXN3662,South,Grocery,Cash,Returning,271.31,19,5154.89,12.91,665.5,4489.39,236.28,156.74
TXN3663,South,Electronics,UPI,Member,583.8,3,1751.4,12.39,217,1534.4,511.47,20.64
TXN3664,South,Furniture,UPI,New,674.28,4,2697.12,12.24,330.13,2366.99,591.75,174.93
TXN3665,North,Apparel,Cash,Member,83.38,3,250.14,13.98,34.97,215.17,71.72,163.9
TXN3666,West,Apparel,UPI,New,581.39,7,4069.73,26.96,1097.2,2972.53,424.65,125.36
TXN3667,East,Apparel,Credit Card,Returning,566.92,8,4535.36,3.64,165.09,4370.27,546.28,77.66
TXN3668,West,Furniture,Cash,Guest,704.78,5,3523.9,24.82,874.63,2649.27,529.85,109.79
TXN3669,South,Furniture,Credit Card,New,623.89,1,623.89,26.27,163.9,459.99,459.99,143.23
TXN3670,East,Apparel,Credit Card,Returning,566.92,8,4535.36,3.64,165.09,4370.27,546.28,30.79
TXN3671,West,Furniture,Cash,Guest,704.78,5,3523.9,24.82,874.63,2649.27,529.85,6.34
TXN3672,South,Furniture,Credit Card,New,623.89,1,623.89,,,459.99,459.99,155.24
TXN3673,West,Furniture,Cash,Guest,704.78,,3523.9,24.82,874.63,,529.85,70.31
TXN3674,South,Furniture,Credit Card,New,623.89,1,623.89,26.27,163.9,459.99,,70.69
TXN3675,South,Apparel,Credit Card,Returning,502.83,5,2514.15,24.93,626.78,1887.37,377.47,56.44
TXN3676,North,Apparel,Cash,Member,733.98,14,10275.72,10.58,1087.17,9188.55,656.32,38.35
TXN3677,South,Furniture,UPI,Returning,954.7,16,,11.5,1756.65,13518.55,844.91,16.38
TXN3678,North,Apparel,Cash,Member,83.38,3,250.14,,34.97,215.17,71.72,19.98
TXN3679,West,Apparel,UPI,New,581.39,7,4069.73,26.96,,2972.53,424.65,143.23
TXN3680,East,Apparel,Credit Card,Returning,566.92,8,4535.36,3.64,165.09,,546.28,30.79
TXN3681,West,Furniture,Cash,Guest,704.78,5,3523.9,24.82,,2649.27,,6.34
TXN3682,South,Furniture,Credit Card,New,623.89,1,,26.27,163.9,459.99,459.99,155.24
TXN3683,South,Apparel,Credit Card,Returning,502.83,5,,24.93,,1887.37,377.47,70.31
TXN3684,North,Apparel,Cash,Member,733.98,14,10275.72,,1087.17,9188.55,656.32,70.69
TXN3685,South,Furniture,UPI,Returning,,16,15275.2,11.5,1756.65,,844.91,56.44
TXN3686,North,Apparel,Credit Card,Returning,454.71,2,909.42,17.64,160.42,749,374.5,80.21
TXN3687,North,Electronics,Cash,New,913.33,19,17353.27,7.75,1344.88,16008.39,,
TXN3688,West,Electronics,Wallet,Guest,56.8,6,340.8,2.49,8.49,332.31,55.39,1.41
TXN3689,South,Furniture,Cash,Guest,106.32,2,212.64,19.62,41.72,170.92,85.46,20.86
TXN3690,South,Grocery,Cash,Returning,271.31,19,5154.89,12.91,665.5,4489.39,236.28,35.03
TXN3691,South,Electronics,UPI,Member,583.8,3,1751.4,12.39,217,1534.4,511.47,72.33
TXN3692,South,Furniture,UPI,New,674.28,4,2697.12,12.24,330.13,2366.99,591.75,82.53
TXN3693,North,Apparel,Cash,Member,83.38,3,250.14,13.98,34.97,215.17,71.72,11.66
TXN3694,West,Apparel,UPI,New,581.39,7,4069.73,,1097.2,2972.53,424.65,156.74
TXN3695,South,Apparel,Wallet,Returning,986.56,9,8879.04,26.94,,6487.03,720.78,20.64
TXN3696,South,Electronics,Credit Card,Member,506.45,18,9116.1,19.32,1761.23,,408.6,174.93
TXN3697,East,Apparel,UPI,Member,502.96,19,9556.24,1.57,150.03,9406.21,495.06,163.9
TXN3698,North,Apparel,Credit Card,Returning,454.71,2,909.42,17.64,,749,374.5,125.36
TXN3699,North,Electronics,Cash,New,913.33,19,17353.27,7.75,1344.88,16008.39,842.55,77.66
TXN3700,West,Electronics,Wallet,Guest,56.8,6,340.8,2.49,8.49,332.31,55.39,109.79
TXN3701,South,Furniture,Cash,Guest,106.32,2,212.64,19.62,41.72,170.92,85.46,11.66
TXN3702,South,Grocery,Cash,Returning,271.31,19,5154.89,12.91,665.5,4489.39,236.28,156.74
TXN3703,South,Electronics,UPI,Member,583.8,3,1751.4,12.39,217,1534.4,511.47,20.64
TXN3704,South,Furniture,UPI,New,674.28,4,2697.12,12.24,330.13,2366.99,591.75,174.93
TXN3705,North,Apparel,Cash,Member,83.38,3,250.14,13.98,34.97,215.17,71.72,163.9
TXN3706,West,Apparel,UPI,New,581.39,7,4069.73,26.96,1097.2,2972.53,424.65,125.36
TXN3707,East,Apparel,Credit Card,Returning,566.92,8,4535.36,3.64,165.09,4370.27,546.28,77.66
TXN3708,West,Furniture,Cash,Guest,704.78,5,3523.9,24.82,874.63,2649.27,529.85,109.79
TXN3709,South,Furniture,Credit Card,New,623.89,1,623.89,26.27,163.9,459.99,459.99,143.23
TXN3710,East,Apparel,Credit Card,Returning,566.92,8,4535.36,3.64,165.09,4370.27,546.28,30.79
TXN3711,West,Furniture,Cash,Guest,704.78,5,3523.9,24.82,874.63,2649.27,529.85,6.34
TXN3712,South,Furniture,Credit Card,New,623.89,1,623.89,,,459.99,459.99,155.24
TXN3713,West,Furniture,Cash,Guest,704.78,,3523.9,24.82,874.63,,529.85,70.31
TXN3714,South,Furniture,Credit Card,New,623.89,1,623.89,26.27,163.9,459.99,,70.69
TXN3715,South,Apparel,Credit Card,Returning,502.83,5,2514.15,24.93,626.78,1887.37,377.47,56.44
TXN3716,North,Apparel,Cash,Member,733.98,14,10275.72,10.58,1087.17,9188.55,656.32,38.35
TXN3717,South,Furniture,UPI,Returning,954.7,16,,11.5,1756.65,13518.55,844.91,16.38
TXN3718,North,Apparel,Cash,Member,83.38,3,250.14,,34.97,215.17,71.72,19.98
TXN3719,West,Apparel,UPI,New,581.39,7,4069.73,26.96,,2972.53,424.65,143.23
TXN3720,East,Apparel,Credit Card,Returning,566.92,8,4535.36,3.64,165.09,,546.28,30.79
TXN3721,West,Furniture,Cash,Guest,704.78,5,3523.9,24.82,,2649.27,,6.34
TXN3722,South,Furniture,Credit Card,New,623.89,1,,26.27,163.9,459.99,459.99,155.24
TXN3723,South,Apparel,Credit Card,Returning,502.83,5,,24.93,,1887.37,377.47,70.31
TXN3724,North,Apparel,Cash,Member,733.98,14,10275.72,,1087.17,9188.55,656.32,70.69
TXN3725,South,Furniture,UPI,Returning,,16,15275.2,11.5,1756.65,,844.91,56.44
TXN3726,East,Grocery,Cash,New,321.44,9,2892.96,9.13,264.13,2628.83,292.09,29.35
TXN3727,West,Furniture,Wallet,Member,873.53,4,3494.12,17.01,594.35,2899.77,724.94,148.59
TXN3728,North,Apparel,Wallet,Guest,188.47,3,565.41,9.92,56.09,509.32,169.77,18.7
TXN3729,South,Furniture,Wallet,Guest,326.1,11,3587.1,10.01,359.07,3228.03,293.46,32.64
TXN3730,North,Electronics,Credit Card,New,356.04,17,6052.68,4.36,263.9,5788.78,340.52,15.52
TXN3731,West,Electronics,Wallet,Guest,77.09,17,1310.53,0.74,9.7,1300.83,76.52,0.57
TXN3732,North,Electronics,Wallet,Guest,643.29,15,9649.35,15.36,1482.14,8167.21,544.48,98.81
TXN3733,South,Electronics,Wallet,New,565.3,12,6783.6,9.09,616.63,6166.97,513.91,51.39
TXN3734,North,Apparel,Credit Card,New,852.03,4,3408.12,6.24,212.67,3195.45,798.86,53.17
TXN3735,North,Apparel,Credit Card,Returning,862.11,12,10345.32,3.63,375.54,9969.78,830.82,31.29
TXN3736,North,Furniture,UPI,Guest,265.93,10,2659.3,3.24,86.16,2573.14,257.31,8.62
TXN3737,West,Furniture,Cash,Guest,842.98,19,16016.62,20.23,3240.16,12776.46,672.45,170.53
TXN3738,South,Apparel,UPI,New,693.42,4,2773.68,3.55,98.47,2675.21,668.8,24.62
TXN3739,North,Furniture,Wallet,New,255.1,18,4591.8,10.9,500.51,4091.29,227.29,27.81
TXN3740,North,Furniture,UPI,Guest,984.03,3,2952.09,24.56,725.03,2227.06,742.35,241.68
TXN3741,East,Grocery,Wallet,Member,910.64,6,5463.84,21.8,1191.12,4272.72,712.12,198.52
TXN3742,South,Apparel,UPI,Member,498.14,17,8468.38,19.42,1644.56,6823.82,401.4,96.74
TXN3743,South,Furniture,Cash,Returning,152.86,16,2445.76,7.95,194.44,2251.32,140.71,12.15
TXN3744,South,Furniture,Credit Card,Guest,258.4,13,3359.2,23.96,804.86,2554.34,196.49,61.91
TXN3745,North,Grocery,UPI,Returning,953.69,17,16212.73,20.67,3351.17,12861.56,756.56,197.13
TXN3746,North,Furniture,Cash,Member,240.37,2,480.74,5.3,25.48,455.26,227.63,12.74
TXN3747,North,Furniture,Cash,New,713.08,14,9983.12,14.57,1454.54,8528.58,609.18,103.9
TXN3748,North,Furniture,UPI,New,843.31,5,4216.55,12.44,524.54,3692.01,738.4,104.91
TXN3749,South,Apparel,Cash,New,483.95,2,967.9,10.11,97.85,870.05,435.02,48.93
TXN3750,West,Apparel,Cash,New,217.1,17,3690.7,23.41,863.99,2826.71,166.28,50.82
TXN3751,South,Furniture,Cash,Member,692,2,1384,25.19,348.63,1035.37,517.69,174.31
TXN3752,North,Electronics,Wallet,Guest,344.48,3,1033.44,13.64,140.96,892.48,297.49,46.99
TXN3753,West,Furniture,Credit Card,Returning,314.89,11,3463.79,8.85,306.55,3157.24,287.02,27.87
TXN3754,East,Apparel,Wallet,Guest,716.53,10,7165.3,12.48,894.23,6271.07,627.11,89.42
TXN3755,South,Apparel,UPI,New,797.08,16,12753.28,21.32,2719,10034.28,627.14,169.94
TXN3756,South,Grocery,Credit Card,Returning,339.57,15,5093.55,2.68,136.51,4957.04,330.47,9.1
TXN3757,North,Apparel,Wallet,Guest,940.53,1,940.53,13.56,127.54,812.99,812.99,127.54
TXN3758,North,Electronics,Wallet,Guest,498.65,7,3490.55,12.66,441.9,3048.65,435.52,63.13
TXN3759,East,Furniture,UPI,New,759.68,9,6837.12,0.81,55.38,6781.74,753.53,6.15
TXN3760,East,Grocery,Cash,Member,564.31,3,1692.93,22.07,373.63,1319.3,439.77,124.54
TXN3761,North,Furniture,UPI,New,847.74,10,8477.4,8.8,746.01,7731.39,773.14,74.6
TXN3762,East,Grocery,Wallet,Returning,488.43,6,2930.58,7.35,215.4,2715.18,452.53,35.9
TXN3763,North,Apparel,Credit Card,Member,700.8,9,6307.2,1.08,68.12,6239.08,693.23,7.57
TXN3764,North,Grocery,Cash,Guest,72.72,18,1308.96,7.66,100.27,1208.69,67.15,5.57
TXN3765,North,Grocery,Wallet,New,789.98,1,789.98,28.44,224.67,565.31,565.31,224.67
TXN3766,North,Furniture,UPI,New,209.55,3,628.65,5.89,37.03,591.62,197.21,12.34
TXN3767,West,Furniture,Cash,New,929.52,10,9295.2,18.2,1691.73,7603.47,760.35,169.17
TXN3768,South,Apparel,UPI,Guest,733.77,13,9539.01,6.31,601.91,8937.1,687.47,46.3
TXN3769,West,Grocery,Wallet,Returning,804.83,5,4024.15,10.15,408.45,3615.7,723.14,81.69
TXN3770,East,Grocery,Cash,Returning,309.34,6,1856.04,7.78,144.4,1711.64,285.27,24.07
TXN3771,West,Electronics,UPI,Member,975.18,17,16578.06,10.51,1742.35,14835.71,872.69,102.49
TXN3772,West,Furniture,Wallet,Returning,989.05,11,10879.55,24.29,2642.64,8236.91,748.81,240.24
TXN3773,East,Furniture,Wallet,Returning,860.54,16,13768.64,25.51,3512.38,10256.26,641.02,219.52
TXN3774,North,Furniture,Wallet,New,530.16,15,7952.4,24.14,1919.71,6032.69,402.18,127.98
TXN3775,South,Furniture,Credit Card,Guest,272.16,10,2721.6,25.45,692.65,2028.95,202.9,69.26
TXN3776,South,Grocery,Credit Card,New,554.98,5,2774.9,25.78,715.37,2059.53,411.91,143.07
TXN3777,North,Apparel,Wallet,Guest,971.78,15,14576.7,18.17,2648.59,11928.11,795.21,176.57
TXN3778,West,Furniture,Cash,Guest,497.97,4,1991.88,23.44,466.9,1524.98,381.25,116.72
TXN3779,East,Apparel,UPI,New,449.02,16,7184.32,22.04,1583.42,5600.9,350.06,98.96
TXN3780,South,Grocery,Credit Card,Member,684.58,3,2053.74,20.53,421.63,1632.11,544.04,140.54
TXN3781,South,Apparel,Wallet,Guest,951.53,5,4757.65,19.58,931.55,3826.1,765.22,186.31
TXN3782,North,Apparel,Cash,Guest,655.35,1,655.35,18.62,122.03,533.32,533.32,122.03
TXN3783,East,Furniture,UPI,Member,482.08,16,7713.28,1.42,109.53,7603.75,475.23,6.85
TXN3784,East,Grocery,UPI,Guest,692.16,14,9690.24,11.86,1149.26,8540.98,610.07,82.09
TXN3785,West,Grocery,UPI,Returning,176.94,3,530.82,12.5,66.35,464.47,154.82,15.52
TXN3786,North,Electronics,Cash,Member,344.23,11,3786.53,21.64,819.41,2967.12,269.74,0.57
TXN3787,West,Apparel,UPI,Returning,552.03,12,6624.36,23.77,1574.61,5049.75,420.81,98.81
TXN3788,West,Apparel,Wallet,New,373.14,9,3358.26,12.04,404.33,2953.93,328.21,51.39
TXN3789,North,Grocery,UPI,Returning,969.47,4,3877.88,15.34,594.87,3283.01,820.75,53.17
TXN3790,West,Furniture,Cash,Member,875.07,7,6125.49,0.28,17.15,6108.34,872.62,31.29
TXN3791,East,Grocery,Cash,Member,243.75,2,487.5,29.45,143.57,343.93,171.97,8.62
TXN3792,South,Electronics,UPI,Returning,75.03,5,375.15,10.93,41,334.15,66.83,170.53
TXN3793,East,Apparel,Credit Card,Returning,106.02,6,636.12,28.92,183.97,452.15,75.36,24.62
TXN3794,East,Electronics,Cash,Returning,139.04,5,695.2,2.53,17.59,677.61,135.52,27.81
TXN3795,West,Apparel,UPI,Guest,809.42,19,15378.98,21.84,3358.77,12020.21,632.64,241.68
TXN3796,South,Electronics,Wallet,Returning,898.84,10,8988.4,4.86,436.84,8551.56,855.16,198.52
TXN3797,West,Electronics,Credit Card,Guest,380.48,11,4185.28,16.38,685.55,3499.73,318.16,96.74
TXN3798,North,Grocery,Wallet,New,75.34,19,1431.46,10.8,154.6,1276.86,67.2,12.15
TXN3799,East,Apparel,UPI,Member,651.97,17,11083.49,15.68,1737.89,9345.6,549.74,61.91
TXN3800,North,Electronics,UPI,Guest,234.82,15,3522.3,17.41,613.23,2909.07,193.94,197.13
TXN3801,South,Furniture,Credit Card,Returning,134.48,10,1344.8,9.9,133.14,1211.66,121.17,12.74
TXN3802,West,Furniture,Cash,Guest,293.04,4,1172.16,24.03,281.67,890.49,222.62,103.9
TXN3803,North,Grocery,Cash,New,669.35,11,7362.85,17.98,1323.84,6039.01,549,104.91
TXN3804,South,Grocery,Cash,New,440.33,4,1761.32,21.82,384.32,1377,344.25,74.6
TXN3805,South,Furniture,Cash,New,792.77,11,8720.47,21.53,1877.52,6842.95,622.09,35.9
TXN3806,South,Furniture,UPI,Guest,626.06,4,2504.24,27.38,685.66,1818.58,,7.57
TXN3807,South,Electronics,Credit Card,New,788.25,6,4729.5,22.91,1083.53,3645.97,607.66,5.57
TXN3808,West,Electronics,Wallet,Member,207.09,14,2899.26,0.83,24.06,2875.2,205.37,224.67
TXN3809,South,Electronics,Wallet,Guest,542.11,17,9215.87,12.74,1174.1,8041.77,473.05,12.34
TXN3810,East,Apparel,Cash,New,424.26,6,2545.56,15.15,385.65,2159.91,359.98,169.17
TXN3811,East,Furniture,Wallet,Returning,833,11,9163,20.53,1881.16,7281.84,661.99,46.3
TXN3812,South,Electronics,Credit Card,Guest,67.98,14,951.72,14.15,134.67,817.05,58.36,81.69
TXN3813,West,Electronics,Wallet,Guest,285.02,8,2280.16,5.18,118.11,2162.05,270.26,124.54
TXN3814,South,Electronics,UPI,New,893.58,15,13403.7,12.03,1612.47,11791.23,786.08,74.6
TXN3815,South,Apparel,Credit Card,Member,856.59,17,14562.03,12.3,1791.13,12770.9,,35.9
TXN3816,South,Grocery,Credit Card,Guest,587.95,6,3527.7,9.6,338.66,3189.04,531.51,7.57
TXN3817,West,Apparel,UPI,Member,273.64,10,2736.4,1.75,47.89,2688.51,268.85,5.57
TXN3818,West,Apparel,Credit Card,Returning,289.78,19,5505.82,23.8,1310.39,4195.43,220.81,224.67
TXN3819,South,Apparel,UPI,Guest,949.62,3,2848.86,17.55,499.97,,782.96,12.34
TXN3820,North,Electronics,UPI,Member,576.8,13,7498.4,26.78,,5490.33,422.33,169.17
TXN3821,North,Apparel,Credit Card,Guest,344.98,14,4829.72,13.83,,4161.77,297.27,46.3
TXN3822,East,Grocery,Cash,Guest,488.95,2,977.9,16.07,157.15,,410.38,81.69
TXN3823,East,Furniture,Cash,Member,603.98,5,3019.9,22.55,680.99,2338.91,467.78,98.96
TXN3824,East,Grocery,Cash,Member,575.37,13,7479.81,0.54,40.39,7439.42,,140.54
TXN3825,East,Apparel,Cash,Member,707.42,10,7074.2,5.24,370.69,6703.51,670.35,186.31
TXN3826,South,Electronics,Credit Card,Member,123.13,18,2216.34,16.71,370.35,1845.99,102.55,122.03
TXN3827,West,Apparel,Cash,Returning,321.14,11,3532.54,19.9,702.98,2829.56,257.23,6.85
TXN3828,South,Apparel,Wallet,Returning,368.71,17,6268.07,6.39,400.53,5867.54,345.15,82.09
TXN3829,North,Apparel,Credit Card,Guest,904.01,9,8136.09,11.72,953.55,7182.54,798.06,15.52
TXN3830,South,Grocery,Cash,Returning,939,13,12207,5.63,687.25,11519.75,886.13,0.57
TXN3831,West,Grocery,Credit Card,Returning,874.92,17,14873.64,29.76,4426.4,10447.24,614.54,98.81
TXN3832,West,Apparel,UPI,Member,950.3,11,10453.3,4.16,434.86,10018.44,910.77,51.39
TXN3833,West,Furniture,Cash,Returning,575.6,1,575.6,6.81,39.2,536.4,536.4,53.17
TXN3834,South,Grocery,Credit Card,Guest,765.6,16,12249.6,21.08,2582.22,9667.38,604.21,31.29
TXN3835,South,Grocery,UPI,Returning,266.5,4,1066,9.62,102.55,963.45,240.86,8.62
TXN3836,West,Grocery,Cash,New,280.73,3,842.19,10.02,84.39,757.8,252.6,170.53
TXN3837,West,Apparel,Credit Card,New,258.71,16,4139.36,21.25,879.61,3259.75,203.73,24.62
TXN3838,East,Furniture,UPI,Member,532.33,4,2129.32,24.79,527.86,1601.46,400.37,27.81
TXN3839,North,Grocery,UPI,Returning,62.18,13,808.34,27.95,225.93,582.41,44.8,241.68
TXN3840,West,Electronics,Wallet,Member,395.42,18,7117.56,21.35,1519.6,5597.96,311,198.52
TXN3841,South,Electronics,Cash,New,637.89,7,4465.23,19.75,881.88,3583.35,511.91,96.74
TXN3842,West,Apparel,Wallet,Member,318.61,11,3504.71,24.31,852,2652.71,241.16,12.15
TXN3843,West,Electronics,Wallet,Returning,195.9,4,783.6,12.97,101.63,681.97,170.49,61.91
TXN3844,West,Grocery,Wallet,Guest,816.14,17,13874.38,17.55,2434.95,11439.43,672.91,197.13
TXN3845,South,Electronics,Wallet,New,707.72,16,11323.52,4.35,492.57,10830.95,676.93,12.74
TXN3846,East,Grocery,Credit Card,New,54.87,8,438.96,11.55,50.7,388.26,48.53,103.9
TXN3847,West,Grocery,Wallet,Member,625.97,11,6885.67,24.8,1707.65,5178.02,470.73,104.91
TXN3848,North,Furniture,Credit Card,Guest,881.09,10,8810.9,7.98,703.11,8107.79,810.78,74.6
TXN3849,West,Electronics,Wallet,Returning,685.66,10,6856.6,10.31,706.92,6149.68,614.97,35.9
TXN3850,South,Grocery,Cash,Guest,200.77,19,,28.11,1072.29,2742.34,144.33,7.57
TXN3851,North,Electronics,UPI,Returning,947.02,6,5682.12,4.05,230.13,,908.67,5.57
TXN3852,South,Furniture,Credit Card,Member,765.53,18,,2.14,294.88,13484.66,749.15,224.67
TXN3853,East,Apparel,Wallet,Member,292.97,18,5273.46,6.82,,4913.81,272.99,12.34
TXN3854,East,Furniture,Wallet,Returning,169.37,9,1524.33,5.77,87.95,1436.38,159.6,169.17
TXN3855,North,Furniture,UPI,Member,445.18,19,8458.42,,927.89,7530.53,,46.3
TXN3856,West,Electronics,UPI,Returning,269.81,1,,4.91,13.25,256.56,256.56,81.69
TXN3857,East,Grocery,Credit Card,Guest,576.78,9,5191.02,20.1,1043.4,4147.62,460.85,124.54
TXN3858,West,Apparel,Cash,New,414.72,5,2073.6,2.72,56.4,2017.2,403.44,29.35
TXN3859,East,Furniture,Wallet,Guest,621.57,15,9323.55,19.53,1820.89,7502.66,500.18,148.59
TXN3860,North,Furniture,Cash,New,733.01,16,11728.16,23.51,2757.29,8970.87,560.68,18.7
TXN3861,North,Apparel,Cash,Returning,324.98,11,3574.78,8.58,306.72,3268.06,297.1,32.64
TXN3862,East,Apparel,Credit Card,Returning,508.32,11,5591.52,11.55,645.82,4945.7,449.61,15.52
TXN3863,East,Apparel,Wallet,New,565.3,10,5653,9.52,538.17,,511.48,0.57
TXN3864,East,Apparel,Credit Card,Member,78.21,10,782.1,3.84,,752.07,75.21,98.81
TXN3865,West,Grocery,Cash,Guest,333.73,3,,10.49,105.02,896.17,298.72,51.39
TXN3866,South,Electronics,Wallet,New,565.3,12,6783.6,9.09,616.63,6166.97,513.91,51.39
TXN3867,North,Apparel,Credit Card,New,852.03,4,3408.12,6.24,212.67,3195.45,798.86,53.17
TXN3868,North,Apparel,Credit Card,Returning,862.11,12,10345.32,3.63,375.54,9969.78,830.82,31.29
TXN3869,North,Furniture,UPI,Guest,265.93,10,2659.3,3.24,86.16,2573.14,257.31,8.62
TXN3870,West,Furniture,Cash,Guest,842.98,19,16016.62,20.23,3240.16,12776.46,672.45,170.53
TXN3871,South,Apparel,UPI,New,693.42,4,2773.68,3.55,98.47,2675.21,668.8,24.62
TXN3872,North,Furniture,Wallet,New,255.1,18,4591.8,10.9,500.51,4091.29,227.29,27.81
TXN3873,North,Furniture,UPI,Guest,984.03,3,2952.09,24.56,725.03,2227.06,742.35,241.68
TXN3874,East,Grocery,Wallet,Member,910.64,6,5463.84,21.8,1191.12,4272.72,712.12,198.52
TXN3875,South,Apparel,UPI,Member,498.14,17,8468.38,19.42,1644.56,6823.82,401.4,96.74
TXN3876,South,Furniture,Cash,Returning,152.86,16,2445.76,7.95,194.44,2251.32,140.71,12.15
TXN3877,South,Furniture,Credit Card,Guest,258.4,13,3359.2,23.96,804.86,2554.34,196.49,61.91
TXN3878,North,Grocery,UPI,Returning,953.69,17,16212.73,20.67,3351.17,12861.56,756.56,197.13
TXN3879,North,Furniture,Cash,Member,240.37,2,480.74,5.3,25.48,455.26,227.63,12.74
TXN3880,North,Furniture,Cash,New,713.08,14,9983.12,14.57,1454.54,8528.58,609.18,103.9
TXN3881,North,Furniture,UPI,New,843.31,5,4216.55,12.44,524.54,3692.01,738.4,104.91
TXN3882,South,Apparel,Cash,New,483.95,2,967.9,10.11,97.85,870.05,435.02,48.93
TXN3883,West,Apparel,Cash,New,217.1,17,3690.7,23.41,863.99,2826.71,166.28,50.82
TXN3884,South,Furniture,Cash,Member,692,2,1384,25.19,348.63,1035.37,517.69,174.31
TXN3885,North,Electronics,Wallet,Guest,344.48,3,1033.44,13.64,140.96,892.48,297.49,46.99
TXN3886,West,Furniture,Credit Card,Returning,314.89,11,3463.79,8.85,306.55,3157.24,287.02,27.87
TXN3887,East,Apparel,Wallet,Guest,716.53,10,7165.3,12.48,894.23,6271.07,627.11,89.42
TXN3888,South,Apparel,UPI,New,797.08,16,12753.28,21.32,2719,10034.28,627.14,169.94
TXN3889,South,Grocery,Credit Card,Returning,339.57,15,5093.55,2.68,136.51,4957.04,330.47,9.1
TXN3890,North,Apparel,Wallet,Guest,940.53,1,940.53,13.56,127.54,812.99,812.99,127.54
TXN3891,North,Electronics,Wallet,Guest,498.65,7,3490.55,12.66,441.9,3048.65,435.52,63.13
TXN3892,East,Furniture,UPI,New,759.68,9,6837.12,0.81,55.38,6781.74,753.53,6.15
TXN3893,East,Grocery,Cash,Member,564.31,3,1692.93,22.07,373.63,1319.3,439.77,124.54
TXN3894,North,Furniture,UPI,New,847.74,10,8477.4,8.8,746.01,7731.39,773.14,74.6
TXN3895,East,Grocery,Wallet,Returning,488.43,6,2930.58,7.35,215.4,2715.18,452.53,35.9
TXN3896,North,Apparel,Credit Card,Member,700.8,9,6307.2,1.08,68.12,6239.08,693.23,7.57
TXN3897,North,Grocery,Cash,Guest,72.72,18,1308.96,7.66,100.27,1208.69,67.15,5.57
TXN3898,North,Grocery,Wallet,New,789.98,1,789.98,28.44,224.67,565.31,565.31,224.67
TXN3899,North,Furniture,UPI,New,209.55,3,628.65,5.89,37.03,591.62,197.21,12.34
TXN3900,West,Furniture,Cash,New,929.52,10,9295.2,18.2,1691.73,7603.47,760.35,169.17
TXN3901,South,Apparel,UPI,Guest,733.77,13,9539.01,6.31,601.91,8937.1,687.47,46.3
TXN3902,West,Grocery,Wallet,Returning,804.83,5,4024.15,10.15,408.45,3615.7,723.14,81.69
TXN3903,East,Grocery,Cash,Returning,309.34,6,1856.04,7.78,144.4,1711.64,285.27,24.07
TXN3904,West,Electronics,UPI,Member,975.18,17,16578.06,10.51,1742.35,14835.71,872.69,102.49
TXN3905,West,Furniture,Wallet,Returning,989.05,11,10879.55,24.29,2642.64,8236.91,748.81,240.24
TXN3906,East,Furniture,Wallet,Returning,860.54,16,13768.64,25.51,3512.38,10256.26,641.02,219.52
TXN3907,North,Furniture,Wallet,New,530.16,15,7952.4,24.14,1919.71,6032.69,402.18,127.98
TXN3908,South,Furniture,Credit Card,Guest,272.16,10,2721.6,25.45,692.65,2028.95,202.9,69.26
TXN3909,South,Grocery,Credit Card,New,554.98,5,2774.9,25.78,715.37,2059.53,411.91,143.07
TXN3910,North,Apparel,Wallet,Guest,971.78,15,14576.7,18.17,2648.59,11928.11,795.21,176.57
TXN3911,West,Furniture,Cash,Guest,497.97,4,1991.88,23.44,466.9,1524.98,381.25,116.72
TXN3912,East,Apparel,UPI,New,449.02,16,7184.32,22.04,1583.42,5600.9,350.06,98.96
TXN3913,South,Grocery,Credit Card,Member,684.58,3,2053.74,20.53,421.63,1632.11,544.04,140.54
TXN3914,South,Apparel,Wallet,Guest,951.53,5,4757.65,19.58,931.55,3826.1,765.22,186.31
TXN3915,North,Apparel,Cash,Guest,655.35,1,655.35,18.62,122.03,533.32,533.32,122.03
TXN3916,East,Furniture,UPI,Member,482.08,16,7713.28,1.42,109.53,7603.75,475.23,6.85
TXN3917,East,Grocery,UPI,Guest,692.16,14,9690.24,11.86,1149.26,8540.98,610.07,82.09
TXN3918,West,Grocery,UPI,Returning,176.94,3,530.82,12.5,66.35,464.47,154.82,22.12
TXN3919,North,Electronics,Cash,Member,344.23,11,3786.53,21.64,819.41,2967.12,269.74,74.49
TXN3920,West,Apparel,UPI,Returning,552.03,12,6624.36,23.77,1574.61,5049.75,420.81,131.22
TXN3921,West,Apparel,Wallet,New,373.14,9,3358.26,12.04,404.33,2953.93,328.21,44.93
TXN3922,North,Grocery,UPI,Returning,969.47,4,3877.88,15.34,594.87,3283.01,820.75,148.72
TXN3923,West,Furniture,Cash,Member,875.07,7,6125.49,0.28,17.15,6108.34,872.62,2.45
TXN3924,East,Grocery,Cash,Member,243.75,2,487.5,29.45,143.57,343.93,171.97,71.78
TXN3925,South,Electronics,UPI,Returning,75.03,5,375.15,10.93,41,334.15,66.83,8.2
TXN3926,East,Apparel,Credit Card,Returning,106.02,6,636.12,28.92,183.97,452.15,75.36,30.66
TXN3927,East,Electronics,Cash,Returning,139.04,5,695.2,2.53,17.59,677.61,135.52,3.52
TXN3928,West,Apparel,UPI,Guest,809.42,19,15378.98,21.84,3358.77,12020.21,632.64,176.78
TXN3929,South,Electronics,Wallet,Returning,898.84,10,8988.4,4.86,436.84,8551.56,855.16,43.68
TXN3930,West,Electronics,Wallet,Returning,685.66,10,6856.6,10.31,706.92,6149.68,614.97,35.9
TXN3931,South,Grocery,Cash,Guest,200.77,19,,28.11,1072.29,2742.34,144.33,7.57
TXN3932,North,Electronics,UPI,Returning,947.02,6,5682.12,4.05,230.13,,908.67,5.57
TXN3933,South,Furniture,Credit Card,Member,765.53,18,,2.14,294.88,13484.66,749.15,224.67
TXN3934,East,Apparel,Wallet,Member,292.97,18,5273.46,6.82,,4913.81,272.99,
TXN3935,East,Furniture,Wallet,Returning,169.37,9,1524.33,5.77,87.95,1436.38,159.6,169.17
TXN3936,North,Furniture,UPI,Member,445.18,19,8458.42,,927.89,7530.53,,46.3
TXN3937,West,Electronics,UPI,Returning,269.81,1,,4.91,13.25,256.56,256.56,81.69
TXN3938,East,Grocery,Credit Card,Guest,576.78,9,5191.02,20.1,1043.4,4147.62,,124.54
TXN3939,West,Apparel,Cash,New,414.72,5,2073.6,2.72,56.4,2017.2,403.44,
TXN3940,East,Furniture,Wallet,Guest,621.57,15,9323.55,19.53,1820.89,7502.66,500.18,148.59
TXN3941,North,Furniture,Cash,New,733.01,16,11728.16,23.51,2757.29,8970.87,560.68,18.7
TXN3942,North,Apparel,Cash,Returning,324.98,11,3574.78,8.58,306.72,3268.06,297.1,32.64
TXN3943,East,Apparel,Credit Card,Returning,508.32,11,5591.52,11.55,645.82,4945.7,449.61,15.52
TXN3944,East,Apparel,Wallet,New,565.3,10,5653,9.52,538.17,,511.48,
TXN3945,East,Apparel,Credit Card,Member,78.21,10,782.1,3.84,,752.07,75.21,98.81
TXN3946,West,Grocery,Cash,Guest,333.73,3,,10.49,105.02,896.17,298.72,51.39
TXN3947,South,Electronics,Wallet,New,565.3,12,6783.6,9.09,616.63,6166.97,513.91,51.39
TXN3948,North,Apparel,Credit Card,New,852.03,4,3408.12,6.24,212.67,3195.45,798.86,53.17
TXN3949,North,Apparel,Credit Card,Returning,862.11,12,10345.32,3.63,375.54,9969.78,830.82,31.29
TXN3950,North,Furniture,UPI,Guest,265.93,10,2659.3,3.24,86.16,2573.14,257.31,8.62
TXN3951,West,Furniture,Cash,Guest,842.98,19,16016.62,20.23,3240.16,12776.46,672.45,170.53
TXN3952,South,Apparel,UPI,New,693.42,4,2773.68,3.55,98.47,2675.21,668.8,24.62
TXN3953,North,Furniture,Wallet,New,255.1,18,4591.8,10.9,500.51,4091.29,227.29,27.81
TXN3954,North,Furniture,UPI,Guest,984.03,3,2952.09,24.56,725.03,2227.06,742.35,241.68
TXN3955,East,Grocery,Wallet,Member,910.64,6,5463.84,21.8,1191.12,4272.72,712.12,198.52
TXN3956,South,Apparel,UPI,Member,498.14,17,8468.38,19.42,1644.56,6823.82,401.4,96.74
TXN3957,South,Furniture,Cash,Returning,152.86,16,2445.76,7.95,194.44,2251.32,140.71,12.15
TXN3958,South,Furniture,Credit Card,Guest,258.4,13,3359.2,23.96,804.86,2554.34,196.49,61.91
TXN3959,North,Grocery,UPI,Returning,953.69,17,16212.73,20.67,3351.17,12861.56,,
TXN3960,North,Furniture,Cash,Member,240.37,2,480.74,5.3,25.48,455.26,227.63,12.74
TXN3961,South,Furniture,Credit Card,Guest,272.16,10,2721.6,25.45,692.65,2028.95,202.9,69.26
TXN3962,South,Grocery,Credit Card,New,554.98,5,2774.9,25.78,715.37,2059.53,411.91,143.07
TXN3963,North,Apparel,Wallet,Guest,971.78,15,14576.7,18.17,2648.59,11928.11,795.21,176.57
TXN3964,West,Furniture,Cash,Guest,497.97,4,1991.88,23.44,466.9,1524.98,381.25,116.72
TXN3965,East,Apparel,UPI,New,449.02,16,7184.32,22.04,1583.42,5600.9,350.06,98.96
TXN3966,South,Grocery,Credit Card,Member,684.58,3,2053.74,20.53,421.63,1632.11,544.04,140.54
TXN3967,South,Apparel,Wallet,Guest,951.53,5,4757.65,19.58,931.55,3826.1,765.22,186.31
TXN3968,North,Apparel,Cash,Guest,655.35,1,655.35,18.62,122.03,533.32,533.32,122.03
TXN3969,East,Furniture,UPI,Member,482.08,16,7713.28,1.42,109.53,7603.75,475.23,6.85
TXN3970,East,Grocery,UPI,Guest,692.16,14,9690.24,11.86,1149.26,8540.98,610.07,82.09
TXN3971,West,Grocery,UPI,Returning,176.94,3,530.82,12.5,66.35,464.47,154.82,22.12
TXN3972,North,Electronics,Cash,Member,344.23,11,3786.53,21.64,819.41,2967.12,269.74,74.49
TXN3973,West,Apparel,UPI,Returning,552.03,12,6624.36,23.77,1574.61,5049.75,420.81,131.22
TXN3974,West,Apparel,Wallet,New,373.14,9,3358.26,12.04,404.33,2953.93,328.21,44.93
TXN3975,North,Grocery,UPI,Returning,969.47,4,3877.88,15.34,594.87,3283.01,820.75,148.72
TXN3976,West,Furniture,Cash,Member,875.07,7,6125.49,0.28,17.15,6108.34,872.62,2.45
TXN3977,East,Grocery,Cash,Member,243.75,2,487.5,29.45,143.57,343.93,171.97,71.78
TXN3978,South,Furniture,Credit Card,Guest,272.16,10,2721.6,25.45,692.65,2028.95,202.9,69.26
TXN3979,South,Grocery,Credit Card,New,554.98,5,2774.9,25.78,715.37,2059.53,411.91,143.07
TXN3980,North,Apparel,Wallet,Guest,971.78,15,14576.7,18.17,2648.59,11928.11,795.21,176.57
TXN3981,West,Furniture,Cash,Guest,497.97,4,1991.88,23.44,466.9,1524.98,381.25,116.72
TXN3982,East,Apparel,UPI,New,449.02,16,7184.32,22.04,1583.42,5600.9,350.06,98.96
TXN3983,South,Grocery,Credit Card,Member,684.58,3,2053.74,20.53,421.63,1632.11,,
TXN3984,South,Apparel,Wallet,Guest,951.53,5,4757.65,19.58,931.55,3826.1,765.22,186.31
TXN3985,North,Apparel,Cash,Guest,655.35,1,655.35,18.62,122.03,533.32,533.32,122.03
TXN3986,East,Furniture,UPI,Member,482.08,16,7713.28,1.42,109.53,7603.75,475.23,6.85
TXN3987,East,Grocery,UPI,Guest,692.16,14,9690.24,11.86,1149.26,8540.98,610.07,82.09
TXN3988,West,Grocery,UPI,Returning,176.94,3,530.82,12.5,66.35,464.47,154.82,
TXN3989,North,Electronics,Cash,Member,344.23,11,3786.53,21.64,819.41,2967.12,,74.49
TXN3990,West,Apparel,UPI,Returning,552.03,12,6624.36,23.77,1574.61,5049.75,420.81,
TXN3991,West,Apparel,Wallet,New,373.14,9,3358.26,12.04,404.33,2953.93,328.21,44.93
TXN3992,North,Grocery,UPI,Returning,969.47,4,3877.88,15.34,594.87,3283.01,820.75,148.72
TXN3993,West,Furniture,Cash,Member,875.07,7,6125.49,0.28,17.15,6108.34,872.62,2.45
TXN3994,East,Grocery,Cash,Member,243.75,2,487.5,29.45,143.57,343.93,171.97,71.78
TXN3995,South,Apparel,UPI,Guest,949.62,3,2848.86,17.55,499.97,2348.89,782.96,166.66
TXN3996,North,Electronics,UPI,Member,576.8,13,7498.4,26.78,2008.07,5490.33,422.33,154.47
TXN3997,North,Apparel,Credit Card,Guest,344.98,14,4829.72,13.83,667.95,4161.77,297.27,47.71
TXN3998,East,Grocery,Cash,Guest,488.95,2,977.9,16.07,157.15,820.75,410.38,78.57
TXN3999,East,Furniture,Cash,Member,603.98,5,3019.9,22.55,680.99,2338.91,467.78,136.2
TXN4000,East,Grocery,Cash,Member,575.37,13,7479.81,0.54,40.39,7439.42,572.26,3.11
TXN4001,East,Apparel,Cash,Member,707.42,10,7074.2,5.24,370.69,6703.51,670.35,37.07
TXN4002,South,Electronics,Credit Card,Member,123.13,18,2216.34,16.71,370.35,1845.99,102.55,20.58
TXN4003,West,Apparel,Cash,Returning,321.14,11,3532.54,19.9,702.98,2829.56,257.23,63.91
TXN4004,South,Apparel,Wallet,Returning,368.71,17,6268.07,6.39,400.53,5867.54,345.15,23.56
TXN4005,North,Apparel,Credit Card,Guest,904.01,9,8136.09,11.72,953.55,7182.54,798.06,105.95
TXN4006,South,Grocery,Cash,Returning,939,13,12207,5.63,687.25,11519.75,886.13,52.87
TXN4007,West,Grocery,Credit Card,Returning,874.92,17,14873.64,29.76,4426.4,10447.24,614.54,260.38
TXN4008,West,Apparel,UPI,Member,950.3,11,10453.3,4.16,434.86,10018.44,910.77,39.53
TXN4009,West,Furniture,Cash,Returning,575.6,1,575.6,6.81,39.2,536.4,536.4,39.2
TXN4010,South,Grocery,Credit Card,Guest,765.6,16,12249.6,21.08,2582.22,9667.38,604.21,161.39
TXN4011,South,Grocery,UPI,Returning,266.5,4,1066,9.62,102.55,963.45,240.86,25.64
TXN4012,West,Grocery,Cash,New,280.73,3,842.19,10.02,84.39,757.8,252.6,28.13
TXN4013,West,Apparel,Credit Card,New,258.71,16,4139.36,21.25,879.61,3259.75,203.73,54.98
TXN4014,East,Furniture,UPI,Member,532.33,4,2129.32,24.79,527.86,1601.46,400.37,131.96
TXN4015,North,Grocery,UPI,Returning,62.18,13,808.34,27.95,225.93,582.41,44.8,17.38
TXN4016,West,Electronics,Wallet,Member,395.42,18,7117.56,21.35,1519.6,5597.96,311,84.42
TXN4017,South,Electronics,Cash,New,637.89,7,4465.23,19.75,881.88,3583.35,511.91,125.98
TXN4018,West,Apparel,Wallet,Member,318.61,11,3504.71,24.31,852,2652.71,241.16,77.45
TXN4019,West,Electronics,Wallet,Returning,195.9,4,783.6,12.97,101.63,681.97,170.49,25.41
TXN4020,West,Grocery,Wallet,Guest,816.14,17,13874.38,17.55,2434.95,11439.43,672.91,143.23
TXN4021,South,Electronics,Wallet,New,707.72,16,11323.52,4.35,492.57,10830.95,676.93,30.79
TXN4022,East,Grocery,Credit Card,New,54.87,8,438.96,11.55,50.7,388.26,48.53,6.34
TXN4023,West,Grocery,Wallet,Member,625.97,11,6885.67,24.8,1707.65,5178.02,470.73,155.24
TXN4024,North,Furniture,Credit Card,Guest,881.09,10,8810.9,7.98,703.11,8107.79,810.78,70.31
TXN4025,West,Electronics,Wallet,Returning,685.66,10,6856.6,10.31,706.92,6149.68,614.97,70.69
TXN4026,South,Grocery,Cash,Guest,200.77,19,3814.63,28.11,1072.29,2742.34,144.33,56.44
TXN4027,North,Electronics,UPI,Returning,947.02,6,5682.12,4.05,230.13,5451.99,908.67,38.35
TXN4028,South,Furniture,Credit Card,Member,765.53,18,13779.54,2.14,294.88,13484.66,749.15,16.38
TXN4029,East,Apparel,Wallet,Member,292.97,18,5273.46,6.82,359.65,4913.81,272.99,19.98
TXN4030,East,Furniture,Wallet,Returning,169.37,9,1524.33,5.77,87.95,1436.38,159.6,
TXN4031,North,Furniture,UPI,Member,445.18,19,8458.42,10.97,927.89,7530.53,396.34,48.84
TXN4032,West,Electronics,UPI,Returning,269.81,1,269.81,4.91,13.25,256.56,256.56,13.25
TXN4033,East,Grocery,Credit Card,Guest,576.78,9,5191.02,20.1,1043.4,4147.62,460.85,115.93
TXN4034,West,Apparel,Cash,New,414.72,5,2073.6,2.72,56.4,2017.2,403.44,11.28
TXN4035,East,Furniture,Wallet,Guest,621.57,15,9323.55,19.53,1820.89,7502.66,500.18,121.39
TXN4036,North,Furniture,Cash,New,733.01,16,11728.16,23.51,2757.29,8970.87,560.68,172.33
TXN4037,North,Apparel,Cash,Returning,324.98,11,3574.78,8.58,306.72,3268.06,297.1,27.88
TXN4038,South,Grocery,Cash,Guest,200.77,19,3814.63,28.11,1072.29,2742.34,144.33,56.44
TXN4039,North,Electronics,UPI,Returning,947.02,6,5682.12,4.05,230.13,5451.99,908.67,38.35
TXN4040,South,Furniture,Credit Card,Member,765.53,18,13779.54,2.14,294.88,13484.66,749.15,
TXN4041,East,Apparel,Wallet,Member,292.97,18,5273.46,6.82,359.65,4913.81,272.99,19.98
TXN4042,East,Furniture,Wallet,Returning,169.37,9,1524.33,5.77,87.95,1436.38,159.6,
TXN4043,North,Furniture,UPI,Member,445.18,19,8458.42,10.97,927.89,7530.53,396.34,48.84
TXN4044,West,Electronics,UPI,Returning,269.81,1,269.81,4.91,13.25,256.56,256.56,13.25
TXN4045,East,Grocery,Credit Card,Guest,576.78,9,5191.02,20.1,1043.4,4147.62,460.85,115.93
TXN4046,West,Apparel,Cash,New,414.72,5,2073.6,2.72,56.4,2017.2,,11.28
TXN4047,East,Furniture,Wallet,Guest,621.57,15,9323.55,19.53,1820.89,7502.66,500.18,121.39
TXN4048,North,Furniture,Cash,New,733.01,16,11728.16,23.51,2757.29,8970.87,560.68,172.33
TXN4049,North,Apparel,Cash,Returning,324.98,11,3574.78,8.58,306.72,3268.06,297.1,27.88
TXN4050,East,Grocery,Cash,Returning,309.34,6,1856.04,7.78,144.4,1711.64,285.27,24.07
TXN4051,West,Electronics,UPI,Member,975.18,17,16578.06,10.51,1742.35,14835.71,872.69,102.49
TXN4052,West,Furniture,Wallet,Returning,989.05,11,10879.55,24.29,2642.64,8236.91,748.81,240.24
TXN4053,East,Furniture,Wallet,Returning,860.54,16,13768.64,25.51,3512.38,10256.26,641.02,219.52
TXN4054,North,Furniture,Wallet,New,530.16,15,7952.4,24.14,1919.71,6032.69,402.18,127.98
TXN4055,South,Furniture,Credit Card,Guest,272.16,10,2721.6,25.45,692.65,2028.95,202.9,69.26
TXN4056,South,Grocery,Credit Card,New,554.98,5,2774.9,25.78,715.37,2059.53,411.91,143.07
TXN4057,North,Apparel,Wallet,Guest,971.78,15,14576.7,18.17,2648.59,11928.11,795.21,176.57
TXN4058,West,Furniture,Cash,Guest,497.97,4,1991.88,23.44,466.9,1524.98,381.25,116.72
TXN4059,East,Apparel,UPI,New,449.02,16,7184.32,22.04,1583.42,5600.9,,98.96
TXN4060,South,Grocery,Credit Card,Member,684.58,3,2053.74,20.53,421.63,1632.11,544.04,140.54
TXN4061,South,Apparel,Wallet,Guest,951.53,5,4757.65,19.58,931.55,3826.1,765.22,
TXN4062,North,Apparel,Cash,Guest,655.35,1,655.35,18.62,122.03,533.32,533.32,122.03
TXN4063,East,Furniture,UPI,Member,482.08,16,7713.28,1.42,109.53,7603.75,475.23,6.85
TXN4064,East,Grocery,UPI,Guest,692.16,14,9690.24,11.86,1149.26,8540.98,610.07,82.09
TXN4065,West,Grocery,UPI,Returning,176.94,3,530.82,12.5,66.35,464.47,154.82,22.12
TXN4066,East,Grocery,Cash,Member,564.31,3,1692.93,22.07,373.63,1319.3,439.77,124.54
TXN4067,North,Furniture,UPI,New,847.74,10,8477.4,8.8,746.01,7731.39,773.14,74.6
TXN4068,East,Grocery,Wallet,Returning,488.43,6,2930.58,7.35,215.4,2715.18,452.53,35.9
TXN4069,North,Apparel,Credit Card,Member,700.8,9,6307.2,1.08,68.12,6239.08,693.23,7.57
TXN4070,North,Grocery,Cash,Guest,72.72,18,1308.96,7.66,100.27,1208.69,67.15,5.57
TXN4071,North,Grocery,Wallet,New,789.98,1,789.98,28.44,224.67,565.31,565.31,224.67
TXN4072,North,Furniture,UPI,New,209.55,3,628.65,5.89,37.03,591.62,197.21,12.34
TXN4073,West,Furniture,Cash,New,929.52,10,9295.2,18.2,1691.73,7603.47,760.35,169.17
TXN4074,South,Apparel,UPI,Guest,733.77,13,9539.01,6.31,601.91,8937.1,687.47,46.3
TXN4075,West,Grocery,Wallet,Returning,804.83,5,4024.15,10.15,408.45,3615.7,723.14,81.69
TXN4076,East,Grocery,Cash,Returning,309.34,6,1856.04,7.78,144.4,1711.64,285.27,24.07
TXN4077,West,Electronics,UPI,Member,975.18,17,16578.06,10.51,1742.35,14835.71,872.69,102.49
TXN4078,West,Furniture,Wallet,Returning,989.05,11,10879.55,24.29,2642.64,8236.91,748.81,240.24
TXN4079,West,Grocery,Wallet,Returning,804.83,5,4024.15,10.15,408.45,3615.7,723.14,
TXN4080,East,Grocery,Cash,Returning,309.34,6,1856.04,7.78,144.4,1711.64,285.27,24.07
TXN4081,West,Electronics,UPI,Member,975.18,17,16578.06,10.51,1742.35,14835.71,872.69,102.49
TXN4082,West,Furniture,Wallet,Returning,989.05,11,10879.55,24.29,2642.64,8236.91,,240.24
TXN4083,East,Furniture,Wallet,Returning,860.54,16,13768.64,25.51,3512.38,10256.26,641.02,219.52
TXN4084,North,Furniture,Wallet,New,530.16,15,7952.4,24.14,1919.71,6032.69,,
TXN4085,South,Furniture,Credit Card,Guest,272.16,10,2721.6,25.45,692.65,2028.95,202.9,69.26
TXN4086,South,Grocery,Credit Card,New,554.98,5,2774.9,25.78,715.37,2059.53,411.91,143.07
TXN4087,North,Apparel,Wallet,Guest,971.78,15,14576.7,18.17,2648.59,11928.11,795.21,176.57
TXN4088,West,Furniture,Cash,Guest,497.97,4,1991.88,23.44,466.9,1524.98,381.25,
TXN4089,East,Apparel,UPI,New,449.02,16,7184.32,22.04,1583.42,5600.9,350.06,98.96
TXN4090,South,Grocery,Credit Card,Member,684.58,3,2053.74,20.53,421.63,1632.11,544.04,140.54
TXN4091,South,Apparel,Wallet,Guest,951.53,5,4757.65,19.58,931.55,3826.1,765.22,186.31
TXN4092,North,Apparel,Cash,Guest,655.35,1,655.35,18.62,122.03,533.32,533.32,122.03
TXN4093,East,Furniture,UPI,Member,482.08,16,7713.28,1.42,109.53,7603.75,475.23,6.85
TXN4094,East,Grocery,UPI,Guest,692.16,14,9690.24,11.86,1149.26,8540.98,610.07,82.09
TXN4095,West,Grocery,UPI,Returning,176.94,3,530.82,12.5,66.35,464.47,154.82,22.12
TXN4096,North,Electronics,Cash,Member,344.23,11,3786.53,21.64,819.41,2967.12,269.74,74.49
TXN4097,West,Apparel,UPI,Returning,552.03,12,6624.36,23.77,1574.61,5049.75,420.81,131.22
TXN4098,West,Apparel,Wallet,New,373.14,9,3358.26,12.04,404.33,2953.93,328.21,44.93
TXN4099,North,Grocery,UPI,Returning,969.47,4,3877.88,15.34,594.87,3283.01,820.75,148.72
TXN4100,West,Furniture,Cash,Member,875.07,7,6125.49,0.28,17.15,6108.34,872.62,2.45
TXN4101,East,Grocery,Cash,Member,243.75,2,487.5,29.45,143.57,343.93,171.97,71.78
TXN4102,South,Electronics,UPI,Returning,75.03,5,375.15,10.93,41,334.15,66.83,8.2
TXN4103,East,Apparel,Credit Card,Returning,106.02,6,636.12,28.92,183.97,452.15,75.36,30.66
TXN4104,East,Electronics,Cash,Returning,139.04,5,695.2,2.53,17.59,677.61,,3.52
TXN4105,West,Apparel,UPI,Guest,809.42,19,15378.98,21.84,3358.77,12020.21,632.64,
TXN4106,South,Electronics,Wallet,Returning,898.84,10,8988.4,4.86,436.84,8551.56,855.16,43.68
TXN4107,West,Electronics,Credit Card,Guest,380.48,11,4185.28,16.38,685.55,3499.73,318.16,62.32
TXN4108,North,Grocery,Wallet,New,75.34,19,1431.46,10.8,154.6,1276.86,67.2,8.14
TXN4109,East,Apparel,UPI,Member,651.97,17,11083.49,15.68,1737.89,9345.6,549.74,102.23
TXN4110,North,Electronics,UPI,Guest,234.82,15,3522.3,17.41,613.23,2909.07,193.94,40.88
TXN4111,South,Furniture,Credit Card,Returning,134.48,10,1344.8,9.9,133.14,1211.66,121.17,13.31
TXN4112,West,Furniture,Cash,Guest,293.04,4,1172.16,24.03,281.67,890.49,222.62,70.42
TXN4113,North,Grocery,Cash,New,669.35,11,7362.85,17.98,1323.84,6039.01,549,120.35
TXN4114,South,Grocery,Cash,New,440.33,4,1761.32,21.82,384.32,1377,344.25,96.08
TXN4115,South,Furniture,Cash,New,792.77,11,8720.47,21.53,1877.52,6842.95,622.09,170.68
TXN4116,South,Furniture,UPI,Guest,626.06,4,2504.24,27.38,685.66,1818.58,454.64,171.42
TXN4117,South,Electronics,Credit Card,New,788.25,6,4729.5,22.91,1083.53,3645.97,607.66,180.59
TXN4118,West,Electronics,Wallet,Member,207.09,14,2899.26,0.83,24.06,2875.2,205.37,1.72
TXN4119,South,Electronics,Wallet,Guest,542.11,17,9215.87,12.74,1174.1,8041.77,473.05,69.06
TXN4120,East,Apparel,Cash,New,424.26,6,2545.56,15.15,385.65,2159.91,359.98,64.28
TXN4121,East,Furniture,Wallet,Returning,833,11,9163,20.53,1881.16,7281.84,661.99,171.01
TXN4122,South,Electronics,Credit Card,Guest,67.98,14,951.72,14.15,134.67,817.05,58.36,9.62
TXN4123,West,Electronics,Wallet,Guest,285.02,8,2280.16,5.18,118.11,2162.05,270.26,14.76
TXN4124,South,Electronics,UPI,New,893.58,15,13403.7,12.03,1612.47,11791.23,786.08,107.5
TXN4125,South,Apparel,Credit Card,Member,856.59,17,14562.03,12.3,1791.13,12770.9,751.23,105.36
TXN4126,South,Grocery,Credit Card,Guest,587.95,6,3527.7,9.6,338.66,3189.04,531.51,56.44
TXN4127,West,Apparel,UPI,Member,273.64,10,2736.4,1.75,47.89,2688.51,268.85,4.79
TXN4128,West,Apparel,Credit Card,Returning,289.78,19,5505.82,23.8,1310.39,4195.43,220.81,68.97
TXN4129,South,Apparel,UPI,Guest,949.62,3,2848.86,17.55,499.97,2348.89,782.96,166.66
TXN4130,North,Electronics,UPI,Member,576.8,13,7498.4,26.78,2008.07,5490.33,422.33,154.47
TXN4131,North,Apparel,Credit Card,Guest,344.98,14,4829.72,13.83,667.95,4161.77,,47.71
TXN4132,East,Grocery,Cash,Guest,488.95,2,977.9,16.07,157.15,820.75,410.38,78.57
TXN4133,East,Furniture,Cash,Member,603.98,5,3019.9,22.55,680.99,2338.91,467.78,
TXN4134,East,Grocery,Cash,Member,575.37,13,7479.81,0.54,40.39,7439.42,572.26,3.11
TXN4135,East,Apparel,Cash,Member,707.42,10,7074.2,5.24,370.69,6703.51,670.35,37.07
TXN4136,South,Electronics,Credit Card,Member,123.13,18,2216.34,16.71,370.35,1845.99,102.55,20.58
TXN4137,West,Apparel,Cash,Returning,321.14,11,3532.54,19.9,702.98,2829.56,257.23,63.91
TXN4138,South,Apparel,Wallet,Returning,368.71,17,6268.07,6.39,400.53,5867.54,345.15,
TXN4139,North,Apparel,Credit Card,Guest,904.01,9,8136.09,11.72,953.55,7182.54,798.06,105.95
TXN4140,South,Grocery,Cash,Returning,939,13,12207,5.63,687.25,11519.75,886.13,52.87
TXN4141,West,Grocery,Credit Card,Returning,874.92,17,14873.64,29.76,4426.4,10447.24,614.54,260.38
TXN4142,West,Apparel,UPI,Member,950.3,11,10453.3,4.16,434.86,10018.44,910.77,39.53
TXN4143,West,Furniture,Cash,Returning,575.6,1,575.6,6.81,39.2,536.4,536.4,39.2
TXN4144,South,Grocery,Credit Card,Guest,765.6,16,12249.6,21.08,2582.22,9667.38,,161.39
TXN4145,South,Grocery,UPI,Returning,266.5,4,1066,9.62,102.55,963.45,240.86,25.64
TXN4146,West,Grocery,Cash,New,280.73,3,842.19,10.02,84.39,757.8,252.6,28.13
TXN4147,West,Apparel,Credit Card,New,258.71,16,4139.36,21.25,879.61,3259.75,203.73,54.98
TXN4148,East,Furniture,UPI,Member,532.33,4,2129.32,24.79,527.86,1601.46,400.37,
TXN4149,North,Grocery,UPI,Returning,62.18,13,808.34,27.95,225.93,582.41,44.8,17.38
TXN4150,West,Electronics,Wallet,Member,395.42,18,7117.56,21.35,1519.6,5597.96,311,84.42
TXN4151,South,Electronics,Cash,New,637.89,7,4465.23,19.75,881.88,3583.35,511.91,125.98
TXN4152,West,Apparel,Wallet,Member,318.61,11,3504.71,24.31,852,2652.71,241.16,77.45
TXN4153,West,Electronics,Wallet,Returning,195.9,4,783.6,12.97,101.63,681.97,,25.41
TXN4154,West,Grocery,Wallet,Guest,816.14,17,13874.38,17.55,2434.95,11439.43,672.91,143.23
TXN4155,South,Electronics,Wallet,New,707.72,16,11323.52,4.35,492.57,10830.95,676.93,30.79
TXN4156,East,Grocery,Credit Card,New,54.87,8,438.96,11.55,50.7,388.26,48.53,6.34
TXN4157,West,Grocery,Wallet,Member,625.97,11,6885.67,24.8,1707.65,5178.02,,155.24
TXN4158,North,Furniture,Credit Card,Guest,881.09,10,8810.9,7.98,703.11,8107.79,810.78,70.31
TXN4159,West,Electronics,Wallet,Returning,685.66,10,6856.6,10.31,706.92,6149.68,614.97,70.69
TXN4160,South,Grocery,Cash,Guest,200.77,19,3814.63,28.11,1072.29,2742.34,144.33,
TXN4161,North,Electronics,UPI,Returning,947.02,6,5682.12,4.05,230.13,5451.99,908.67,38.35
TXN4162,South,Furniture,Credit Card,Member,765.53,18,13779.54,2.14,294.88,13484.66,749.15,16.38
TXN4163,East,Apparel,Wallet,Member,292.97,18,5273.46,6.82,359.65,4913.81,272.99,19.98
TXN4164,East,Furniture,Wallet,Returning,169.37,9,1524.33,5.77,87.95,1436.38,159.6,
TXN4165,North,Furniture,UPI,Member,445.18,19,8458.42,10.97,927.89,7530.53,396.34,48.84
TXN4166,West,Electronics,UPI,Returning,269.81,1,269.81,4.91,13.25,256.56,256.56,13.25
TXN4167,East,Grocery,Credit Card,Guest,576.78,9,5191.02,20.1,1043.4,4147.62,460.85,115.93
TXN4168,West,Apparel,Cash,New,414.72,5,2073.6,2.72,56.4,2017.2,403.44,11.28
TXN4169,East,Furniture,Wallet,Guest,621.57,15,9323.55,19.53,1820.89,7502.66,500.18,121.39
TXN4170,North,Furniture,Cash,New,733.01,16,11728.16,23.51,2757.29,8970.87,560.68,172.33
TXN4171,North,Apparel,Cash,Returning,324.98,11,3574.78,8.58,306.72,3268.06,297.1,27.88
TXN4172,East,Apparel,Credit Card,Returning,508.32,11,5591.52,11.55,645.82,4945.7,449.61,58.71
TXN4173,East,Apparel,Wallet,New,565.3,10,5653,9.52,538.17,5114.83,511.48,53.82
TXN4174,East,Apparel,Credit Card,Member,78.21,10,782.1,3.84,30.03,752.07,75.21,3
TXN4175,West,Grocery,Cash,Guest,333.73,3,1001.19,10.49,105.02,896.17,298.72,35.01
TXN4176,North,Grocery,Cash,Returning,436.48,16,6983.68,13.56,946.99,6036.69,377.29,59.19
TXN4177,West,Grocery,Cash,New,139.52,13,1813.76,5.51,99.94,1713.82,131.83,7.69
TXN4178,North,Grocery,Credit Card,Guest,361.08,9,3249.72,6.43,208.96,3040.76,337.86,23.22
TXN4179,South,Grocery,UPI,Returning,142.21,10,1422.1,14.79,210.33,1211.77,121.18,21.03
TXN4180,West,Grocery,Credit Card,Returning,493.67,15,7405.05,19.52,1445.47,5959.58,397.31,96.36
TXN4181,West,Apparel,UPI,Member,90.55,1,90.55,14.63,13.25,77.3,77.3,13.25
TXN4182,North,Furniture,Credit Card,Member,776.1,6,4656.6,17.57,818.16,3838.44,639.74,136.36
TXN4183,West,Grocery,UPI,Guest,529.15,10,5291.5,3.39,179.38,5112.12,511.21,17.94
TXN4184,North,Electronics,Cash,Member,64.44,14,902.16,11.5,103.75,798.41,57.03,7.41
TXN4185,West,Furniture,Wallet,New,122.88,7,860.16,21.74,187,673.16,,26.71
TXN4186,West,Apparel,Cash,Member,387.57,19,7363.83,17.99,1324.75,6039.08,317.85,69.72
TXN4187,North,Electronics,UPI,New,218.47,17,3713.99,28.85,1071.49,2642.5,155.44,63.03
TXN4188,North,Furniture,Wallet,New,765.62,6,4593.72,21.34,980.3,3613.42,602.24,
TXN4189,East,Electronics,Credit Card,Returning,428.87,1,428.87,14.01,60.08,368.79,368.79,60.08
TXN4190,West,Apparel,UPI,Member,508.12,10,5081.2,4.73,240.34,4840.86,484.09,24.03
TXN4191,East,Furniture,Credit Card,Guest,727.98,16,11647.68,0.52,60.57,11587.11,724.19,3.79
TXN4192,South,Electronics,Credit Card,Returning,422.7,8,3381.6,16.92,572.17,2809.43,351.18,71.52
TXN4193,East,Grocery,UPI,Returning,922.99,18,16613.82,6.14,1020.09,15593.73,866.32,56.67
TXN4194,North,Furniture,UPI,Returning,111.43,18,2005.74,10.6,212.61,1793.13,99.62,11.81
TXN4195,North,Apparel,UPI,Returning,482.24,1,482.24,28.75,138.64,343.6,343.6,138.64
TXN4196,West,Electronics,Credit Card,Guest,462.44,2,924.88,13.5,124.86,800.02,400.01,62.43
TXN4197,South,Apparel,Wallet,Member,70.04,6,420.24,29.07,122.16,298.08,49.68,20.36
TXN4198,East,Electronics,Credit Card,New,937.38,5,4686.9,21.95,1028.77,3658.13,731.63,205.75
TXN4199,South,Grocery,Credit Card,Member,955.36,9,8598.24,22.63,1945.78,6652.46,,216.2
TXN4200,South,Furniture,Cash,New,818.27,4,3273.08,26.92,881.11,2391.97,597.99,220.28
TXN4201,West,Grocery,Credit Card,Guest,526.5,4,2106,19.74,415.72,1690.28,422.57,103.93
TXN4202,West,Apparel,Cash,Returning,866.64,16,13866.24,1.55,214.93,13651.31,853.21,13.43
TXN4203,West,Electronics,UPI,Guest,567.43,2,1134.86,6.79,77.06,1057.8,528.9,
TXN4204,North,Grocery,UPI,Member,726.13,9,6535.17,8.53,557.45,5977.72,664.19,61.94
TXN4205,South,Electronics,Wallet,New,588.78,2,1177.56,2.58,30.38,1147.18,573.59,15.19
TXN4206,North,Grocery,Credit Card,Returning,728.71,12,8744.52,8.83,772.14,7972.38,664.36,64.35
TXN4207,North,Grocery,UPI,Member,946.99,2,1893.98,1.86,35.23,1858.75,929.38,
TXN4208,East,Electronics,Credit Card,Member,530.03,14,7420.42,21.1,1565.71,5854.71,418.19,111.84
TXN4209,East,Grocery,Credit Card,Member,269.65,11,2966.15,22.34,662.64,2303.51,209.41,60.24
TXN4210,North,Electronics,Credit Card,New,796.39,13,10353.07,1.1,113.88,10239.19,787.63,8.76
TXN4211,West,Grocery,Wallet,Member,788.12,2,1576.24,19.67,310.05,1266.19,633.1,155.02
TXN4212,North,Electronics,UPI,Member,846.65,11,9313.15,16.43,1530.15,7783,707.55,139.1
TXN4213,South,Furniture,UPI,Guest,121.44,18,2185.92,14.26,311.71,1874.21,104.12,17.32
TXN4214,East,Furniture,UPI,Returning,208.82,18,3758.76,25.69,965.63,2793.13,155.17,53.65
TXN4215,North,Electronics,Wallet,Guest,95.25,3,285.75,20.37,58.21,227.54,75.85,19.4
TXN4216,North,Electronics,Cash,Returning,85.1,6,510.6,28.97,147.92,362.68,60.45,24.65
TXN4217,North,Electronics,UPI,Member,784.31,13,10196.03,16.91,1724.15,8471.88,651.68,
TXN4218,South,Apparel,Wallet,Returning,986.56,9,,26.94,2392.01,6487.03,720.78,
TXN4219,South,Electronics,Credit Card,Member,506.45,18,9116.1,19.32,,7354.87,408.6,
TXN4220,East,Apparel,UPI,Member,502.96,19,9556.24,1.57,,9406.21,495.06,
TXN4221,North,Apparel,Credit Card,Returning,454.71,2,909.42,17.64,160.42,749,374.5,80.21
TXN4222,North,Electronics,Cash,New,913.33,19,17353.27,7.75,1344.88,16008.39,,
TXN4223,West,Electronics,Wallet,Guest,56.8,6,340.8,2.49,8.49,332.31,55.39,1.41
TXN4224,South,Furniture,Cash,Guest,106.32,2,212.64,19.62,41.72,170.92,85.46,20.86
TXN4225,South,Grocery,Cash,Returning,271.31,19,5154.89,12.91,665.5,4489.39,236.28,35.03
TXN4226,South,Electronics,UPI,Member,583.8,3,1751.4,12.39,217,1534.4,511.47,72.33
TXN4227,South,Furniture,UPI,New,674.28,4,2697.12,12.24,330.13,2366.99,591.75,82.53
TXN4228,North,Apparel,Cash,Member,83.38,3,250.14,13.98,34.97,215.17,71.72,11.66
TXN4229,West,Apparel,UPI,New,581.39,7,4069.73,,1097.2,2972.53,424.65,156.74
TXN4230,South,Apparel,Wallet,Returning,986.56,9,8879.04,26.94,,6487.03,720.78,20.64
TXN4231,South,Electronics,Credit Card,Member,506.45,18,9116.1,19.32,1761.23,,408.6,174.93
TXN4232,East,Apparel,UPI,Member,502.96,19,9556.24,1.57,150.03,9406.21,495.06,163.9
TXN4233,North,Apparel,Credit Card,Returning,454.71,2,909.42,17.64,,749,374.5,125.36
TXN4234,North,Electronics,Cash,New,913.33,19,17353.27,7.75,1344.88,16008.39,842.55,77.66
TXN4235,West,Electronics,Wallet,Guest,56.8,6,340.8,2.49,8.49,332.31,55.39,109.79
TXN4236,South,Furniture,Cash,Guest,106.32,2,212.64,19.62,41.72,170.92,85.46,11.66
TXN4237,South,Grocery,Cash,Returning,271.31,19,5154.89,12.91,665.5,4489.39,236.28,156.74
TXN4238,South,Electronics,UPI,Member,583.8,3,1751.4,12.39,217,1534.4,511.47,20.64
TXN4239,South,Furniture,UPI,New,674.28,4,2697.12,12.24,330.13,2366.99,591.75,174.93
TXN4240,North,Apparel,Cash,Member,83.38,3,250.14,13.98,34.97,215.17,71.72,163.9
TXN4241,West,Apparel,UPI,New,581.39,7,4069.73,26.96,1097.2,2972.53,424.65,125.36
TXN4242,East,Apparel,Credit Card,Returning,566.92,8,4535.36,3.64,165.09,4370.27,546.28,77.66
TXN4243,West,Furniture,Cash,Guest,704.78,5,3523.9,24.82,874.63,2649.27,529.85,109.79
TXN4244,South,Furniture,Credit Card,New,623.89,1,623.89,26.27,163.9,459.99,459.99,143.23
TXN4245,East,Apparel,Credit Card,Returning,566.92,8,4535.36,3.64,165.09,4370.27,546.28,30.79
TXN4246,West,Furniture,Cash,Guest,704.78,5,3523.9,24.82,874.63,2649.27,529.85,6.34
TXN4247,South,Furniture,Credit Card,New,623.89,1,623.89,,,459.99,459.99,155.24
TXN4248,West,Furniture,Cash,Guest,704.78,,3523.9,24.82,874.63,,529.85,70.31
TXN4249,South,Furniture,Credit Card,New,623.89,1,623.89,26.27,163.9,459.99,,70.69
TXN4250,South,Apparel,Credit Card,Returning,502.83,5,2514.15,24.93,626.78,1887.37,377.47,56.44
TXN4251,North,Apparel,Cash,Member,733.98,14,10275.72,10.58,1087.17,9188.55,656.32,38.35
TXN4252,South,Furniture,UPI,Returning,954.7,16,,11.5,1756.65,13518.55,844.91,16.38
TXN4253,North,Apparel,Cash,Member,83.38,3,250.14,,34.97,215.17,71.72,19.98
TXN4254,West,Apparel,UPI,New,581.39,7,4069.73,26.96,,2972.53,424.65,143.23
TXN4255,East,Apparel,Credit Card,Returning,566.92,8,4535.36,3.64,165.09,,546.28,30.79
TXN4256,West,Furniture,Cash,Guest,704.78,5,3523.9,24.82,,2649.27,,6.34
TXN4257,South,Furniture,Credit Card,New,623.89,1,,26.27,163.9,459.99,459.99,155.24
TXN4258,South,Apparel,Credit Card,Returning,502.83,5,,24.93,,1887.37,377.47,70.31
TXN4259,North,Apparel,Cash,Member,733.98,14,10275.72,,1087.17,9188.55,656.32,70.69
TXN4260,South,Furniture,UPI,Returning,,16,15275.2,11.5,1756.65,,844.91,56.44
TXN4261,North,Apparel,Credit Card,Returning,454.71,2,909.42,17.64,160.42,749,374.5,80.21
TXN4262,North,Electronics,Cash,New,913.33,19,17353.27,7.75,1344.88,16008.39,,
TXN4263,West,Electronics,Wallet,Guest,56.8,6,340.8,2.49,8.49,332.31,55.39,1.41
TXN4264,South,Furniture,Cash,Guest,106.32,2,212.64,19.62,41.72,170.92,85.46,20.86
TXN4265,South,Grocery,Cash,Returning,271.31,19,5154.89,12.91,665.5,4489.39,236.28,35.03
TXN4266,South,Electronics,UPI,Member,583.8,3,1751.4,12.39,217,1534.4,511.47,72.33
TXN4267,South,Furniture,UPI,New,674.28,4,2697.12,12.24,330.13,2366.99,591.75,82.53
TXN4268,North,Apparel,Cash,Member,83.38,3,250.14,13.98,34.97,215.17,71.72,11.66
TXN4269,West,Apparel,UPI,New,581.39,7,4069.73,,1097.2,2972.53,424.65,156.74
TXN4270,South,Apparel,Wallet,Returning,986.56,9,8879.04,26.94,,6487.03,720.78,20.64
TXN4271,South,Electronics,Credit Card,Member,506.45,18,9116.1,19.32,1761.23,,408.6,174.93
TXN4272,East,Apparel,UPI,Member,502.96,19,9556.24,1.57,150.03,9406.21,495.06,163.9
TXN4273,North,Apparel,Credit Card,Returning,454.71,2,909.42,17.64,,749,374.5,125.36
TXN4274,North,Electronics,Cash,New,913.33,19,17353.27,7.75,1344.88,16008.39,842.55,77.66
TXN4275,West,Electronics,Wallet,Guest,56.8,6,340.8,2.49,8.49,332.31,55.39,109.79
TXN4276,South,Furniture,Cash,Guest,106.32,2,212.64,19.62,41.72,170.92,85.46,11.66
TXN4277,South,Grocery,Cash,Returning,271.31,19,5154.89,12.91,665.5,4489.39,236.28,156.74
TXN4278,South,Electronics,UPI,Member,583.8,3,1751.4,12.39,217,1534.4,511.47,20.64
TXN4279,South,Furniture,UPI,New,674.28,4,2697.12,12.24,330.13,2366.99,591.75,174.93
TXN4280,North,Apparel,Cash,Member,83.38,3,250.14,13.98,34.97,215.17,71.72,163.9
TXN4281,West,Apparel,UPI,New,581.39,7,4069.73,26.96,1097.2,2972.53,424.65,125.36
TXN4282,East,Apparel,Credit Card,Returning,566.92,8,4535.36,3.64,165.09,4370.27,546.28,77.66
TXN4283,West,Furniture,Cash,Guest,704.78,5,3523.9,24.82,874.63,2649.27,529.85,109.79
TXN4284,South,Furniture,Credit Card,New,623.89,1,623.89,26.27,163.9,459.99,459.99,143.23
TXN4285,East,Apparel,Credit Card,Returning,566.92,8,4535.36,3.64,165.09,4370.27,546.28,30.79
TXN4286,West,Furniture,Cash,Guest,704.78,5,3523.9,24.82,874.63,2649.27,529.85,6.34
TXN4287,South,Furniture,Credit Card,New,623.89,1,623.89,,,459.99,459.99,155.24
TXN4288,West,Furniture,Cash,Guest,704.78,,3523.9,24.82,874.63,,529.85,70.31
TXN4289,South,Furniture,Credit Card,New,623.89,1,623.89,26.27,163.9,459.99,,70.69
TXN4290,South,Apparel,Credit Card,Returning,502.83,5,2514.15,24.93,626.78,1887.37,377.47,56.44
TXN4291,North,Apparel,Cash,Member,733.98,14,10275.72,10.58,1087.17,9188.55,656.32,38.35
TXN4292,South,Furniture,UPI,Returning,954.7,16,,11.5,1756.65,13518.55,844.91,16.38
TXN4293,North,Apparel,Cash,Member,83.38,3,250.14,,34.97,215.17,71.72,19.98
TXN4294,West,Apparel,UPI,New,581.39,7,4069.73,26.96,,2972.53,424.65,143.23
TXN4295,East,Apparel,Credit Card,Returning,566.92,8,4535.36,3.64,165.09,,546.28,30.79
TXN4296,West,Furniture,Cash,Guest,704.78,5,3523.9,24.82,,2649.27,,6.34
TXN4297,South,Furniture,Credit Card,New,623.89,1,,26.27,163.9,459.99,459.99,155.24
TXN4298,South,Apparel,Credit Card,Returning,502.83,5,,24.93,,1887.37,377.47,70.31
TXN4299,North,Apparel,Cash,Member,733.98,14,10275.72,,1087.17,9188.55,656.32,70.69
TXN4300,South,Furniture,UPI,Returning,,16,15275.2,11.5,1756.65,,844.91,56.44
TXN4301,East,Grocery,Cash,New,321.44,9,2892.96,9.13,264.13,2628.83,292.09,29.35
TXN4302,West,Furniture,Wallet,Member,873.53,4,3494.12,17.01,594.35,2899.77,724.94,148.59
TXN4303,North,Apparel,Wallet,Guest,188.47,3,565.41,9.92,56.09,509.32,169.77,18.7
TXN4304,South,Furniture,Wallet,Guest,326.1,11,3587.1,10.01,359.07,3228.03,293.46,32.64
TXN4305,North,Electronics,Credit Card,New,356.04,17,6052.68,4.36,263.9,5788.78,340.52,15.52
TXN4306,West,Electronics,Wallet,Guest,77.09,17,1310.53,0.74,9.7,1300.83,76.52,0.57
TXN4307,North,Electronics,Wallet,Guest,643.29,15,9649.35,15.36,1482.14,8167.21,544.48,98.81
TXN4308,South,Electronics,Wallet,New,565.3,12,6783.6,9.09,616.63,6166.97,513.91,51.39
TXN4309,North,Apparel,Credit Card,New,852.03,4,3408.12,6.24,212.67,3195.45,798.86,53.17
TXN4310,North,Apparel,Credit Card,Returning,862.11,12,10345.32,3.63,375.54,9969.78,830.82,31.29
TXN4311,North,Furniture,UPI,Guest,265.93,10,2659.3,3.24,86.16,2573.14,257.31,8.62
TXN4312,West,Furniture,Cash,Guest,842.98,19,16016.62,20.23,3240.16,12776.46,672.45,170.53
TXN4313,South,Apparel,UPI,New,693.42,4,2773.68,3.55,98.47,2675.21,668.8,24.62
TXN4314,North,Furniture,Wallet,New,255.1,18,4591.8,10.9,500.51,4091.29,227.29,27.81
TXN4315,North,Furniture,UPI,Guest,984.03,3,2952.09,24.56,725.03,2227.06,742.35,241.68
TXN4316,East,Grocery,Wallet,Member,910.64,6,5463.84,21.8,1191.12,4272.72,712.12,198.52
TXN4317,South,Apparel,UPI,Member,498.14,17,8468.38,19.42,1644.56,6823.82,401.4,96.74
TXN4318,South,Furniture,Cash,Returning,152.86,16,2445.76,7.95,194.44,2251.32,140.71,12.15
TXN4319,South,Furniture,Credit Card,Guest,258.4,13,3359.2,23.96,804.86,2554.34,196.49,61.91
TXN4320,North,Grocery,UPI,Returning,953.69,17,16212.73,20.67,3351.17,12861.56,756.56,197.13
TXN4321,North,Furniture,Cash,Member,240.37,2,480.74,5.3,25.48,455.26,227.63,12.74
TXN4322,North,Furniture,Cash,New,713.08,14,9983.12,14.57,1454.54,8528.58,609.18,103.9
TXN4323,North,Furniture,UPI,New,843.31,5,4216.55,12.44,524.54,3692.01,738.4,104.91
TXN4324,South,Apparel,Cash,New,483.95,2,967.9,10.11,97.85,870.05,435.02,48.93
TXN4325,West,Apparel,Cash,New,217.1,17,3690.7,23.41,863.99,2826.71,166.28,50.82
TXN4326,South,Furniture,Cash,Member,692,2,1384,25.19,348.63,1035.37,517.69,174.31
TXN4327,North,Electronics,Wallet,Guest,344.48,3,1033.44,13.64,140.96,892.48,297.49,46.99
TXN4328,West,Furniture,Credit Card,Returning,314.89,11,3463.79,8.85,306.55,3157.24,287.02,27.87
TXN4329,East,Apparel,Wallet,Guest,716.53,10,7165.3,12.48,894.23,6271.07,627.11,89.42
TXN4330,South,Apparel,UPI,New,797.08,16,12753.28,21.32,2719,10034.28,627.14,169.94
TXN4331,South,Grocery,Credit Card,Returning,339.57,15,5093.55,2.68,136.51,4957.04,330.47,9.1
TXN4332,North,Apparel,Wallet,Guest,940.53,1,940.53,13.56,127.54,812.99,812.99,127.54
TXN4333,North,Electronics,Wallet,Guest,498.65,7,3490.55,12.66,441.9,3048.65,435.52,63.13
TXN4334,East,Furniture,UPI,New,759.68,9,6837.12,0.81,55.38,6781.74,753.53,6.15
TXN4335,East,Grocery,Cash,Member,564.31,3,1692.93,22.07,373.63,1319.3,439.77,124.54
TXN4336,North,Furniture,UPI,New,847.74,10,8477.4,8.8,746.01,7731.39,773.14,74.6
TXN4337,East,Grocery,Wallet,Returning,488.43,6,2930.58,7.35,215.4,2715.18,452.53,35.9
TXN4338,North,Apparel,Credit Card,Member,700.8,9,6307.2,1.08,68.12,6239.08,693.23,7.57
TXN4339,North,Grocery,Cash,Guest,72.72,18,1308.96,7.66,100.27,1208.69,67.15,5.57
TXN4340,North,Grocery,Wallet,New,789.98,1,789.98,28.44,224.67,565.31,565.31,224.67
TXN4341,North,Furniture,UPI,New,209.55,3,628.65,5.89,37.03,591.62,197.21,12.34
TXN4342,West,Furniture,Cash,New,929.52,10,9295.2,18.2,1691.73,7603.47,760.35,169.17
TXN4343,South,Apparel,UPI,Guest,733.77,13,9539.01,6.31,601.91,8937.1,687.47,46.3
TXN4344,West,Grocery,Wallet,Returning,804.83,5,4024.15,10.15,408.45,3615.7,723.14,81.69
TXN4345,East,Grocery,Cash,Returning,309.34,6,1856.04,7.78,144.4,1711.64,285.27,24.07
TXN4346,West,Electronics,UPI,Member,975.18,17,16578.06,10.51,1742.35,14835.71,872.69,102.49
TXN4347,West,Furniture,Wallet,Returning,989.05,11,10879.55,24.29,2642.64,8236.91,748.81,240.24
TXN4348,East,Furniture,Wallet,Returning,860.54,16,13768.64,25.51,3512.38,10256.26,641.02,219.52
TXN4349,North,Furniture,Wallet,New,530.16,15,7952.4,24.14,1919.71,6032.69,402.18,127.98
TXN4350,South,Furniture,Credit Card,Guest,272.16,10,2721.6,25.45,692.65,2028.95,202.9,69.26
TXN4351,South,Grocery,Credit Card,New,554.98,5,2774.9,25.78,715.37,2059.53,411.91,143.07
TXN4352,North,Apparel,Wallet,Guest,971.78,15,14576.7,18.17,2648.59,11928.11,795.21,176.57
TXN4353,West,Furniture,Cash,Guest,497.97,4,1991.88,23.44,466.9,1524.98,381.25,116.72
TXN4354,East,Apparel,UPI,New,449.02,16,7184.32,22.04,1583.42,5600.9,350.06,98.96
TXN4355,South,Grocery,Credit Card,Member,684.58,3,2053.74,20.53,421.63,1632.11,544.04,140.54
TXN4356,South,Apparel,Wallet,Guest,951.53,5,4757.65,19.58,931.55,3826.1,765.22,186.31
TXN4357,North,Apparel,Cash,Guest,655.35,1,655.35,18.62,122.03,533.32,533.32,122.03
TXN4358,East,Furniture,UPI,Member,482.08,16,7713.28,1.42,109.53,7603.75,475.23,6.85
TXN4359,East,Grocery,UPI,Guest,692.16,14,9690.24,11.86,1149.26,8540.98,610.07,82.09
TXN4360,West,Grocery,UPI,Returning,176.94,3,530.82,12.5,66.35,464.47,154.82,15.52
TXN4361,North,Electronics,Cash,Member,344.23,11,3786.53,21.64,819.41,2967.12,269.74,0.57
TXN4362,West,Apparel,UPI,Returning,552.03,12,6624.36,23.77,1574.61,5049.75,420.81,98.81
TXN4363,West,Apparel,Wallet,New,373.14,9,3358.26,12.04,404.33,2953.93,328.21,51.39
TXN4364,North,Grocery,UPI,Returning,969.47,4,3877.88,15.34,594.87,3283.01,820.75,53.17
TXN4365,West,Furniture,Cash,Member,875.07,7,6125.49,0.28,17.15,6108.34,872.62,31.29
TXN4366,East,Grocery,Cash,Member,243.75,2,487.5,29.45,143.57,343.93,171.97,8.62
TXN4367,South,Electronics,UPI,Returning,75.03,5,375.15,10.93,41,334.15,66.83,170.53
TXN4368,East,Apparel,Credit Card,Returning,106.02,6,636.12,28.92,183.97,452.15,75.36,24.62
TXN4369,East,Electronics,Cash,Returning,139.04,5,695.2,2.53,17.59,677.61,135.52,27.81
TXN4370,West,Apparel,UPI,Guest,809.42,19,15378.98,21.84,3358.77,12020.21,632.64,241.68
TXN4371,South,Electronics,Wallet,Returning,898.84,10,8988.4,4.86,436.84,8551.56,855.16,198.52
TXN4372,West,Electronics,Credit Card,Guest,380.48,11,4185.28,16.38,685.55,3499.73,318.16,96.74
TXN4373,North,Grocery,Wallet,New,75.34,19,1431.46,10.8,154.6,1276.86,67.2,12.15
TXN4374,East,Apparel,UPI,Member,651.97,17,11083.49,15.68,1737.89,9345.6,549.74,61.91
TXN4375,North,Electronics,UPI,Guest,234.82,15,3522.3,17.41,613.23,2909.07,193.94,197.13
TXN4376,South,Furniture,Credit Card,Returning,134.48,10,1344.8,9.9,133.14,1211.66,121.17,12.74
TXN4377,West,Furniture,Cash,Guest,293.04,4,1172.16,24.03,281.67,890.49,222.62,103.9
TXN4378,North,Grocery,Cash,New,669.35,11,7362.85,17.98,1323.84,6039.01,549,104.91
TXN4379,South,Grocery,Cash,New,440.33,4,1761.32,21.82,384.32,1377,344.25,74.6
TXN4380,South,Furniture,Cash,New,792.77,11,8720.47,21.53,1877.52,6842.95,622.09,35.9
TXN4381,South,Furniture,UPI,Guest,626.06,4,2504.24,27.38,685.66,1818.58,,7.57
TXN4382,South,Electronics,Credit Card,New,788.25,6,4729.5,22.91,1083.53,3645.97,607.66,5.57
TXN4383,West,Electronics,Wallet,Member,207.09,14,2899.26,0.83,24.06,2875.2,205.37,224.67
TXN4384,South,Electronics,Wallet,Guest,542.11,17,9215.87,12.74,1174.1,8041.77,473.05,12.34
TXN4385,East,Apparel,Cash,New,424.26,6,2545.56,15.15,385.65,2159.91,359.98,169.17
TXN4386,East,Furniture,Wallet,Returning,833,11,9163,20.53,1881.16,7281.84,661.99,46.3
TXN4387,South,Electronics,Credit Card,Guest,67.98,14,951.72,14.15,134.67,817.05,58.36,81.69
TXN4388,West,Electronics,Wallet,Guest,285.02,8,2280.16,5.18,118.11,2162.05,,124.54
TXN4389,South,Electronics,UPI,New,893.58,15,13403.7,12.03,1612.47,11791.23,786.08,74.6
TXN4390,South,Apparel,Credit Card,Member,856.59,17,14562.03,12.3,1791.13,12770.9,,35.9
TXN4391,South,Grocery,Credit Card,Guest,587.95,6,3527.7,9.6,338.66,3189.04,531.51,7.57
TXN4392,West,Apparel,UPI,Member,273.64,10,2736.4,1.75,47.89,2688.51,268.85,5.57
TXN4393,West,Apparel,Credit Card,Returning,289.78,19,5505.82,23.8,1310.39,4195.43,220.81,224.67
TXN4394,South,Apparel,UPI,Guest,949.62,3,2848.86,17.55,499.97,,782.96,12.34
TXN4395,North,Electronics,UPI,Member,576.8,13,7498.4,26.78,,5490.33,422.33,169.17
TXN4396,North,Apparel,Credit Card,Guest,344.98,14,4829.72,13.83,,4161.77,297.27,46.3
TXN4397,East,Grocery,Cash,Guest,488.95,2,977.9,16.07,157.15,,410.38,
TXN4398,East,Furniture,Cash,Member,603.98,5,3019.9,22.55,680.99,2338.91,467.78,98.96
TXN4399,East,Grocery,Cash,Member,575.37,13,7479.81,0.54,40.39,7439.42,,140.54
TXN4400,East,Apparel,Cash,Member,707.42,10,7074.2,5.24,370.69,6703.51,670.35,186.31
TXN4401,South,Electronics,Credit Card,Member,123.13,18,2216.34,16.71,370.35,1845.99,102.55,122.03
TXN4402,West,Apparel,Cash,Returning,321.14,11,3532.54,19.9,702.98,2829.56,257.23,6.85
TXN4403,South,Apparel,Wallet,Returning,368.71,17,6268.07,6.39,400.53,5867.54,345.15,82.09
TXN4404,North,Apparel,Credit Card,Guest,904.01,9,8136.09,11.72,953.55,7182.54,798.06,15.52
TXN4405,South,Grocery,Cash,Returning,939,13,12207,5.63,687.25,11519.75,886.13,0.57
TXN4406,West,Grocery,Credit Card,Returning,874.92,17,14873.64,29.76,4426.4,10447.24,614.54,98.81
TXN4407,West,Apparel,UPI,Member,950.3,11,10453.3,4.16,434.86,10018.44,910.77,51.39
TXN4408,West,Furniture,Cash,Returning,575.6,1,575.6,6.81,39.2,536.4,536.4,53.17
TXN4409,South,Grocery,Credit Card,Guest,765.6,16,12249.6,21.08,2582.22,9667.38,604.21,31.29
TXN4410,South,Grocery,UPI,Returning,266.5,4,1066,9.62,102.55,963.45,240.86,8.62
TXN4411,West,Grocery,Cash,New,280.73,3,842.19,10.02,84.39,757.8,252.6,170.53
TXN4412,West,Apparel,Credit Card,New,258.71,16,4139.36,21.25,879.61,3259.75,203.73,24.62
TXN4413,East,Furniture,UPI,Member,532.33,4,2129.32,24.79,527.86,1601.46,400.37,27.81
TXN4414,North,Grocery,UPI,Returning,62.18,13,808.34,27.95,225.93,582.41,44.8,241.68
TXN4415,West,Electronics,Wallet,Member,395.42,18,7117.56,21.35,1519.6,5597.96,311,198.52
TXN4416,South,Electronics,Cash,New,637.89,7,4465.23,19.75,881.88,3583.35,511.91,96.74
TXN4417,West,Apparel,Wallet,Member,318.61,11,3504.71,24.31,852,2652.71,241.16,12.15
TXN4418,West,Electronics,Wallet,Returning,195.9,4,783.6,12.97,101.63,681.97,170.49,61.91
TXN4419,West,Grocery,Wallet,Guest,816.14,17,13874.38,17.55,2434.95,11439.43,672.91,197.13
TXN4420,South,Electronics,Wallet,New,707.72,16,11323.52,4.35,492.57,10830.95,676.93,12.74
TXN4421,East,Grocery,Credit Card,New,54.87,8,438.96,11.55,50.7,388.26,48.53,103.9
TXN4422,West,Grocery,Wallet,Member,625.97,11,6885.67,24.8,1707.65,5178.02,,104.91
TXN4423,North,Furniture,Credit Card,Guest,881.09,10,8810.9,7.98,703.11,8107.79,810.78,74.6
TXN4424,West,Electronics,Wallet,Returning,685.66,10,6856.6,10.31,706.92,6149.68,614.97,35.9
TXN4425,South,Grocery,Cash,Guest,200.77,19,,28.11,1072.29,2742.34,144.33,7.57
TXN4426,North,Electronics,UPI,Returning,947.02,6,5682.12,4.05,230.13,,908.67,5.57
TXN4427,South,Furniture,Credit Card,Member,765.53,18,,2.14,294.88,13484.66,749.15,224.67
TXN4428,East,Apparel,Wallet,Member,292.97,18,5273.46,6.82,,4913.81,272.99,12.34
TXN4429,East,Furniture,Wallet,Returning,169.37,9,1524.33,5.77,87.95,1436.38,159.6,
TXN4430,North,Furniture,UPI,Member,445.18,19,8458.42,,927.89,7530.53,,46.3
TXN4431,West,Electronics,UPI,Returning,269.81,1,,4.91,13.25,256.56,256.56,81.69
TXN4432,East,Grocery,Credit Card,Guest,576.78,9,5191.02,20.1,1043.4,4147.62,460.85,124.54
TXN4433,West,Apparel,Cash,New,414.72,5,2073.6,2.72,56.4,2017.2,403.44,29.35
TXN4434,East,Furniture,Wallet,Guest,621.57,15,9323.55,19.53,1820.89,7502.66,500.18,148.59
TXN4435,North,Furniture,Cash,New,733.01,16,11728.16,23.51,2757.29,8970.87,560.68,18.7
TXN4436,North,Apparel,Cash,Returning,324.98,11,3574.78,8.58,306.72,3268.06,,32.64
TXN4437,East,Apparel,Credit Card,Returning,508.32,11,5591.52,11.55,645.82,4945.7,449.61,15.52
TXN4438,East,Apparel,Wallet,New,565.3,10,5653,9.52,538.17,,511.48,0.57
TXN4439,East,Apparel,Credit Card,Member,78.21,10,782.1,3.84,,752.07,75.21,98.81
TXN4440,West,Grocery,Cash,Guest,333.73,3,,10.49,105.02,896.17,298.72,51.39
TXN4441,South,Electronics,Wallet,New,565.3,12,6783.6,9.09,616.63,6166.97,513.91,51.39
TXN4442,North,Apparel,Credit Card,New,852.03,4,3408.12,6.24,212.67,3195.45,798.86,53.17
TXN4443,North,Apparel,Credit Card,Returning,862.11,12,10345.32,3.63,375.54,9969.78,830.82,
TXN4444,North,Furniture,UPI,Guest,265.93,10,2659.3,3.24,86.16,2573.14,257.31,8.62
TXN4445,West,Furniture,Cash,Guest,842.98,19,16016.62,20.23,3240.16,12776.46,672.45,170.53
TXN4446,South,Apparel,UPI,New,693.42,4,2773.68,3.55,98.47,2675.21,668.8,24.62
TXN4447,North,Furniture,Wallet,New,255.1,18,4591.8,10.9,500.51,4091.29,227.29,27.81
TXN4448,North,Furniture,UPI,Guest,984.03,3,2952.09,24.56,725.03,2227.06,742.35,241.68
TXN4449,East,Grocery,Wallet,Member,910.64,6,5463.84,21.8,1191.12,4272.72,,198.52
TXN4450,South,Apparel,UPI,Member,498.14,17,8468.38,19.42,1644.56,6823.82,401.4,96.74
TXN4451,South,Furniture,Cash,Returning,152.86,16,2445.76,7.95,194.44,2251.32,140.71,12.15
TXN4452,South,Furniture,Credit Card,Guest,258.4,13,3359.2,23.96,804.86,2554.34,196.49,61.91
TXN4453,North,Grocery,UPI,Returning,953.69,17,16212.73,20.67,3351.17,12861.56,756.56,197.13
TXN4454,North,Furniture,Cash,Member,240.37,2,480.74,5.3,25.48,455.26,227.63,12.74
TXN4455,North,Furniture,Cash,New,713.08,14,9983.12,14.57,1454.54,8528.58,609.18,103.9
TXN4456,North,Furniture,UPI,New,843.31,5,4216.55,12.44,524.54,3692.01,738.4,104.91
TXN4457,South,Apparel,Cash,New,483.95,2,967.9,10.11,97.85,870.05,435.02,
TXN4458,West,Apparel,Cash,New,217.1,17,3690.7,23.41,863.99,2826.71,166.28,50.82
TXN4459,South,Furniture,Cash,Member,692,2,1384,25.19,348.63,1035.37,517.69,174.31
TXN4460,North,Electronics,Wallet,Guest,344.48,3,1033.44,13.64,140.96,892.48,297.49,46.99
TXN4461,West,Furniture,Credit Card,Returning,314.89,11,3463.79,8.85,306.55,3157.24,287.02,27.87
TXN4462,East,Apparel,Wallet,Guest,716.53,10,7165.3,12.48,894.23,6271.07,627.11,89.42
TXN4463,South,Apparel,UPI,New,797.08,16,12753.28,21.32,2719,10034.28,627.14,169.94
TXN4464,South,Grocery,Credit Card,Returning,339.57,15,5093.55,2.68,136.51,4957.04,330.47,9.1
TXN4465,North,Apparel,Wallet,Guest,940.53,1,940.53,13.56,127.54,812.99,812.99,127.54
TXN4466,North,Electronics,Wallet,Guest,498.65,7,3490.55,12.66,441.9,3048.65,435.52,63.13
TXN4467,East,Furniture,UPI,New,759.68,9,6837.12,0.81,55.38,6781.74,753.53,6.15
TXN4468,East,Grocery,Cash,Member,564.31,3,1692.93,22.07,373.63,1319.3,439.77,124.54
TXN4469,North,Furniture,UPI,New,847.74,10,8477.4,8.8,746.01,7731.39,773.14,74.6
TXN4470,East,Grocery,Wallet,Returning,488.43,6,2930.58,7.35,215.4,2715.18,452.53,35.9
TXN4471,North,Apparel,Credit Card,Member,700.8,9,6307.2,1.08,68.12,6239.08,693.23,7.57
TXN4472,North,Grocery,Cash,Guest,72.72,18,1308.96,7.66,100.27,1208.69,67.15,5.57
TXN4473,North,Grocery,Wallet,New,789.98,1,789.98,28.44,224.67,565.31,565.31,224.67
TXN4474,North,Furniture,UPI,New,209.55,3,628.65,5.89,37.03,591.62,197.21,12.34
TXN4475,West,Furniture,Cash,New,929.52,10,9295.2,18.2,1691.73,7603.47,760.35,169.17
TXN4476,South,Apparel,UPI,Guest,733.77,13,9539.01,6.31,601.91,8937.1,687.47,46.3
TXN4477,West,Grocery,Wallet,Returning,804.83,5,4024.15,10.15,408.45,3615.7,723.14,81.69
TXN4478,East,Grocery,Cash,Returning,309.34,6,1856.04,7.78,144.4,1711.64,285.27,24.07
TXN4479,West,Electronics,UPI,Member,975.18,17,16578.06,10.51,1742.35,14835.71,872.69,102.49
TXN4480,West,Furniture,Wallet,Returning,989.05,11,10879.55,24.29,2642.64,8236.91,748.81,240.24
TXN4481,East,Furniture,Wallet,Returning,860.54,16,13768.64,25.51,3512.38,10256.26,641.02,219.52
TXN4482,North,Furniture,Wallet,New,530.16,15,7952.4,24.14,1919.71,6032.69,402.18,127.98
TXN4483,South,Furniture,Credit Card,Guest,272.16,10,2721.6,25.45,692.65,2028.95,202.9,69.26
TXN4484,South,Grocery,Credit Card,New,554.98,5,2774.9,25.78,715.37,2059.53,411.91,143.07
TXN4485,North,Apparel,Wallet,Guest,971.78,15,14576.7,18.17,2648.59,11928.11,795.21,176.57
TXN4486,West,Furniture,Cash,Guest,497.97,4,1991.88,23.44,466.9,1524.98,381.25,116.72
TXN4487,East,Apparel,UPI,New,449.02,16,7184.32,22.04,1583.42,5600.9,350.06,98.96
TXN4488,South,Grocery,Credit Card,Member,684.58,3,2053.74,20.53,421.63,1632.11,544.04,140.54
TXN4489,South,Apparel,Wallet,Guest,951.53,5,4757.65,19.58,931.55,3826.1,765.22,186.31
TXN4490,North,Apparel,Cash,Guest,655.35,1,655.35,18.62,122.03,533.32,533.32,122.03
TXN4491,East,Furniture,UPI,Member,482.08,16,7713.28,1.42,109.53,7603.75,475.23,6.85
TXN4492,East,Grocery,UPI,Guest,692.16,14,9690.24,11.86,1149.26,8540.98,610.07,82.09
TXN4493,West,Grocery,UPI,Returning,176.94,3,530.82,12.5,66.35,464.47,154.82,22.12
TXN4494,North,Electronics,Cash,Member,344.23,11,3786.53,21.64,819.41,2967.12,269.74,74.49
TXN4495,West,Apparel,UPI,Returning,552.03,12,6624.36,23.77,1574.61,5049.75,420.81,131.22
TXN4496,West,Apparel,Wallet,New,373.14,9,3358.26,12.04,404.33,2953.93,328.21,44.93
TXN4497,North,Grocery,UPI,Returning,969.47,4,3877.88,15.34,594.87,3283.01,820.75,148.72
TXN4498,West,Furniture,Cash,Member,875.07,7,6125.49,0.28,17.15,6108.34,872.62,2.45
TXN4499,East,Grocery,Cash,Member,243.75,2,487.5,29.45,143.57,343.93,171.97,71.78
TXN4500,South,Electronics,UPI,Returning,75.03,5,375.15,10.93,41,334.15,66.83,8.2
TXN4501,East,Apparel,Credit Card,Returning,106.02,6,636.12,28.92,183.97,452.15,75.36,30.66
TXN4502,East,Electronics,Cash,Returning,139.04,5,695.2,2.53,17.59,677.61,135.52,3.52
TXN4503,West,Apparel,UPI,Guest,809.42,19,15378.98,21.84,3358.77,12020.21,632.64,176.78
TXN4504,South,Electronics,Wallet,Returning,898.84,10,8988.4,4.86,436.84,8551.56,855.16,43.68
TXN4505,West,Electronics,Wallet,Returning,685.66,10,6856.6,10.31,706.92,6149.68,614.97,35.9
TXN4506,South,Grocery,Cash,Guest,200.77,19,,28.11,1072.29,2742.34,144.33,7.57
TXN4507,North,Electronics,UPI,Returning,947.02,6,5682.12,4.05,230.13,,908.67,5.57
TXN4508,South,Furniture,Credit Card,Member,765.53,18,,2.14,294.88,13484.66,749.15,224.67
TXN4509,East,Apparel,Wallet,Member,292.97,18,5273.46,6.82,,4913.81,272.99,
TXN4510,East,Furniture,Wallet,Returning,169.37,9,1524.33,5.77,87.95,1436.38,159.6,169.17
TXN4511,North,Furniture,UPI,Member,445.18,19,8458.42,,927.89,7530.53,,46.3
TXN4512,West,Electronics,UPI,Returning,269.81,1,,4.91,13.25,256.56,256.56,81.69
TXN4513,East,Grocery,Credit Card,Guest,576.78,9,5191.02,20.1,1043.4,4147.62,,124.54
TXN4514,West,Apparel,Cash,New,414.72,5,2073.6,2.72,56.4,2017.2,403.44,
TXN4515,East,Furniture,Wallet,Guest,621.57,15,9323.55,19.53,1820.89,7502.66,500.18,148.59
TXN4516,North,Furniture,Cash,New,733.01,16,11728.16,23.51,2757.29,8970.87,560.68,18.7
TXN4517,North,Apparel,Cash,Returning,324.98,11,3574.78,8.58,306.72,3268.06,297.1,32.64
TXN4518,East,Apparel,Credit Card,Returning,508.32,11,5591.52,11.55,645.82,4945.7,449.61,15.52
TXN4519,East,Apparel,Wallet,New,565.3,10,5653,9.52,538.17,,511.48,
TXN4520,East,Apparel,Credit Card,Member,78.21,10,782.1,3.84,,752.07,75.21,98.81
TXN4521,West,Grocery,Cash,Guest,333.73,3,,10.49,105.02,896.17,298.72,51.39
TXN4522,South,Electronics,Wallet,New,565.3,12,6783.6,9.09,616.63,6166.97,513.91,51.39
TXN4523,North,Apparel,Credit Card,New,852.03,4,3408.12,6.24,212.67,3195.45,798.86,53.17
TXN4524,North,Apparel,Credit Card,Returning,862.11,12,10345.32,3.63,375.54,9969.78,830.82,31.29
TXN4525,North,Furniture,UPI,Guest,265.93,10,2659.3,3.24,86.16,2573.14,257.31,8.62
TXN4526,West,Furniture,Cash,Guest,842.98,19,16016.62,20.23,3240.16,12776.46,672.45,170.53
TXN4527,South,Apparel,UPI,New,693.42,4,2773.68,3.55,98.47,2675.21,668.8,24.62
TXN4528,North,Furniture,Wallet,New,255.1,18,4591.8,10.9,500.51,4091.29,227.29,27.81
TXN4529,North,Furniture,UPI,Guest,984.03,3,2952.09,24.56,725.03,2227.06,742.35,241.68
TXN4530,East,Grocery,Wallet,Member,910.64,6,5463.84,21.8,1191.12,4272.72,712.12,198.52
TXN4531,South,Apparel,UPI,Member,498.14,17,8468.38,19.42,1644.56,6823.82,401.4,96.74
TXN4532,South,Furniture,Cash,Returning,152.86,16,2445.76,7.95,194.44,2251.32,140.71,12.15
TXN4533,South,Furniture,Credit Card,Guest,258.4,13,3359.2,23.96,804.86,2554.34,196.49,61.91
TXN4534,North,Grocery,UPI,Returning,953.69,17,16212.73,20.67,3351.17,12861.56,,
TXN4535,North,Furniture,Cash,Member,240.37,2,480.74,5.3,25.48,455.26,227.63,12.74
TXN4536,South,Furniture,Credit Card,Guest,272.16,10,2721.6,25.45,692.65,2028.95,202.9,69.26
TXN4537,South,Grocery,Credit Card,New,554.98,5,2774.9,25.78,715.37,2059.53,411.91,143.07
TXN4538,North,Apparel,Wallet,Guest,971.78,15,14576.7,18.17,2648.59,11928.11,795.21,176.57
TXN4539,West,Furniture,Cash,Guest,497.97,4,1991.88,23.44,466.9,1524.98,381.25,116.72
TXN4540,East,Apparel,UPI,New,449.02,16,7184.32,22.04,1583.42,5600.9,350.06,98.96
TXN4541,South,Grocery,Credit Card,Member,684.58,3,2053.74,20.53,421.63,1632.11,544.04,140.54
TXN4542,South,Apparel,Wallet,Guest,951.53,5,4757.65,19.58,931.55,3826.1,765.22,186.31
TXN4543,North,Apparel,Cash,Guest,655.35,1,655.35,18.62,122.03,533.32,533.32,122.03
TXN4544,East,Furniture,UPI,Member,482.08,16,7713.28,1.42,109.53,7603.75,475.23,6.85
TXN4545,East,Grocery,UPI,Guest,692.16,14,9690.24,11.86,1149.26,8540.98,610.07,82.09
TXN4546,West,Grocery,UPI,Returning,176.94,3,530.82,12.5,66.35,464.47,154.82,22.12
TXN4547,North,Electronics,Cash,Member,344.23,11,3786.53,21.64,819.41,2967.12,269.74,74.49
TXN4548,West,Apparel,UPI,Returning,552.03,12,6624.36,23.77,1574.61,5049.75,420.81,131.22
TXN4549,West,Apparel,Wallet,New,373.14,9,3358.26,12.04,404.33,2953.93,328.21,44.93
TXN4550,North,Grocery,UPI,Returning,969.47,4,3877.88,15.34,594.87,3283.01,820.75,148.72
TXN4551,West,Furniture,Cash,Member,875.07,7,6125.49,0.28,17.15,6108.34,872.62,2.45
TXN4552,East,Grocery,Cash,Member,243.75,2,487.5,29.45,143.57,343.93,171.97,71.78
TXN4553,South,Furniture,Credit Card,Guest,272.16,10,2721.6,25.45,692.65,2028.95,202.9,69.26
TXN4554,South,Grocery,Credit Card,New,554.98,5,2774.9,25.78,715.37,2059.53,411.91,143.07
TXN4555,North,Apparel,Wallet,Guest,971.78,15,14576.7,18.17,2648.59,11928.11,795.21,176.57
TXN4556,West,Furniture,Cash,Guest,497.97,4,1991.88,23.44,466.9,1524.98,381.25,116.72
TXN4557,East,Apparel,UPI,New,449.02,16,7184.32,22.04,1583.42,5600.9,350.06,98.96
TXN4558,South,Grocery,Credit Card,Member,684.58,3,2053.74,20.53,421.63,1632.11,,
TXN4559,South,Apparel,Wallet,Guest,951.53,5,4757.65,19.58,931.55,3826.1,765.22,186.31
TXN4560,North,Apparel,Cash,Guest,655.35,1,655.35,18.62,122.03,533.32,533.32,122.03
TXN4561,East,Furniture,UPI,Member,482.08,16,7713.28,1.42,109.53,7603.75,475.23,6.85
TXN4562,East,Grocery,UPI,Guest,692.16,14,9690.24,11.86,1149.26,8540.98,610.07,82.09
TXN4563,West,Grocery,UPI,Returning,176.94,3,530.82,12.5,66.35,464.47,154.82,
TXN4564,North,Electronics,Cash,Member,344.23,11,3786.53,21.64,819.41,2967.12,,74.49
TXN4565,West,Apparel,UPI,Returning,552.03,12,6624.36,23.77,1574.61,5049.75,420.81,
TXN4566,West,Apparel,Wallet,New,373.14,9,3358.26,12.04,404.33,2953.93,328.21,44.93
TXN4567,North,Grocery,UPI,Returning,969.47,4,3877.88,15.34,594.87,3283.01,820.75,148.72
TXN4568,West,Furniture,Cash,Member,875.07,7,6125.49,0.28,17.15,6108.34,872.62,2.45
TXN4569,East,Grocery,Cash,Member,243.75,2,487.5,29.45,143.57,343.93,171.97,71.78
TXN4570,South,Apparel,UPI,Guest,949.62,3,2848.86,17.55,499.97,2348.89,782.96,166.66
TXN4571,North,Electronics,UPI,Member,576.8,13,7498.4,26.78,2008.07,5490.33,422.33,154.47
TXN4572,North,Apparel,Credit Card,Guest,344.98,14,4829.72,13.83,667.95,4161.77,297.27,47.71
TXN4573,East,Grocery,Cash,Guest,488.95,2,977.9,16.07,157.15,820.75,410.38,78.57
TXN4574,East,Furniture,Cash,Member,603.98,5,3019.9,22.55,680.99,2338.91,467.78,136.2
TXN4575,East,Grocery,Cash,Member,575.37,13,7479.81,0.54,40.39,7439.42,572.26,3.11
TXN4576,East,Apparel,Cash,Member,707.42,10,7074.2,5.24,370.69,6703.51,670.35,37.07
TXN4577,South,Electronics,Credit Card,Member,123.13,18,2216.34,16.71,370.35,1845.99,102.55,20.58
TXN4578,West,Apparel,Cash,Returning,321.14,11,3532.54,19.9,702.98,2829.56,257.23,63.91
TXN4579,South,Apparel,Wallet,Returning,368.71,17,6268.07,6.39,400.53,5867.54,345.15,23.56
TXN4580,North,Apparel,Credit Card,Guest,904.01,9,8136.09,11.72,953.55,7182.54,798.06,105.95
TXN4581,South,Grocery,Cash,Returning,939,13,12207,5.63,687.25,11519.75,886.13,52.87
TXN4582,West,Grocery,Credit Card,Returning,874.92,17,14873.64,29.76,4426.4,10447.24,614.54,260.38
TXN4583,West,Apparel,UPI,Member,950.3,11,10453.3,4.16,434.86,10018.44,910.77,39.53
TXN4584,West,Furniture,Cash,Returning,575.6,1,575.6,6.81,39.2,536.4,536.4,39.2
TXN4585,South,Grocery,Credit Card,Guest,765.6,16,12249.6,21.08,2582.22,9667.38,604.21,161.39
TXN4586,South,Grocery,UPI,Returning,266.5,4,1066,9.62,102.55,963.45,240.86,25.64
TXN4587,West,Grocery,Cash,New,280.73,3,842.19,10.02,84.39,757.8,252.6,28.13
TXN4588,West,Apparel,Credit Card,New,258.71,16,4139.36,21.25,879.61,3259.75,203.73,54.98
TXN4589,East,Furniture,UPI,Member,532.33,4,2129.32,24.79,527.86,1601.46,400.37,131.96
TXN4590,North,Grocery,UPI,Returning,62.18,13,808.34,27.95,225.93,582.41,44.8,17.38
TXN4591,West,Electronics,Wallet,Member,395.42,18,7117.56,21.35,1519.6,5597.96,311,84.42
TXN4592,South,Electronics,Cash,New,637.89,7,4465.23,19.75,881.88,3583.35,511.91,125.98
TXN4593,West,Apparel,Wallet,Member,318.61,11,3504.71,24.31,852,2652.71,241.16,77.45
TXN4594,West,Electronics,Wallet,Returning,195.9,4,783.6,12.97,101.63,681.97,170.49,25.41
TXN4595,West,Grocery,Wallet,Guest,816.14,17,13874.38,17.55,2434.95,11439.43,672.91,143.23
TXN4596,South,Electronics,Wallet,New,707.72,16,11323.52,4.35,492.57,10830.95,676.93,30.79
TXN4597,East,Grocery,Credit Card,New,54.87,8,438.96,11.55,50.7,388.26,48.53,6.34
TXN4598,West,Grocery,Wallet,Member,625.97,11,6885.67,24.8,1707.65,5178.02,470.73,155.24
TXN4599,North,Furniture,Credit Card,Guest,881.09,10,8810.9,7.98,703.11,8107.79,810.78,70.31
TXN4600,West,Electronics,Wallet,Returning,685.66,10,6856.6,10.31,706.92,6149.68,614.97,70.69
TXN4601,South,Grocery,Cash,Guest,200.77,19,3814.63,28.11,1072.29,2742.34,144.33,56.44
TXN4602,North,Electronics,UPI,Returning,947.02,6,5682.12,4.05,230.13,5451.99,908.67,38.35
TXN4603,South,Furniture,Credit Card,Member,765.53,18,13779.54,2.14,294.88,13484.66,749.15,16.38
TXN4604,East,Apparel,Wallet,Member,292.97,18,5273.46,6.82,359.65,4913.81,272.99,19.98
TXN4605,East,Furniture,Wallet,Returning,169.37,9,1524.33,5.77,87.95,1436.38,159.6,
TXN4606,North,Furniture,UPI,Member,445.18,19,8458.42,10.97,927.89,7530.53,396.34,48.84
TXN4607,West,Electronics,UPI,Returning,269.81,1,269.81,4.91,13.25,256.56,256.56,13.25
TXN4608,East,Grocery,Credit Card,Guest,576.78,9,5191.02,20.1,1043.4,4147.62,460.85,115.93
TXN4609,West,Apparel,Cash,New,414.72,5,2073.6,2.72,56.4,2017.2,403.44,11.28
TXN4610,East,Furniture,Wallet,Guest,621.57,15,9323.55,19.53,1820.89,7502.66,500.18,121.39
TXN4611,North,Furniture,Cash,New,733.01,16,11728.16,23.51,2757.29,8970.87,560.68,172.33
TXN4612,North,Apparel,Cash,Returning,324.98,11,3574.78,8.58,306.72,3268.06,297.1,27.88
TXN4613,South,Grocery,Cash,Guest,200.77,19,3814.63,28.11,1072.29,2742.34,144.33,56.44
TXN4614,North,Electronics,UPI,Returning,947.02,6,5682.12,4.05,230.13,5451.99,908.67,38.35
TXN4615,South,Furniture,Credit Card,Member,765.53,18,13779.54,2.14,294.88,13484.66,749.15,
TXN4616,East,Apparel,Wallet,Member,292.97,18,5273.46,6.82,359.65,4913.81,272.99,19.98
TXN4617,East,Furniture,Wallet,Returning,169.37,9,1524.33,5.77,87.95,1436.38,159.6,
TXN4618,North,Furniture,UPI,Member,445.18,19,8458.42,10.97,927.89,7530.53,396.34,48.84
TXN4619,West,Electronics,UPI,Returning,269.81,1,269.81,4.91,13.25,256.56,256.56,13.25
TXN4620,East,Grocery,Credit Card,Guest,576.78,9,5191.02,20.1,1043.4,4147.62,460.85,115.93
TXN4621,West,Apparel,Cash,New,414.72,5,2073.6,2.72,56.4,2017.2,,11.28
TXN4622,East,Furniture,Wallet,Guest,621.57,15,9323.55,19.53,1820.89,7502.66,500.18,121.39
TXN4623,North,Furniture,Cash,New,733.01,16,11728.16,23.51,2757.29,8970.87,560.68,172.33
TXN4624,North,Apparel,Cash,Returning,324.98,11,3574.78,8.58,306.72,3268.06,297.1,27.88
TXN4625,East,Grocery,Cash,Returning,309.34,6,1856.04,7.78,144.4,1711.64,285.27,24.07
TXN4626,West,Electronics,UPI,Member,975.18,17,16578.06,10.51,1742.35,14835.71,872.69,102.49
TXN4627,West,Furniture,Wallet,Returning,989.05,11,10879.55,24.29,2642.64,8236.91,748.81,240.24
TXN4628,East,Furniture,Wallet,Returning,860.54,16,13768.64,25.51,3512.38,10256.26,641.02,219.52
TXN4629,North,Furniture,Wallet,New,530.16,15,7952.4,24.14,1919.71,6032.69,402.18,127.98
TXN4630,South,Furniture,Credit Card,Guest,272.16,10,2721.6,25.45,692.65,2028.95,202.9,69.26
TXN4631,South,Grocery,Credit Card,New,554.98,5,2774.9,25.78,715.37,2059.53,411.91,143.07
TXN4632,North,Apparel,Wallet,Guest,971.78,15,14576.7,18.17,2648.59,11928.11,795.21,176.57
TXN4633,West,Furniture,Cash,Guest,497.97,4,1991.88,23.44,466.9,1524.98,381.25,116.72
TXN4634,East,Apparel,UPI,New,449.02,16,7184.32,22.04,1583.42,5600.9,,98.96
TXN4635,South,Grocery,Credit Card,Member,684.58,3,2053.74,20.53,421.63,1632.11,544.04,140.54
TXN4636,South,Apparel,Wallet,Guest,951.53,5,4757.65,19.58,931.55,3826.1,765.22,
TXN4637,North,Apparel,Cash,Guest,655.35,1,655.35,18.62,122.03,533.32,533.32,122.03
TXN4638,East,Furniture,UPI,Member,482.08,16,7713.28,1.42,109.53,7603.75,475.23,6.85
TXN4639,East,Grocery,UPI,Guest,692.16,14,9690.24,11.86,1149.26,8540.98,610.07,82.09
TXN4640,West,Grocery,UPI,Returning,176.94,3,530.82,12.5,66.35,464.47,154.82,22.12
TXN4641,East,Grocery,Cash,Member,564.31,3,1692.93,22.07,373.63,1319.3,439.77,124.54
TXN4642,North,Furniture,UPI,New,847.74,10,8477.4,8.8,746.01,7731.39,773.14,74.6
TXN4643,East,Grocery,Wallet,Returning,488.43,6,2930.58,7.35,215.4,2715.18,452.53,35.9
TXN4644,North,Apparel,Credit Card,Member,700.8,9,6307.2,1.08,68.12,6239.08,693.23,7.57
TXN4645,North,Grocery,Cash,Guest,72.72,18,1308.96,7.66,100.27,1208.69,67.15,5.57
TXN4646,North,Grocery,Wallet,New,789.98,1,789.98,28.44,224.67,565.31,565.31,224.67
TXN4647,North,Furniture,UPI,New,209.55,3,628.65,5.89,37.03,591.62,197.21,12.34
TXN4648,West,Furniture,Cash,New,929.52,10,9295.2,18.2,1691.73,7603.47,760.35,169.17
TXN4649,South,Apparel,UPI,Guest,733.77,13,9539.01,6.31,601.91,8937.1,687.47,46.3
TXN4650,West,Grocery,Wallet,Returning,804.83,5,4024.15,10.15,408.45,3615.7,723.14,81.69
TXN4651,East,Grocery,Cash,Returning,309.34,6,1856.04,7.78,144.4,1711.64,285.27,24.07
TXN4652,West,Electronics,UPI,Member,975.18,17,16578.06,10.51,1742.35,14835.71,872.69,102.49
TXN4653,West,Furniture,Wallet,Returning,989.05,11,10879.55,24.29,2642.64,8236.91,748.81,240.24
TXN4654,South,Apparel,UPI,Guest,949.62,3,2848.86,17.55,499.97,2348.89,782.96,166.66
TXN4655,North,Electronics,UPI,Member,576.8,13,7498.4,26.78,2008.07,5490.33,422.33,154.47
TXN4656,North,Apparel,Credit Card,Guest,344.98,14,4829.72,13.83,667.95,4161.77,297.27,47.71
TXN4657,East,Grocery,Cash,Guest,488.95,2,977.9,16.07,157.15,820.75,410.38,78.57
TXN4658,East,Furniture,Cash,Member,603.98,5,3019.9,22.55,680.99,2338.91,467.78,136.2
TXN4659,East,Grocery,Cash,Member,575.37,13,7479.81,0.54,40.39,7439.42,572.26,3.11
TXN4660,East,Apparel,Cash,Member,707.42,10,7074.2,5.24,370.69,6703.51,670.35,37.07
TXN4661,South,Electronics,Credit Card,Member,123.13,18,2216.34,16.71,370.35,1845.99,102.55,20.58
TXN4662,West,Apparel,Cash,Returning,321.14,11,3532.54,19.9,702.98,2829.56,257.23,63.91
TXN4663,South,Apparel,Wallet,Returning,368.71,17,6268.07,6.39,400.53,5867.54,345.15,23.56
TXN4664,North,Apparel,Credit Card,Guest,904.01,9,8136.09,11.72,953.55,7182.54,798.06,105.95
TXN4665,South,Grocery,Cash,Returning,939,13,12207,5.63,687.25,11519.75,886.13,52.87
TXN4666,West,Grocery,Credit Card,Returning,874.92,17,14873.64,29.76,4426.4,10447.24,614.54,260.38
TXN4667,West,Apparel,UPI,Member,950.3,11,10453.3,4.16,434.86,10018.44,910.77,39.53
TXN4668,West,Furniture,Cash,Returning,575.6,1,575.6,6.81,39.2,536.4,536.4,39.2
TXN4669,South,Grocery,Credit Card,Guest,765.6,16,12249.6,21.08,2582.22,9667.38,604.21,161.39
TXN4670,South,Grocery,UPI,Returning,266.5,4,1066,9.62,102.55,963.45,240.86,25.64
TXN4671,West,Grocery,Cash,New,280.73,3,842.19,10.02,84.39,757.8,252.6,28.13
TXN4672,West,Apparel,Credit Card,New,258.71,16,4139.36,21.25,879.61,3259.75,203.73,54.98
TXN4673,East,Furniture,UPI,Member,532.33,4,2129.32,24.79,527.86,1601.46,400.37,131.96
TXN4674,North,Grocery,UPI,Returning,62.18,13,808.34,27.95,225.93,582.41,44.8,17.38
TXN4675,West,Electronics,Wallet,Member,395.42,18,7117.56,21.35,1519.6,5597.96,311,84.42
TXN4676,South,Electronics,Cash,New,637.89,7,4465.23,19.75,881.88,3583.35,511.91,125.98
TXN4677,West,Apparel,Wallet,Member,318.61,11,3504.71,24.31,852,2652.71,241.16,77.45
TXN4678,West,Electronics,Wallet,Returning,195.9,4,783.6,12.97,101.63,681.97,170.49,25.41
TXN4679,West,Grocery,Wallet,Guest,816.14,17,13874.38,17.55,2434.95,11439.43,672.91,143.23
TXN4680,South,Electronics,Wallet,New,707.72,16,11323.52,4.35,492.57,10830.95,676.93,30.79
TXN4681,East,Grocery,Credit Card,New,54.87,8,438.96,11.55,50.7,388.26,48.53,6.34
TXN4682,West,Grocery,Wallet,Member,625.97,11,6885.67,24.8,1707.65,5178.02,470.73,155.24
TXN4683,North,Furniture,Credit Card,Guest,881.09,10,8810.9,7.98,703.11,8107.79,810.78,70.31
TXN4684,West,Electronics,Wallet,Returning,685.66,10,6856.6,10.31,706.92,6149.68,614.97,70.69
TXN4685,South,Grocery,Cash,Guest,200.77,19,3814.63,28.11,1072.29,2742.34,144.33,56.44
TXN4686,North,Electronics,UPI,Returning,947.02,6,5682.12,4.05,230.13,5451.99,908.67,38.35
TXN4687,South,Furniture,Credit Card,Member,765.53,18,13779.54,2.14,294.88,13484.66,749.15,16.38
TXN4688,East,Apparel,Wallet,Member,292.97,18,5273.46,6.82,359.65,4913.81,272.99,19.98
TXN4689,East,Furniture,Wallet,Returning,169.37,9,1524.33,5.77,87.95,1436.38,159.6,
TXN4690,North,Furniture,UPI,Member,445.18,19,8458.42,10.97,927.89,7530.53,396.34,48.84
TXN4691,West,Electronics,UPI,Returning,269.81,1,269.81,4.91,13.25,256.56,256.56,13.25
TXN4692,East,Grocery,Credit Card,Guest,576.78,9,5191.02,20.1,1043.4,4147.62,460.85,115.93
TXN4693,West,Apparel,Cash,New,414.72,5,2073.6,2.72,56.4,2017.2,403.44,11.28
TXN4694,East,Furniture,Wallet,Guest,621.57,15,9323.55,19.53,1820.89,7502.66,500.18,121.39
TXN4695,North,Furniture,Cash,New,733.01,16,11728.16,23.51,2757.29,8970.87,560.68,172.33
TXN4696,North,Apparel,Cash,Returning,324.98,11,3574.78,8.58,306.72,3268.06,297.1,27.88
TXN4697,South,Grocery,Cash,Guest,200.77,19,3814.63,28.11,1072.29,2742.34,144.33,56.44
TXN4698,North,Electronics,UPI,Returning,947.02,6,5682.12,4.05,230.13,5451.99,908.67,38.35
TXN4699,South,Furniture,Credit Card,Member,765.53,18,13779.54,2.14,294.88,13484.66,749.15,
TXN4700,East,Apparel,Wallet,Member,292.97,18,5273.46,6.82,359.65,4913.81,272.99,19.98
TXN4701,East,Furniture,Wallet,Returning,169.37,9,1524.33,5.77,87.95,1436.38,159.6,
TXN4702,North,Furniture,UPI,Member,445.18,19,8458.42,10.97,927.89,7530.53,396.34,48.84
TXN4703,West,Electronics,UPI,Returning,269.81,1,269.81,4.91,13.25,256.56,256.56,13.25
TXN4704,East,Grocery,Credit Card,Guest,576.78,9,5191.02,20.1,1043.4,4147.62,460.85,115.93
TXN4705,West,Apparel,Cash,New,414.72,5,2073.6,2.72,56.4,2017.2,,11.28
TXN4706,East,Furniture,Wallet,Guest,621.57,15,9323.55,19.53,1820.89,7502.66,500.18,121.39
TXN4707,North,Furniture,Cash,New,733.01,16,11728.16,23.51,2757.29,8970.87,560.68,172.33
TXN4708,North,Apparel,Cash,Returning,324.98,11,3574.78,8.58,306.72,3268.06,297.1,27.88
TXN4709,East,Grocery,Cash,Returning,309.34,6,1856.04,7.78,144.4,1711.64,285.27,24.07
TXN4710,West,Electronics,UPI,Member,975.18,17,16578.06,10.51,1742.35,14835.71,872.69,102.49
TXN4711,West,Furniture,Wallet,Returning,989.05,11,10879.55,24.29,2642.64,8236.91,748.81,240.24
TXN4712,East,Furniture,Wallet,Returning,860.54,16,13768.64,25.51,3512.38,10256.26,641.02,219.52
TXN4713,North,Furniture,Wallet,New,530.16,15,7952.4,24.14,1919.71,6032.69,402.18,127.98
TXN4714,South,Furniture,Credit Card,Guest,272.16,10,2721.6,25.45,692.65,2028.95,202.9,69.26
TXN4715,South,Grocery,Credit Card,New,554.98,5,2774.9,25.78,715.37,2059.53,411.91,143.07
TXN4716,North,Apparel,Wallet,Guest,971.78,15,14576.7,18.17,2648.59,11928.11,795.21,176.57
TXN4717,West,Furniture,Cash,Guest,497.97,4,1991.88,23.44,466.9,1524.98,381.25,116.72
TXN4718,East,Apparel,UPI,New,449.02,16,7184.32,22.04,1583.42,5600.9,,98.96
TXN4719,South,Grocery,Credit Card,Member,684.58,3,2053.74,20.53,421.63,1632.11,544.04,140.54
TXN4720,South,Apparel,Wallet,Guest,951.53,5,4757.65,19.58,931.55,3826.1,765.22,
TXN4721,North,Apparel,Cash,Guest,655.35,1,655.35,18.62,122.03,533.32,533.32,122.03
TXN4722,East,Furniture,UPI,Member,482.08,16,7713.28,1.42,109.53,7603.75,475.23,6.85
TXN4723,East,Grocery,UPI,Guest,692.16,14,9690.24,11.86,1149.26,8540.98,610.07,82.09
TXN4724,West,Grocery,UPI,Returning,176.94,3,530.82,12.5,66.35,464.47,154.82,22.12
TXN4725,East,Grocery,Cash,Member,564.31,3,1692.93,22.07,373.63,1319.3,439.77,124.54
TXN4726,North,Furniture,UPI,New,847.74,10,8477.4,8.8,746.01,7731.39,773.14,74.6
TXN4727,East,Grocery,Wallet,Returning,488.43,6,2930.58,7.35,215.4,2715.18,452.53,35.9
TXN4728,North,Apparel,Credit Card,Member,700.8,9,6307.2,1.08,68.12,6239.08,693.23,7.57
TXN4729,North,Grocery,Cash,Guest,72.72,18,1308.96,7.66,100.27,1208.69,67.15,5.57
TXN4730,North,Grocery,Wallet,New,789.98,1,789.98,28.44,224.67,565.31,565.31,224.67
TXN4731,North,Furniture,UPI,New,209.55,3,628.65,5.89,37.03,591.62,197.21,12.34
TXN4732,West,Furniture,Cash,New,929.52,10,9295.2,18.2,1691.73,7603.47,760.35,169.17
TXN4733,South,Apparel,UPI,Guest,733.77,13,9539.01,6.31,601.91,8937.1,687.47,46.3
TXN4734,West,Grocery,Wallet,Returning,804.83,5,4024.15,10.15,408.45,3615.7,723.14,81.69
TXN4735,East,Grocery,Cash,Returning,309.34,6,1856.04,7.78,144.4,1711.64,285.27,24.07
TXN4736,West,Electronics,UPI,Member,975.18,17,16578.06,10.51,1742.35,14835.71,872.69,102.49
TXN4737,West,Furniture,Wallet,Returning,989.05,11,10879.55,24.29,2642.64,8236.91,748.81,240.24
TXN4738,North,Furniture,UPI,Member,445.18,19,8458.42,10.97,927.89,7530.53,396.34,48.84
TXN4739,West,Electronics,UPI,Returning,269.81,1,269.81,4.91,13.25,256.56,256.56,13.25
TXN4740,East,Grocery,Credit Card,Guest,576.78,9,5191.02,20.1,1043.4,4147.62,460.85,115.93
TXN4741,West,Apparel,Cash,New,414.72,5,2073.6,2.72,56.4,2017.2,,11.28
TXN4742,East,Furniture,Wallet,Guest,621.57,15,9323.55,19.53,1820.89,7502.66,500.18,121.39
TXN4743,North,Furniture,Cash,New,733.01,16,11728.16,23.51,2757.29,8970.87,560.68,172.33
TXN4744,North,Apparel,Cash,Returning,324.98,11,3574.78,8.58,306.72,3268.06,297.1,27.88
TXN4745,East,Grocery,Cash,Returning,309.34,6,1856.04,7.78,144.4,1711.64,285.27,24.07
TXN4746,West,Electronics,UPI,Member,975.18,17,16578.06,10.51,1742.35,14835.71,872.69,102.49
TXN4747,West,Furniture,Wallet,Returning,989.05,11,10879.55,24.29,2642.64,8236.91,748.81,240.24
TXN4748,East,Furniture,Wallet,Returning,860.54,16,13768.64,25.51,3512.38,10256.26,641.02,219.52
TXN4749,North,Furniture,Wallet,New,530.16,15,7952.4,24.14,1919.71,6032.69,402.18,127.98
TXN4750,South,Furniture,Credit Card,Guest,272.16,10,2721.6,25.45,692.65,2028.95,202.9,69.26
TXN4751,South,Grocery,Credit Card,New,554.98,5,2774.9,25.78,715.37,2059.53,411.91,143.07
TXN4752,North,Apparel,Wallet,Guest,971.78,15,14576.7,18.17,2648.59,11928.11,795.21,176.57
TXN4753,West,Furniture,Cash,Guest,497.97,4,1991.88,23.44,466.9,1524.98,381.25,116.72
TXN4754,East,Apparel,UPI,New,449.02,16,7184.32,22.04,1583.42,5600.9,,98.96
TXN4755,South,Grocery,Credit Card,Member,684.58,3,2053.74,20.53,421.63,1632.11,544.04,140.54
TXN4756,South,Apparel,Wallet,Guest,951.53,5,4757.65,19.58,931.55,3826.1,765.22,
TXN4757,North,Apparel,Cash,Guest,655.35,1,655.35,18.62,122.03,533.32,533.32,122.03
TXN4758,East,Furniture,UPI,Member,482.08,16,7713.28,1.42,109.53,7603.75,475.23,6.85
TXN4759,East,Grocery,UPI,Guest,692.16,14,9690.24,11.86,1149.26,8540.98,610.07,82.09
TXN4760,West,Grocery,UPI,Returning,176.94,3,530.82,12.5,66.35,464.47,154.82,22.12
TXN4761,East,Grocery,Cash,Member,564.31,3,1692.93,22.07,373.63,1319.3,439.77,124.54
TXN4762,North,Furniture,UPI,New,847.74,10,8477.4,8.8,746.01,7731.39,773.14,74.6
TXN4763,East,Grocery,Wallet,Returning,488.43,6,2930.58,7.35,215.4,2715.18,452.53,35.9
TXN4764,North,Apparel,Credit Card,Member,700.8,9,6307.2,1.08,68.12,6239.08,693.23,7.57
TXN4765,North,Grocery,Cash,Guest,72.72,18,1308.96,7.66,100.27,1208.69,67.15,5.57
TXN4766,North,Grocery,Wallet,New,789.98,1,789.98,28.44,224.67,565.31,565.31,224.67
TXN4767,North,Furniture,UPI,New,209.55,3,628.65,5.89,37.03,591.62,197.21,12.34
TXN4768,West,Furniture,Cash,New,929.52,10,9295.2,18.2,1691.73,7603.47,760.35,169.17
TXN4769,South,Apparel,UPI,Guest,733.77,13,9539.01,6.31,601.91,8937.1,687.47,46.3
TXN4770,West,Grocery,Wallet,Returning,804.83,5,4024.15,10.15,408.45,3615.7,723.14,81.69
TXN4771,East,Grocery,Cash,Returning,309.34,6,1856.04,7.78,144.4,1711.64,285.27,24.07
TXN4772,West,Electronics,UPI,Member,975.18,17,16578.06,10.51,1742.35,14835.71,872.69,102.49
TXN4773,West,Furniture,Wallet,Returning,989.05,11,10879.55,24.29,2642.64,8236.91,748.81,240.24
TXN4774,North,Grocery,Wallet,New,789.98,1,789.98,28.44,224.67,565.31,565.31,224.67
TXN4775,North,Furniture,UPI,New,209.55,3,628.65,5.89,37.03,591.62,197.21,12.34
TXN4776,West,Furniture,Cash,New,929.52,10,9295.2,18.2,1691.73,7603.47,760.35,169.17
TXN4777,South,Apparel,UPI,Guest,733.77,13,9539.01,6.31,601.91,8937.1,687.47,46.3
TXN4778,West,Grocery,Wallet,Returning,804.83,5,4024.15,10.15,408.45,3615.7,723.14,81.69
TXN4779,East,Grocery,Cash,Returning,309.34,6,1856.04,7.78,144.4,1711.64,285.27,24.07
TXN4780,West,Electronics,UPI,Member,975.18,17,16578.06,10.51,1742.35,14835.71,872.69,102.49
TXN4781,West,Furniture,Wallet,Returning,989.05,11,10879.55,24.29,2642.64,8236.91,748.81,240.24
TXN4782,North,Furniture,UPI,Member,445.18,19,8458.42,10.97,927.89,7530.53,396.34,48.84
TXN4783,West,Electronics,UPI,Returning,269.81,1,269.81,4.91,13.25,256.56,256.56,13.25
TXN4784,East,Grocery,Credit Card,Guest,576.78,9,5191.02,20.1,1043.4,4147.62,460.85,115.93
TXN4785,West,Apparel,Cash,New,414.72,5,2073.6,2.72,56.4,2017.2,,11.28
TXN4786,East,Furniture,Wallet,Guest,621.57,15,9323.55,19.53,1820.89,7502.66,500.18,121.39
TXN4787,North,Furniture,Cash,New,733.01,16,11728.16,23.51,2757.29,8970.87,560.68,172.33
TXN4788,North,Apparel,Cash,Returning,324.98,11,3574.78,8.58,306.72,3268.06,297.1,27.88
TXN4789,East,Grocery,Cash,Returning,309.34,6,1856.04,7.78,144.4,1711.64,285.27,24.07
TXN4790,West,Electronics,UPI,Member,975.18,17,16578.06,10.51,1742.35,14835.71,872.69,102.49
TXN4791,West,Furniture,Wallet,Returning,989.05,11,10879.55,24.29,2642.64,8236.91,748.81,240.24
TXN4792,East,Furniture,Wallet,Returning,860.54,16,13768.64,25.51,3512.38,10256.26,641.02,
TXN4793,North,Furniture,Wallet,New,530.16,15,7952.4,24.14,1919.71,6032.69,402.18,127.98
TXN4794,South,Furniture,Credit Card,Guest,272.16,10,2721.6,25.45,692.65,2028.95,202.9,69.26
TXN4795,South,Grocery,Credit Card,New,554.98,5,2774.9,25.78,715.37,2059.53,411.91,143.07
TXN4796,North,Apparel,Wallet,Guest,971.78,15,14576.7,18.17,2648.59,11928.11,795.21,176.57
TXN4797,West,Furniture,Cash,Guest,497.97,4,1991.88,23.44,466.9,1524.98,381.25,116.72
TXN4798,East,Apparel,UPI,New,449.02,16,7184.32,22.04,1583.42,5600.9,,98.96
TXN4799,South,Grocery,Credit Card,Member,684.58,3,2053.74,20.53,421.63,1632.11,544.04,140.54
TXN4800,South,Apparel,Wallet,Guest,951.53,5,4757.65,19.58,931.55,3826.1,765.22,
TXN4801,North,Apparel,Cash,Guest,655.35,1,655.35,18.62,122.03,533.32,533.32,122.03
TXN4802,East,Furniture,UPI,Member,482.08,16,7713.28,1.42,109.53,7603.75,475.23,6.85
TXN4803,East,Grocery,UPI,Guest,692.16,14,9690.24,11.86,1149.26,8540.98,610.07,82.09
TXN4804,West,Grocery,UPI,Returning,176.94,3,530.82,12.5,66.35,464.47,154.82,22.12
TXN4805,East,Grocery,Cash,Member,564.31,3,1692.93,22.07,373.63,1319.3,439.77,124.54
TXN4806,North,Furniture,UPI,New,847.74,10,8477.4,8.8,746.01,7731.39,773.14,74.6
TXN4807,East,Grocery,Wallet,Returning,488.43,6,2930.58,7.35,215.4,2715.18,452.53,35.9
TXN4808,North,Apparel,Credit Card,Member,700.8,9,6307.2,1.08,68.12,6239.08,693.23,7.57
TXN4809,North,Grocery,Cash,Guest,72.72,18,1308.96,7.66,100.27,1208.69,67.15,5.57
TXN4810,North,Grocery,Wallet,New,789.98,1,789.98,28.44,224.67,565.31,565.31,224.67
TXN4811,North,Furniture,UPI,New,209.55,3,628.65,5.89,37.03,591.62,197.21,12.34
TXN4812,West,Furniture,Cash,New,929.52,10,9295.2,18.2,1691.73,7603.47,760.35,169.17
TXN4813,South,Apparel,UPI,Guest,733.77,13,9539.01,6.31,601.91,8937.1,687.47,46.3
TXN4814,West,Grocery,Wallet,Returning,804.83,5,4024.15,10.15,408.45,3615.7,723.14,81.69
TXN4815,East,Grocery,Cash,Returning,309.34,6,1856.04,7.78,144.4,1711.64,285.27,24.07
TXN4816,West,Electronics,UPI,Member,975.18,17,16578.06,10.51,1742.35,14835.71,872.69,102.49
TXN4817,West,Furniture,Wallet,Returning,989.05,11,10879.55,24.29,2642.64,8236.91,748.81,240.24
TXN4818,North,Apparel,Credit Card,Returning,454.71,2,909.42,17.64,160.42,749,374.5,80.21
TXN4819,North,Electronics,Cash,New,913.33,19,17353.27,7.75,1344.88,16008.39,,
TXN4820,West,Electronics,Wallet,Guest,56.8,6,340.8,2.49,8.49,332.31,55.39,1.41
TXN4821,South,Furniture,Cash,Guest,106.32,2,212.64,19.62,41.72,170.92,85.46,20.86
TXN4822,South,Grocery,Cash,Returning,271.31,19,5154.89,12.91,665.5,4489.39,236.28,
TXN4823,South,Electronics,UPI,Member,583.8,3,1751.4,12.39,217,1534.4,511.47,72.33
TXN4824,South,Furniture,UPI,New,674.28,4,2697.12,12.24,330.13,2366.99,591.75,82.53
TXN4825,North,Apparel,Cash,Member,83.38,3,250.14,13.98,34.97,215.17,71.72,11.66
TXN4826,West,Apparel,UPI,New,581.39,7,4069.73,,1097.2,2972.53,424.65,
TXN4827,South,Apparel,Wallet,Returning,986.56,9,8879.04,26.94,,6487.03,,20.64
TXN4828,South,Electronics,Credit Card,Member,506.45,18,9116.1,19.32,1761.23,,408.6,174.93
TXN4829,East,Apparel,UPI,Member,502.96,19,9556.24,1.57,150.03,9406.21,495.06,163.9
TXN4830,North,Apparel,Credit Card,Returning,454.71,2,909.42,17.64,,749,374.5,125.36
TXN4831,North,Electronics,Cash,New,913.33,19,17353.27,7.75,1344.88,16008.39,842.55,77.66
TXN4832,West,Electronics,Wallet,Guest,56.8,6,340.8,2.49,8.49,332.31,55.39,109.79
TXN4833,South,Furniture,Cash,Guest,106.32,2,212.64,19.62,41.72,170.92,85.46,11.66
TXN4834,South,Grocery,Cash,Returning,271.31,19,5154.89,12.91,665.5,4489.39,236.28,156.74
TXN4835,South,Electronics,UPI,Member,583.8,3,1751.4,12.39,217,1534.4,511.47,20.64
TXN4836,South,Furniture,UPI,New,674.28,4,2697.12,12.24,330.13,2366.99,591.75,174.93
TXN4837,North,Apparel,Cash,Member,83.38,3,250.14,13.98,34.97,215.17,71.72,163.9
TXN4838,West,Apparel,UPI,New,581.39,7,4069.73,26.96,1097.2,2972.53,424.65,125.36
TXN4839,East,Apparel,Credit Card,Returning,566.92,8,4535.36,3.64,165.09,4370.27,546.28,77.66
TXN4840,West,Furniture,Cash,Guest,704.78,5,3523.9,24.82,874.63,2649.27,529.85,109.79
TXN4841,South,Furniture,Credit Card,New,623.89,1,623.89,26.27,163.9,459.99,459.99,143.23
TXN4842,East,Apparel,Credit Card,Returning,566.92,8,4535.36,3.64,165.09,4370.27,546.28,30.79
TXN4843,West,Furniture,Cash,Guest,704.78,5,3523.9,24.82,874.63,2649.27,529.85,6.34
TXN4844,South,Furniture,Credit Card,New,623.89,1,623.89,,,459.99,459.99,155.24
TXN4845,West,Furniture,Cash,Guest,704.78,,3523.9,24.82,874.63,,529.85,70.31
TXN4846,South,Furniture,Credit Card,New,623.89,1,623.89,26.27,163.9,459.99,,70.69
TXN4847,South,Apparel,Credit Card,Returning,502.83,5,2514.15,24.93,626.78,1887.37,377.47,56.44
TXN4848,North,Apparel,Cash,Member,733.98,14,10275.72,10.58,1087.17,9188.55,656.32,38.35
TXN4849,South,Furniture,UPI,Returning,954.7,16,,11.5,1756.65,13518.55,844.91,16.38
TXN4850,North,Apparel,Cash,Member,83.38,3,250.14,,34.97,215.17,71.72,19.98
TXN4851,West,Apparel,UPI,New,581.39,7,4069.73,26.96,,2972.53,424.65,143.23
TXN4852,East,Apparel,Credit Card,Returning,566.92,8,4535.36,3.64,165.09,,546.28,30.79
TXN4853,West,Furniture,Cash,Guest,704.78,5,3523.9,24.82,,2649.27,,6.34
TXN4854,South,Furniture,Credit Card,New,623.89,1,,26.27,163.9,459.99,459.99,155.24
TXN4855,South,Apparel,Credit Card,Returning,502.83,5,,24.93,,1887.37,377.47,70.31
TXN4856,North,Apparel,Cash,Member,733.98,14,10275.72,,1087.17,9188.55,656.32,70.69
TXN4857,South,Furniture,UPI,Returning,,16,15275.2,11.5,1756.65,,,56.44
TXN4858,North,Apparel,Credit Card,Returning,454.71,2,909.42,17.64,160.42,749,374.5,80.21
TXN4859,North,Electronics,Cash,New,913.33,19,17353.27,7.75,1344.88,16008.39,,
TXN4860,West,Electronics,Wallet,Guest,56.8,6,340.8,2.49,8.49,332.31,55.39,
TXN4861,South,Furniture,Cash,Guest,106.32,2,212.64,19.62,41.72,170.92,85.46,20.86
TXN4862,South,Grocery,Cash,Returning,271.31,19,5154.89,12.91,665.5,4489.39,236.28,35.03
TXN4863,South,Electronics,UPI,Member,583.8,3,1751.4,12.39,217,1534.4,511.47,72.33
TXN4864,South,Furniture,UPI,New,674.28,4,2697.12,12.24,330.13,2366.99,591.75,82.53
TXN4865,North,Apparel,Cash,Member,83.38,3,250.14,13.98,34.97,215.17,71.72,11.66
TXN4866,West,Apparel,UPI,New,581.39,7,4069.73,,1097.2,2972.53,424.65,156.74
TXN4867,South,Apparel,Wallet,Returning,986.56,9,8879.04,26.94,,6487.03,720.78,20.64
TXN4868,South,Electronics,Credit Card,Member,506.45,18,9116.1,19.32,1761.23,,408.6,174.93
TXN4869,East,Apparel,UPI,Member,502.96,19,9556.24,1.57,150.03,9406.21,495.06,163.9
TXN4870,North,Apparel,Credit Card,Returning,454.71,2,909.42,17.64,,749,374.5,125.36
TXN4871,North,Electronics,Cash,New,913.33,19,17353.27,7.75,1344.88,16008.39,842.55,77.66
TXN4872,West,Electronics,Wallet,Guest,56.8,6,340.8,2.49,8.49,332.31,55.39,109.79
TXN4873,South,Furniture,Cash,Guest,106.32,2,212.64,19.62,41.72,170.92,85.46,11.66
TXN4874,South,Grocery,Cash,Returning,271.31,19,5154.89,12.91,665.5,4489.39,236.28,156.74
TXN4875,South,Electronics,UPI,Member,583.8,3,1751.4,12.39,217,1534.4,511.47,20.64
TXN4876,South,Furniture,UPI,New,674.28,4,2697.12,12.24,330.13,2366.99,591.75,174.93
TXN4877,North,Apparel,Cash,Member,83.38,3,250.14,13.98,34.97,215.17,71.72,163.9
TXN4878,West,Apparel,UPI,New,581.39,7,4069.73,26.96,1097.2,2972.53,424.65,125.36
TXN4879,East,Apparel,Credit Card,Returning,566.92,8,4535.36,3.64,165.09,4370.27,546.28,77.66
TXN4880,West,Furniture,Cash,Guest,704.78,5,3523.9,24.82,874.63,2649.27,529.85,109.79
TXN4881,South,Furniture,Credit Card,New,623.89,1,623.89,26.27,163.9,459.99,459.99,143.23
TXN4882,East,Apparel,Credit Card,Returning,566.92,8,4535.36,3.64,165.09,4370.27,546.28,30.79
TXN4883,West,Furniture,Cash,Guest,704.78,5,3523.9,24.82,874.63,2649.27,529.85,6.34
TXN4884,South,Furniture,Credit Card,New,623.89,1,623.89,,,459.99,459.99,155.24
TXN4885,West,Furniture,Cash,Guest,704.78,,3523.9,24.82,874.63,,529.85,70.31
TXN4886,South,Furniture,Credit Card,New,623.89,1,623.89,26.27,163.9,459.99,,70.69
TXN4887,South,Apparel,Credit Card,Returning,502.83,5,2514.15,24.93,626.78,1887.37,377.47,56.44
TXN4888,North,Apparel,Cash,Member,733.98,14,10275.72,10.58,1087.17,9188.55,656.32,38.35
TXN4889,South,Furniture,UPI,Returning,954.7,16,,11.5,1756.65,13518.55,844.91,16.38
TXN4890,North,Apparel,Cash,Member,83.38,3,250.14,,34.97,215.17,71.72,19.98
TXN4891,West,Apparel,UPI,New,581.39,7,4069.73,26.96,,2972.53,424.65,143.23
TXN4892,East,Apparel,Credit Card,Returning,566.92,8,4535.36,3.64,165.09,,546.28,30.79
TXN4893,West,Furniture,Cash,Guest,704.78,5,3523.9,24.82,,2649.27,,
TXN4894,South,Furniture,Credit Card,New,623.89,1,,26.27,163.9,459.99,459.99,155.24
TXN4895,South,Apparel,Credit Card,Returning,502.83,5,,24.93,,1887.37,377.47,70.31
TXN4896,North,Apparel,Cash,Member,733.98,14,10275.72,,1087.17,9188.55,656.32,70.69
TXN4897,South,Furniture,UPI,Returning,,16,15275.2,11.5,1756.65,,844.91,
TXN4898,East,Grocery,Cash,New,321.44,9,2892.96,9.13,264.13,2628.83,292.09,
TXN4899,West,Furniture,Wallet,Member,873.53,4,3494.12,17.01,594.35,2899.77,724.94,
TXN4900,North,Apparel,Wallet,Guest,188.47,3,565.41,9.92,56.09,509.32,169.77,
TXN4901,South,Furniture,Wallet,Guest,326.1,11,3587.1,10.01,359.07,3228.03,293.46,32.64
TXN4902,North,Electronics,Credit Card,New,356.04,17,6052.68,4.36,263.9,5788.78,340.52,15.52
TXN4903,West,Electronics,Wallet,Guest,77.09,17,1310.53,0.74,9.7,1300.83,76.52,0.57
TXN4904,North,Electronics,Wallet,Guest,643.29,15,9649.35,15.36,1482.14,8167.21,544.48,98.81
TXN4905,South,Electronics,Wallet,New,565.3,12,6783.6,9.09,616.63,6166.97,513.91,51.39
TXN4906,North,Apparel,Credit Card,New,852.03,4,3408.12,6.24,212.67,3195.45,798.86,53.17
TXN4907,North,Apparel,Credit Card,Returning,862.11,12,10345.32,3.63,375.54,9969.78,830.82,31.29
TXN4908,North,Furniture,UPI,Guest,265.93,10,2659.3,3.24,86.16,2573.14,257.31,8.62
TXN4909,West,Furniture,Cash,Guest,842.98,19,16016.62,20.23,3240.16,12776.46,672.45,170.53
TXN4910,South,Apparel,UPI,New,693.42,4,2773.68,3.55,98.47,2675.21,668.8,24.62
TXN4911,North,Furniture,Wallet,New,255.1,18,4591.8,10.9,500.51,4091.29,227.29,27.81
TXN4912,North,Furniture,UPI,Guest,984.03,3,2952.09,24.56,725.03,2227.06,742.35,241.68
TXN4913,East,Grocery,Wallet,Member,910.64,6,5463.84,21.8,1191.12,4272.72,712.12,198.52
TXN4914,South,Apparel,UPI,Member,498.14,17,8468.38,19.42,1644.56,6823.82,401.4,96.74
TXN4915,South,Furniture,Cash,Returning,152.86,16,2445.76,7.95,194.44,2251.32,140.71,12.15
TXN4916,South,Furniture,Credit Card,Guest,258.4,13,3359.2,23.96,804.86,2554.34,196.49,61.91
TXN4917,North,Grocery,UPI,Returning,953.69,17,16212.73,20.67,3351.17,12861.56,756.56,197.13
TXN4918,North,Furniture,Cash,Member,240.37,2,480.74,5.3,25.48,455.26,227.63,12.74
TXN4919,North,Furniture,Cash,New,713.08,14,9983.12,14.57,1454.54,8528.58,609.18,103.9
TXN4920,North,Furniture,UPI,New,843.31,5,4216.55,12.44,524.54,3692.01,738.4,104.91
TXN4921,South,Apparel,Cash,New,483.95,2,967.9,10.11,97.85,870.05,435.02,48.93
TXN4922,West,Apparel,Cash,New,217.1,17,3690.7,23.41,863.99,2826.71,166.28,50.82
TXN4923,South,Furniture,Cash,Member,692,2,1384,25.19,348.63,1035.37,517.69,174.31
TXN4924,North,Electronics,Wallet,Guest,344.48,3,1033.44,13.64,140.96,892.48,297.49,46.99
TXN4925,West,Furniture,Credit Card,Returning,314.89,11,3463.79,8.85,306.55,3157.24,287.02,27.87
TXN4926,East,Apparel,Wallet,Guest,716.53,10,7165.3,12.48,894.23,6271.07,627.11,89.42
TXN4927,South,Apparel,UPI,New,797.08,16,12753.28,21.32,2719,10034.28,627.14,169.94
TXN4928,South,Grocery,Credit Card,Returning,339.57,15,5093.55,2.68,136.51,4957.04,330.47,9.1
TXN4929,North,Apparel,Wallet,Guest,940.53,1,940.53,13.56,127.54,812.99,812.99,127.54
TXN4930,North,Electronics,Wallet,Guest,498.65,7,3490.55,12.66,441.9,3048.65,435.52,63.13
TXN4931,East,Furniture,UPI,New,759.68,9,6837.12,0.81,55.38,6781.74,753.53,6.15
TXN4932,East,Grocery,Cash,Member,564.31,3,1692.93,22.07,373.63,1319.3,439.77,124.54
TXN4933,North,Furniture,UPI,New,847.74,10,8477.4,8.8,746.01,7731.39,773.14,74.6
TXN4934,East,Grocery,Wallet,Returning,488.43,6,2930.58,7.35,215.4,2715.18,452.53,35.9
TXN4935,North,Apparel,Credit Card,Member,700.8,9,6307.2,1.08,68.12,6239.08,693.23,7.57
TXN4936,North,Grocery,Cash,Guest,72.72,18,1308.96,7.66,100.27,1208.69,67.15,5.57
TXN4937,North,Grocery,Wallet,New,789.98,1,789.98,28.44,224.67,565.31,565.31,224.67
TXN4938,North,Furniture,UPI,New,209.55,3,628.65,5.89,37.03,591.62,197.21,12.34
TXN4939,West,Furniture,Cash,New,929.52,10,9295.2,18.2,1691.73,7603.47,760.35,169.17
TXN4940,South,Apparel,UPI,Guest,733.77,13,9539.01,6.31,601.91,8937.1,687.47,46.3
TXN4941,West,Grocery,Wallet,Returning,804.83,5,4024.15,10.15,408.45,3615.7,723.14,81.69
TXN4942,East,Grocery,Cash,Returning,309.34,6,1856.04,7.78,144.4,1711.64,285.27,24.07
TXN4943,West,Electronics,UPI,Member,975.18,17,16578.06,10.51,1742.35,14835.71,872.69,102.49
TXN4944,West,Furniture,Wallet,Returning,989.05,11,10879.55,24.29,2642.64,8236.91,748.81,240.24
TXN4945,East,Furniture,Wallet,Returning,860.54,16,13768.64,25.51,3512.38,10256.26,641.02,219.52
TXN4946,North,Furniture,Wallet,New,530.16,15,7952.4,24.14,1919.71,6032.69,402.18,127.98
TXN4947,South,Furniture,Credit Card,Guest,272.16,10,2721.6,25.45,692.65,2028.95,202.9,69.26
TXN4948,South,Grocery,Credit Card,New,554.98,5,2774.9,25.78,715.37,2059.53,411.91,143.07
TXN4949,North,Apparel,Wallet,Guest,971.78,15,14576.7,18.17,2648.59,11928.11,795.21,176.57
TXN4950,West,Furniture,Cash,Guest,497.97,4,1991.88,23.44,466.9,1524.98,381.25,116.72
TXN4951,East,Apparel,UPI,New,449.02,16,7184.32,22.04,1583.42,5600.9,350.06,
TXN4952,South,Grocery,Credit Card,Member,684.58,3,2053.74,20.53,421.63,1632.11,544.04,140.54
TXN4953,South,Apparel,Wallet,Guest,951.53,5,4757.65,19.58,931.55,3826.1,765.22,186.31
TXN4954,North,Apparel,Cash,Guest,655.35,1,655.35,18.62,122.03,533.32,533.32,122.03
TXN4955,East,Furniture,UPI,Member,482.08,16,7713.28,1.42,109.53,7603.75,475.23,6.85
TXN4956,East,Grocery,UPI,Guest,692.16,14,9690.24,11.86,1149.26,8540.98,610.07,82.09
TXN4957,West,Grocery,UPI,Returning,176.94,3,530.82,12.5,66.35,464.47,154.82,15.52
TXN4958,North,Electronics,Cash,Member,344.23,11,3786.53,21.64,819.41,2967.12,269.74,0.57
TXN4959,West,Apparel,UPI,Returning,552.03,12,6624.36,23.77,1574.61,5049.75,420.81,98.81
TXN4960,West,Apparel,Wallet,New,373.14,9,3358.26,12.04,404.33,2953.93,328.21,51.39
TXN4961,North,Grocery,UPI,Returning,969.47,4,3877.88,15.34,594.87,3283.01,820.75,53.17
TXN4962,West,Furniture,Cash,Member,875.07,7,6125.49,0.28,17.15,6108.34,872.62,31.29
TXN4963,East,Grocery,Cash,Member,243.75,2,487.5,29.45,143.57,343.93,171.97,8.62
TXN4964,South,Electronics,UPI,Returning,75.03,5,375.15,10.93,41,334.15,66.83,170.53
TXN4965,East,Apparel,Credit Card,Returning,106.02,6,636.12,28.92,183.97,452.15,75.36,24.62
TXN4966,East,Electronics,Cash,Returning,139.04,5,695.2,2.53,17.59,677.61,135.52,27.81
TXN4967,West,Apparel,UPI,Guest,809.42,19,15378.98,21.84,3358.77,12020.21,632.64,241.68
TXN4968,South,Electronics,Wallet,Returning,898.84,10,8988.4,4.86,436.84,8551.56,855.16,198.52
TXN4969,West,Electronics,Credit Card,Guest,380.48,11,4185.28,16.38,685.55,3499.73,318.16,96.74
TXN4970,North,Grocery,Wallet,New,75.34,19,1431.46,10.8,154.6,1276.86,67.2,12.15
TXN4971,East,Apparel,UPI,Member,651.97,17,11083.49,15.68,1737.89,9345.6,549.74,61.91
TXN4972,North,Electronics,UPI,Guest,234.82,15,3522.3,17.41,613.23,2909.07,193.94,197.13
TXN4973,South,Furniture,Credit Card,Returning,134.48,10,1344.8,9.9,133.14,1211.66,121.17,12.74
TXN4974,West,Furniture,Cash,Guest,293.04,4,1172.16,24.03,281.67,890.49,222.62,103.9
TXN4975,North,Grocery,Cash,New,669.35,11,7362.85,17.98,1323.84,6039.01,549,104.91
TXN4976,South,Grocery,Cash,New,440.33,4,1761.32,21.82,384.32,1377,344.25,74.6
TXN4977,South,Furniture,Cash,New,792.77,11,8720.47,21.53,1877.52,6842.95,622.09,35.9
TXN4978,South,Furniture,UPI,Guest,626.06,4,2504.24,27.38,685.66,1818.58,,7.57
TXN4979,South,Electronics,Credit Card,New,788.25,6,4729.5,22.91,1083.53,3645.97,607.66,5.57
TXN4980,West,Electronics,Wallet,Member,207.09,14,2899.26,0.83,24.06,2875.2,205.37,224.67
TXN4981,South,Electronics,Wallet,Guest,542.11,17,9215.87,12.74,1174.1,8041.77,473.05,12.34
TXN4982,East,Apparel,Cash,New,424.26,6,2545.56,15.15,385.65,2159.91,359.98,169.17
TXN4983,East,Furniture,Wallet,Returning,833,11,9163,20.53,1881.16,7281.84,661.99,46.3
TXN4984,South,Electronics,Credit Card,Guest,67.98,14,951.72,14.15,134.67,817.05,58.36,81.69
TXN4985,West,Electronics,Wallet,Guest,285.02,8,2280.16,5.18,118.11,2162.05,270.26,124.54
TXN4986,South,Electronics,UPI,New,893.58,15,13403.7,12.03,1612.47,11791.23,786.08,74.6
TXN4987,South,Apparel,Credit Card,Member,856.59,17,14562.03,12.3,1791.13,12770.9,,35.9
TXN4988,South,Grocery,Credit Card,Guest,587.95,6,3527.7,9.6,338.66,3189.04,531.51,7.57
TXN4989,West,Apparel,UPI,Member,273.64,10,2736.4,1.75,47.89,2688.51,268.85,5.57
TXN4990,West,Apparel,Credit Card,Returning,289.78,19,5505.82,23.8,1310.39,4195.43,220.81,224.67
TXN4991,South,Apparel,UPI,Guest,949.62,3,2848.86,17.55,499.97,,782.96,12.34
TXN4992,North,Electronics,UPI,Member,576.8,13,7498.4,26.78,,5490.33,422.33,169.17
TXN4993,North,Apparel,Credit Card,Guest,344.98,14,4829.72,13.83,,4161.77,297.27,46.3
TXN4994,East,Grocery,Cash,Guest,488.95,2,977.9,16.07,157.15,,410.38,81.69
TXN4995,East,Furniture,Cash,Member,603.98,5,3019.9,22.55,680.99,2338.91,467.78,98.96
TXN4996,East,Grocery,Cash,Member,575.37,13,7479.81,0.54,40.39,7439.42,,140.54
TXN4997,East,Apparel,Cash,Member,707.42,10,7074.2,5.24,370.69,6703.51,670.35,186.31
TXN4998,South,Electronics,Credit Card,Member,123.13,18,2216.34,16.71,370.35,1845.99,102.55,122.03
TXN4999,West,Apparel,Cash,Returning,321.14,11,3532.54,19.9,702.98,2829.56,257.23,6.85
TXN5000,South,Apparel,Wallet,Returning,368.71,17,6268.07,6.39,400.53,5867.54,345.15,82.09
TXN5001,North,Apparel,Credit Card,Guest,904.01,9,8136.09,11.72,953.55,7182.54,798.06,15.52
TXN5002,South,Grocery,Cash,Returning,939,13,12207,5.63,687.25,11519.75,886.13,0.57
TXN5003,West,Grocery,Credit Card,Returning,874.92,17,14873.64,29.76,4426.4,10447.24,614.54,98.81
TXN5004,West,Apparel,UPI,Member,950.3,11,10453.3,4.16,434.86,10018.44,910.77,51.39
TXN5005,West,Furniture,Cash,Returning,575.6,1,575.6,6.81,39.2,536.4,536.4,53.17
TXN5006,South,Grocery,Credit Card,Guest,765.6,16,12249.6,21.08,2582.22,9667.38,604.21,31.29
TXN5007,South,Grocery,UPI,Returning,266.5,4,1066,9.62,102.55,963.45,240.86,8.62
TXN5008,West,Grocery,Cash,New,280.73,3,842.19,10.02,84.39,757.8,252.6,170.53
TXN5009,West,Apparel,Credit Card,New,258.71,16,4139.36,21.25,879.61,3259.75,203.73,24.62
TXN5010,East,Furniture,UPI,Member,532.33,4,2129.32,24.79,527.86,1601.46,400.37,27.81
TXN5011,North,Grocery,UPI,Returning,62.18,13,808.34,27.95,225.93,582.41,44.8,241.68
TXN5012,West,Electronics,Wallet,Member,395.42,18,7117.56,21.35,1519.6,5597.96,311,198.52
TXN5013,South,Electronics,Cash,New,637.89,7,4465.23,19.75,881.88,3583.35,511.91,96.74
TXN5014,West,Apparel,Wallet,Member,318.61,11,3504.71,24.31,852,2652.71,241.16,12.15
TXN5015,West,Electronics,Wallet,Returning,195.9,4,783.6,12.97,101.63,681.97,170.49,61.91
TXN5016,West,Grocery,Wallet,Guest,816.14,17,13874.38,17.55,2434.95,11439.43,672.91,197.13
TXN5017,South,Electronics,Wallet,New,707.72,16,11323.52,4.35,492.57,10830.95,676.93,12.74
TXN5018,East,Grocery,Credit Card,New,54.87,8,438.96,11.55,50.7,388.26,48.53,103.9
TXN5019,West,Grocery,Wallet,Member,625.97,11,6885.67,24.8,1707.65,5178.02,470.73,104.91
TXN5020,North,Furniture,Credit Card,Guest,881.09,10,8810.9,7.98,703.11,8107.79,810.78,74.6
TXN5021,West,Electronics,Wallet,Returning,685.66,10,6856.6,10.31,706.92,6149.68,614.97,35.9
TXN5022,South,Grocery,Cash,Guest,200.77,19,,28.11,1072.29,2742.34,144.33,7.57
TXN5023,North,Electronics,UPI,Returning,947.02,6,5682.12,4.05,230.13,,908.67,5.57
TXN5024,South,Furniture,Credit Card,Member,765.53,18,,2.14,294.88,13484.66,749.15,224.67
TXN5025,East,Apparel,Wallet,Member,292.97,18,5273.46,6.82,,4913.81,272.99,12.34
TXN5026,East,Furniture,Wallet,Returning,169.37,9,1524.33,5.77,87.95,1436.38,159.6,169.17
TXN5027,North,Furniture,UPI,Member,445.18,19,8458.42,,927.89,7530.53,,46.3
TXN5028,West,Electronics,UPI,Returning,269.81,1,,4.91,13.25,256.56,256.56,81.69
TXN5029,East,Grocery,Credit Card,Guest,576.78,9,5191.02,20.1,1043.4,4147.62,460.85,124.54
TXN5030,West,Apparel,Cash,New,414.72,5,2073.6,2.72,56.4,2017.2,403.44,29.35
TXN5031,East,Furniture,Wallet,Guest,621.57,15,9323.55,19.53,1820.89,7502.66,500.18,148.59
TXN5032,North,Furniture,Cash,New,733.01,16,11728.16,23.51,2757.29,8970.87,560.68,18.7
TXN5033,North,Apparel,Cash,Returning,324.98,11,3574.78,8.58,306.72,3268.06,297.1,32.64
TXN5034,East,Apparel,Credit Card,Returning,508.32,11,5591.52,11.55,645.82,4945.7,449.61,15.52
TXN5035,East,Apparel,Wallet,New,565.3,10,5653,9.52,538.17,,511.48,0.57
TXN5036,East,Apparel,Credit Card,Member,78.21,10,782.1,3.84,,752.07,75.21,98.81
TXN5037,West,Grocery,Cash,Guest,333.73,3,,10.49,105.02,896.17,298.72,51.39
TXN5038,South,Electronics,Wallet,New,565.3,12,6783.6,9.09,616.63,6166.97,513.91,51.39
TXN5039,North,Apparel,Credit Card,New,852.03,4,3408.12,6.24,212.67,3195.45,798.86,53.17
TXN5040,North,Apparel,Credit Card,Returning,862.11,12,10345.32,3.63,375.54,9969.78,830.82,31.29
TXN5041,North,Furniture,UPI,Guest,265.93,10,2659.3,3.24,86.16,2573.14,257.31,8.62
TXN5042,West,Furniture,Cash,Guest,842.98,19,16016.62,20.23,3240.16,12776.46,672.45,170.53
TXN5043,South,Apparel,UPI,New,693.42,4,2773.68,3.55,98.47,2675.21,668.8,24.62
TXN5044,North,Furniture,Wallet,New,255.1,18,4591.8,10.9,500.51,4091.29,227.29,27.81
TXN5045,North,Furniture,UPI,Guest,984.03,3,2952.09,24.56,725.03,2227.06,742.35,241.68
TXN5046,East,Grocery,Wallet,Member,910.64,6,5463.84,21.8,1191.12,4272.72,712.12,198.52
TXN5047,South,Apparel,UPI,Member,498.14,17,8468.38,19.42,1644.56,6823.82,401.4,96.74
TXN5048,South,Furniture,Cash,Returning,152.86,16,2445.76,7.95,194.44,2251.32,140.71,12.15
TXN5049,South,Furniture,Credit Card,Guest,258.4,13,3359.2,23.96,804.86,2554.34,196.49,61.91
TXN5050,North,Grocery,UPI,Returning,953.69,17,16212.73,20.67,3351.17,12861.56,756.56,197.13
TXN5051,North,Furniture,Cash,Member,240.37,2,480.74,5.3,25.48,455.26,227.63,12.74
TXN5052,North,Furniture,Cash,New,713.08,14,9983.12,14.57,1454.54,8528.58,609.18,103.9
TXN5053,North,Furniture,UPI,New,843.31,5,4216.55,12.44,524.54,3692.01,738.4,104.91
TXN5054,South,Apparel,Cash,New,483.95,2,967.9,10.11,97.85,870.05,435.02,48.93
TXN5055,West,Apparel,Cash,New,217.1,17,3690.7,23.41,863.99,2826.71,166.28,50.82
TXN5056,South,Furniture,Cash,Member,692,2,1384,25.19,348.63,1035.37,517.69,174.31
TXN5057,North,Electronics,Wallet,Guest,344.48,3,1033.44,13.64,140.96,892.48,297.49,46.99
TXN5058,West,Furniture,Credit Card,Returning,314.89,11,3463.79,8.85,306.55,3157.24,287.02,27.87
TXN5059,East,Apparel,Wallet,Guest,716.53,10,7165.3,12.48,894.23,6271.07,627.11,89.42
TXN5060,South,Apparel,UPI,New,797.08,16,12753.28,21.32,2719,10034.28,627.14,169.94
TXN5061,South,Grocery,Credit Card,Returning,339.57,15,5093.55,2.68,136.51,4957.04,330.47,9.1
TXN5062,North,Apparel,Wallet,Guest,940.53,1,940.53,13.56,127.54,812.99,812.99,127.54
TXN5063,North,Electronics,Wallet,Guest,498.65,7,3490.55,12.66,441.9,3048.65,435.52,63.13
TXN5064,East,Furniture,UPI,New,759.68,9,6837.12,0.81,55.38,6781.74,753.53,6.15
TXN5065,East,Grocery,Cash,Member,564.31,3,1692.93,22.07,373.63,1319.3,439.77,124.54
TXN5066,North,Furniture,UPI,New,847.74,10,8477.4,8.8,746.01,7731.39,773.14,74.6
TXN5067,East,Grocery,Wallet,Returning,488.43,6,2930.58,7.35,215.4,2715.18,452.53,35.9
TXN5068,North,Apparel,Credit Card,Member,700.8,9,6307.2,1.08,68.12,6239.08,693.23,7.57
TXN5069,North,Grocery,Cash,Guest,72.72,18,1308.96,7.66,100.27,1208.69,67.15,5.57
TXN5070,North,Grocery,Wallet,New,789.98,1,789.98,28.44,224.67,565.31,565.31,224.67
TXN5071,North,Furniture,UPI,New,209.55,3,628.65,5.89,37.03,591.62,197.21,12.34
TXN5072,West,Furniture,Cash,New,929.52,10,9295.2,18.2,1691.73,7603.47,760.35,169.17
TXN5073,South,Apparel,UPI,Guest,733.77,13,9539.01,6.31,601.91,8937.1,687.47,46.3
TXN5074,West,Grocery,Wallet,Returning,804.83,5,4024.15,10.15,408.45,3615.7,723.14,81.69
TXN5075,East,Grocery,Cash,Returning,309.34,6,1856.04,7.78,144.4,1711.64,285.27,24.07
TXN5076,West,Electronics,UPI,Member,975.18,17,16578.06,10.51,1742.35,14835.71,872.69,102.49
TXN5077,West,Furniture,Wallet,Returning,989.05,11,10879.55,24.29,2642.64,8236.91,748.81,240.24
TXN5078,East,Furniture,Wallet,Returning,860.54,16,13768.64,25.51,3512.38,10256.26,641.02,219.52
TXN5079,North,Furniture,Wallet,New,530.16,15,7952.4,24.14,1919.71,6032.69,402.18,127.98
TXN5080,South,Furniture,Credit Card,Guest,272.16,10,2721.6,25.45,692.65,2028.95,202.9,69.26
TXN5081,South,Grocery,Credit Card,New,554.98,5,2774.9,25.78,715.37,2059.53,411.91,143.07
TXN5082,North,Apparel,Wallet,Guest,971.78,15,14576.7,18.17,2648.59,11928.11,795.21,176.57
TXN5083,West,Furniture,Cash,Guest,497.97,4,1991.88,23.44,466.9,1524.98,381.25,116.72
TXN5084,East,Apparel,UPI,New,449.02,16,7184.32,22.04,1583.42,5600.9,350.06,98.96
TXN5085,South,Grocery,Credit Card,Member,684.58,3,2053.74,20.53,421.63,1632.11,544.04,140.54
TXN5086,South,Apparel,Wallet,Guest,951.53,5,4757.65,19.58,931.55,3826.1,765.22,186.31
TXN5087,North,Apparel,Cash,Guest,655.35,1,655.35,18.62,122.03,533.32,533.32,122.03
TXN5088,East,Furniture,UPI,Member,482.08,16,7713.28,1.42,109.53,7603.75,475.23,6.85
TXN5089,East,Grocery,UPI,Guest,692.16,14,9690.24,11.86,1149.26,8540.98,610.07,82.09
TXN5090,West,Grocery,UPI,Returning,176.94,3,530.82,12.5,66.35,464.47,154.82,22.12
TXN5091,North,Electronics,Cash,Member,344.23,11,3786.53,21.64,819.41,2967.12,269.74,74.49
TXN5092,West,Apparel,UPI,Returning,552.03,12,6624.36,23.77,1574.61,5049.75,420.81,131.22
TXN5093,West,Apparel,Wallet,New,373.14,9,3358.26,12.04,404.33,2953.93,328.21,44.93
TXN5094,North,Grocery,UPI,Returning,969.47,4,3877.88,15.34,594.87,3283.01,820.75,148.72
TXN5095,West,Furniture,Cash,Member,875.07,7,6125.49,0.28,17.15,6108.34,872.62,2.45
TXN5096,East,Grocery,Cash,Member,243.75,2,487.5,29.45,143.57,343.93,171.97,71.78
TXN5097,South,Electronics,UPI,Returning,75.03,5,375.15,10.93,41,334.15,66.83,8.2
TXN5098,East,Apparel,Credit Card,Returning,106.02,6,636.12,28.92,183.97,452.15,75.36,30.66
TXN5099,East,Electronics,Cash,Returning,139.04,5,695.2,2.53,17.59,677.61,135.52,3.52
TXN5100,West,Apparel,UPI,Guest,809.42,19,15378.98,21.84,3358.77,12020.21,632.64,176.78
TXN5101,South,Electronics,Wallet,Returning,898.84,10,8988.4,4.86,436.84,8551.56,855.16,43.68
TXN5102,West,Electronics,Wallet,Returning,685.66,10,6856.6,10.31,706.92,6149.68,614.97,35.9
TXN5103,South,Grocery,Cash,Guest,200.77,19,,28.11,1072.29,2742.34,144.33,7.57
TXN5104,North,Electronics,UPI,Returning,947.02,6,5682.12,4.05,230.13,,908.67,5.57
TXN5105,South,Furniture,Credit Card,Member,765.53,18,,2.14,294.88,13484.66,749.15,224.67
TXN5106,East,Apparel,Wallet,Member,292.97,18,5273.46,6.82,,4913.81,272.99,
TXN5107,East,Furniture,Wallet,Returning,169.37,9,1524.33,5.77,87.95,1436.38,159.6,169.17
TXN5108,North,Furniture,UPI,Member,445.18,19,8458.42,,927.89,7530.53,,46.3
TXN5109,West,Electronics,UPI,Returning,269.81,1,,4.91,13.25,256.56,256.56,81.69
TXN5110,East,Grocery,Credit Card,Guest,576.78,9,5191.02,20.1,1043.4,,,124.54
TXN5111,West,Apparel,Cash,New,414.72,5,2073.6,2.72,56.4,2017.2,403.44,
TXN5112,East,Furniture,Wallet,Guest,621.57,15,9323.55,19.53,1820.89,7502.66,500.18,148.59
TXN5113,North,Furniture,Cash,New,733.01,16,11728.16,23.51,2757.29,8970.87,560.68,18.7
TXN5114,North,Apparel,Cash,Returning,324.98,11,3574.78,8.58,306.72,3268.06,297.1,32.64
TXN5115,East,Apparel,Credit Card,Returning,508.32,11,5591.52,11.55,645.82,4945.7,449.61,15.52
TXN5116,East,Apparel,Wallet,New,565.3,10,5653,,538.17,,511.48,
TXN5117,East,Apparel,Credit Card,Member,78.21,10,782.1,3.84,,752.07,75.21,98.81
TXN5118,West,Grocery,Cash,Guest,333.73,3,,10.49,105.02,896.17,298.72,51.39
TXN5119,South,Electronics,Wallet,New,565.3,12,6783.6,9.09,616.63,6166.97,513.91,51.39
TXN5120,North,Apparel,Credit Card,New,852.03,4,3408.12,6.24,212.67,3195.45,798.86,53.17
TXN5121,North,Apparel,Credit Card,Returning,862.11,12,10345.32,3.63,375.54,9969.78,830.82,31.29
TXN5122,North,Furniture,UPI,Guest,265.93,10,2659.3,3.24,86.16,2573.14,257.31,8.62
TXN5123,West,Furniture,Cash,Guest,842.98,19,16016.62,20.23,3240.16,12776.46,672.45,170.53
TXN5124,South,Apparel,UPI,New,693.42,4,2773.68,3.55,98.47,2675.21,668.8,24.62
TXN5125,North,Furniture,Wallet,New,255.1,18,4591.8,10.9,500.51,4091.29,227.29,27.81
TXN5126,North,Furniture,UPI,Guest,984.03,3,2952.09,24.56,725.03,2227.06,742.35,241.68
TXN5127,East,Grocery,Wallet,Member,910.64,6,5463.84,21.8,1191.12,4272.72,712.12,198.52
TXN5128,South,Apparel,UPI,Member,498.14,17,8468.38,19.42,1644.56,6823.82,401.4,96.74
TXN5129,South,Furniture,Cash,Returning,152.86,16,2445.76,7.95,194.44,2251.32,140.71,12.15
TXN5130,South,Furniture,Credit Card,Guest,258.4,13,3359.2,23.96,804.86,2554.34,196.49,61.91
TXN5131,North,Grocery,UPI,Returning,953.69,17,16212.73,20.67,3351.17,12861.56,,
TXN5132,North,Furniture,Cash,Member,240.37,2,480.74,5.3,25.48,455.26,227.63,12.74
TXN5133,South,Furniture,Credit Card,Guest,272.16,10,2721.6,25.45,692.65,2028.95,202.9,69.26
TXN5134,South,Grocery,Credit Card,New,554.98,5,2774.9,25.78,715.37,2059.53,411.91,143.07
TXN5135,North,Apparel,Wallet,Guest,971.78,15,14576.7,18.17,2648.59,11928.11,795.21,176.57
TXN5136,West,Furniture,Cash,Guest,497.97,4,1991.88,23.44,466.9,1524.98,381.25,116.72
TXN5137,East,Apparel,UPI,New,449.02,16,7184.32,22.04,1583.42,5600.9,350.06,98.96
TXN5138,South,Grocery,Credit Card,Member,684.58,3,2053.74,20.53,421.63,1632.11,544.04,140.54
TXN5139,South,Apparel,Wallet,Guest,951.53,5,4757.65,19.58,931.55,3826.1,765.22,186.31
TXN5140,North,Apparel,Cash,Guest,655.35,1,655.35,18.62,122.03,533.32,533.32,122.03
TXN5141,East,Furniture,UPI,Member,482.08,16,7713.28,1.42,109.53,7603.75,475.23,6.85
TXN5142,East,Grocery,UPI,Guest,692.16,14,9690.24,11.86,1149.26,8540.98,610.07,82.09
TXN5143,West,Grocery,UPI,Returning,176.94,3,530.82,12.5,66.35,464.47,154.82,22.12
TXN5144,North,Electronics,Cash,Member,344.23,11,3786.53,21.64,819.41,2967.12,269.74,74.49
TXN5145,West,Apparel,UPI,Returning,552.03,12,6624.36,23.77,1574.61,5049.75,420.81,131.22
TXN5146,West,Apparel,Wallet,New,373.14,9,3358.26,12.04,404.33,2953.93,328.21,44.93
TXN5147,North,Grocery,UPI,Returning,969.47,4,3877.88,15.34,594.87,3283.01,820.75,148.72
TXN5148,West,Furniture,Cash,Member,875.07,7,6125.49,0.28,17.15,6108.34,872.62,2.45
TXN5149,East,Grocery,Cash,Member,243.75,2,487.5,29.45,143.57,343.93,171.97,71.78
TXN5150,South,Furniture,Credit Card,Guest,272.16,10,2721.6,25.45,692.65,2028.95,202.9,69.26
TXN5151,South,Grocery,Credit Card,New,554.98,5,2774.9,25.78,715.37,2059.53,411.91,143.07
TXN5152,North,Apparel,Wallet,Guest,971.78,15,14576.7,18.17,2648.59,11928.11,795.21,176.57
TXN5153,West,Furniture,Cash,Guest,497.97,4,1991.88,23.44,466.9,1524.98,381.25,116.72
TXN5154,East,Apparel,UPI,New,449.02,16,7184.32,22.04,1583.42,5600.9,350.06,98.96
TXN5155,South,Grocery,Credit Card,Member,684.58,3,2053.74,20.53,421.63,1632.11,,
TXN5156,South,Apparel,Wallet,Guest,951.53,5,4757.65,19.58,931.55,3826.1,765.22,186.31
TXN5157,North,Apparel,Cash,Guest,655.35,1,655.35,18.62,122.03,533.32,533.32,122.03
TXN5158,East,Furniture,UPI,Member,482.08,16,7713.28,1.42,109.53,7603.75,475.23,6.85
TXN5159,East,Grocery,UPI,Guest,692.16,14,9690.24,11.86,1149.26,8540.98,610.07,82.09
TXN5160,West,Grocery,UPI,Returning,176.94,3,530.82,12.5,66.35,464.47,154.82,
TXN5161,North,Electronics,Cash,Member,344.23,11,3786.53,21.64,819.41,2967.12,,74.49
TXN5162,West,Apparel,UPI,Returning,552.03,12,6624.36,23.77,1574.61,5049.75,420.81,
TXN5163,West,Apparel,Wallet,New,373.14,9,3358.26,12.04,404.33,2953.93,328.21,44.93
TXN5164,North,Grocery,UPI,Returning,969.47,4,3877.88,15.34,594.87,3283.01,820.75,148.72
TXN5165,West,Furniture,Cash,Member,875.07,7,6125.49,0.28,17.15,6108.34,872.62,2.45
TXN5166,East,Grocery,Cash,Member,243.75,2,487.5,29.45,143.57,343.93,171.97,71.78
TXN5167,South,Apparel,UPI,Guest,949.62,3,2848.86,17.55,499.97,2348.89,782.96,166.66
TXN5168,North,Electronics,UPI,Member,576.8,13,7498.4,26.78,2008.07,5490.33,422.33,154.47
TXN5169,North,Apparel,Credit Card,Guest,344.98,14,4829.72,13.83,667.95,4161.77,297.27,47.71
TXN5170,East,Grocery,Cash,Guest,488.95,2,977.9,16.07,157.15,820.75,410.38,78.57
TXN5171,East,Furniture,Cash,Member,603.98,5,3019.9,22.55,680.99,2338.91,467.78,136.2
TXN5172,East,Grocery,Cash,Member,575.37,13,7479.81,0.54,40.39,7439.42,572.26,3.11
TXN5173,East,Apparel,Cash,Member,707.42,10,7074.2,5.24,370.69,6703.51,670.35,37.07
TXN5174,South,Electronics,Credit Card,Member,123.13,18,2216.34,16.71,370.35,1845.99,102.55,20.58
TXN5175,West,Apparel,Cash,Returning,321.14,11,3532.54,19.9,702.98,2829.56,257.23,63.91
TXN5176,South,Apparel,Wallet,Returning,368.71,17,6268.07,6.39,400.53,5867.54,345.15,23.56
TXN5177,North,Apparel,Credit Card,Guest,904.01,9,8136.09,11.72,953.55,7182.54,798.06,105.95
TXN5178,South,Grocery,Cash,Returning,939,13,12207,5.63,687.25,11519.75,886.13,52.87
TXN5179,West,Grocery,Credit Card,Returning,874.92,17,14873.64,29.76,4426.4,10447.24,614.54,260.38
TXN5180,West,Apparel,UPI,Member,950.3,11,10453.3,4.16,434.86,10018.44,910.77,39.53
TXN5181,West,Furniture,Cash,Returning,575.6,1,575.6,6.81,39.2,536.4,536.4,39.2
TXN5182,South,Grocery,Credit Card,Guest,765.6,16,12249.6,21.08,2582.22,9667.38,604.21,161.39
TXN5183,South,Grocery,UPI,Returning,266.5,4,1066,9.62,102.55,963.45,240.86,25.64
TXN5184,West,Grocery,Cash,New,280.73,3,842.19,10.02,84.39,757.8,252.6,28.13
TXN5185,West,Apparel,Credit Card,New,258.71,16,4139.36,21.25,879.61,3259.75,203.73,54.98
TXN5186,East,Furniture,UPI,Member,532.33,4,2129.32,24.79,,1601.46,400.37,131.96
TXN5187,North,Grocery,UPI,Returning,62.18,13,808.34,27.95,225.93,582.41,44.8,17.38
TXN5188,West,Electronics,Wallet,Member,395.42,18,7117.56,21.35,1519.6,5597.96,311,84.42
TXN5189,South,Electronics,Cash,New,637.89,7,4465.23,19.75,881.88,3583.35,511.91,125.98
TXN5190,West,Apparel,Wallet,Member,318.61,11,3504.71,24.31,852,2652.71,241.16,77.45
TXN5191,West,Electronics,Wallet,Returning,195.9,4,783.6,12.97,101.63,681.97,170.49,25.41
TXN5192,West,Grocery,Wallet,Guest,816.14,17,13874.38,17.55,2434.95,11439.43,672.91,143.23
TXN5193,South,Electronics,Wallet,New,707.72,16,11323.52,4.35,492.57,10830.95,676.93,30.79
TXN5194,East,Grocery,Credit Card,New,54.87,8,438.96,11.55,50.7,388.26,48.53,6.34
TXN5195,West,Grocery,Wallet,Member,625.97,11,6885.67,24.8,1707.65,5178.02,470.73,155.24
TXN5196,North,Furniture,Credit Card,Guest,881.09,10,8810.9,7.98,703.11,8107.79,810.78,70.31
TXN5197,West,Electronics,Wallet,Returning,685.66,10,6856.6,10.31,706.92,6149.68,614.97,70.69
TXN5198,South,Grocery,Cash,Guest,200.77,19,3814.63,28.11,1072.29,2742.34,144.33,56.44
TXN5199,North,Electronics,UPI,Returning,947.02,6,5682.12,4.05,230.13,5451.99,908.67,38.35
TXN5200,South,Furniture,Credit Card,Member,765.53,18,13779.54,2.14,294.88,13484.66,749.15,16.38
TXN5201,East,Apparel,Wallet,Member,292.97,18,5273.46,6.82,359.65,4913.81,272.99,19.98
TXN5202,East,Furniture,Wallet,Returning,169.37,9,1524.33,5.77,87.95,1436.38,159.6,
TXN5203,North,Furniture,UPI,Member,445.18,19,8458.42,10.97,927.89,7530.53,396.34,48.84
TXN5204,West,Electronics,UPI,Returning,269.81,1,269.81,4.91,13.25,256.56,256.56,13.25
TXN5205,East,Grocery,Credit Card,Guest,576.78,9,5191.02,20.1,1043.4,4147.62,460.85,115.93
TXN5206,West,Apparel,Cash,New,414.72,5,2073.6,2.72,56.4,2017.2,403.44,11.28
TXN5207,East,Furniture,Wallet,Guest,621.57,15,9323.55,19.53,1820.89,7502.66,500.18,121.39
TXN5208,North,Furniture,Cash,New,733.01,16,11728.16,23.51,2757.29,8970.87,560.68,172.33
TXN5209,North,Apparel,Cash,Returning,324.98,11,3574.78,8.58,306.72,3268.06,297.1,27.88
TXN5210,South,Grocery,Cash,Guest,200.77,19,3814.63,28.11,1072.29,2742.34,144.33,56.44
TXN5211,North,Electronics,UPI,Returning,947.02,6,5682.12,4.05,230.13,5451.99,908.67,38.35
TXN5212,South,Furniture,Credit Card,Member,765.53,18,13779.54,2.14,294.88,13484.66,749.15,
TXN5213,East,Apparel,Wallet,Member,292.97,18,5273.46,6.82,359.65,4913.81,272.99,19.98
TXN5214,East,Furniture,Wallet,Returning,169.37,9,1524.33,5.77,87.95,1436.38,159.6,
TXN5215,North,Furniture,UPI,Member,445.18,19,8458.42,10.97,927.89,7530.53,396.34,48.84
TXN5216,West,Electronics,UPI,Returning,269.81,1,269.81,4.91,13.25,256.56,256.56,13.25
TXN5217,East,Grocery,Credit Card,Guest,576.78,9,5191.02,20.1,1043.4,4147.62,460.85,115.93
TXN5218,West,Apparel,Cash,New,414.72,5,2073.6,2.72,56.4,2017.2,,11.28
TXN5219,East,Furniture,Wallet,Guest,621.57,15,9323.55,19.53,1820.89,7502.66,500.18,121.39
TXN5220,North,Furniture,Cash,New,733.01,16,11728.16,23.51,2757.29,8970.87,560.68,172.33
TXN5221,North,Apparel,Cash,Returning,324.98,11,3574.78,8.58,306.72,3268.06,297.1,27.88
TXN5222,East,Grocery,Cash,Returning,309.34,6,1856.04,7.78,144.4,1711.64,285.27,24.07
TXN5223,West,Electronics,UPI,Member,975.18,17,16578.06,10.51,1742.35,14835.71,872.69,102.49
TXN5224,West,Furniture,Wallet,Returning,989.05,11,10879.55,24.29,2642.64,8236.91,748.81,240.24
TXN5225,East,Furniture,Wallet,Returning,860.54,16,13768.64,25.51,3512.38,10256.26,641.02,219.52
TXN5226,North,Furniture,Wallet,New,530.16,15,7952.4,24.14,1919.71,6032.69,402.18,127.98
TXN5227,South,Furniture,Credit Card,Guest,272.16,10,2721.6,25.45,692.65,2028.95,202.9,69.26
TXN5228,South,Grocery,Credit Card,New,554.98,5,2774.9,25.78,715.37,2059.53,411.91,143.07
TXN5229,North,Apparel,Wallet,Guest,971.78,15,14576.7,18.17,2648.59,11928.11,795.21,176.57
TXN5230,West,Furniture,Cash,Guest,497.97,4,1991.88,23.44,466.9,1524.98,381.25,116.72
TXN5231,East,Apparel,UPI,New,449.02,16,7184.32,22.04,1583.42,5600.9,,98.96
TXN5232,South,Grocery,Credit Card,Member,684.58,3,2053.74,20.53,421.63,1632.11,544.04,140.54
TXN5233,South,Apparel,Wallet,Guest,951.53,5,4757.65,19.58,931.55,3826.1,765.22,
TXN5234,North,Apparel,Cash,Guest,655.35,1,655.35,18.62,122.03,533.32,533.32,122.03
TXN5235,East,Furniture,UPI,Member,482.08,16,7713.28,1.42,109.53,7603.75,475.23,6.85
TXN5236,East,Grocery,UPI,Guest,692.16,14,9690.24,11.86,1149.26,8540.98,610.07,82.09
TXN5237,West,Grocery,UPI,Returning,176.94,3,530.82,12.5,66.35,464.47,154.82,22.12
TXN5238,East,Grocery,Cash,Member,564.31,3,1692.93,22.07,373.63,1319.3,439.77,124.54
TXN5239,North,Furniture,UPI,New,847.74,10,8477.4,8.8,746.01,,773.14,74.6
TXN5240,East,Grocery,Wallet,Returning,488.43,6,2930.58,7.35,215.4,2715.18,452.53,35.9
TXN5241,North,Apparel,Credit Card,Member,700.8,9,6307.2,1.08,68.12,6239.08,693.23,7.57
TXN5242,North,Grocery,Cash,Guest,72.72,18,1308.96,7.66,100.27,1208.69,67.15,5.57
TXN5243,North,Grocery,Wallet,New,789.98,1,789.98,28.44,224.67,565.31,565.31,224.67
TXN5244,North,Furniture,UPI,New,209.55,3,628.65,5.89,37.03,591.62,197.21,12.34
TXN5245,West,Furniture,Cash,New,929.52,10,9295.2,18.2,1691.73,7603.47,760.35,169.17
TXN5246,South,Apparel,UPI,Guest,733.77,13,9539.01,6.31,601.91,8937.1,687.47,46.3
TXN5247,West,Grocery,Wallet,Returning,804.83,5,4024.15,10.15,408.45,3615.7,723.14,81.69
TXN5248,East,Grocery,Cash,Returning,309.34,6,1856.04,7.78,144.4,1711.64,285.27,24.07
TXN5249,West,Electronics,UPI,Member,975.18,17,16578.06,10.51,1742.35,14835.71,872.69,102.49
TXN5250,West,Furniture,Wallet,Returning,989.05,11,10879.55,24.29,2642.64,8236.91,748.81,240.24
TXN5251,East,Grocery,Cash,New,321.44,9,2892.96,9.13,264.13,2628.83,292.09,29.35
TXN5252,West,Furniture,Wallet,Member,873.53,4,3494.12,17.01,594.35,2899.77,724.94,148.59
TXN5253,North,Apparel,Wallet,Guest,188.47,3,565.41,9.92,56.09,509.32,169.77,18.7
TXN5254,South,Furniture,Wallet,Guest,326.1,11,3587.1,10.01,359.07,3228.03,293.46,32.64
TXN5255,North,Electronics,Credit Card,New,356.04,17,6052.68,4.36,263.9,5788.78,340.52,15.52
TXN5256,West,Electronics,Wallet,Guest,77.09,17,1310.53,0.74,9.7,1300.83,76.52,0.57
TXN5257,North,Electronics,Wallet,Guest,643.29,15,9649.35,15.36,1482.14,8167.21,544.48,98.81
TXN5258,South,Electronics,Wallet,New,565.3,12,6783.6,9.09,616.63,6166.97,513.91,51.39
TXN5259,North,Apparel,Credit Card,New,852.03,4,3408.12,6.24,212.67,3195.45,798.86,53.17
TXN5260,North,Apparel,Credit Card,Returning,862.11,12,10345.32,3.63,375.54,9969.78,830.82,31.29
TXN5261,North,Furniture,UPI,Guest,265.93,10,2659.3,3.24,86.16,2573.14,257.31,8.62
TXN5262,West,Furniture,Cash,Guest,842.98,19,16016.62,20.23,3240.16,12776.46,672.45,170.53
TXN5263,South,Apparel,UPI,New,693.42,4,2773.68,3.55,98.47,2675.21,668.8,24.62
TXN5264,North,Furniture,Wallet,New,255.1,18,4591.8,10.9,500.51,4091.29,227.29,27.81
TXN5265,North,Furniture,UPI,Guest,984.03,3,2952.09,24.56,725.03,2227.06,742.35,241.68
TXN5266,East,Grocery,Wallet,Member,910.64,6,5463.84,21.8,1191.12,4272.72,712.12,198.52
TXN5267,South,Apparel,UPI,Member,498.14,17,8468.38,19.42,1644.56,6823.82,401.4,96.74
TXN5268,South,Furniture,Cash,Returning,152.86,16,2445.76,7.95,194.44,2251.32,140.71,12.15
TXN5269,South,Furniture,Credit Card,Guest,258.4,13,3359.2,23.96,804.86,2554.34,196.49,61.91
TXN5270,North,Grocery,UPI,Returning,953.69,17,16212.73,20.67,3351.17,12861.56,756.56,197.13
TXN5271,North,Furniture,Cash,Member,240.37,2,480.74,5.3,25.48,455.26,227.63,12.74
TXN5272,North,Furniture,Cash,New,713.08,14,9983.12,14.57,1454.54,8528.58,609.18,103.9
TXN5273,North,Furniture,UPI,New,843.31,5,4216.55,12.44,524.54,3692.01,738.4,104.91
TXN5274,South,Apparel,Cash,New,483.95,2,967.9,10.11,97.85,870.05,435.02,48.93
TXN5275,West,Apparel,Cash,New,217.1,17,3690.7,23.41,863.99,2826.71,166.28,50.82
TXN5276,South,Furniture,Cash,Member,692,2,1384,25.19,348.63,1035.37,517.69,174.31
TXN5277,North,Electronics,Wallet,Guest,344.48,3,1033.44,13.64,140.96,892.48,297.49,46.99
TXN5278,West,Furniture,Credit Card,Returning,314.89,11,3463.79,8.85,306.55,3157.24,287.02,27.87
TXN5279,East,Apparel,Wallet,Guest,716.53,10,7165.3,12.48,894.23,6271.07,627.11,89.42
TXN5280,South,Apparel,UPI,New,797.08,16,12753.28,21.32,2719,10034.28,627.14,169.94
TXN5281,South,Grocery,Credit Card,Returning,339.57,15,5093.55,2.68,136.51,4957.04,330.47,9.1
TXN5282,North,Apparel,Wallet,Guest,940.53,1,940.53,13.56,127.54,812.99,812.99,127.54
TXN5283,North,Electronics,Wallet,Guest,498.65,7,3490.55,12.66,441.9,3048.65,435.52,63.13
TXN5284,East,Furniture,UPI,New,759.68,9,6837.12,0.81,55.38,6781.74,753.53,6.15
TXN5285,East,Grocery,Cash,Member,564.31,3,1692.93,22.07,373.63,1319.3,439.77,124.54
TXN5286,North,Furniture,UPI,New,847.74,10,8477.4,8.8,746.01,7731.39,773.14,74.6
TXN5287,East,Grocery,Wallet,Returning,488.43,6,2930.58,7.35,215.4,2715.18,452.53,35.9
TXN5288,North,Apparel,Credit Card,Member,700.8,9,6307.2,1.08,68.12,6239.08,693.23,7.57
TXN5289,North,Grocery,Cash,Guest,72.72,18,1308.96,7.66,100.27,1208.69,67.15,5.57
TXN5290,North,Grocery,Wallet,New,789.98,1,789.98,28.44,224.67,565.31,565.31,224.67
TXN5291,North,Furniture,UPI,New,209.55,3,628.65,5.89,37.03,591.62,197.21,12.34
TXN5292,West,Furniture,Cash,New,929.52,10,9295.2,18.2,1691.73,7603.47,760.35,169.17
TXN5293,South,Apparel,UPI,Guest,733.77,13,9539.01,6.31,601.91,8937.1,687.47,46.3
TXN5294,West,Grocery,Wallet,Returning,804.83,5,4024.15,10.15,408.45,3615.7,723.14,81.69
TXN5295,East,Grocery,Cash,Returning,309.34,6,1856.04,7.78,144.4,1711.64,285.27,24.07
TXN5296,West,Electronics,UPI,Member,975.18,17,16578.06,10.51,1742.35,14835.71,872.69,102.49
TXN5297,West,Furniture,Wallet,Returning,989.05,11,10879.55,24.29,2642.64,8236.91,748.81,240.24
TXN5298,East,Furniture,Wallet,Returning,860.54,16,13768.64,25.51,3512.38,10256.26,641.02,219.52
TXN5299,North,Furniture,Wallet,New,530.16,15,7952.4,24.14,1919.71,6032.69,402.18,127.98
TXN5300,South,Furniture,Credit Card,Guest,272.16,10,2721.6,25.45,692.65,2028.95,202.9,69.26
TXN5301,South,Grocery,Credit Card,New,554.98,5,2774.9,25.78,715.37,2059.53,411.91,143.07
TXN5302,North,Apparel,Wallet,Guest,971.78,15,14576.7,18.17,2648.59,11928.11,795.21,176.57
TXN5303,West,Furniture,Cash,Guest,497.97,4,1991.88,23.44,466.9,1524.98,381.25,116.72
TXN5304,East,Apparel,UPI,New,449.02,16,7184.32,22.04,1583.42,5600.9,350.06,98.96
TXN5305,South,Grocery,Credit Card,Member,684.58,3,2053.74,20.53,421.63,1632.11,544.04,140.54
TXN5306,South,Apparel,Wallet,Guest,951.53,5,4757.65,19.58,931.55,3826.1,765.22,186.31
TXN5307,North,Apparel,Cash,Guest,655.35,1,655.35,18.62,122.03,533.32,533.32,122.03
TXN5308,East,Furniture,UPI,Member,482.08,16,7713.28,1.42,109.53,7603.75,475.23,6.85
TXN5309,East,Grocery,UPI,Guest,692.16,14,9690.24,11.86,1149.26,8540.98,610.07,82.09
TXN5310,West,Grocery,UPI,Returning,176.94,3,530.82,12.5,66.35,464.47,154.82,22.12
TXN5311,North,Electronics,Cash,Member,344.23,11,3786.53,21.64,819.41,2967.12,269.74,74.49
TXN5312,West,Apparel,UPI,Returning,552.03,12,6624.36,23.77,1574.61,5049.75,420.81,131.22
TXN5313,West,Apparel,Wallet,New,373.14,9,3358.26,12.04,404.33,2953.93,328.21,44.93
TXN5314,North,Grocery,UPI,Returning,969.47,4,3877.88,15.34,594.87,3283.01,820.75,148.72
TXN5315,West,Furniture,Cash,Member,875.07,7,6125.49,0.28,17.15,6108.34,872.62,2.45
TXN5316,East,Grocery,Cash,Member,243.75,2,487.5,29.45,143.57,343.93,171.97,71.78
TXN5317,South,Electronics,UPI,Returning,75.03,5,375.15,10.93,41,334.15,66.83,8.2
TXN5318,East,Apparel,Credit Card,Returning,106.02,6,636.12,28.92,183.97,452.15,75.36,30.66
TXN5319,East,Electronics,Cash,Returning,139.04,5,695.2,2.53,17.59,677.61,135.52,3.52
TXN5320,West,Apparel,UPI,Guest,809.42,19,15378.98,21.84,3358.77,12020.21,632.64,176.78
TXN5321,South,Electronics,Wallet,Returning,898.84,10,8988.4,4.86,436.84,8551.56,855.16,43.68
TXN5322,West,Electronics,Credit Card,Guest,380.48,11,4185.28,16.38,685.55,3499.73,318.16,62.32
TXN5323,North,Grocery,Wallet,New,75.34,19,1431.46,10.8,154.6,1276.86,67.2,8.14
TXN5324,East,Apparel,UPI,Member,651.97,17,11083.49,15.68,1737.89,9345.6,549.74,102.23
TXN5325,North,Electronics,UPI,Guest,234.82,15,3522.3,17.41,613.23,2909.07,193.94,40.88
TXN5326,South,Furniture,Credit Card,Returning,134.48,10,1344.8,9.9,133.14,1211.66,121.17,13.31
TXN5327,West,Furniture,Cash,Guest,293.04,4,1172.16,24.03,281.67,890.49,222.62,70.42
TXN5328,North,Grocery,Cash,New,669.35,11,7362.85,17.98,1323.84,6039.01,549,120.35
TXN5329,South,Grocery,Cash,New,440.33,4,1761.32,21.82,384.32,1377,344.25,96.08
TXN5330,South,Furniture,Cash,New,792.77,11,8720.47,21.53,1877.52,6842.95,622.09,170.68
TXN5331,South,Furniture,UPI,Guest,626.06,4,2504.24,27.38,685.66,1818.58,454.64,171.42
TXN5332,South,Electronics,Credit Card,New,788.25,6,4729.5,22.91,1083.53,3645.97,607.66,180.59
TXN5333,West,Electronics,Wallet,Member,207.09,14,2899.26,0.83,24.06,2875.2,205.37,1.72
TXN5334,South,Electronics,Wallet,Guest,542.11,17,9215.87,12.74,1174.1,8041.77,473.05,69.06
TXN5335,East,Apparel,Cash,New,424.26,6,2545.56,15.15,385.65,2159.91,359.98,64.28
TXN5336,East,Furniture,Wallet,Returning,833,11,9163,20.53,1881.16,7281.84,661.99,171.01
TXN5337,South,Electronics,Credit Card,Guest,67.98,14,951.72,14.15,134.67,817.05,58.36,9.62
TXN5338,West,Electronics,Wallet,Guest,285.02,8,2280.16,5.18,118.11,2162.05,270.26,14.76
TXN5339,South,Electronics,UPI,New,893.58,15,13403.7,12.03,1612.47,11791.23,786.08,107.5
TXN5340,South,Apparel,Credit Card,Member,856.59,17,14562.03,12.3,1791.13,12770.9,751.23,105.36
TXN5341,South,Grocery,Credit Card,Guest,587.95,6,3527.7,9.6,338.66,3189.04,531.51,56.44
TXN5342,West,Apparel,UPI,Member,273.64,10,2736.4,1.75,47.89,2688.51,268.85,4.79
TXN5343,West,Apparel,Credit Card,Returning,289.78,19,5505.82,23.8,1310.39,4195.43,220.81,68.97
TXN5344,South,Apparel,UPI,Guest,949.62,3,2848.86,17.55,499.97,2348.89,782.96,166.66
TXN5345,North,Electronics,UPI,Member,576.8,13,7498.4,26.78,2008.07,5490.33,422.33,154.47
TXN5346,North,Apparel,Credit Card,Guest,344.98,14,4829.72,13.83,667.95,4161.77,297.27,47.71
TXN5347,East,Grocery,Cash,Guest,488.95,2,977.9,16.07,157.15,820.75,410.38,78.57
TXN5348,East,Furniture,Cash,Member,603.98,5,3019.9,22.55,680.99,2338.91,467.78,136.2
TXN5349,East,Grocery,Cash,Member,575.37,13,7479.81,0.54,40.39,7439.42,572.26,3.11
TXN5350,East,Apparel,Cash,Member,707.42,10,7074.2,5.24,370.69,6703.51,670.35,37.07
TXN5351,South,Electronics,Credit Card,Member,123.13,18,2216.34,16.71,370.35,1845.99,102.55,20.58
TXN5352,West,Apparel,Cash,Returning,321.14,11,3532.54,19.9,702.98,2829.56,257.23,63.91
TXN5353,South,Apparel,Wallet,Returning,368.71,17,6268.07,6.39,400.53,5867.54,345.15,23.56
TXN5354,North,Apparel,Credit Card,Guest,904.01,9,8136.09,11.72,953.55,7182.54,798.06,105.95
TXN5355,South,Grocery,Cash,Returning,939,13,12207,5.63,687.25,11519.75,886.13,52.87
TXN5356,West,Grocery,Credit Card,Returning,874.92,17,14873.64,29.76,4426.4,10447.24,614.54,260.38
TXN5357,West,Apparel,UPI,Member,950.3,11,10453.3,4.16,434.86,10018.44,910.77,39.53
TXN5358,West,Furniture,Cash,Returning,575.6,1,575.6,6.81,39.2,536.4,536.4,39.2
TXN5359,South,Grocery,Credit Card,Guest,765.6,16,12249.6,21.08,2582.22,9667.38,604.21,161.39
TXN5360,South,Grocery,UPI,Returning,266.5,4,1066,9.62,102.55,963.45,240.86,25.64
TXN5361,West,Grocery,Cash,New,280.73,3,842.19,10.02,84.39,757.8,252.6,28.13
TXN5362,West,Apparel,Credit Card,New,258.71,16,4139.36,21.25,879.61,3259.75,203.73,54.98
TXN5363,East,Furniture,UPI,Member,532.33,4,2129.32,24.79,527.86,1601.46,400.37,131.96
TXN5364,North,Grocery,UPI,Returning,62.18,13,808.34,27.95,225.93,582.41,44.8,17.38
TXN5365,West,Electronics,Wallet,Member,395.42,18,7117.56,21.35,1519.6,5597.96,311,84.42
TXN5366,South,Electronics,Cash,New,637.89,7,4465.23,19.75,881.88,3583.35,511.91,125.98
TXN5367,West,Apparel,Wallet,Member,318.61,11,3504.71,24.31,852,2652.71,241.16,77.45
TXN5368,West,Electronics,Wallet,Returning,195.9,4,783.6,12.97,101.63,681.97,170.49,25.41
TXN5369,West,Grocery,Wallet,Guest,816.14,17,13874.38,17.55,2434.95,11439.43,672.91,143.23
TXN5370,South,Electronics,Wallet,New,707.72,16,11323.52,4.35,492.57,10830.95,676.93,30.79
TXN5371,East,Grocery,Credit Card,New,54.87,8,438.96,11.55,50.7,388.26,48.53,6.34
TXN5372,West,Grocery,Wallet,Member,625.97,11,6885.67,24.8,1707.65,5178.02,470.73,155.24
TXN5373,North,Furniture,Credit Card,Guest,881.09,10,8810.9,7.98,703.11,8107.79,810.78,70.31
TXN5374,West,Electronics,Wallet,Returning,685.66,10,6856.6,10.31,706.92,6149.68,614.97,70.69
TXN5375,South,Grocery,Cash,Guest,200.77,19,3814.63,28.11,1072.29,2742.34,144.33,56.44
TXN5376,North,Electronics,UPI,Returning,947.02,6,5682.12,4.05,230.13,5451.99,908.67,38.35
TXN5377,South,Furniture,Credit Card,Member,765.53,18,13779.54,2.14,294.88,13484.66,749.15,16.38
TXN5378,East,Apparel,Wallet,Member,292.97,18,5273.46,6.82,359.65,4913.81,272.99,19.98
TXN5379,East,Furniture,Wallet,Returning,169.37,9,1524.33,5.77,87.95,1436.38,159.6,
TXN5380,North,Furniture,UPI,Member,445.18,19,8458.42,10.97,927.89,7530.53,396.34,48.84
TXN5381,West,Electronics,UPI,Returning,269.81,1,269.81,4.91,13.25,256.56,256.56,13.25
TXN5382,East,Grocery,Credit Card,Guest,576.78,9,5191.02,20.1,1043.4,4147.62,460.85,115.93
TXN5383,West,Apparel,Cash,New,414.72,5,2073.6,2.72,56.4,2017.2,403.44,11.28
TXN5384,East,Furniture,Wallet,Guest,621.57,15,9323.55,19.53,1820.89,7502.66,500.18,121.39
TXN5385,North,Furniture,Cash,New,733.01,16,11728.16,23.51,2757.29,8970.87,560.68,172.33
TXN5386,North,Apparel,Cash,Returning,324.98,11,3574.78,8.58,306.72,3268.06,297.1,27.88
TXN5387,East,Apparel,Credit Card,Returning,508.32,11,5591.52,11.55,645.82,4945.7,449.61,58.71
TXN5388,East,Apparel,Wallet,New,565.3,10,5653,9.52,538.17,5114.83,511.48,53.82
TXN5389,East,Apparel,Credit Card,Member,78.21,10,782.1,3.84,30.03,752.07,75.21,3
TXN5390,West,Grocery,Cash,Guest,333.73,3,1001.19,10.49,105.02,896.17,298.72,35.01
TXN5391,North,Grocery,Cash,Returning,436.48,16,6983.68,13.56,946.99,6036.69,377.29,59.19
TXN5392,West,Grocery,Cash,New,139.52,13,1813.76,5.51,99.94,1713.82,131.83,7.69
TXN5393,North,Grocery,Credit Card,Guest,361.08,9,3249.72,6.43,208.96,3040.76,337.86,23.22
TXN5394,South,Grocery,UPI,Returning,142.21,10,1422.1,14.79,210.33,1211.77,121.18,21.03
TXN5395,West,Grocery,Credit Card,Returning,493.67,15,7405.05,19.52,1445.47,5959.58,397.31,96.36
TXN5396,West,Apparel,UPI,Member,90.55,1,90.55,14.63,13.25,77.3,77.3,13.25
TXN5397,North,Furniture,Credit Card,Member,776.1,6,4656.6,17.57,818.16,3838.44,639.74,136.36
TXN5398,West,Grocery,UPI,Guest,529.15,10,5291.5,3.39,179.38,5112.12,511.21,17.94
TXN5399,North,Electronics,Cash,Member,64.44,14,902.16,11.5,103.75,798.41,57.03,7.41
TXN5400,West,Furniture,Wallet,New,122.88,7,860.16,21.74,187,673.16,96.17,26.71
TXN5401,West,Apparel,Cash,Member,387.57,19,7363.83,17.99,1324.75,6039.08,317.85,69.72
TXN5402,North,Electronics,UPI,New,218.47,17,3713.99,28.85,1071.49,2642.5,155.44,63.03
TXN5403,North,Furniture,Wallet,New,765.62,6,4593.72,21.34,980.3,3613.42,602.24,163.38
TXN5404,East,Electronics,Credit Card,Returning,428.87,1,428.87,14.01,60.08,368.79,368.79,60.08
TXN5405,West,Apparel,UPI,Member,508.12,10,5081.2,4.73,240.34,4840.86,484.09,24.03
TXN5406,East,Furniture,Credit Card,Guest,727.98,16,11647.68,0.52,60.57,11587.11,724.19,3.79
TXN5407,South,Electronics,Credit Card,Returning,422.7,8,3381.6,16.92,572.17,2809.43,351.18,71.52
TXN5408,East,Grocery,UPI,Returning,922.99,18,16613.82,6.14,1020.09,15593.73,866.32,56.67
TXN5409,North,Furniture,UPI,Returning,111.43,18,2005.74,10.6,212.61,1793.13,99.62,11.81
TXN5410,North,Apparel,UPI,Returning,482.24,1,482.24,28.75,138.64,343.6,343.6,138.64
TXN5411,West,Electronics,Credit Card,Guest,462.44,2,924.88,13.5,124.86,800.02,400.01,62.43
TXN5412,South,Apparel,Wallet,Member,70.04,6,420.24,29.07,122.16,298.08,49.68,20.36
TXN5413,East,Electronics,Credit Card,New,937.38,5,4686.9,21.95,1028.77,3658.13,731.63,205.75
TXN5414,South,Grocery,Credit Card,Member,955.36,9,8598.24,22.63,1945.78,6652.46,739.16,216.2
TXN5415,South,Furniture,Cash,New,818.27,4,3273.08,26.92,881.11,2391.97,597.99,220.28
TXN5416,West,Grocery,Credit Card,Guest,526.5,4,2106,19.74,415.72,1690.28,422.57,103.93
TXN5417,West,Apparel,Cash,Returning,866.64,16,13866.24,1.55,214.93,13651.31,853.21,13.43
TXN5418,West,Electronics,UPI,Guest,567.43,2,1134.86,6.79,77.06,1057.8,528.9,38.53
TXN5419,North,Grocery,UPI,Member,726.13,9,6535.17,8.53,557.45,5977.72,664.19,61.94
TXN5420,South,Electronics,Wallet,New,588.78,2,1177.56,2.58,30.38,1147.18,573.59,15.19
TXN5421,North,Grocery,Credit Card,Returning,728.71,12,8744.52,8.83,772.14,7972.38,664.36,64.35
TXN5422,North,Grocery,UPI,Member,946.99,2,1893.98,1.86,35.23,1858.75,929.38,
TXN5423,East,Electronics,Credit Card,Member,530.03,14,7420.42,21.1,1565.71,5854.71,418.19,111.84
TXN5424,East,Grocery,Credit Card,Member,269.65,11,2966.15,22.34,662.64,2303.51,209.41,60.24
TXN5425,North,Electronics,Credit Card,New,796.39,13,10353.07,1.1,113.88,10239.19,787.63,8.76
TXN5426,West,Grocery,Wallet,Member,788.12,2,1576.24,19.67,310.05,1266.19,633.1,155.02
TXN5427,North,Electronics,UPI,Member,846.65,11,9313.15,16.43,1530.15,7783,707.55,139.1
TXN5428,South,Furniture,UPI,Guest,121.44,18,2185.92,14.26,311.71,1874.21,104.12,17.32
TXN5429,East,Furniture,UPI,Returning,208.82,18,3758.76,25.69,965.63,2793.13,155.17,53.65
TXN5430,North,Electronics,Wallet,Guest,95.25,3,285.75,20.37,58.21,227.54,75.85,19.4
TXN5431,North,Electronics,Cash,Returning,85.1,6,510.6,28.97,147.92,362.68,60.45,24.65
TXN5432,North,Electronics,UPI,Member,784.31,13,10196.03,16.91,1724.15,8471.88,651.68,
TXN5433,South,Apparel,Wallet,Returning,986.56,9,,26.94,2392.01,6487.03,720.78,
TXN5434,South,Electronics,Credit Card,Member,506.45,18,9116.1,19.32,,7354.87,408.6,
TXN5435,East,Apparel,UPI,Member,502.96,19,9556.24,1.57,,9406.21,495.06,
TXN5436,North,Apparel,Credit Card,Returning,454.71,2,909.42,17.64,160.42,749,374.5,80.21
TXN5437,North,Electronics,Cash,New,913.33,19,17353.27,7.75,1344.88,16008.39,,
TXN5438,West,Electronics,Wallet,Guest,56.8,6,340.8,2.49,8.49,332.31,55.39,1.41
TXN5439,South,Furniture,Cash,Guest,106.32,2,212.64,19.62,41.72,170.92,85.46,20.86
TXN5440,South,Grocery,Cash,Returning,271.31,19,5154.89,12.91,665.5,4489.39,236.28,35.03
TXN5441,South,Electronics,UPI,Member,583.8,3,1751.4,12.39,217,1534.4,511.47,72.33
TXN5442,South,Furniture,UPI,New,674.28,4,2697.12,12.24,330.13,2366.99,591.75,82.53
TXN5443,North,Apparel,Cash,Member,83.38,3,250.14,13.98,34.97,215.17,71.72,11.66
TXN5444,West,Apparel,UPI,New,581.39,7,4069.73,,1097.2,2972.53,424.65,156.74
TXN5445,South,Apparel,Wallet,Returning,986.56,9,8879.04,26.94,,6487.03,720.78,20.64
TXN5446,South,Electronics,Credit Card,Member,506.45,18,9116.1,19.32,1761.23,,408.6,174.93
TXN5447,East,Apparel,UPI,Member,502.96,19,9556.24,1.57,150.03,9406.21,495.06,163.9
TXN5448,North,Apparel,Credit Card,Returning,454.71,2,909.42,17.64,,749,374.5,125.36
TXN5449,North,Electronics,Cash,New,913.33,19,17353.27,7.75,1344.88,16008.39,842.55,77.66
TXN5450,West,Electronics,Wallet,Guest,56.8,6,340.8,2.49,8.49,332.31,55.39,109.79
TXN5451,South,Furniture,Cash,Guest,106.32,2,212.64,19.62,41.72,170.92,85.46,11.66
TXN5452,South,Grocery,Cash,Returning,271.31,19,5154.89,12.91,665.5,4489.39,236.28,156.74
TXN5453,South,Electronics,UPI,Member,583.8,3,1751.4,12.39,217,1534.4,511.47,20.64
TXN5454,South,Furniture,UPI,New,674.28,4,2697.12,12.24,330.13,2366.99,591.75,174.93
TXN5455,North,Apparel,Cash,Member,83.38,3,250.14,13.98,34.97,215.17,71.72,163.9
TXN5456,West,Apparel,UPI,New,581.39,7,4069.73,26.96,1097.2,2972.53,424.65,125.36
TXN5457,East,Apparel,Credit Card,Returning,566.92,8,4535.36,3.64,165.09,4370.27,546.28,77.66
TXN5458,West,Furniture,Cash,Guest,704.78,5,3523.9,24.82,874.63,2649.27,529.85,109.79
TXN5459,South,Furniture,Credit Card,New,623.89,1,623.89,26.27,163.9,459.99,459.99,143.23
TXN5460,East,Apparel,Credit Card,Returning,566.92,8,4535.36,3.64,165.09,4370.27,546.28,30.79
TXN5461,West,Furniture,Cash,Guest,704.78,5,3523.9,24.82,874.63,2649.27,529.85,6.34
TXN5462,South,Furniture,Credit Card,New,623.89,1,623.89,,,459.99,459.99,155.24
TXN5463,West,Furniture,Cash,Guest,704.78,,3523.9,24.82,874.63,,529.85,70.31
TXN5464,South,Furniture,Credit Card,New,623.89,1,623.89,26.27,163.9,459.99,,70.69
TXN5465,South,Apparel,Credit Card,Returning,502.83,5,2514.15,24.93,626.78,1887.37,377.47,56.44
TXN5466,North,Apparel,Cash,Member,733.98,14,10275.72,10.58,1087.17,9188.55,656.32,38.35
TXN5467,South,Furniture,UPI,Returning,954.7,16,,11.5,1756.65,13518.55,844.91,16.38
TXN5468,North,Apparel,Cash,Member,83.38,3,250.14,,34.97,215.17,71.72,19.98
TXN5469,West,Apparel,UPI,New,581.39,7,4069.73,26.96,,2972.53,424.65,143.23
TXN5470,East,Apparel,Credit Card,Returning,566.92,8,4535.36,3.64,165.09,,546.28,30.79
TXN5471,West,Furniture,Cash,Guest,704.78,5,3523.9,24.82,,2649.27,,6.34
TXN5472,South,Furniture,Credit Card,New,623.89,1,,26.27,163.9,459.99,459.99,155.24
TXN5473,South,Apparel,Credit Card,Returning,502.83,5,,24.93,,1887.37,377.47,70.31
TXN5474,North,Apparel,Cash,Member,733.98,14,10275.72,,1087.17,9188.55,656.32,70.69
TXN5475,South,Furniture,UPI,Returning,,16,15275.2,11.5,1756.65,,844.91,56.44
TXN5476,North,Apparel,Credit Card,Returning,454.71,2,909.42,17.64,160.42,749,374.5,80.21
TXN5477,North,Electronics,Cash,New,913.33,19,17353.27,7.75,1344.88,16008.39,,
TXN5478,West,Electronics,Wallet,Guest,56.8,6,340.8,2.49,8.49,332.31,55.39,1.41
TXN5479,South,Furniture,Cash,Guest,106.32,2,212.64,19.62,41.72,170.92,85.46,20.86
TXN5480,South,Grocery,Cash,Returning,271.31,19,5154.89,12.91,665.5,4489.39,236.28,35.03
TXN5481,South,Electronics,UPI,Member,583.8,3,1751.4,12.39,217,1534.4,511.47,72.33
TXN5482,South,Furniture,UPI,New,674.28,4,2697.12,12.24,330.13,2366.99,591.75,82.53
TXN5483,North,Apparel,Cash,Member,83.38,3,250.14,13.98,34.97,215.17,71.72,11.66
TXN5484,West,Apparel,UPI,New,581.39,7,4069.73,,1097.2,2972.53,424.65,156.74
TXN5485,South,Apparel,Wallet,Returning,986.56,9,8879.04,26.94,,6487.03,720.78,20.64
TXN5486,South,Electronics,Credit Card,Member,506.45,18,9116.1,19.32,1761.23,,408.6,174.93
TXN5487,East,Apparel,UPI,Member,502.96,19,9556.24,1.57,150.03,9406.21,495.06,163.9
TXN5488,North,Apparel,Credit Card,Returning,454.71,2,909.42,17.64,,749,374.5,125.36
TXN5489,North,Electronics,Cash,New,913.33,19,17353.27,7.75,1344.88,16008.39,842.55,77.66
TXN5490,West,Electronics,Wallet,Guest,56.8,6,340.8,2.49,8.49,332.31,55.39,109.79
TXN5491,South,Furniture,Cash,Guest,106.32,2,212.64,19.62,41.72,170.92,85.46,11.66
TXN5492,South,Grocery,Cash,Returning,271.31,19,5154.89,12.91,665.5,4489.39,236.28,156.74
TXN5493,South,Electronics,UPI,Member,583.8,3,1751.4,12.39,217,1534.4,511.47,20.64
TXN5494,South,Furniture,UPI,New,674.28,4,2697.12,12.24,330.13,2366.99,591.75,174.93
TXN5495,North,Apparel,Cash,Member,83.38,3,250.14,13.98,34.97,215.17,71.72,163.9
TXN5496,West,Apparel,UPI,New,581.39,7,4069.73,26.96,1097.2,2972.53,424.65,125.36
TXN5497,East,Apparel,Credit Card,Returning,566.92,8,4535.36,3.64,165.09,4370.27,546.28,77.66
TXN5498,West,Furniture,Cash,Guest,704.78,5,3523.9,24.82,874.63,2649.27,529.85,109.79
TXN5499,South,Furniture,Credit Card,New,623.89,1,623.89,26.27,163.9,459.99,459.99,143.23
TXN5500,East,Apparel,Credit Card,Returning,566.92,8,4535.36,3.64,165.09,4370.27,546.28,30.79
TXN5501,West,Furniture,Cash,Guest,704.78,5,3523.9,24.82,874.63,2649.27,529.85,6.34
TXN5502,South,Furniture,Credit Card,New,623.89,1,623.89,,,459.99,459.99,155.24
TXN5503,West,Furniture,Cash,Guest,704.78,,3523.9,24.82,874.63,,529.85,70.31
TXN5504,South,Furniture,Credit Card,New,623.89,1,623.89,26.27,163.9,459.99,,70.69
TXN5505,South,Apparel,Credit Card,Returning,502.83,5,2514.15,24.93,626.78,1887.37,377.47,56.44
TXN5506,North,Apparel,Cash,Member,733.98,14,10275.72,10.58,1087.17,9188.55,656.32,38.35
TXN5507,South,Furniture,UPI,Returning,954.7,16,,11.5,1756.65,13518.55,844.91,16.38
TXN5508,North,Apparel,Cash,Member,83.38,3,250.14,,34.97,215.17,71.72,19.98
TXN5509,West,Apparel,UPI,New,581.39,7,4069.73,26.96,,2972.53,424.65,143.23
TXN5510,East,Apparel,Credit Card,Returning,566.92,8,4535.36,3.64,165.09,,546.28,30.79
TXN5511,West,Furniture,Cash,Guest,704.78,5,3523.9,24.82,,2649.27,,6.34
TXN5512,South,Furniture,Credit Card,New,623.89,1,,26.27,163.9,459.99,459.99,155.24
TXN5513,South,Apparel,Credit Card,Returning,502.83,5,,24.93,,1887.37,377.47,70.31
TXN5514,North,Apparel,Cash,Member,733.98,14,10275.72,,1087.17,9188.55,656.32,70.69
TXN5515,South,Furniture,UPI,Returning,,16,15275.2,11.5,1756.65,,844.91,56.44
TXN5516,East,Grocery,Cash,New,321.44,9,2892.96,9.13,264.13,2628.83,292.09,29.35
TXN5517,West,Furniture,Wallet,Member,873.53,4,3494.12,17.01,594.35,2899.77,724.94,148.59
TXN5518,North,Apparel,Wallet,Guest,188.47,3,565.41,9.92,56.09,509.32,169.77,18.7
TXN5519,South,Furniture,Wallet,Guest,326.1,11,3587.1,10.01,359.07,3228.03,293.46,32.64
TXN5520,North,Electronics,Credit Card,New,356.04,17,6052.68,4.36,263.9,5788.78,340.52,15.52
TXN5521,West,Electronics,Wallet,Guest,77.09,17,1310.53,0.74,9.7,1300.83,76.52,0.57
TXN5522,North,Electronics,Wallet,Guest,643.29,15,9649.35,15.36,1482.14,8167.21,544.48,98.81
TXN5523,South,Electronics,Wallet,New,565.3,12,6783.6,9.09,616.63,6166.97,513.91,51.39
TXN5524,North,Apparel,Credit Card,New,852.03,4,3408.12,6.24,212.67,3195.45,798.86,53.17
TXN5525,North,Apparel,Credit Card,Returning,862.11,12,10345.32,3.63,375.54,9969.78,830.82,31.29
TXN5526,North,Furniture,UPI,Guest,265.93,10,2659.3,3.24,86.16,2573.14,257.31,8.62
TXN5527,West,Furniture,Cash,Guest,842.98,19,16016.62,20.23,3240.16,12776.46,672.45,170.53
TXN5528,South,Apparel,UPI,New,693.42,4,2773.68,3.55,98.47,2675.21,668.8,24.62
TXN5529,North,Furniture,Wallet,New,255.1,18,4591.8,10.9,500.51,4091.29,227.29,27.81
TXN5530,North,Furniture,UPI,Guest,984.03,3,2952.09,24.56,725.03,2227.06,742.35,241.68
TXN5531,East,Grocery,Wallet,Member,910.64,6,5463.84,21.8,1191.12,4272.72,712.12,198.52
TXN5532,South,Apparel,UPI,Member,498.14,17,8468.38,19.42,1644.56,6823.82,401.4,96.74
TXN5533,South,Furniture,Cash,Returning,152.86,16,2445.76,7.95,194.44,2251.32,140.71,12.15
TXN5534,South,Furniture,Credit Card,Guest,258.4,13,3359.2,23.96,804.86,2554.34,196.49,61.91
TXN5535,North,Grocery,UPI,Returning,953.69,17,16212.73,20.67,3351.17,12861.56,756.56,197.13
TXN5536,North,Furniture,Cash,Member,240.37,2,480.74,5.3,25.48,455.26,227.63,12.74
TXN5537,North,Furniture,Cash,New,713.08,14,9983.12,14.57,1454.54,8528.58,609.18,103.9
TXN5538,North,Furniture,UPI,New,843.31,5,4216.55,12.44,524.54,3692.01,738.4,104.91
TXN5539,South,Apparel,Cash,New,483.95,2,967.9,10.11,97.85,870.05,435.02,48.93
TXN5540,West,Apparel,Cash,New,217.1,17,3690.7,23.41,863.99,2826.71,166.28,50.82
TXN5541,South,Furniture,Cash,Member,692,2,1384,25.19,348.63,1035.37,517.69,174.31
TXN5542,North,Electronics,Wallet,Guest,344.48,3,1033.44,13.64,140.96,892.48,297.49,46.99
TXN5543,West,Furniture,Credit Card,Returning,314.89,11,3463.79,8.85,306.55,3157.24,287.02,27.87
TXN5544,East,Apparel,Wallet,Guest,716.53,10,7165.3,12.48,894.23,6271.07,627.11,89.42
TXN5545,South,Apparel,UPI,New,797.08,16,12753.28,21.32,2719,10034.28,627.14,169.94
TXN5546,South,Grocery,Credit Card,Returning,339.57,15,5093.55,2.68,136.51,4957.04,330.47,9.1
TXN5547,North,Apparel,Wallet,Guest,940.53,1,940.53,13.56,127.54,812.99,812.99,127.54
TXN5548,North,Electronics,Wallet,Guest,498.65,7,3490.55,12.66,441.9,3048.65,435.52,63.13
TXN5549,East,Furniture,UPI,New,759.68,9,6837.12,0.81,55.38,6781.74,753.53,6.15
TXN5550,East,Grocery,Cash,Member,564.31,3,1692.93,22.07,373.63,1319.3,439.77,124.54
TXN5551,North,Furniture,UPI,New,847.74,10,8477.4,8.8,746.01,7731.39,773.14,74.6
TXN5552,East,Grocery,Wallet,Returning,488.43,6,2930.58,7.35,215.4,2715.18,452.53,35.9
TXN5553,North,Apparel,Credit Card,Member,700.8,9,6307.2,1.08,68.12,6239.08,693.23,7.57
TXN5554,North,Grocery,Cash,Guest,72.72,18,1308.96,7.66,100.27,1208.69,67.15,5.57
TXN5555,North,Grocery,Wallet,New,789.98,1,789.98,28.44,224.67,565.31,565.31,224.67
TXN5556,North,Furniture,UPI,New,209.55,3,628.65,5.89,37.03,591.62,197.21,12.34
TXN5557,West,Furniture,Cash,New,929.52,10,9295.2,18.2,1691.73,7603.47,760.35,169.17
TXN5558,South,Apparel,UPI,Guest,733.77,13,9539.01,6.31,601.91,8937.1,687.47,46.3
TXN5559,West,Grocery,Wallet,Returning,804.83,5,4024.15,10.15,408.45,3615.7,723.14,81.69
TXN5560,East,Grocery,Cash,Returning,309.34,6,1856.04,7.78,144.4,1711.64,285.27,24.07
TXN5561,West,Electronics,UPI,Member,975.18,17,16578.06,10.51,1742.35,14835.71,872.69,102.49
TXN5562,West,Furniture,Wallet,Returning,989.05,11,10879.55,24.29,2642.64,8236.91,748.81,240.24
TXN5563,East,Furniture,Wallet,Returning,860.54,16,13768.64,25.51,3512.38,10256.26,641.02,219.52
TXN5564,North,Furniture,Wallet,New,530.16,15,7952.4,24.14,1919.71,6032.69,402.18,127.98
TXN5565,South,Furniture,Credit Card,Guest,272.16,10,2721.6,25.45,692.65,2028.95,202.9,69.26
TXN5566,South,Grocery,Credit Card,New,554.98,5,2774.9,25.78,715.37,2059.53,411.91,143.07
TXN5567,North,Apparel,Wallet,Guest,971.78,15,14576.7,18.17,2648.59,11928.11,795.21,176.57
TXN5568,West,Furniture,Cash,Guest,497.97,4,1991.88,23.44,466.9,1524.98,381.25,116.72
TXN5569,East,Apparel,UPI,New,449.02,16,7184.32,22.04,1583.42,5600.9,350.06,98.96
TXN5570,South,Grocery,Credit Card,Member,684.58,3,2053.74,20.53,421.63,1632.11,544.04,140.54
TXN5571,South,Apparel,Wallet,Guest,951.53,5,4757.65,19.58,931.55,3826.1,765.22,186.31
TXN5572,North,Apparel,Cash,Guest,655.35,1,655.35,18.62,122.03,533.32,533.32,122.03
TXN5573,East,Furniture,UPI,Member,482.08,16,7713.28,1.42,109.53,7603.75,475.23,6.85
TXN5574,East,Grocery,UPI,Guest,692.16,14,9690.24,11.86,1149.26,8540.98,610.07,82.09
TXN5575,West,Grocery,UPI,Returning,176.94,3,530.82,12.5,66.35,464.47,154.82,15.52
TXN5576,North,Electronics,Cash,Member,344.23,11,3786.53,21.64,819.41,2967.12,269.74,0.57
TXN5577,West,Apparel,UPI,Returning,552.03,12,6624.36,23.77,1574.61,5049.75,420.81,98.81
TXN5578,West,Apparel,Wallet,New,373.14,9,3358.26,12.04,404.33,2953.93,328.21,51.39
TXN5579,North,Grocery,UPI,Returning,969.47,4,3877.88,15.34,594.87,3283.01,820.75,53.17
TXN5580,West,Furniture,Cash,Member,875.07,7,6125.49,0.28,17.15,6108.34,872.62,31.29
TXN5581,East,Grocery,Cash,Member,243.75,2,487.5,29.45,143.57,343.93,171.97,8.62
TXN5582,South,Electronics,UPI,Returning,75.03,5,375.15,10.93,41,334.15,66.83,170.53
TXN5583,East,Apparel,Credit Card,Returning,106.02,6,636.12,28.92,183.97,452.15,75.36,24.62
TXN5584,East,Electronics,Cash,Returning,139.04,5,695.2,2.53,17.59,677.61,135.52,27.81
TXN5585,West,Apparel,UPI,Guest,809.42,19,15378.98,21.84,3358.77,12020.21,632.64,241.68
TXN5586,South,Electronics,Wallet,Returning,898.84,10,8988.4,4.86,436.84,8551.56,855.16,198.52
TXN5587,West,Electronics,Credit Card,Guest,380.48,11,4185.28,16.38,685.55,3499.73,318.16,96.74
TXN5588,North,Grocery,Wallet,New,75.34,19,1431.46,10.8,154.6,1276.86,67.2,12.15
TXN5589,East,Apparel,UPI,Member,651.97,17,11083.49,15.68,1737.89,9345.6,549.74,61.91
TXN5590,North,Electronics,UPI,Guest,234.82,15,3522.3,17.41,613.23,2909.07,193.94,197.13
TXN5591,South,Furniture,Credit Card,Returning,134.48,10,1344.8,9.9,133.14,1211.66,121.17,12.74
TXN5592,West,Furniture,Cash,Guest,293.04,4,1172.16,24.03,281.67,890.49,222.62,103.9
TXN5593,North,Grocery,Cash,New,669.35,11,7362.85,17.98,1323.84,6039.01,549,104.91
TXN5594,South,Grocery,Cash,New,440.33,4,1761.32,21.82,384.32,1377,344.25,74.6
TXN5595,South,Furniture,Cash,New,792.77,11,8720.47,21.53,1877.52,6842.95,622.09,35.9
TXN5596,South,Furniture,UPI,Guest,626.06,4,2504.24,27.38,685.66,1818.58,,7.57
TXN5597,South,Electronics,Credit Card,New,788.25,6,4729.5,22.91,1083.53,3645.97,607.66,5.57
TXN5598,West,Electronics,Wallet,Member,207.09,14,2899.26,0.83,24.06,2875.2,205.37,224.67
TXN5599,South,Electronics,Wallet,Guest,542.11,17,9215.87,12.74,1174.1,8041.77,473.05,12.34
TXN5600,East,Apparel,Cash,New,424.26,6,2545.56,15.15,385.65,2159.91,359.98,169.17
TXN5601,East,Furniture,Wallet,Returning,833,11,9163,20.53,1881.16,7281.84,661.99,46.3
TXN5602,South,Electronics,Credit Card,Guest,67.98,14,951.72,14.15,134.67,817.05,58.36,81.69
TXN5603,West,Electronics,Wallet,Guest,285.02,8,2280.16,5.18,118.11,2162.05,270.26,124.54
TXN5604,South,Electronics,UPI,New,893.58,15,13403.7,12.03,1612.47,11791.23,786.08,74.6
TXN5605,South,Apparel,Credit Card,Member,856.59,17,14562.03,12.3,1791.13,12770.9,,35.9
TXN5606,South,Grocery,Credit Card,Guest,587.95,6,3527.7,9.6,338.66,3189.04,531.51,7.57
TXN5607,West,Apparel,UPI,Member,273.64,10,2736.4,1.75,47.89,2688.51,268.85,5.57
TXN5608,West,Apparel,Credit Card,Returning,289.78,19,5505.82,23.8,1310.39,4195.43,220.81,224.67
TXN5609,South,Apparel,UPI,Guest,949.62,3,2848.86,17.55,499.97,,782.96,12.34
TXN5610,North,Electronics,UPI,Member,576.8,13,7498.4,26.78,,5490.33,422.33,169.17
TXN5611,North,Apparel,Credit Card,Guest,344.98,14,4829.72,13.83,,4161.77,297.27,46.3
TXN5612,East,Grocery,Cash,Guest,488.95,2,977.9,16.07,157.15,,410.38,81.69
TXN5613,East,Furniture,Cash,Member,603.98,5,3019.9,22.55,680.99,2338.91,467.78,98.96
TXN5614,East,Grocery,Cash,Member,575.37,13,7479.81,0.54,40.39,7439.42,,140.54
TXN5615,East,Apparel,Cash,Member,707.42,10,7074.2,5.24,370.69,6703.51,670.35,186.31
TXN5616,South,Electronics,Credit Card,Member,123.13,18,2216.34,16.71,370.35,1845.99,102.55,122.03
TXN5617,West,Apparel,Cash,Returning,321.14,11,3532.54,19.9,702.98,2829.56,257.23,6.85
TXN5618,South,Apparel,Wallet,Returning,368.71,17,6268.07,6.39,400.53,5867.54,345.15,82.09
TXN5619,North,Apparel,Credit Card,Guest,904.01,9,8136.09,11.72,953.55,7182.54,798.06,15.52
TXN5620,South,Grocery,Cash,Returning,939,13,12207,5.63,687.25,11519.75,886.13,0.57
TXN5621,West,Grocery,Credit Card,Returning,874.92,17,14873.64,29.76,4426.4,10447.24,614.54,98.81
TXN5622,West,Apparel,UPI,Member,950.3,11,10453.3,4.16,434.86,10018.44,910.77,51.39
TXN5623,West,Furniture,Cash,Returning,575.6,1,575.6,6.81,39.2,536.4,536.4,53.17
TXN5624,South,Grocery,Credit Card,Guest,765.6,16,12249.6,21.08,2582.22,9667.38,604.21,31.29
TXN5625,South,Grocery,UPI,Returning,266.5,4,1066,9.62,102.55,963.45,240.86,8.62
TXN5626,West,Grocery,Cash,New,280.73,3,842.19,10.02,84.39,757.8,252.6,170.53
TXN5627,West,Apparel,Credit Card,New,258.71,16,4139.36,21.25,879.61,3259.75,203.73,24.62
TXN5628,East,Furniture,UPI,Member,532.33,4,2129.32,24.79,527.86,1601.46,400.37,27.81
TXN5629,North,Grocery,UPI,Returning,62.18,13,808.34,27.95,225.93,582.41,44.8,241.68
TXN5630,West,Electronics,Wallet,Member,395.42,18,7117.56,21.35,1519.6,5597.96,311,198.52
TXN5631,South,Electronics,Cash,New,637.89,7,4465.23,19.75,881.88,3583.35,511.91,96.74
TXN5632,West,Apparel,Wallet,Member,318.61,11,3504.71,24.31,852,2652.71,241.16,12.15
TXN5633,West,Electronics,Wallet,Returning,195.9,4,783.6,12.97,101.63,681.97,170.49,61.91
TXN5634,West,Grocery,Wallet,Guest,816.14,17,13874.38,17.55,2434.95,11439.43,672.91,197.13
TXN5635,South,Electronics,Wallet,New,707.72,16,11323.52,4.35,492.57,10830.95,676.93,12.74
TXN5636,East,Grocery,Credit Card,New,54.87,8,438.96,11.55,50.7,388.26,48.53,103.9
TXN5637,West,Grocery,Wallet,Member,625.97,11,6885.67,24.8,1707.65,5178.02,470.73,104.91
TXN5638,North,Furniture,Credit Card,Guest,881.09,10,8810.9,7.98,703.11,8107.79,810.78,74.6
TXN5639,West,Electronics,Wallet,Returning,685.66,10,6856.6,10.31,706.92,6149.68,614.97,35.9
TXN5640,South,Grocery,Cash,Guest,200.77,19,,28.11,1072.29,2742.34,144.33,7.57
TXN5641,North,Electronics,UPI,Returning,947.02,6,5682.12,4.05,230.13,,908.67,5.57
TXN5642,South,Furniture,Credit Card,Member,765.53,18,,2.14,294.88,13484.66,749.15,224.67
TXN5643,East,Apparel,Wallet,Member,292.97,18,5273.46,6.82,,4913.81,272.99,12.34
TXN5644,East,Furniture,Wallet,Returning,169.37,9,1524.33,5.77,87.95,1436.38,159.6,169.17
TXN5645,North,Furniture,UPI,Member,445.18,19,8458.42,,927.89,7530.53,,46.3
TXN5646,West,Electronics,UPI,Returning,269.81,1,,4.91,13.25,256.56,256.56,81.69
TXN5647,East,Grocery,Credit Card,Guest,576.78,9,5191.02,20.1,1043.4,4147.62,460.85,124.54
TXN5648,West,Apparel,Cash,New,414.72,5,2073.6,2.72,56.4,2017.2,403.44,29.35
TXN5649,East,Furniture,Wallet,Guest,621.57,15,9323.55,19.53,1820.89,7502.66,500.18,148.59
TXN5650,North,Furniture,Cash,New,733.01,16,11728.16,23.51,2757.29,8970.87,560.68,18.7
TXN5651,North,Apparel,Cash,Returning,324.98,11,3574.78,8.58,306.72,3268.06,297.1,32.64
TXN5652,East,Apparel,Credit Card,Returning,508.32,11,5591.52,11.55,645.82,4945.7,449.61,15.52
TXN5653,East,Apparel,Wallet,New,565.3,10,5653,9.52,538.17,,511.48,0.57
TXN5654,East,Apparel,Credit Card,Member,78.21,10,782.1,3.84,,752.07,75.21,98.81
TXN5655,West,Grocery,Cash,Guest,333.73,3,,10.49,105.02,896.17,298.72,51.39
TXN5656,South,Electronics,Wallet,New,565.3,12,6783.6,9.09,616.63,6166.97,513.91,51.39
TXN5657,North,Apparel,Credit Card,New,852.03,4,3408.12,6.24,212.67,3195.45,798.86,53.17
TXN5658,North,Apparel,Credit Card,Returning,862.11,12,10345.32,3.63,375.54,9969.78,830.82,31.29
TXN5659,North,Furniture,UPI,Guest,265.93,10,2659.3,3.24,86.16,2573.14,257.31,8.62
TXN5660,West,Furniture,Cash,Guest,842.98,19,16016.62,20.23,3240.16,12776.46,672.45,170.53
TXN5661,South,Apparel,UPI,New,693.42,4,2773.68,3.55,98.47,2675.21,668.8,24.62
TXN5662,North,Furniture,Wallet,New,255.1,18,4591.8,10.9,500.51,4091.29,227.29,27.81
TXN5663,North,Furniture,UPI,Guest,984.03,3,2952.09,24.56,725.03,2227.06,742.35,241.68
TXN5664,East,Grocery,Wallet,Member,910.64,6,5463.84,21.8,1191.12,4272.72,712.12,198.52
TXN5665,South,Apparel,UPI,Member,498.14,17,8468.38,19.42,1644.56,6823.82,401.4,96.74
TXN5666,South,Furniture,Cash,Returning,152.86,16,2445.76,7.95,194.44,2251.32,140.71,12.15
TXN5667,South,Furniture,Credit Card,Guest,258.4,13,3359.2,23.96,804.86,2554.34,196.49,61.91
TXN5668,North,Grocery,UPI,Returning,953.69,17,16212.73,20.67,3351.17,12861.56,756.56,197.13
TXN5669,North,Furniture,Cash,Member,240.37,2,480.74,5.3,25.48,455.26,227.63,12.74
TXN5670,North,Furniture,Cash,New,713.08,14,9983.12,14.57,1454.54,8528.58,609.18,103.9
TXN5671,North,Furniture,UPI,New,843.31,5,4216.55,12.44,524.54,3692.01,738.4,104.91
TXN5672,South,Apparel,Cash,New,483.95,2,967.9,10.11,97.85,870.05,435.02,48.93
TXN5673,West,Apparel,Cash,New,217.1,17,3690.7,23.41,863.99,2826.71,166.28,50.82
TXN5674,South,Furniture,Cash,Member,692,2,1384,25.19,348.63,1035.37,517.69,174.31
TXN5675,North,Electronics,Wallet,Guest,344.48,3,1033.44,13.64,140.96,892.48,297.49,46.99
TXN5676,West,Furniture,Credit Card,Returning,314.89,11,3463.79,8.85,306.55,3157.24,287.02,27.87
TXN5677,East,Apparel,Wallet,Guest,716.53,10,7165.3,12.48,894.23,6271.07,627.11,89.42
TXN5678,South,Apparel,UPI,New,797.08,16,12753.28,21.32,2719,10034.28,627.14,169.94
TXN5679,South,Grocery,Credit Card,Returning,339.57,15,5093.55,2.68,136.51,4957.04,330.47,9.1
TXN5680,North,Apparel,Wallet,Guest,940.53,1,940.53,13.56,127.54,812.99,812.99,127.54
TXN5681,North,Electronics,Wallet,Guest,498.65,7,3490.55,12.66,441.9,3048.65,435.52,63.13
TXN5682,East,Furniture,UPI,New,759.68,9,6837.12,0.81,55.38,6781.74,753.53,6.15
TXN5683,East,Grocery,Cash,Member,564.31,3,1692.93,22.07,373.63,1319.3,439.77,124.54
TXN5684,North,Furniture,UPI,New,847.74,10,8477.4,8.8,746.01,7731.39,773.14,74.6
TXN5685,East,Grocery,Wallet,Returning,488.43,6,2930.58,7.35,215.4,2715.18,452.53,35.9
TXN5686,North,Apparel,Credit Card,Member,700.8,9,6307.2,1.08,68.12,6239.08,693.23,7.57
TXN5687,North,Grocery,Cash,Guest,72.72,18,1308.96,7.66,100.27,1208.69,67.15,5.57
TXN5688,North,Grocery,Wallet,New,789.98,1,789.98,28.44,224.67,565.31,565.31,224.67
TXN5689,North,Furniture,UPI,New,209.55,3,628.65,5.89,37.03,591.62,197.21,12.34
TXN5690,West,Furniture,Cash,New,929.52,10,9295.2,18.2,1691.73,7603.47,760.35,169.17
TXN5691,South,Apparel,UPI,Guest,733.77,13,9539.01,6.31,601.91,8937.1,687.47,46.3
TXN5692,West,Grocery,Wallet,Returning,804.83,5,4024.15,10.15,408.45,3615.7,723.14,81.69
TXN5693,East,Grocery,Cash,Returning,309.34,6,1856.04,7.78,144.4,1711.64,285.27,24.07
TXN5694,West,Electronics,UPI,Member,975.18,17,16578.06,10.51,1742.35,14835.71,872.69,102.49
TXN5695,West,Furniture,Wallet,Returning,989.05,11,10879.55,24.29,2642.64,8236.91,748.81,240.24
TXN5696,East,Furniture,Wallet,Returning,860.54,16,13768.64,25.51,3512.38,10256.26,641.02,219.52
TXN5697,North,Furniture,Wallet,New,530.16,15,7952.4,24.14,1919.71,6032.69,402.18,127.98
TXN5698,South,Furniture,Credit Card,Guest,272.16,10,2721.6,25.45,692.65,2028.95,202.9,69.26
TXN5699,South,Grocery,Credit Card,New,554.98,5,2774.9,25.78,715.37,2059.53,411.91,143.07
TXN5700,North,Apparel,Wallet,Guest,971.78,15,14576.7,18.17,2648.59,11928.11,795.21,176.57
TXN5701,West,Furniture,Cash,Guest,497.97,4,1991.88,23.44,466.9,1524.98,381.25,116.72
TXN5702,East,Apparel,UPI,New,449.02,16,7184.32,22.04,1583.42,5600.9,350.06,98.96
TXN5703,South,Grocery,Credit Card,Member,684.58,3,2053.74,20.53,421.63,1632.11,544.04,140.54
TXN5704,South,Apparel,Wallet,Guest,951.53,5,4757.65,19.58,931.55,3826.1,765.22,186.31
TXN5705,North,Apparel,Cash,Guest,655.35,1,655.35,18.62,122.03,533.32,533.32,122.03
TXN5706,East,Furniture,UPI,Member,482.08,16,7713.28,1.42,109.53,7603.75,475.23,6.85
TXN5707,East,Grocery,UPI,Guest,692.16,14,9690.24,11.86,1149.26,8540.98,610.07,82.09
TXN5708,West,Grocery,UPI,Returning,176.94,3,530.82,12.5,66.35,464.47,154.82,22.12
TXN5709,North,Electronics,Cash,Member,344.23,11,3786.53,21.64,819.41,2967.12,269.74,74.49
TXN5710,West,Apparel,UPI,Returning,552.03,12,6624.36,23.77,1574.61,5049.75,420.81,131.22
TXN5711,West,Apparel,Wallet,New,373.14,9,3358.26,12.04,404.33,2953.93,328.21,44.93
TXN5712,North,Grocery,UPI,Returning,969.47,4,3877.88,15.34,594.87,3283.01,820.75,148.72
TXN5713,West,Furniture,Cash,Member,875.07,7,6125.49,0.28,17.15,6108.34,872.62,2.45
TXN5714,East,Grocery,Cash,Member,243.75,2,487.5,29.45,143.57,343.93,171.97,71.78
TXN5715,South,Electronics,UPI,Returning,75.03,5,375.15,10.93,41,334.15,66.83,8.2
TXN5716,East,Apparel,Credit Card,Returning,106.02,6,636.12,28.92,183.97,452.15,75.36,30.66
TXN5717,East,Electronics,Cash,Returning,139.04,5,695.2,2.53,17.59,677.61,135.52,3.52
TXN5718,West,Apparel,UPI,Guest,809.42,19,15378.98,21.84,3358.77,12020.21,632.64,176.78
TXN5719,South,Electronics,Wallet,Returning,898.84,10,8988.4,4.86,436.84,8551.56,855.16,43.68
TXN5720,West,Electronics,Wallet,Returning,685.66,10,6856.6,10.31,706.92,6149.68,614.97,35.9
TXN5721,South,Grocery,Cash,Guest,200.77,19,,28.11,1072.29,2742.34,144.33,7.57
TXN5722,North,Electronics,UPI,Returning,947.02,6,5682.12,4.05,230.13,,908.67,5.57
TXN5723,South,Furniture,Credit Card,Member,765.53,18,,2.14,294.88,13484.66,749.15,224.67
TXN5724,East,Apparel,Wallet,Member,292.97,18,5273.46,6.82,,4913.81,272.99,
TXN5725,East,Furniture,Wallet,Returning,169.37,9,1524.33,5.77,87.95,1436.38,159.6,169.17
TXN5726,North,Furniture,UPI,Member,445.18,19,8458.42,,927.89,7530.53,,46.3
TXN5727,West,Electronics,UPI,Returning,269.81,1,,4.91,13.25,256.56,256.56,81.69
TXN5728,East,Grocery,Credit Card,Guest,576.78,9,5191.02,20.1,1043.4,4147.62,,124.54
TXN5729,West,Apparel,Cash,New,414.72,5,2073.6,2.72,56.4,2017.2,403.44,
TXN5730,East,Furniture,Wallet,Guest,621.57,15,9323.55,19.53,1820.89,7502.66,500.18,148.59
TXN5731,North,Furniture,Cash,New,733.01,16,11728.16,23.51,2757.29,8970.87,560.68,18.7
TXN5732,North,Apparel,Cash,Returning,324.98,11,3574.78,8.58,306.72,3268.06,297.1,32.64
TXN5733,East,Apparel,Credit Card,Returning,508.32,11,5591.52,11.55,645.82,4945.7,449.61,15.52
TXN5734,East,Apparel,Wallet,New,565.3,10,5653,9.52,538.17,,511.48,
TXN5735,East,Apparel,Credit Card,Member,78.21,10,782.1,3.84,,752.07,75.21,98.81
TXN5736,West,Grocery,Cash,Guest,333.73,3,,10.49,105.02,896.17,298.72,51.39
TXN5737,South,Electronics,Wallet,New,565.3,12,6783.6,9.09,616.63,6166.97,513.91,51.39
TXN5738,North,Apparel,Credit Card,New,852.03,4,3408.12,6.24,212.67,3195.45,798.86,53.17
TXN5739,North,Apparel,Credit Card,Returning,862.11,12,10345.32,3.63,375.54,9969.78,830.82,31.29
TXN5740,North,Furniture,UPI,Guest,265.93,10,2659.3,3.24,86.16,2573.14,257.31,8.62
TXN5741,West,Furniture,Cash,Guest,842.98,19,16016.62,20.23,3240.16,12776.46,672.45,170.53
TXN5742,South,Apparel,UPI,New,693.42,4,2773.68,3.55,98.47,2675.21,668.8,24.62
TXN5743,North,Furniture,Wallet,New,255.1,18,4591.8,10.9,500.51,4091.29,227.29,27.81
TXN5744,North,Furniture,UPI,Guest,984.03,3,2952.09,24.56,725.03,2227.06,742.35,241.68
TXN5745,East,Grocery,Wallet,Member,910.64,6,5463.84,21.8,1191.12,4272.72,712.12,198.52
TXN5746,South,Apparel,UPI,Member,498.14,17,8468.38,19.42,1644.56,6823.82,401.4,96.74
TXN5747,South,Furniture,Cash,Returning,152.86,16,2445.76,7.95,194.44,2251.32,140.71,12.15
TXN5748,South,Furniture,Credit Card,Guest,258.4,13,3359.2,23.96,804.86,2554.34,196.49,61.91
TXN5749,North,Grocery,UPI,Returning,953.69,17,16212.73,20.67,3351.17,12861.56,,
TXN5750,North,Furniture,Cash,Member,240.37,2,480.74,5.3,25.48,455.26,227.63,12.74
TXN5751,South,Furniture,Credit Card,Guest,272.16,10,2721.6,25.45,692.65,2028.95,202.9,69.26
TXN5752,South,Grocery,Credit Card,New,554.98,5,2774.9,25.78,715.37,2059.53,411.91,143.07
TXN5753,North,Apparel,Wallet,Guest,971.78,15,14576.7,18.17,2648.59,11928.11,795.21,176.57
TXN5754,West,Furniture,Cash,Guest,497.97,4,1991.88,23.44,466.9,1524.98,381.25,116.72
TXN5755,East,Apparel,UPI,New,449.02,16,7184.32,22.04,1583.42,5600.9,350.06,98.96
TXN5756,South,Grocery,Credit Card,Member,684.58,3,2053.74,20.53,421.63,1632.11,544.04,140.54
TXN5757,South,Apparel,Wallet,Guest,951.53,5,4757.65,19.58,931.55,3826.1,765.22,186.31
TXN5758,North,Apparel,Cash,Guest,655.35,1,655.35,18.62,122.03,533.32,533.32,122.03
TXN5759,East,Furniture,UPI,Member,482.08,16,7713.28,1.42,109.53,7603.75,475.23,6.85
TXN5760,East,Grocery,UPI,Guest,692.16,14,9690.24,11.86,1149.26,8540.98,610.07,82.09
TXN5761,West,Grocery,UPI,Returning,176.94,3,530.82,12.5,66.35,464.47,154.82,22.12
TXN5762,North,Electronics,Cash,Member,344.23,11,3786.53,21.64,819.41,2967.12,269.74,74.49
TXN5763,West,Apparel,UPI,Returning,552.03,12,6624.36,23.77,1574.61,5049.75,420.81,131.22
TXN5764,West,Apparel,Wallet,New,373.14,9,3358.26,12.04,404.33,2953.93,328.21,44.93
TXN5765,North,Grocery,UPI,Returning,969.47,4,3877.88,15.34,594.87,3283.01,820.75,148.72
TXN5766,West,Furniture,Cash,Member,875.07,7,6125.49,0.28,17.15,6108.34,872.62,2.45
TXN5767,East,Grocery,Cash,Member,243.75,2,487.5,29.45,143.57,343.93,171.97,71.78
TXN5768,South,Furniture,Credit Card,Guest,272.16,10,2721.6,25.45,692.65,2028.95,202.9,69.26
TXN5769,South,Grocery,Credit Card,New,554.98,5,2774.9,25.78,715.37,2059.53,411.91,143.07
TXN5770,North,Apparel,Wallet,Guest,971.78,15,14576.7,18.17,2648.59,11928.11,795.21,176.57
TXN5771,West,Furniture,Cash,Guest,497.97,4,1991.88,23.44,466.9,1524.98,381.25,116.72
TXN5772,East,Apparel,UPI,New,449.02,16,7184.32,22.04,1583.42,5600.9,350.06,98.96
TXN5773,South,Grocery,Credit Card,Member,684.58,3,2053.74,20.53,421.63,1632.11,,
TXN5774,South,Apparel,Wallet,Guest,951.53,5,4757.65,19.58,931.55,3826.1,765.22,186.31
TXN5775,North,Apparel,Cash,Guest,655.35,1,655.35,18.62,122.03,533.32,533.32,122.03
TXN5776,East,Furniture,UPI,Member,482.08,16,7713.28,1.42,109.53,7603.75,475.23,6.85
TXN5777,East,Grocery,UPI,Guest,692.16,14,9690.24,11.86,1149.26,8540.98,610.07,82.09
TXN5778,West,Grocery,UPI,Returning,176.94,3,530.82,12.5,66.35,464.47,154.82,
TXN5779,North,Electronics,Cash,Member,344.23,11,3786.53,21.64,819.41,2967.12,,74.49
TXN5780,West,Apparel,UPI,Returning,552.03,12,6624.36,23.77,1574.61,5049.75,420.81,
TXN5781,West,Apparel,Wallet,New,373.14,9,3358.26,12.04,404.33,2953.93,328.21,44.93
TXN5782,North,Grocery,UPI,Returning,969.47,4,3877.88,15.34,594.87,3283.01,820.75,148.72
TXN5783,West,Furniture,Cash,Member,875.07,7,6125.49,0.28,17.15,6108.34,872.62,2.45
TXN5784,East,Grocery,Cash,Member,243.75,2,487.5,29.45,143.57,343.93,171.97,71.78
TXN5785,South,Apparel,UPI,Guest,949.62,3,2848.86,17.55,499.97,2348.89,782.96,166.66
TXN5786,North,Electronics,UPI,Member,576.8,13,7498.4,26.78,2008.07,5490.33,422.33,154.47
TXN5787,North,Apparel,Credit Card,Guest,344.98,14,4829.72,13.83,667.95,4161.77,297.27,47.71
TXN5788,East,Grocery,Cash,Guest,488.95,2,977.9,16.07,157.15,820.75,410.38,78.57
TXN5789,East,Furniture,Cash,Member,603.98,5,3019.9,22.55,680.99,2338.91,467.78,136.2
TXN5790,East,Grocery,Cash,Member,575.37,13,7479.81,0.54,40.39,7439.42,572.26,3.11
TXN5791,East,Apparel,Cash,Member,707.42,10,7074.2,5.24,370.69,6703.51,670.35,37.07
TXN5792,South,Electronics,Credit Card,Member,123.13,18,2216.34,16.71,370.35,1845.99,102.55,20.58
TXN5793,West,Apparel,Cash,Returning,321.14,11,3532.54,19.9,702.98,2829.56,257.23,63.91
TXN5794,South,Apparel,Wallet,Returning,368.71,17,6268.07,6.39,400.53,5867.54,345.15,23.56
TXN5795,North,Apparel,Credit Card,Guest,904.01,9,8136.09,11.72,953.55,7182.54,798.06,105.95
TXN5796,South,Grocery,Cash,Returning,939,13,12207,5.63,687.25,11519.75,886.13,52.87
TXN5797,West,Grocery,Credit Card,Returning,874.92,17,14873.64,29.76,4426.4,10447.24,614.54,260.38
TXN5798,West,Apparel,UPI,Member,950.3,11,10453.3,4.16,434.86,10018.44,910.77,39.53
TXN5799,West,Furniture,Cash,Returning,575.6,1,575.6,6.81,39.2,536.4,536.4,39.2
TXN5800,South,Grocery,Credit Card,Guest,765.6,16,12249.6,21.08,2582.22,9667.38,604.21,161.39
TXN5801,South,Grocery,UPI,Returning,266.5,4,1066,9.62,102.55,963.45,240.86,25.64
TXN5802,West,Grocery,Cash,New,280.73,3,842.19,10.02,84.39,757.8,252.6,28.13
TXN5803,West,Apparel,Credit Card,New,258.71,16,4139.36,21.25,879.61,3259.75,203.73,54.98
TXN5804,East,Furniture,UPI,Member,532.33,4,2129.32,24.79,527.86,1601.46,400.37,131.96
TXN5805,North,Grocery,UPI,Returning,62.18,13,808.34,27.95,225.93,582.41,44.8,17.38
TXN5806,West,Electronics,Wallet,Member,395.42,18,7117.56,21.35,1519.6,5597.96,311,84.42
TXN5807,South,Electronics,Cash,New,637.89,7,4465.23,19.75,881.88,3583.35,511.91,125.98
TXN5808,West,Apparel,Wallet,Member,318.61,11,3504.71,24.31,852,2652.71,241.16,77.45
TXN5809,West,Electronics,Wallet,Returning,195.9,4,783.6,12.97,101.63,681.97,170.49,25.41
TXN5810,West,Grocery,Wallet,Guest,816.14,17,13874.38,17.55,2434.95,11439.43,672.91,143.23
TXN5811,South,Electronics,Wallet,New,707.72,16,11323.52,4.35,492.57,10830.95,676.93,30.79
TXN5812,East,Grocery,Credit Card,New,54.87,8,438.96,11.55,50.7,388.26,48.53,6.34
TXN5813,West,Grocery,Wallet,Member,625.97,11,6885.67,24.8,1707.65,5178.02,470.73,155.24
TXN5814,North,Furniture,Credit Card,Guest,881.09,10,8810.9,7.98,703.11,8107.79,810.78,70.31
TXN5815,West,Electronics,Wallet,Returning,685.66,10,6856.6,10.31,706.92,6149.68,614.97,70.69
TXN5816,South,Grocery,Cash,Guest,200.77,19,3814.63,28.11,1072.29,2742.34,144.33,56.44
TXN5817,North,Electronics,UPI,Returning,947.02,6,5682.12,4.05,230.13,5451.99,908.67,38.35
TXN5818,South,Furniture,Credit Card,Member,765.53,18,13779.54,2.14,294.88,13484.66,749.15,16.38
TXN5819,East,Apparel,Wallet,Member,292.97,18,5273.46,6.82,359.65,4913.81,272.99,19.98
TXN5820,East,Furniture,Wallet,Returning,169.37,9,1524.33,5.77,87.95,1436.38,159.6,
TXN5821,North,Furniture,UPI,Member,445.18,19,8458.42,10.97,927.89,7530.53,396.34,48.84
TXN5822,West,Electronics,UPI,Returning,269.81,1,269.81,4.91,13.25,256.56,256.56,13.25
TXN5823,East,Grocery,Credit Card,Guest,576.78,9,5191.02,20.1,1043.4,4147.62,460.85,115.93
TXN5824,West,Apparel,Cash,New,414.72,5,2073.6,2.72,56.4,2017.2,403.44,11.28
TXN5825,East,Furniture,Wallet,Guest,621.57,15,9323.55,19.53,1820.89,7502.66,500.18,121.39
TXN5826,North,Furniture,Cash,New,733.01,16,11728.16,23.51,2757.29,8970.87,560.68,172.33
TXN5827,North,Apparel,Cash,Returning,324.98,11,3574.78,8.58,306.72,3268.06,297.1,27.88
TXN5828,South,Grocery,Cash,Guest,200.77,19,3814.63,28.11,1072.29,2742.34,144.33,56.44
TXN5829,North,Electronics,UPI,Returning,947.02,6,5682.12,4.05,230.13,5451.99,908.67,38.35
TXN5830,South,Furniture,Credit Card,Member,765.53,18,13779.54,2.14,294.88,13484.66,749.15,
TXN5831,East,Apparel,Wallet,Member,292.97,18,5273.46,6.82,359.65,4913.81,272.99,19.98
TXN5832,East,Furniture,Wallet,Returning,169.37,9,1524.33,5.77,87.95,1436.38,159.6,
TXN5833,North,Furniture,UPI,Member,445.18,19,8458.42,10.97,927.89,7530.53,396.34,48.84
TXN5834,West,Electronics,UPI,Returning,269.81,1,269.81,4.91,13.25,256.56,256.56,13.25
TXN5835,East,Grocery,Credit Card,Guest,576.78,9,5191.02,20.1,1043.4,4147.62,460.85,115.93
TXN5836,West,Apparel,Cash,New,414.72,5,2073.6,2.72,56.4,2017.2,,11.28
TXN5837,East,Furniture,Wallet,Guest,621.57,15,9323.55,19.53,1820.89,7502.66,500.18,121.39
TXN5838,North,Furniture,Cash,New,733.01,16,11728.16,23.51,2757.29,8970.87,560.68,172.33
TXN5839,North,Apparel,Cash,Returning,324.98,11,3574.78,8.58,306.72,3268.06,297.1,27.88
TXN5840,East,Grocery,Cash,Returning,309.34,6,1856.04,7.78,144.4,1711.64,285.27,24.07
TXN5841,West,Electronics,UPI,Member,975.18,17,16578.06,10.51,1742.35,14835.71,872.69,102.49
TXN5842,West,Furniture,Wallet,Returning,989.05,11,10879.55,24.29,2642.64,8236.91,748.81,240.24
TXN5843,East,Furniture,Wallet,Returning,860.54,16,13768.64,25.51,3512.38,10256.26,641.02,219.52
TXN5844,North,Furniture,Wallet,New,530.16,15,7952.4,24.14,1919.71,6032.69,402.18,127.98
TXN5845,South,Furniture,Credit Card,Guest,272.16,10,2721.6,25.45,692.65,2028.95,202.9,69.26
TXN5846,South,Grocery,Credit Card,New,554.98,5,2774.9,25.78,715.37,2059.53,411.91,143.07
TXN5847,North,Apparel,Wallet,Guest,971.78,15,14576.7,18.17,2648.59,11928.11,795.21,176.57
TXN5848,West,Furniture,Cash,Guest,497.97,4,1991.88,23.44,466.9,1524.98,381.25,116.72
TXN5849,East,Apparel,UPI,New,449.02,16,7184.32,22.04,1583.42,5600.9,,98.96
TXN5850,South,Grocery,Credit Card,Member,684.58,3,2053.74,20.53,421.63,1632.11,544.04,140.54
TXN5851,South,Apparel,Wallet,Guest,951.53,5,4757.65,19.58,931.55,3826.1,765.22,
TXN5852,North,Apparel,Cash,Guest,655.35,1,655.35,18.62,122.03,533.32,533.32,122.03
TXN5853,East,Furniture,UPI,Member,482.08,16,7713.28,1.42,109.53,7603.75,475.23,6.85
TXN5854,East,Grocery,UPI,Guest,692.16,14,9690.24,11.86,1149.26,8540.98,610.07,82.09
TXN5855,West,Grocery,UPI,Returning,176.94,3,530.82,12.5,66.35,464.47,154.82,22.12
TXN5856,East,Grocery,Cash,Member,564.31,3,1692.93,22.07,373.63,1319.3,439.77,124.54
TXN5857,North,Furniture,UPI,New,847.74,10,8477.4,8.8,746.01,7731.39,773.14,74.6
TXN5858,East,Grocery,Wallet,Returning,488.43,6,2930.58,7.35,215.4,2715.18,452.53,35.9
TXN5859,North,Apparel,Credit Card,Member,700.8,9,6307.2,1.08,68.12,6239.08,693.23,7.57
TXN5860,North,Grocery,Cash,Guest,72.72,18,1308.96,7.66,100.27,1208.69,67.15,5.57
TXN5861,North,Grocery,Wallet,New,789.98,1,789.98,28.44,224.67,565.31,565.31,224.67
TXN5862,North,Furniture,UPI,New,209.55,3,628.65,5.89,37.03,591.62,197.21,12.34
TXN5863,West,Furniture,Cash,New,929.52,10,9295.2,18.2,1691.73,7603.47,760.35,169.17
TXN5864,South,Apparel,UPI,Guest,733.77,13,9539.01,6.31,601.91,8937.1,687.47,46.3
TXN5865,West,Grocery,Wallet,Returning,804.83,5,4024.15,10.15,408.45,3615.7,723.14,81.69
TXN5866,East,Grocery,Cash,Returning,309.34,6,1856.04,7.78,144.4,1711.64,285.27,24.07
TXN5867,West,Electronics,UPI,Member,975.18,17,16578.06,10.51,1742.35,14835.71,872.69,102.49
TXN5868,West,Furniture,Wallet,Returning,989.05,11,10879.55,24.29,2642.64,8236.91,748.81,240.24
TXN5869,West,Grocery,Wallet,Returning,804.83,5,4024.15,10.15,408.45,3615.7,723.14,
TXN5870,East,Grocery,Cash,Returning,309.34,6,1856.04,7.78,144.4,1711.64,285.27,24.07
TXN5871,West,Electronics,UPI,Member,975.18,17,16578.06,10.51,1742.35,14835.71,872.69,102.49
TXN5872,West,Furniture,Wallet,Returning,989.05,11,10879.55,24.29,2642.64,8236.91,,240.24
TXN5873,East,Furniture,Wallet,Returning,860.54,16,13768.64,25.51,3512.38,10256.26,641.02,219.52
TXN5874,North,Furniture,Wallet,New,530.16,15,7952.4,24.14,1919.71,6032.69,,
TXN5875,South,Furniture,Credit Card,Guest,272.16,10,2721.6,25.45,692.65,2028.95,202.9,69.26
TXN5876,South,Grocery,Credit Card,New,554.98,5,2774.9,25.78,715.37,2059.53,411.91,143.07
TXN5877,North,Apparel,Wallet,Guest,971.78,15,14576.7,18.17,2648.59,11928.11,795.21,176.57
TXN5878,West,Furniture,Cash,Guest,497.97,4,1991.88,23.44,466.9,1524.98,381.25,
TXN5879,East,Apparel,UPI,New,449.02,16,7184.32,22.04,1583.42,5600.9,350.06,98.96
TXN5880,South,Grocery,Credit Card,Member,684.58,3,2053.74,20.53,421.63,1632.11,544.04,140.54
TXN5881,South,Apparel,Wallet,Guest,951.53,5,4757.65,19.58,931.55,3826.1,765.22,186.31
TXN5882,North,Apparel,Cash,Guest,655.35,1,655.35,18.62,122.03,533.32,533.32,122.03
TXN5883,East,Furniture,UPI,Member,482.08,16,7713.28,1.42,109.53,7603.75,475.23,6.85
TXN5884,East,Grocery,UPI,Guest,692.16,14,9690.24,11.86,1149.26,8540.98,610.07,82.09
TXN5885,West,Grocery,UPI,Returning,176.94,3,530.82,12.5,66.35,464.47,154.82,22.12
TXN5886,North,Electronics,Cash,Member,344.23,11,3786.53,21.64,819.41,2967.12,269.74,74.49
TXN5887,West,Apparel,UPI,Returning,552.03,12,6624.36,23.77,1574.61,5049.75,420.81,131.22
TXN5888,West,Apparel,Wallet,New,373.14,9,3358.26,12.04,404.33,2953.93,328.21,44.93
TXN5889,North,Grocery,UPI,Returning,969.47,4,3877.88,15.34,594.87,3283.01,820.75,148.72
TXN5890,West,Furniture,Cash,Member,875.07,7,6125.49,0.28,17.15,6108.34,872.62,2.45
TXN5891,East,Grocery,Cash,Member,243.75,2,487.5,29.45,143.57,343.93,171.97,71.78
TXN5892,South,Electronics,UPI,Returning,75.03,5,375.15,10.93,41,334.15,66.83,8.2
TXN5893,East,Apparel,Credit Card,Returning,106.02,6,636.12,28.92,183.97,452.15,75.36,30.66
TXN5894,East,Electronics,Cash,Returning,139.04,5,695.2,2.53,17.59,677.61,,3.52
TXN5895,West,Apparel,UPI,Guest,809.42,19,15378.98,21.84,3358.77,12020.21,632.64,
TXN5896,South,Electronics,Wallet,Returning,898.84,10,8988.4,4.86,436.84,8551.56,855.16,43.68
TXN5897,West,Electronics,Credit Card,Guest,380.48,11,4185.28,16.38,685.55,3499.73,318.16,62.32
TXN5898,North,Grocery,Wallet,New,75.34,19,1431.46,10.8,154.6,1276.86,67.2,8.14
TXN5899,East,Apparel,UPI,Member,651.97,17,11083.49,15.68,1737.89,9345.6,549.74,102.23
TXN5900,North,Electronics,UPI,Guest,234.82,15,3522.3,17.41,613.23,2909.07,193.94,40.88
TXN5901,South,Furniture,Credit Card,Returning,134.48,10,1344.8,9.9,133.14,1211.66,121.17,13.31
TXN5902,West,Furniture,Cash,Guest,293.04,4,1172.16,24.03,281.67,890.49,222.62,70.42
TXN5903,North,Grocery,Cash,New,669.35,11,7362.85,17.98,1323.84,6039.01,549,120.35
TXN5904,South,Grocery,Cash,New,440.33,4,1761.32,21.82,384.32,1377,344.25,96.08
TXN5905,South,Furniture,Cash,New,792.77,11,8720.47,21.53,1877.52,6842.95,622.09,170.68
TXN5906,South,Furniture,UPI,Guest,626.06,4,2504.24,27.38,685.66,1818.58,454.64,171.42
TXN5907,South,Electronics,Credit Card,New,788.25,6,4729.5,22.91,1083.53,3645.97,607.66,180.59
TXN5908,West,Electronics,Wallet,Member,207.09,14,2899.26,0.83,24.06,2875.2,205.37,1.72
TXN5909,South,Electronics,Wallet,Guest,542.11,17,9215.87,12.74,1174.1,8041.77,473.05,69.06
TXN5910,East,Apparel,Cash,New,424.26,6,2545.56,15.15,385.65,2159.91,359.98,64.28
TXN5911,East,Furniture,Wallet,Returning,833,11,9163,20.53,1881.16,7281.84,661.99,171.01
TXN5912,South,Electronics,Credit Card,Guest,67.98,14,951.72,14.15,134.67,817.05,58.36,9.62
TXN5913,West,Electronics,Wallet,Guest,285.02,8,2280.16,5.18,118.11,2162.05,270.26,14.76
TXN5914,South,Electronics,UPI,New,893.58,15,13403.7,12.03,1612.47,11791.23,786.08,107.5
TXN5915,South,Apparel,Credit Card,Member,856.59,17,14562.03,12.3,1791.13,12770.9,751.23,105.36
TXN5916,South,Grocery,Credit Card,Guest,587.95,6,3527.7,9.6,338.66,3189.04,531.51,56.44
TXN5917,West,Apparel,UPI,Member,273.64,10,2736.4,1.75,47.89,2688.51,268.85,4.79
TXN5918,West,Apparel,Credit Card,Returning,289.78,19,5505.82,23.8,1310.39,4195.43,220.81,68.97
TXN5919,South,Apparel,UPI,Guest,949.62,3,2848.86,17.55,499.97,2348.89,782.96,166.66
TXN5920,North,Electronics,UPI,Member,576.8,13,7498.4,26.78,2008.07,5490.33,422.33,154.47
TXN5921,North,Apparel,Credit Card,Guest,344.98,14,4829.72,13.83,667.95,4161.77,,47.71
TXN5922,East,Grocery,Cash,Guest,488.95,2,977.9,16.07,157.15,820.75,410.38,78.57
TXN5923,East,Furniture,Cash,Member,603.98,5,3019.9,22.55,680.99,2338.91,467.78,
TXN5924,East,Grocery,Cash,Member,575.37,13,7479.81,0.54,40.39,7439.42,572.26,3.11
TXN5925,East,Apparel,Cash,Member,707.42,10,7074.2,5.24,370.69,6703.51,670.35,37.07
TXN5926,South,Electronics,Credit Card,Member,123.13,18,2216.34,16.71,370.35,1845.99,102.55,20.58
TXN5927,West,Apparel,Cash,Returning,321.14,11,3532.54,19.9,702.98,2829.56,257.23,63.91
TXN5928,South,Apparel,Wallet,Returning,368.71,17,6268.07,6.39,400.53,5867.54,345.15,
TXN5929,North,Apparel,Credit Card,Guest,904.01,9,8136.09,11.72,953.55,7182.54,798.06,105.95
TXN5930,South,Grocery,Cash,Returning,939,13,12207,5.63,687.25,11519.75,886.13,52.87
TXN5931,West,Grocery,Credit Card,Returning,874.92,17,14873.64,29.76,4426.4,10447.24,614.54,260.38
TXN5932,West,Apparel,UPI,Member,950.3,11,10453.3,4.16,434.86,10018.44,910.77,39.53
TXN5933,West,Furniture,Cash,Returning,575.6,1,575.6,6.81,39.2,536.4,536.4,39.2
TXN5934,South,Grocery,Credit Card,Guest,765.6,16,12249.6,21.08,2582.22,9667.38,,161.39
TXN5935,South,Grocery,UPI,Returning,266.5,4,1066,9.62,102.55,963.45,240.86,25.64
TXN5936,West,Grocery,Cash,New,280.73,3,842.19,10.02,84.39,757.8,252.6,28.13
TXN5937,West,Apparel,Credit Card,New,258.71,16,4139.36,21.25,879.61,3259.75,203.73,54.98
TXN5938,East,Furniture,UPI,Member,532.33,4,2129.32,24.79,527.86,1601.46,400.37,
TXN5939,North,Grocery,UPI,Returning,62.18,13,808.34,27.95,225.93,582.41,44.8,17.38
TXN5940,West,Electronics,Wallet,Member,395.42,18,7117.56,21.35,1519.6,5597.96,311,84.42
TXN5941,South,Electronics,Cash,New,637.89,7,4465.23,19.75,881.88,3583.35,511.91,125.98
TXN5942,West,Apparel,Wallet,Member,318.61,11,3504.71,24.31,852,2652.71,241.16,77.45
TXN5943,West,Electronics,Wallet,Returning,195.9,4,783.6,12.97,101.63,681.97,,25.41
TXN5944,West,Grocery,Wallet,Guest,816.14,17,13874.38,17.55,2434.95,11439.43,672.91,143.23
TXN5945,South,Electronics,Wallet,New,707.72,16,11323.52,4.35,492.57,10830.95,676.93,30.79
TXN5946,East,Grocery,Credit Card,New,54.87,8,438.96,11.55,50.7,388.26,48.53,6.34
TXN5947,West,Grocery,Wallet,Member,625.97,11,6885.67,24.8,1707.65,5178.02,,155.24
TXN5948,North,Furniture,Credit Card,Guest,881.09,10,8810.9,7.98,703.11,8107.79,810.78,70.31
TXN5949,West,Electronics,Wallet,Returning,685.66,10,6856.6,10.31,706.92,6149.68,614.97,70.69
TXN5950,South,Grocery,Cash,Guest,200.77,19,3814.63,28.11,1072.29,2742.34,144.33,
TXN5951,North,Electronics,UPI,Returning,947.02,6,5682.12,4.05,230.13,5451.99,908.67,38.35
TXN5952,South,Furniture,Credit Card,Member,765.53,18,13779.54,2.14,294.88,13484.66,749.15,16.38
TXN5953,East,Apparel,Wallet,Member,292.97,18,5273.46,6.82,359.65,4913.81,272.99,19.98
TXN5954,East,Furniture,Wallet,Returning,169.37,9,1524.33,5.77,87.95,1436.38,159.6,
TXN5955,North,Furniture,UPI,Member,445.18,19,8458.42,10.97,927.89,7530.53,396.34,48.84
TXN5956,West,Electronics,UPI,Returning,269.81,1,269.81,4.91,13.25,256.56,256.56,13.25
TXN5957,East,Grocery,Credit Card,Guest,576.78,9,5191.02,20.1,1043.4,4147.62,460.85,115.93
TXN5958,West,Apparel,Cash,New,414.72,5,2073.6,2.72,56.4,2017.2,403.44,11.28
TXN5959,East,Furniture,Wallet,Guest,621.57,15,9323.55,19.53,1820.89,7502.66,500.18,121.39
TXN5960,North,Furniture,Cash,New,733.01,16,11728.16,23.51,2757.29,8970.87,560.68,172.33
TXN5961,North,Apparel,Cash,Returning,324.98,11,3574.78,8.58,306.72,3268.06,297.1,27.88
TXN5962,East,Apparel,Credit Card,Returning,508.32,11,5591.52,11.55,645.82,4945.7,449.61,58.71
TXN5963,East,Apparel,Wallet,New,565.3,10,5653,9.52,538.17,5114.83,511.48,53.82
TXN5964,East,Apparel,Credit Card,Member,78.21,10,782.1,3.84,30.03,752.07,75.21,3
TXN5965,West,Grocery,Cash,Guest,333.73,3,1001.19,10.49,105.02,896.17,298.72,35.01
TXN5966,North,Grocery,Cash,Returning,436.48,16,6983.68,13.56,946.99,6036.69,377.29,59.19
TXN5967,West,Grocery,Cash,New,139.52,13,1813.76,5.51,99.94,1713.82,131.83,7.69
TXN5968,North,Grocery,Credit Card,Guest,361.08,9,3249.72,6.43,208.96,3040.76,337.86,23.22
TXN5969,South,Grocery,UPI,Returning,142.21,10,1422.1,14.79,210.33,1211.77,121.18,21.03
TXN5970,West,Grocery,Credit Card,Returning,493.67,15,7405.05,19.52,1445.47,5959.58,397.31,96.36
TXN5971,West,Apparel,UPI,Member,90.55,1,90.55,14.63,13.25,77.3,77.3,13.25
TXN5972,North,Furniture,Credit Card,Member,776.1,6,4656.6,17.57,818.16,3838.44,639.74,136.36
TXN5973,West,Grocery,UPI,Guest,529.15,10,5291.5,3.39,179.38,5112.12,511.21,17.94
TXN5974,North,Electronics,Cash,Member,64.44,14,902.16,11.5,103.75,798.41,57.03,7.41
TXN5975,West,Furniture,Wallet,New,122.88,7,860.16,21.74,187,673.16,,26.71
TXN5976,West,Apparel,Cash,Member,387.57,19,7363.83,17.99,1324.75,6039.08,317.85,69.72
TXN5977,North,Electronics,UPI,New,218.47,17,3713.99,28.85,1071.49,2642.5,155.44,63.03
TXN5978,North,Furniture,Wallet,New,765.62,6,4593.72,21.34,980.3,3613.42,602.24,
TXN5979,East,Electronics,Credit Card,Returning,428.87,1,428.87,14.01,60.08,368.79,368.79,60.08
TXN5980,West,Apparel,UPI,Member,508.12,10,5081.2,4.73,240.34,4840.86,484.09,24.03
TXN5981,East,Furniture,Credit Card,Guest,727.98,16,11647.68,0.52,60.57,11587.11,724.19,3.79
TXN5982,South,Electronics,Credit Card,Returning,422.7,8,3381.6,16.92,572.17,2809.43,351.18,71.52
TXN5983,East,Grocery,UPI,Returning,922.99,18,16613.82,6.14,1020.09,15593.73,866.32,56.67
TXN5984,North,Furniture,UPI,Returning,111.43,18,2005.74,10.6,212.61,1793.13,99.62,11.81
TXN5985,North,Apparel,UPI,Returning,482.24,1,482.24,28.75,138.64,343.6,343.6,138.64
TXN5986,West,Electronics,Credit Card,Guest,462.44,2,924.88,13.5,124.86,800.02,400.01,62.43
TXN5987,South,Apparel,Wallet,Member,70.04,6,420.24,29.07,122.16,298.08,49.68,20.36
TXN5988,East,Electronics,Credit Card,New,937.38,5,4686.9,21.95,1028.77,3658.13,731.63,205.75
TXN5989,South,Grocery,Credit Card,Member,955.36,9,8598.24,22.63,1945.78,6652.46,,216.2
TXN5990,South,Furniture,Cash,New,818.27,4,3273.08,26.92,881.11,2391.97,597.99,220.28
TXN5991,West,Grocery,Credit Card,Guest,526.5,4,2106,19.74,415.72,1690.28,422.57,103.93
TXN5992,West,Apparel,Cash,Returning,866.64,16,13866.24,1.55,214.93,13651.31,853.21,13.43
TXN5993,West,Electronics,UPI,Guest,567.43,2,1134.86,6.79,77.06,1057.8,528.9,
TXN5994,North,Grocery,UPI,Member,726.13,9,6535.17,8.53,557.45,5977.72,664.19,61.94
TXN5995,South,Electronics,Wallet,New,588.78,2,1177.56,2.58,30.38,1147.18,573.59,15.19
TXN5996,North,Grocery,Credit Card,Returning,728.71,12,8744.52,8.83,772.14,7972.38,664.36,64.35
TXN5997,North,Grocery,UPI,Member,946.99,2,1893.98,1.86,35.23,1858.75,929.38,
TXN5998,East,Electronics,Credit Card,Member,530.03,14,7420.42,21.1,1565.71,5854.71,418.19,111.84
TXN5999,East,Grocery,Credit Card,Member,269.65,11,2966.15,22.34,662.64,2303.51,209.41,60.24
TXN6000,North,Electronics,Credit Card,New,796.39,13,10353.07,1.1,113.88,10239.19,787.63,8.76
TXN6001,West,Grocery,Wallet,Member,788.12,2,1576.24,19.67,310.05,1266.19,633.1,155.02
TXN6002,North,Electronics,UPI,Member,846.65,11,9313.15,16.43,1530.15,7783,707.55,139.1
TXN6003,South,Furniture,UPI,Guest,121.44,18,2185.92,14.26,311.71,1874.21,104.12,17.32
TXN6004,East,Furniture,UPI,Returning,208.82,18,3758.76,25.69,965.63,2793.13,155.17,53.65
TXN6005,North,Electronics,Wallet,Guest,95.25,3,285.75,20.37,58.21,227.54,75.85,19.4
TXN6006,North,Electronics,Cash,Returning,85.1,6,510.6,28.97,147.92,362.68,60.45,24.65
TXN6007,North,Electronics,UPI,Member,784.31,13,10196.03,16.91,1724.15,8471.88,651.68,
TXN6008,South,Apparel,Wallet,Returning,986.56,9,,26.94,2392.01,6487.03,720.78,
TXN6009,South,Electronics,Credit Card,Member,506.45,18,9116.1,19.32,,7354.87,408.6,
TXN6010,East,Apparel,UPI,Member,502.96,19,9556.24,1.57,,9406.21,495.06,
TXN6011,North,Apparel,Credit Card,Returning,454.71,2,909.42,17.64,160.42,749,374.5,80.21
TXN6012,North,Electronics,Cash,New,913.33,19,17353.27,7.75,1344.88,16008.39,,
TXN6013,West,Electronics,Wallet,Guest,56.8,6,340.8,2.49,8.49,332.31,55.39,1.41
TXN6014,South,Furniture,Cash,Guest,106.32,2,212.64,19.62,41.72,170.92,85.46,20.86
TXN6015,South,Grocery,Cash,Returning,271.31,19,5154.89,12.91,665.5,4489.39,236.28,35.03
TXN6016,South,Electronics,UPI,Member,583.8,3,1751.4,12.39,217,1534.4,511.47,72.33
TXN6017,South,Furniture,UPI,New,674.28,4,2697.12,12.24,330.13,2366.99,591.75,82.53
TXN6018,North,Apparel,Cash,Member,83.38,3,250.14,13.98,34.97,215.17,71.72,11.66
TXN6019,West,Apparel,UPI,New,581.39,7,4069.73,,1097.2,2972.53,424.65,156.74
TXN6020,South,Apparel,Wallet,Returning,986.56,9,8879.04,26.94,,6487.03,720.78,20.64
TXN6021,South,Electronics,Credit Card,Member,506.45,18,9116.1,19.32,1761.23,,408.6,174.93
TXN6022,East,Apparel,UPI,Member,502.96,19,9556.24,1.57,150.03,9406.21,495.06,163.9
TXN6023,North,Apparel,Credit Card,Returning,454.71,2,909.42,17.64,,749,374.5,125.36
TXN6024,North,Electronics,Cash,New,913.33,19,17353.27,7.75,1344.88,16008.39,842.55,77.66
TXN6025,West,Electronics,Wallet,Guest,56.8,6,340.8,2.49,8.49,332.31,55.39,109.79
TXN6026,South,Furniture,Cash,Guest,106.32,2,212.64,19.62,41.72,170.92,85.46,11.66
TXN6027,South,Grocery,Cash,Returning,271.31,19,5154.89,12.91,665.5,4489.39,236.28,156.74
TXN6028,South,Electronics,UPI,Member,583.8,3,1751.4,12.39,217,1534.4,511.47,20.64
TXN6029,South,Furniture,UPI,New,674.28,4,2697.12,12.24,330.13,2366.99,591.75,174.93
TXN6030,North,Apparel,Cash,Member,83.38,3,250.14,13.98,34.97,215.17,71.72,163.9
TXN6031,West,Apparel,UPI,New,581.39,7,4069.73,26.96,1097.2,2972.53,424.65,125.36
TXN6032,East,Apparel,Credit Card,Returning,566.92,8,4535.36,3.64,165.09,4370.27,546.28,77.66
TXN6033,West,Furniture,Cash,Guest,704.78,5,3523.9,24.82,874.63,2649.27,529.85,109.79
TXN6034,South,Furniture,Credit Card,New,623.89,1,623.89,26.27,163.9,459.99,459.99,143.23
TXN6035,East,Apparel,Credit Card,Returning,566.92,8,4535.36,3.64,165.09,4370.27,546.28,30.79
TXN6036,West,Furniture,Cash,Guest,704.78,5,3523.9,24.82,874.63,2649.27,529.85,6.34
TXN6037,South,Furniture,Credit Card,New,623.89,1,623.89,,,459.99,459.99,155.24
TXN6038,West,Furniture,Cash,Guest,704.78,,3523.9,24.82,874.63,,529.85,70.31
TXN6039,South,Furniture,Credit Card,New,623.89,1,623.89,26.27,163.9,459.99,,70.69
TXN6040,South,Apparel,Credit Card,Returning,502.83,5,2514.15,24.93,626.78,1887.37,377.47,56.44
TXN6041,North,Apparel,Cash,Member,733.98,14,10275.72,10.58,1087.17,9188.55,656.32,38.35
TXN6042,South,Furniture,UPI,Returning,954.7,16,,11.5,1756.65,13518.55,844.91,16.38
TXN6043,North,Apparel,Cash,Member,83.38,3,250.14,,34.97,215.17,71.72,19.98
TXN6044,West,Apparel,UPI,New,581.39,7,4069.73,26.96,,2972.53,424.65,143.23
TXN6045,East,Apparel,Credit Card,Returning,566.92,8,4535.36,3.64,165.09,,546.28,30.79
TXN6046,West,Furniture,Cash,Guest,704.78,5,3523.9,24.82,,2649.27,,6.34
TXN6047,South,Furniture,Credit Card,New,623.89,1,,26.27,163.9,459.99,459.99,155.24
TXN6048,South,Apparel,Credit Card,Returning,502.83,5,,24.93,,1887.37,377.47,70.31
TXN6049,North,Apparel,Cash,Member,733.98,14,10275.72,,1087.17,9188.55,656.32,70.69
TXN6050,South,Furniture,UPI,Returning,,16,15275.2,11.5,1756.65,,844.91,56.44
TXN6051,North,Apparel,Credit Card,Returning,454.71,2,909.42,17.64,160.42,749,374.5,80.21
TXN6052,North,Electronics,Cash,New,913.33,19,17353.27,7.75,1344.88,16008.39,,
TXN6053,West,Electronics,Wallet,Guest,56.8,6,340.8,2.49,8.49,332.31,55.39,1.41
TXN6054,South,Furniture,Cash,Guest,106.32,2,212.64,19.62,41.72,170.92,85.46,20.86
TXN6055,South,Grocery,Cash,Returning,271.31,19,5154.89,12.91,665.5,4489.39,236.28,35.03
TXN6056,South,Electronics,UPI,Member,583.8,3,1751.4,12.39,217,1534.4,511.47,72.33
TXN6057,South,Furniture,UPI,New,674.28,4,2697.12,12.24,330.13,2366.99,591.75,82.53
TXN6058,North,Apparel,Cash,Member,83.38,3,250.14,13.98,34.97,215.17,71.72,11.66
TXN6059,West,Apparel,UPI,New,581.39,7,4069.73,,1097.2,2972.53,424.65,156.74
TXN6060,South,Apparel,Wallet,Returning,986.56,9,8879.04,26.94,,6487.03,720.78,20.64
TXN6061,South,Electronics,Credit Card,Member,506.45,18,9116.1,19.32,1761.23,,408.6,174.93
TXN6062,East,Apparel,UPI,Member,502.96,19,9556.24,1.57,150.03,9406.21,495.06,163.9
TXN6063,North,Apparel,Credit Card,Returning,454.71,2,909.42,17.64,,749,374.5,125.36
TXN6064,North,Electronics,Cash,New,913.33,19,17353.27,7.75,1344.88,16008.39,842.55,77.66
TXN6065,West,Electronics,Wallet,Guest,56.8,6,340.8,2.49,8.49,332.31,55.39,109.79
TXN6066,South,Furniture,Cash,Guest,106.32,2,212.64,19.62,41.72,170.92,85.46,11.66
TXN6067,South,Grocery,Cash,Returning,271.31,19,5154.89,12.91,665.5,4489.39,236.28,156.74
TXN6068,South,Electronics,UPI,Member,583.8,3,1751.4,12.39,217,1534.4,511.47,20.64
TXN6069,South,Furniture,UPI,New,674.28,4,2697.12,12.24,330.13,2366.99,591.75,174.93
TXN6070,North,Apparel,Cash,Member,83.38,3,250.14,13.98,34.97,215.17,71.72,163.9
TXN6071,West,Apparel,UPI,New,581.39,7,4069.73,26.96,1097.2,2972.53,424.65,125.36
TXN6072,East,Apparel,Credit Card,Returning,566.92,8,4535.36,3.64,165.09,4370.27,546.28,77.66
TXN6073,West,Furniture,Cash,Guest,704.78,5,3523.9,24.82,874.63,2649.27,529.85,109.79
TXN6074,South,Furniture,Credit Card,New,623.89,1,623.89,26.27,163.9,459.99,459.99,143.23
TXN6075,East,Apparel,Credit Card,Returning,566.92,8,4535.36,3.64,165.09,4370.27,546.28,30.79
TXN6076,West,Furniture,Cash,Guest,704.78,5,3523.9,24.82,874.63,2649.27,529.85,6.34
TXN6077,South,Furniture,Credit Card,New,623.89,1,623.89,,,459.99,459.99,155.24
TXN6078,West,Furniture,Cash,Guest,704.78,,3523.9,24.82,874.63,,529.85,70.31
TXN6079,South,Furniture,Credit Card,New,623.89,1,623.89,26.27,163.9,459.99,,70.69
TXN6080,South,Apparel,Credit Card,Returning,502.83,5,2514.15,24.93,626.78,1887.37,377.47,56.44
TXN6081,North,Apparel,Cash,Member,733.98,14,10275.72,10.58,1087.17,9188.55,656.32,38.35
TXN6082,South,Furniture,UPI,Returning,954.7,16,,11.5,1756.65,13518.55,844.91,
TXN6083,North,Apparel,Cash,Member,83.38,3,250.14,,34.97,215.17,71.72,19.98
TXN6084,West,Apparel,UPI,New,581.39,7,4069.73,26.96,,2972.53,424.65,143.23
TXN6085,East,Apparel,Credit Card,Returning,566.92,8,4535.36,3.64,165.09,,546.28,30.79
TXN6086,West,Furniture,Cash,Guest,704.78,5,3523.9,24.82,,2649.27,,6.34
TXN6087,South,Furniture,Credit Card,New,623.89,1,,26.27,163.9,459.99,459.99,155.24
TXN6088,South,Apparel,Credit Card,Returning,502.83,5,,24.93,,1887.37,377.47,70.31
TXN6089,North,Apparel,Cash,Member,733.98,14,10275.72,,1087.17,9188.55,656.32,70.69
TXN6090,South,Furniture,UPI,Returning,,16,15275.2,11.5,1756.65,,844.91,56.44
TXN6091,East,Grocery,Cash,New,321.44,9,2892.96,9.13,264.13,2628.83,292.09,29.35
TXN6092,West,Furniture,Wallet,Member,873.53,4,3494.12,17.01,594.35,2899.77,724.94,148.59
TXN6093,North,Apparel,Wallet,Guest,188.47,3,565.41,9.92,56.09,509.32,169.77,18.7
TXN6094,South,Furniture,Wallet,Guest,326.1,11,3587.1,10.01,359.07,3228.03,293.46,32.64
TXN6095,North,Electronics,Credit Card,New,356.04,17,6052.68,4.36,263.9,5788.78,340.52,15.52
TXN6096,West,Electronics,Wallet,Guest,77.09,17,1310.53,0.74,9.7,1300.83,76.52,0.57
TXN6097,North,Electronics,Wallet,Guest,643.29,15,9649.35,15.36,1482.14,8167.21,544.48,98.81
TXN6098,South,Electronics,Wallet,New,565.3,12,6783.6,9.09,616.63,6166.97,513.91,51.39
TXN6099,North,Apparel,Credit Card,New,852.03,4,3408.12,6.24,212.67,3195.45,798.86,53.17
TXN6100,North,Apparel,Credit Card,Returning,862.11,12,10345.32,3.63,375.54,9969.78,830.82,31.29
TXN6101,North,Furniture,UPI,Guest,265.93,10,2659.3,3.24,86.16,2573.14,257.31,8.62
TXN6102,West,Furniture,Cash,Guest,842.98,19,16016.62,20.23,3240.16,12776.46,672.45,170.53
TXN6103,South,Apparel,UPI,New,693.42,4,2773.68,3.55,98.47,2675.21,668.8,24.62
TXN6104,North,Furniture,Wallet,New,255.1,18,4591.8,10.9,500.51,4091.29,227.29,27.81
TXN6105,North,Furniture,UPI,Guest,984.03,3,2952.09,24.56,725.03,2227.06,742.35,241.68
TXN6106,East,Grocery,Wallet,Member,910.64,6,5463.84,21.8,1191.12,4272.72,712.12,198.52
TXN6107,South,Apparel,UPI,Member,498.14,17,8468.38,19.42,1644.56,6823.82,401.4,96.74
TXN6108,South,Furniture,Cash,Returning,152.86,16,2445.76,7.95,194.44,2251.32,140.71,12.15
TXN6109,South,Furniture,Credit Card,Guest,258.4,13,3359.2,23.96,804.86,2554.34,196.49,61.91
TXN6110,North,Grocery,UPI,Returning,953.69,17,16212.73,20.67,3351.17,12861.56,756.56,197.13
TXN6111,North,Furniture,Cash,Member,240.37,2,480.74,5.3,25.48,455.26,227.63,12.74
TXN6112,North,Furniture,Cash,New,713.08,14,9983.12,14.57,1454.54,8528.58,609.18,103.9
TXN6113,North,Furniture,UPI,New,843.31,5,4216.55,12.44,524.54,3692.01,738.4,104.91
TXN6114,South,Apparel,Cash,New,483.95,2,967.9,10.11,97.85,870.05,435.02,48.93
TXN6115,West,Apparel,Cash,New,217.1,17,3690.7,23.41,863.99,2826.71,166.28,50.82
TXN6116,South,Furniture,Cash,Member,692,2,1384,25.19,348.63,1035.37,517.69,174.31
TXN6117,North,Electronics,Wallet,Guest,344.48,3,1033.44,13.64,140.96,892.48,297.49,46.99
TXN6118,West,Furniture,Credit Card,Returning,314.89,11,3463.79,8.85,306.55,3157.24,287.02,27.87
TXN6119,East,Apparel,Wallet,Guest,716.53,10,7165.3,12.48,894.23,6271.07,627.11,89.42
TXN6120,South,Apparel,UPI,New,797.08,16,12753.28,21.32,2719,10034.28,627.14,169.94
TXN6121,South,Grocery,Credit Card,Returning,339.57,15,5093.55,2.68,136.51,4957.04,330.47,9.1
TXN6122,North,Apparel,Wallet,Guest,940.53,1,940.53,13.56,127.54,812.99,812.99,127.54
TXN6123,North,Electronics,Wallet,Guest,498.65,7,3490.55,12.66,441.9,3048.65,435.52,63.13
TXN6124,East,Furniture,UPI,New,759.68,9,6837.12,0.81,55.38,6781.74,753.53,6.15
TXN6125,East,Grocery,Cash,Member,564.31,3,1692.93,22.07,373.63,1319.3,439.77,124.54
TXN6126,North,Furniture,UPI,New,847.74,10,8477.4,8.8,746.01,7731.39,773.14,74.6
TXN6127,East,Grocery,Wallet,Returning,488.43,6,2930.58,7.35,215.4,2715.18,452.53,35.9
TXN6128,North,Apparel,Credit Card,Member,700.8,9,6307.2,1.08,68.12,6239.08,693.23,7.57
TXN6129,North,Grocery,Cash,Guest,72.72,18,1308.96,7.66,100.27,1208.69,67.15,5.57
TXN6130,North,Grocery,Wallet,New,789.98,1,789.98,28.44,224.67,565.31,565.31,224.67
TXN6131,North,Furniture,UPI,New,209.55,3,628.65,5.89,37.03,591.62,197.21,12.34
TXN6132,West,Furniture,Cash,New,929.52,10,9295.2,18.2,1691.73,7603.47,760.35,169.17
TXN6133,South,Apparel,UPI,Guest,733.77,13,9539.01,6.31,601.91,8937.1,687.47,46.3
TXN6134,West,Grocery,Wallet,Returning,804.83,5,4024.15,10.15,408.45,3615.7,723.14,81.69
TXN6135,East,Grocery,Cash,Returning,309.34,6,1856.04,7.78,144.4,1711.64,285.27,24.07
TXN6136,West,Electronics,UPI,Member,975.18,17,16578.06,10.51,1742.35,14835.71,872.69,102.49
TXN6137,West,Furniture,Wallet,Returning,989.05,11,10879.55,24.29,2642.64,8236.91,748.81,240.24
TXN6138,East,Furniture,Wallet,Returning,860.54,16,13768.64,25.51,3512.38,10256.26,641.02,219.52
TXN6139,North,Furniture,Wallet,New,530.16,15,7952.4,24.14,1919.71,6032.69,402.18,127.98
TXN6140,South,Furniture,Credit Card,Guest,272.16,10,2721.6,25.45,692.65,2028.95,202.9,69.26
TXN6141,South,Grocery,Credit Card,New,554.98,5,2774.9,25.78,715.37,2059.53,411.91,143.07
TXN6142,North,Apparel,Wallet,Guest,971.78,15,14576.7,18.17,2648.59,11928.11,795.21,176.57
TXN6143,West,Furniture,Cash,Guest,497.97,4,1991.88,23.44,466.9,1524.98,381.25,116.72
TXN6144,East,Apparel,UPI,New,449.02,16,7184.32,22.04,1583.42,5600.9,350.06,98.96
TXN6145,South,Grocery,Credit Card,Member,684.58,3,2053.74,20.53,421.63,1632.11,544.04,140.54
TXN6146,South,Apparel,Wallet,Guest,951.53,5,4757.65,19.58,931.55,3826.1,765.22,186.31
TXN6147,North,Apparel,Cash,Guest,655.35,1,655.35,18.62,122.03,533.32,533.32,122.03
TXN6148,East,Furniture,UPI,Member,482.08,16,7713.28,1.42,109.53,7603.75,475.23,6.85
TXN6149,East,Grocery,UPI,Guest,692.16,14,9690.24,11.86,1149.26,8540.98,610.07,82.09
TXN6150,West,Grocery,UPI,Returning,176.94,3,530.82,12.5,66.35,464.47,154.82,15.52
TXN6151,North,Electronics,Cash,Member,344.23,11,3786.53,21.64,819.41,2967.12,269.74,0.57
TXN6152,West,Apparel,UPI,Returning,552.03,12,6624.36,23.77,1574.61,5049.75,420.81,98.81
TXN6153,West,Apparel,Wallet,New,373.14,9,3358.26,12.04,404.33,2953.93,328.21,51.39
TXN6154,North,Grocery,UPI,Returning,969.47,4,3877.88,15.34,594.87,3283.01,820.75,53.17
TXN6155,West,Furniture,Cash,Member,875.07,7,6125.49,0.28,17.15,6108.34,872.62,31.29
TXN6156,East,Grocery,Cash,Member,243.75,2,487.5,29.45,143.57,343.93,171.97,8.62
TXN6157,South,Electronics,UPI,Returning,75.03,5,375.15,10.93,41,334.15,66.83,170.53
TXN6158,East,Apparel,Credit Card,Returning,106.02,6,636.12,28.92,183.97,452.15,75.36,24.62
TXN6159,East,Electronics,Cash,Returning,139.04,5,695.2,2.53,17.59,677.61,135.52,27.81
TXN6160,West,Apparel,UPI,Guest,809.42,19,15378.98,21.84,3358.77,12020.21,632.64,241.68
TXN6161,South,Electronics,Wallet,Returning,898.84,10,8988.4,4.86,436.84,8551.56,855.16,198.52
TXN6162,West,Electronics,Credit Card,Guest,380.48,11,4185.28,16.38,685.55,3499.73,318.16,96.74
TXN6163,North,Grocery,Wallet,New,75.34,19,1431.46,10.8,154.6,1276.86,67.2,12.15
TXN6164,East,Apparel,UPI,Member,651.97,17,11083.49,15.68,1737.89,9345.6,549.74,61.91
TXN6165,North,Electronics,UPI,Guest,234.82,15,3522.3,17.41,613.23,2909.07,193.94,197.13
TXN6166,South,Furniture,Credit Card,Returning,134.48,10,1344.8,9.9,133.14,1211.66,121.17,12.74
TXN6167,West,Furniture,Cash,Guest,293.04,4,1172.16,24.03,281.67,890.49,222.62,103.9
TXN6168,North,Grocery,Cash,New,669.35,11,7362.85,17.98,1323.84,6039.01,549,104.91
TXN6169,South,Grocery,Cash,New,440.33,4,1761.32,21.82,384.32,1377,344.25,74.6
TXN6170,South,Furniture,Cash,New,792.77,11,8720.47,21.53,1877.52,6842.95,622.09,35.9
TXN6171,South,Furniture,UPI,Guest,626.06,4,2504.24,27.38,685.66,1818.58,,7.57
TXN6172,South,Electronics,Credit Card,New,788.25,6,4729.5,22.91,1083.53,3645.97,607.66,5.57
TXN6173,West,Electronics,Wallet,Member,207.09,14,2899.26,0.83,24.06,2875.2,205.37,224.67
TXN6174,South,Electronics,Wallet,Guest,542.11,17,9215.87,12.74,1174.1,8041.77,473.05,12.34
TXN6175,East,Apparel,Cash,New,424.26,6,2545.56,15.15,385.65,2159.91,359.98,169.17
TXN6176,East,Furniture,Wallet,Returning,833,11,9163,20.53,1881.16,7281.84,661.99,46.3
TXN6177,South,Electronics,Credit Card,Guest,67.98,14,951.72,14.15,134.67,817.05,58.36,81.69
TXN6178,West,Electronics,Wallet,Guest,285.02,8,2280.16,5.18,118.11,2162.05,,124.54
TXN6179,South,Electronics,UPI,New,893.58,15,13403.7,12.03,1612.47,11791.23,786.08,74.6
TXN6180,South,Apparel,Credit Card,Member,856.59,17,14562.03,12.3,1791.13,12770.9,,35.9
TXN6181,South,Grocery,Credit Card,Guest,587.95,6,3527.7,9.6,338.66,3189.04,531.51,7.57
TXN6182,West,Apparel,UPI,Member,273.64,10,2736.4,1.75,47.89,2688.51,268.85,5.57
TXN6183,West,Apparel,Credit Card,Returning,289.78,19,5505.82,23.8,1310.39,4195.43,220.81,224.67
TXN6184,South,Apparel,UPI,Guest,949.62,3,2848.86,17.55,499.97,,782.96,12.34
TXN6185,North,Electronics,UPI,Member,576.8,13,7498.4,26.78,,5490.33,422.33,169.17
TXN6186,North,Apparel,Credit Card,Guest,344.98,14,4829.72,13.83,,4161.77,297.27,46.3
TXN6187,East,Grocery,Cash,Guest,488.95,2,977.9,16.07,157.15,,410.38,
TXN6188,East,Furniture,Cash,Member,603.98,5,3019.9,22.55,680.99,2338.91,467.78,98.96
TXN6189,East,Grocery,Cash,Member,575.37,13,7479.81,0.54,40.39,7439.42,,140.54
TXN6190,East,Apparel,Cash,Member,707.42,10,7074.2,5.24,370.69,6703.51,670.35,186.31
TXN6191,South,Electronics,Credit Card,Member,123.13,18,2216.34,16.71,370.35,1845.99,102.55,122.03
TXN6192,West,Apparel,Cash,Returning,321.14,11,3532.54,19.9,702.98,2829.56,257.23,6.85
TXN6193,South,Apparel,Wallet,Returning,368.71,17,6268.07,6.39,400.53,5867.54,345.15,82.09
TXN6194,North,Apparel,Credit Card,Guest,904.01,9,8136.09,11.72,953.55,7182.54,798.06,15.52
TXN6195,South,Grocery,Cash,Returning,939,13,12207,5.63,687.25,11519.75,886.13,0.57
TXN6196,West,Grocery,Credit Card,Returning,874.92,17,14873.64,29.76,4426.4,10447.24,614.54,98.81
TXN6197,West,Apparel,UPI,Member,950.3,11,10453.3,4.16,434.86,10018.44,910.77,51.39
TXN6198,West,Furniture,Cash,Returning,575.6,1,575.6,6.81,39.2,536.4,536.4,53.17
TXN6199,South,Grocery,Credit Card,Guest,765.6,16,12249.6,21.08,2582.22,9667.38,604.21,31.29
TXN6200,South,Grocery,UPI,Returning,266.5,4,1066,9.62,102.55,963.45,240.86,8.62
TXN6201,West,Grocery,Cash,New,280.73,3,842.19,10.02,84.39,757.8,252.6,170.53
TXN6202,West,Apparel,Credit Card,New,258.71,16,4139.36,21.25,879.61,3259.75,203.73,24.62
TXN6203,East,Furniture,UPI,Member,532.33,4,2129.32,24.79,527.86,1601.46,400.37,27.81
TXN6204,North,Grocery,UPI,Returning,62.18,13,808.34,27.95,225.93,582.41,44.8,241.68
TXN6205,West,Electronics,Wallet,Member,395.42,18,7117.56,21.35,1519.6,5597.96,311,198.52
TXN6206,South,Electronics,Cash,New,637.89,7,4465.23,19.75,881.88,3583.35,511.91,96.74
TXN6207,West,Apparel,Wallet,Member,318.61,11,3504.71,24.31,852,2652.71,241.16,12.15
TXN6208,West,Electronics,Wallet,Returning,195.9,4,783.6,12.97,101.63,681.97,170.49,61.91
TXN6209,West,Grocery,Wallet,Guest,816.14,17,13874.38,17.55,2434.95,11439.43,672.91,197.13
TXN6210,South,Electronics,Wallet,New,707.72,16,11323.52,4.35,492.57,10830.95,676.93,12.74
TXN6211,East,Grocery,Credit Card,New,54.87,8,438.96,11.55,50.7,388.26,48.53,103.9
TXN6212,West,Grocery,Wallet,Member,625.97,11,6885.67,24.8,1707.65,5178.02,,104.91
TXN6213,North,Furniture,Credit Card,Guest,881.09,10,8810.9,7.98,703.11,8107.79,810.78,74.6
TXN6214,West,Electronics,Wallet,Returning,685.66,10,6856.6,10.31,706.92,6149.68,614.97,35.9
TXN6215,South,Grocery,Cash,Guest,200.77,19,,28.11,1072.29,2742.34,144.33,7.57
TXN6216,North,Electronics,UPI,Returning,947.02,6,5682.12,4.05,230.13,,908.67,5.57
TXN6217,South,Furniture,Credit Card,Member,765.53,18,,2.14,294.88,13484.66,749.15,224.67
TXN6218,East,Apparel,Wallet,Member,292.97,18,5273.46,6.82,,4913.81,272.99,12.34
TXN6219,East,Furniture,Wallet,Returning,169.37,9,1524.33,5.77,87.95,1436.38,159.6,
TXN6220,North,Furniture,UPI,Member,445.18,19,8458.42,,927.89,7530.53,,46.3
TXN6221,West,Electronics,UPI,Returning,269.81,1,,4.91,13.25,256.56,256.56,81.69
TXN6222,East,Grocery,Credit Card,Guest,576.78,9,5191.02,20.1,1043.4,4147.62,460.85,124.54
TXN6223,West,Apparel,Cash,New,414.72,5,2073.6,2.72,56.4,2017.2,403.44,29.35
TXN6224,East,Furniture,Wallet,Guest,621.57,15,9323.55,19.53,1820.89,7502.66,500.18,148.59
TXN6225,North,Furniture,Cash,New,733.01,16,11728.16,23.51,2757.29,8970.87,560.68,18.7
TXN6226,North,Apparel,Cash,Returning,324.98,11,3574.78,8.58,306.72,3268.06,,32.64
TXN6227,East,Apparel,Credit Card,Returning,508.32,11,5591.52,11.55,645.82,4945.7,449.61,15.52
TXN6228,East,Apparel,Wallet,New,565.3,10,5653,9.52,538.17,,511.48,0.57
TXN6229,East,Apparel,Credit Card,Member,78.21,10,782.1,3.84,,752.07,75.21,98.81
TXN6230,West,Grocery,Cash,Guest,333.73,3,,10.49,105.02,896.17,298.72,51.39
TXN6231,South,Electronics,Wallet,New,565.3,12,6783.6,9.09,616.63,6166.97,513.91,51.39
TXN6232,North,Apparel,Credit Card,New,852.03,4,3408.12,6.24,212.67,3195.45,798.86,53.17
TXN6233,North,Apparel,Credit Card,Returning,862.11,12,10345.32,3.63,375.54,9969.78,830.82,
TXN6234,North,Furniture,UPI,Guest,265.93,10,2659.3,3.24,86.16,2573.14,257.31,8.62
TXN6235,West,Furniture,Cash,Guest,842.98,19,16016.62,20.23,3240.16,12776.46,672.45,170.53
TXN6236,South,Apparel,UPI,New,693.42,4,2773.68,3.55,98.47,2675.21,668.8,24.62
TXN6237,North,Furniture,Wallet,New,255.1,18,4591.8,10.9,500.51,4091.29,227.29,27.81
TXN6238,North,Furniture,UPI,Guest,984.03,3,2952.09,24.56,725.03,2227.06,742.35,241.68
TXN6239,East,Grocery,Wallet,Member,910.64,6,5463.84,21.8,1191.12,4272.72,,198.52
TXN6240,South,Apparel,UPI,Member,498.14,17,8468.38,19.42,1644.56,6823.82,401.4,96.74
TXN6241,South,Furniture,Cash,Returning,152.86,16,2445.76,7.95,194.44,2251.32,140.71,12.15
TXN6242,South,Furniture,Credit Card,Guest,258.4,13,3359.2,23.96,804.86,2554.34,196.49,61.91
TXN6243,North,Grocery,UPI,Returning,953.69,17,16212.73,20.67,3351.17,12861.56,756.56,197.13
TXN6244,North,Furniture,Cash,Member,240.37,2,480.74,5.3,25.48,455.26,227.63,12.74
TXN6245,North,Furniture,Cash,New,713.08,14,9983.12,14.57,1454.54,8528.58,609.18,103.9
TXN6246,North,Furniture,UPI,New,843.31,5,4216.55,12.44,524.54,3692.01,738.4,104.91
TXN6247,South,Apparel,Cash,New,483.95,2,967.9,10.11,97.85,870.05,435.02,
TXN6248,West,Apparel,Cash,New,217.1,17,3690.7,23.41,863.99,2826.71,166.28,50.82
TXN6249,South,Furniture,Cash,Member,692,2,1384,25.19,348.63,1035.37,517.69,174.31
TXN6250,North,Electronics,Wallet,Guest,344.48,3,1033.44,13.64,140.96,892.48,297.49,46.99
TXN6251,West,Furniture,Credit Card,Returning,314.89,11,3463.79,8.85,306.55,3157.24,287.02,27.87
TXN6252,East,Apparel,Wallet,Guest,716.53,10,7165.3,12.48,894.23,6271.07,627.11,89.42
TXN6253,South,Apparel,UPI,New,797.08,16,12753.28,21.32,2719,10034.28,627.14,169.94
TXN6254,South,Grocery,Credit Card,Returning,339.57,15,5093.55,2.68,136.51,4957.04,330.47,9.1
TXN6255,North,Apparel,Wallet,Guest,940.53,1,940.53,13.56,127.54,812.99,812.99,127.54
TXN6256,North,Electronics,Wallet,Guest,498.65,7,3490.55,12.66,441.9,3048.65,435.52,63.13
TXN6257,East,Furniture,UPI,New,759.68,9,6837.12,0.81,55.38,6781.74,753.53,6.15
TXN6258,East,Grocery,Cash,Member,564.31,3,1692.93,22.07,373.63,1319.3,439.77,124.54
TXN6259,North,Furniture,UPI,New,847.74,10,8477.4,8.8,746.01,7731.39,773.14,74.6
TXN6260,East,Grocery,Wallet,Returning,488.43,6,2930.58,7.35,215.4,2715.18,452.53,35.9
TXN6261,North,Apparel,Credit Card,Member,700.8,9,6307.2,1.08,68.12,6239.08,693.23,7.57
TXN6262,North,Grocery,Cash,Guest,72.72,18,1308.96,7.66,100.27,1208.69,67.15,5.57
TXN6263,North,Grocery,Wallet,New,789.98,1,789.98,28.44,224.67,565.31,565.31,224.67
TXN6264,North,Furniture,UPI,New,209.55,3,628.65,5.89,37.03,591.62,197.21,12.34
TXN6265,West,Furniture,Cash,New,929.52,10,9295.2,18.2,1691.73,7603.47,760.35,169.17
TXN6266,South,Apparel,UPI,Guest,733.77,13,9539.01,6.31,601.91,8937.1,687.47,46.3
TXN6267,West,Grocery,Wallet,Returning,804.83,5,4024.15,10.15,408.45,3615.7,723.14,81.69
TXN6268,East,Grocery,Cash,Returning,309.34,6,1856.04,7.78,144.4,1711.64,285.27,24.07
TXN6269,West,Electronics,UPI,Member,975.18,17,16578.06,10.51,1742.35,14835.71,872.69,102.49
TXN6270,West,Furniture,Wallet,Returning,989.05,11,10879.55,24.29,2642.64,8236.91,748.81,240.24
TXN6271,East,Furniture,Wallet,Returning,860.54,16,13768.64,25.51,3512.38,10256.26,641.02,219.52
TXN6272,North,Furniture,Wallet,New,530.16,15,7952.4,24.14,1919.71,6032.69,402.18,127.98
TXN6273,South,Furniture,Credit Card,Guest,272.16,10,2721.6,25.45,692.65,2028.95,202.9,69.26
TXN6274,South,Grocery,Credit Card,New,554.98,5,2774.9,25.78,715.37,2059.53,411.91,143.07
TXN6275,North,Apparel,Wallet,Guest,971.78,15,14576.7,18.17,2648.59,11928.11,795.21,176.57
TXN6276,West,Furniture,Cash,Guest,497.97,4,1991.88,23.44,466.9,1524.98,381.25,116.72
TXN6277,East,Apparel,UPI,New,449.02,16,7184.32,22.04,1583.42,5600.9,350.06,98.96
TXN6278,South,Grocery,Credit Card,Member,684.58,3,2053.74,20.53,421.63,1632.11,544.04,140.54
TXN6279,South,Apparel,Wallet,Guest,951.53,5,4757.65,19.58,931.55,3826.1,765.22,186.31
TXN6280,North,Apparel,Cash,Guest,655.35,1,655.35,18.62,122.03,533.32,533.32,122.03
TXN6281,East,Furniture,UPI,Member,482.08,16,7713.28,1.42,109.53,7603.75,475.23,6.85
TXN6282,East,Grocery,UPI,Guest,692.16,14,9690.24,11.86,1149.26,8540.98,610.07,82.09
TXN6283,West,Grocery,UPI,Returning,176.94,3,530.82,12.5,66.35,464.47,154.82,22.12
TXN6284,North,Electronics,Cash,Member,344.23,11,3786.53,21.64,819.41,2967.12,269.74,74.49
TXN6285,West,Apparel,UPI,Returning,552.03,12,6624.36,23.77,1574.61,5049.75,420.81,131.22
TXN6286,West,Apparel,Wallet,New,373.14,9,3358.26,12.04,404.33,2953.93,328.21,44.93
TXN6287,North,Grocery,UPI,Returning,969.47,4,3877.88,15.34,594.87,3283.01,820.75,148.72
TXN6288,West,Furniture,Cash,Member,875.07,7,6125.49,0.28,17.15,6108.34,872.62,2.45
TXN6289,East,Grocery,Cash,Member,243.75,2,487.5,29.45,143.57,343.93,171.97,71.78
TXN6290,South,Electronics,UPI,Returning,75.03,5,375.15,10.93,41,334.15,66.83,8.2
TXN6291,East,Apparel,Credit Card,Returning,106.02,6,636.12,28.92,183.97,452.15,75.36,30.66
TXN6292,East,Electronics,Cash,Returning,139.04,5,695.2,2.53,17.59,677.61,135.52,3.52
TXN6293,West,Apparel,UPI,Guest,809.42,19,15378.98,21.84,3358.77,12020.21,632.64,176.78
TXN6294,South,Electronics,Wallet,Returning,898.84,10,8988.4,4.86,436.84,8551.56,855.16,43.68
TXN6295,West,Electronics,Wallet,Returning,685.66,10,6856.6,10.31,706.92,6149.68,614.97,35.9
TXN6296,South,Grocery,Cash,Guest,200.77,19,,28.11,1072.29,2742.34,144.33,7.57
TXN6297,North,Electronics,UPI,Returning,947.02,6,5682.12,4.05,230.13,,908.67,5.57
TXN6298,South,Furniture,Credit Card,Member,765.53,18,,2.14,294.88,13484.66,749.15,224.67
TXN6299,East,Apparel,Wallet,Member,292.97,18,5273.46,6.82,,4913.81,272.99,
TXN6300,East,Furniture,Wallet,Returning,169.37,9,1524.33,5.77,87.95,1436.38,159.6,169.17
TXN6301,North,Furniture,UPI,Member,445.18,19,8458.42,,927.89,7530.53,,46.3
TXN6302,West,Electronics,UPI,Returning,269.81,1,,4.91,13.25,256.56,256.56,81.69
TXN6303,East,Grocery,Credit Card,Guest,576.78,9,5191.02,20.1,1043.4,4147.62,,124.54
TXN6304,West,Apparel,Cash,New,414.72,5,2073.6,2.72,56.4,2017.2,403.44,
TXN6305,East,Furniture,Wallet,Guest,621.57,15,9323.55,19.53,1820.89,7502.66,500.18,148.59
TXN6306,North,Furniture,Cash,New,733.01,16,11728.16,23.51,2757.29,8970.87,560.68,18.7
TXN6307,North,Apparel,Cash,Returning,324.98,11,3574.78,8.58,306.72,3268.06,297.1,32.64
TXN6308,East,Apparel,Credit Card,Returning,508.32,11,5591.52,11.55,645.82,4945.7,449.61,15.52
TXN6309,East,Apparel,Wallet,New,565.3,10,5653,9.52,538.17,,511.48,
TXN6310,East,Apparel,Credit Card,Member,78.21,10,782.1,3.84,,752.07,75.21,98.81
TXN6311,West,Grocery,Cash,Guest,333.73,3,,10.49,105.02,896.17,298.72,51.39
TXN6312,South,Electronics,Wallet,New,565.3,12,6783.6,9.09,616.63,6166.97,513.91,51.39
TXN6313,North,Apparel,Credit Card,New,852.03,4,3408.12,6.24,212.67,3195.45,798.86,53.17
TXN6314,North,Apparel,Credit Card,Returning,862.11,12,10345.32,3.63,375.54,9969.78,830.82,31.29
TXN6315,North,Furniture,UPI,Guest,265.93,10,2659.3,3.24,86.16,2573.14,257.31,8.62
TXN6316,West,Furniture,Cash,Guest,842.98,19,16016.62,20.23,3240.16,12776.46,672.45,170.53
TXN6317,South,Apparel,UPI,New,693.42,4,2773.68,3.55,98.47,2675.21,668.8,24.62
TXN6318,North,Furniture,Wallet,New,255.1,18,4591.8,10.9,500.51,4091.29,227.29,27.81
TXN6319,North,Furniture,UPI,Guest,984.03,3,2952.09,24.56,725.03,2227.06,742.35,241.68
TXN6320,East,Grocery,Wallet,Member,910.64,6,5463.84,21.8,1191.12,4272.72,712.12,198.52
TXN6321,South,Apparel,UPI,Member,498.14,17,8468.38,19.42,1644.56,6823.82,401.4,96.74
TXN6322,South,Furniture,Cash,Returning,152.86,16,2445.76,7.95,194.44,2251.32,140.71,12.15
TXN6323,South,Furniture,Credit Card,Guest,258.4,13,3359.2,23.96,804.86,2554.34,196.49,61.91
TXN6324,North,Grocery,UPI,Returning,953.69,17,16212.73,20.67,3351.17,12861.56,,
TXN6325,North,Furniture,Cash,Member,240.37,2,480.74,5.3,25.48,455.26,227.63,12.74
TXN6326,South,Furniture,Credit Card,Guest,272.16,10,2721.6,25.45,692.65,2028.95,202.9,69.26
TXN6327,South,Grocery,Credit Card,New,554.98,5,2774.9,25.78,715.37,2059.53,411.91,143.07
TXN6328,North,Apparel,Wallet,Guest,971.78,15,14576.7,18.17,2648.59,11928.11,795.21,176.57
TXN6329,West,Furniture,Cash,Guest,497.97,4,1991.88,23.44,466.9,1524.98,381.25,116.72
TXN6330,East,Apparel,UPI,New,449.02,16,7184.32,22.04,1583.42,5600.9,350.06,98.96
TXN6331,South,Grocery,Credit Card,Member,684.58,3,2053.74,20.53,421.63,1632.11,544.04,140.54
TXN6332,South,Apparel,Wallet,Guest,951.53,5,4757.65,19.58,931.55,3826.1,765.22,186.31
TXN6333,North,Apparel,Cash,Guest,655.35,1,655.35,18.62,122.03,533.32,533.32,122.03
TXN6334,East,Furniture,UPI,Member,482.08,16,7713.28,1.42,109.53,7603.75,475.23,6.85
TXN6335,East,Grocery,UPI,Guest,692.16,14,9690.24,11.86,1149.26,8540.98,610.07,82.09
TXN6336,West,Grocery,UPI,Returning,176.94,3,530.82,12.5,66.35,464.47,154.82,22.12
TXN6337,North,Electronics,Cash,Member,344.23,11,3786.53,21.64,819.41,2967.12,269.74,74.49
TXN6338,West,Apparel,UPI,Returning,552.03,12,6624.36,23.77,1574.61,5049.75,420.81,131.22
TXN6339,West,Apparel,Wallet,New,373.14,9,3358.26,12.04,404.33,2953.93,328.21,44.93
TXN6340,North,Grocery,UPI,Returning,969.47,4,3877.88,15.34,594.87,3283.01,820.75,148.72
TXN6341,West,Furniture,Cash,Member,875.07,7,6125.49,0.28,17.15,6108.34,872.62,2.45
TXN6342,East,Grocery,Cash,Member,243.75,2,487.5,29.45,143.57,343.93,171.97,71.78
TXN6343,South,Furniture,Credit Card,Guest,272.16,10,2721.6,25.45,692.65,2028.95,202.9,69.26
TXN6344,South,Grocery,Credit Card,New,554.98,5,2774.9,25.78,715.37,2059.53,411.91,143.07
TXN6345,North,Apparel,Wallet,Guest,971.78,15,14576.7,18.17,2648.59,11928.11,795.21,176.57
TXN6346,West,Furniture,Cash,Guest,497.97,4,1991.88,23.44,466.9,1524.98,381.25,116.72
TXN6347,East,Apparel,UPI,New,449.02,16,7184.32,22.04,1583.42,5600.9,350.06,98.96
TXN6348,South,Grocery,Credit Card,Member,684.58,3,2053.74,20.53,421.63,1632.11,,
TXN6349,South,Apparel,Wallet,Guest,951.53,5,4757.65,19.58,931.55,3826.1,765.22,186.31
TXN6350,North,Apparel,Cash,Guest,655.35,1,655.35,18.62,122.03,533.32,533.32,122.03
TXN6351,East,Furniture,UPI,Member,482.08,16,7713.28,1.42,109.53,7603.75,475.23,6.85
TXN6352,East,Grocery,UPI,Guest,692.16,14,9690.24,11.86,1149.26,8540.98,610.07,82.09
TXN6353,West,Grocery,UPI,Returning,176.94,3,530.82,12.5,66.35,464.47,154.82,
TXN6354,North,Electronics,Cash,Member,344.23,11,3786.53,21.64,819.41,2967.12,,74.49
TXN6355,West,Apparel,UPI,Returning,552.03,12,6624.36,23.77,1574.61,5049.75,420.81,
TXN6356,West,Apparel,Wallet,New,373.14,9,3358.26,12.04,404.33,2953.93,328.21,44.93
TXN6357,North,Grocery,UPI,Returning,969.47,4,3877.88,15.34,594.87,3283.01,820.75,148.72
TXN6358,West,Furniture,Cash,Member,875.07,7,6125.49,0.28,17.15,6108.34,872.62,2.45
TXN6359,East,Grocery,Cash,Member,243.75,2,487.5,29.45,143.57,343.93,171.97,71.78
TXN6360,South,Apparel,UPI,Guest,949.62,3,2848.86,17.55,499.97,2348.89,782.96,166.66
TXN6361,North,Electronics,UPI,Member,576.8,13,7498.4,26.78,2008.07,5490.33,422.33,154.47
TXN6362,North,Apparel,Credit Card,Guest,344.98,14,4829.72,13.83,667.95,4161.77,297.27,47.71
TXN6363,East,Grocery,Cash,Guest,488.95,2,977.9,16.07,157.15,820.75,410.38,78.57
TXN6364,East,Furniture,Cash,Member,603.98,5,3019.9,22.55,680.99,2338.91,467.78,136.2
TXN6365,East,Grocery,Cash,Member,575.37,13,7479.81,0.54,40.39,7439.42,572.26,3.11
TXN6366,East,Apparel,Cash,Member,707.42,10,7074.2,5.24,370.69,6703.51,670.35,37.07
TXN6367,South,Electronics,Credit Card,Member,123.13,18,2216.34,16.71,370.35,1845.99,102.55,20.58
TXN6368,West,Apparel,Cash,Returning,321.14,11,3532.54,19.9,702.98,2829.56,257.23,63.91
TXN6369,South,Apparel,Wallet,Returning,368.71,17,6268.07,6.39,400.53,5867.54,345.15,23.56
TXN6370,North,Apparel,Credit Card,Guest,904.01,9,8136.09,11.72,953.55,7182.54,798.06,105.95
TXN6371,South,Grocery,Cash,Returning,939,13,12207,5.63,687.25,11519.75,886.13,52.87
TXN6372,West,Grocery,Credit Card,Returning,874.92,17,14873.64,29.76,4426.4,10447.24,614.54,260.38
TXN6373,West,Apparel,UPI,Member,950.3,11,10453.3,4.16,434.86,10018.44,910.77,39.53
TXN6374,West,Furniture,Cash,Returning,575.6,1,575.6,6.81,39.2,536.4,536.4,39.2
TXN6375,South,Grocery,Credit Card,Guest,765.6,16,12249.6,21.08,2582.22,9667.38,604.21,161.39
TXN6376,South,Grocery,UPI,Returning,266.5,4,1066,9.62,102.55,963.45,240.86,25.64
TXN6377,West,Grocery,Cash,New,280.73,3,842.19,10.02,84.39,757.8,252.6,28.13
TXN6378,West,Apparel,Credit Card,New,258.71,16,4139.36,21.25,879.61,3259.75,203.73,54.98
TXN6379,East,Furniture,UPI,Member,532.33,4,2129.32,24.79,527.86,1601.46,400.37,131.96
TXN6380,North,Grocery,UPI,Returning,62.18,13,808.34,27.95,225.93,582.41,44.8,17.38
TXN6381,West,Electronics,Wallet,Member,395.42,18,7117.56,21.35,1519.6,5597.96,311,84.42
TXN6382,South,Electronics,Cash,New,637.89,7,4465.23,19.75,881.88,3583.35,511.91,125.98
TXN6383,West,Apparel,Wallet,Member,318.61,11,3504.71,24.31,852,2652.71,241.16,77.45
TXN6384,West,Electronics,Wallet,Returning,195.9,4,783.6,12.97,101.63,681.97,170.49,25.41
TXN6385,West,Grocery,Wallet,Guest,816.14,17,13874.38,17.55,2434.95,11439.43,672.91,143.23
TXN6386,South,Electronics,Wallet,New,707.72,16,11323.52,4.35,492.57,10830.95,676.93,30.79
TXN6387,East,Grocery,Credit Card,New,54.87,8,438.96,11.55,50.7,388.26,48.53,6.34
TXN6388,West,Grocery,Wallet,Member,625.97,11,6885.67,24.8,1707.65,5178.02,470.73,155.24
TXN6389,North,Furniture,Credit Card,Guest,881.09,10,8810.9,7.98,703.11,8107.79,,70.31
TXN6390,West,Electronics,Wallet,Returning,685.66,10,6856.6,10.31,706.92,6149.68,614.97,70.69
TXN6391,South,Grocery,Cash,Guest,200.77,19,3814.63,28.11,1072.29,2742.34,144.33,
TXN6392,North,Electronics,UPI,Returning,947.02,6,5682.12,4.05,230.13,5451.99,908.67,38.35
TXN6393,South,Furniture,Credit Card,Member,765.53,18,13779.54,2.14,294.88,13484.66,749.15,16.38
TXN6394,East,Apparel,Wallet,Member,292.97,18,5273.46,6.82,359.65,4913.81,272.99,19.98
TXN6395,East,Furniture,Wallet,Returning,169.37,9,1524.33,5.77,87.95,1436.38,159.6,
TXN6396,North,Furniture,UPI,Member,445.18,19,8458.42,10.97,927.89,7530.53,396.34,48.84
TXN6397,West,Electronics,UPI,Returning,269.81,1,269.81,4.91,13.25,256.56,256.56,13.25
TXN6398,East,Grocery,Credit Card,Guest,576.78,9,5191.02,20.1,1043.4,4147.62,460.85,115.93
TXN6399,West,Apparel,Cash,New,414.72,5,2073.6,2.72,56.4,2017.2,403.44,11.28
TXN6400,East,Furniture,Wallet,Guest,621.57,15,9323.55,19.53,1820.89,7502.66,500.18,121.39
TXN6401,North,Furniture,Cash,New,733.01,16,11728.16,23.51,2757.29,8970.87,560.68,172.33
TXN6402,North,Apparel,Cash,Returning,324.98,11,3574.78,8.58,306.72,3268.06,297.1,27.88
TXN6403,South,Grocery,Cash,Guest,200.77,19,3814.63,28.11,1072.29,2742.34,144.33,56.44
TXN6404,North,Electronics,UPI,Returning,947.02,6,5682.12,4.05,230.13,5451.99,908.67,38.35
TXN6405,South,Furniture,Credit Card,Member,765.53,18,13779.54,2.14,294.88,13484.66,749.15,
TXN6406,East,Apparel,Wallet,Member,292.97,18,5273.46,6.82,359.65,4913.81,272.99,19.98
TXN6407,East,Furniture,Wallet,Returning,169.37,9,1524.33,5.77,87.95,1436.38,159.6,
TXN6408,North,Furniture,UPI,Member,445.18,19,8458.42,10.97,927.89,7530.53,396.34,48.84
TXN6409,West,Electronics,UPI,Returning,269.81,1,269.81,4.91,13.25,256.56,256.56,13.25
TXN6410,East,Grocery,Credit Card,Guest,576.78,9,5191.02,20.1,1043.4,4147.62,460.85,115.93
TXN6411,West,Apparel,Cash,New,414.72,5,2073.6,2.72,56.4,2017.2,,11.28
TXN6412,East,Furniture,Wallet,Guest,621.57,15,9323.55,19.53,1820.89,7502.66,500.18,121.39
TXN6413,North,Furniture,Cash,New,733.01,16,11728.16,23.51,2757.29,8970.87,560.68,172.33
TXN6414,North,Apparel,Cash,Returning,324.98,11,3574.78,8.58,306.72,3268.06,297.1,27.88
TXN6415,East,Grocery,Cash,Returning,309.34,6,1856.04,7.78,144.4,1711.64,285.27,24.07
TXN6416,West,Electronics,UPI,Member,975.18,17,16578.06,10.51,1742.35,14835.71,872.69,102.49
TXN6417,West,Furniture,Wallet,Returning,989.05,11,10879.55,24.29,2642.64,8236.91,748.81,240.24
TXN6418,East,Furniture,Wallet,Returning,860.54,16,13768.64,25.51,3512.38,10256.26,641.02,219.52
TXN6419,North,Furniture,Wallet,New,530.16,15,7952.4,24.14,1919.71,6032.69,402.18,127.98
TXN6420,South,Furniture,Credit Card,Guest,272.16,10,2721.6,25.45,692.65,2028.95,202.9,69.26
TXN6421,South,Grocery,Credit Card,New,554.98,5,2774.9,25.78,715.37,2059.53,411.91,143.07
TXN6422,North,Apparel,Wallet,Guest,971.78,15,14576.7,18.17,2648.59,11928.11,795.21,176.57
TXN6423,West,Furniture,Cash,Guest,497.97,4,1991.88,23.44,466.9,1524.98,381.25,116.72
TXN6424,East,Apparel,UPI,New,449.02,16,7184.32,22.04,1583.42,5600.9,,98.96
TXN6425,South,Grocery,Credit Card,Member,684.58,3,2053.74,20.53,421.63,1632.11,544.04,140.54
TXN6426,South,Apparel,Wallet,Guest,951.53,5,4757.65,19.58,931.55,3826.1,765.22,
TXN6427,North,Apparel,Cash,Guest,655.35,1,655.35,18.62,122.03,533.32,533.32,122.03
TXN6428,East,Furniture,UPI,Member,482.08,16,7713.28,1.42,109.53,7603.75,475.23,6.85
TXN6429,East,Grocery,UPI,Guest,692.16,14,9690.24,11.86,1149.26,8540.98,610.07,82.09
TXN6430,West,Grocery,UPI,Returning,176.94,3,530.82,12.5,66.35,464.47,154.82,22.12
TXN6431,East,Grocery,Cash,Member,564.31,3,1692.93,22.07,373.63,1319.3,439.77,124.54
TXN6432,North,Furniture,UPI,New,847.74,10,8477.4,8.8,746.01,7731.39,773.14,74.6
TXN6433,East,Grocery,Wallet,Returning,488.43,6,2930.58,7.35,215.4,2715.18,452.53,35.9
TXN6434,North,Apparel,Credit Card,Member,700.8,9,6307.2,1.08,68.12,6239.08,693.23,7.57
TXN6435,North,Grocery,Cash,Guest,72.72,18,1308.96,7.66,100.27,1208.69,67.15,5.57
TXN6436,North,Grocery,Wallet,New,789.98,1,789.98,28.44,224.67,565.31,565.31,224.67
TXN6437,North,Furniture,UPI,New,209.55,3,628.65,5.89,37.03,591.62,,12.34
TXN6438,West,Furniture,Cash,New,929.52,10,9295.2,18.2,1691.73,7603.47,760.35,169.17
TXN6439,South,Apparel,UPI,Guest,733.77,13,9539.01,6.31,601.91,8937.1,687.47,46.3
TXN6440,West,Grocery,Wallet,Returning,804.83,5,4024.15,10.15,408.45,3615.7,723.14,
TXN6441,East,Grocery,Cash,Returning,309.34,6,1856.04,7.78,144.4,1711.64,285.27,24.07
TXN6442,West,Electronics,UPI,Member,975.18,17,16578.06,10.51,1742.35,14835.71,872.69,102.49
TXN6443,West,Furniture,Wallet,Returning,989.05,11,10879.55,24.29,2642.64,8236.91,748.81,240.24
TXN6444,South,Apparel,UPI,Guest,949.62,3,2848.86,17.55,499.97,2348.89,782.96,166.66
TXN6445,North,Electronics,UPI,Member,576.8,13,7498.4,26.78,2008.07,5490.33,422.33,154.47
TXN6446,North,Apparel,Credit Card,Guest,344.98,14,4829.72,13.83,667.95,4161.77,297.27,47.71
TXN6447,East,Grocery,Cash,Guest,488.95,2,977.9,16.07,157.15,820.75,410.38,78.57
TXN6448,East,Furniture,Cash,Member,603.98,5,3019.9,22.55,680.99,2338.91,467.78,136.2
TXN6449,East,Grocery,Cash,Member,575.37,13,7479.81,0.54,40.39,7439.42,572.26,3.11
TXN6450,East,Apparel,Cash,Member,707.42,10,7074.2,5.24,370.69,6703.51,670.35,37.07
TXN6451,South,Electronics,Credit Card,Member,123.13,18,2216.34,16.71,370.35,1845.99,102.55,20.58
TXN6452,West,Apparel,Cash,Returning,321.14,11,3532.54,19.9,702.98,2829.56,257.23,63.91
TXN6453,South,Apparel,Wallet,Returning,368.71,17,6268.07,6.39,400.53,5867.54,345.15,23.56
TXN6454,North,Apparel,Credit Card,Guest,904.01,9,8136.09,11.72,953.55,7182.54,798.06,105.95
TXN6455,South,Grocery,Cash,Returning,939,13,12207,5.63,687.25,11519.75,886.13,52.87
TXN6456,West,Grocery,Credit Card,Returning,874.92,17,14873.64,29.76,4426.4,10447.24,614.54,260.38
TXN6457,West,Apparel,UPI,Member,950.3,11,10453.3,4.16,434.86,10018.44,910.77,39.53
TXN6458,West,Furniture,Cash,Returning,575.6,1,575.6,6.81,39.2,536.4,536.4,39.2
TXN6459,South,Grocery,Credit Card,Guest,765.6,16,12249.6,21.08,2582.22,9667.38,604.21,161.39
TXN6460,South,Grocery,UPI,Returning,266.5,4,1066,9.62,102.55,963.45,240.86,25.64
TXN6461,West,Grocery,Cash,New,280.73,3,842.19,10.02,84.39,757.8,252.6,28.13
TXN6462,West,Apparel,Credit Card,New,258.71,16,4139.36,21.25,879.61,3259.75,203.73,54.98
TXN6463,East,Furniture,UPI,Member,532.33,4,2129.32,24.79,527.86,1601.46,400.37,131.96
TXN6464,North,Grocery,UPI,Returning,62.18,13,808.34,27.95,225.93,582.41,44.8,17.38
TXN6465,West,Electronics,Wallet,Member,395.42,18,7117.56,21.35,1519.6,5597.96,311,84.42
TXN6466,South,Electronics,Cash,New,637.89,7,4465.23,19.75,881.88,3583.35,511.91,125.98
TXN6467,West,Apparel,Wallet,Member,318.61,11,3504.71,24.31,852,2652.71,241.16,77.45
TXN6468,West,Electronics,Wallet,Returning,195.9,4,783.6,12.97,101.63,681.97,,25.41
TXN6469,West,Grocery,Wallet,Guest,816.14,17,13874.38,17.55,2434.95,11439.43,672.91,143.23
TXN6470,South,Electronics,Wallet,New,707.72,16,11323.52,4.35,492.57,10830.95,676.93,30.79
TXN6471,East,Grocery,Credit Card,New,54.87,8,438.96,11.55,50.7,388.26,48.53,6.34
TXN6472,West,Grocery,Wallet,Member,625.97,11,6885.67,24.8,1707.65,5178.02,470.73,155.24
TXN6473,North,Furniture,Credit Card,Guest,881.09,10,8810.9,7.98,703.11,8107.79,810.78,70.31
TXN6474,West,Electronics,Wallet,Returning,685.66,10,6856.6,10.31,706.92,6149.68,614.97,70.69
TXN6475,South,Grocery,Cash,Guest,200.77,19,3814.63,28.11,1072.29,2742.34,144.33,
TXN6476,North,Electronics,UPI,Returning,947.02,6,5682.12,4.05,230.13,5451.99,908.67,38.35
TXN6477,South,Furniture,Credit Card,Member,765.53,18,13779.54,2.14,294.88,13484.66,749.15,16.38
TXN6478,East,Apparel,Wallet,Member,292.97,18,5273.46,6.82,359.65,4913.81,272.99,19.98
TXN6479,East,Furniture,Wallet,Returning,169.37,9,1524.33,5.77,87.95,1436.38,159.6,
TXN6480,North,Furniture,UPI,Member,445.18,19,8458.42,10.97,927.89,7530.53,396.34,48.84
TXN6481,West,Electronics,UPI,Returning,269.81,1,269.81,4.91,13.25,256.56,256.56,13.25
TXN6482,East,Grocery,Credit Card,Guest,576.78,9,5191.02,20.1,1043.4,4147.62,460.85,115.93
TXN6483,West,Apparel,Cash,New,414.72,5,2073.6,2.72,56.4,2017.2,403.44,11.28
TXN6484,East,Furniture,Wallet,Guest,621.57,15,9323.55,19.53,1820.89,7502.66,500.18,121.39
TXN6485,North,Furniture,Cash,New,733.01,16,11728.16,23.51,2757.29,8970.87,560.68,172.33
TXN6486,North,Apparel,Cash,Returning,324.98,11,3574.78,8.58,306.72,3268.06,297.1,27.88
TXN6487,South,Grocery,Cash,Guest,200.77,19,3814.63,28.11,1072.29,2742.34,144.33,56.44
TXN6488,North,Electronics,UPI,Returning,947.02,6,5682.12,4.05,230.13,5451.99,908.67,38.35
TXN6489,South,Furniture,Credit Card,Member,765.53,18,13779.54,2.14,294.88,13484.66,749.15,
TXN6490,East,Apparel,Wallet,Member,292.97,18,5273.46,6.82,359.65,4913.81,272.99,19.98
TXN6491,East,Furniture,Wallet,Returning,169.37,9,1524.33,5.77,87.95,1436.38,159.6,
TXN6492,North,Furniture,UPI,Member,445.18,19,8458.42,10.97,927.89,7530.53,396.34,48.84
TXN6493,West,Electronics,UPI,Returning,269.81,1,269.81,4.91,13.25,256.56,256.56,13.25
TXN6494,East,Grocery,Credit Card,Guest,576.78,9,5191.02,20.1,1043.4,4147.62,460.85,115.93
TXN6495,West,Apparel,Cash,New,414.72,5,2073.6,2.72,56.4,2017.2,,11.28
TXN6496,East,Furniture,Wallet,Guest,621.57,15,9323.55,19.53,1820.89,7502.66,500.18,121.39
TXN6497,North,Furniture,Cash,New,733.01,16,11728.16,23.51,2757.29,8970.87,560.68,172.33
TXN6498,North,Apparel,Cash,Returning,324.98,11,3574.78,8.58,306.72,3268.06,297.1,27.88
TXN6499,East,Grocery,Cash,Returning,309.34,6,1856.04,7.78,144.4,1711.64,285.27,24.07
TXN6500,West,Electronics,UPI,Member,975.18,17,16578.06,10.51,1742.35,14835.71,872.69,102.49
TXN6501,West,Furniture,Wallet,Returning,989.05,11,10879.55,24.29,2642.64,8236.91,748.81,240.24
TXN6502,East,Furniture,Wallet,Returning,860.54,16,13768.64,25.51,3512.38,10256.26,641.02,219.52
TXN6503,North,Furniture,Wallet,New,530.16,15,7952.4,24.14,1919.71,6032.69,402.18,127.98
TXN6504,South,Furniture,Credit Card,Guest,272.16,10,2721.6,25.45,692.65,2028.95,202.9,69.26
TXN6505,South,Grocery,Credit Card,New,554.98,5,2774.9,25.78,715.37,2059.53,411.91,143.07
TXN6506,North,Apparel,Wallet,Guest,971.78,15,14576.7,18.17,2648.59,11928.11,795.21,176.57
TXN6507,West,Furniture,Cash,Guest,497.97,4,1991.88,23.44,466.9,1524.98,381.25,116.72
TXN6508,East,Apparel,UPI,New,449.02,16,7184.32,22.04,1583.42,5600.9,,98.96
TXN6509,South,Grocery,Credit Card,Member,684.58,3,2053.74,20.53,421.63,1632.11,544.04,140.54
TXN6510,South,Apparel,Wallet,Guest,951.53,5,4757.65,19.58,931.55,3826.1,765.22,
TXN6511,North,Apparel,Cash,Guest,655.35,1,655.35,18.62,122.03,533.32,533.32,122.03
TXN6512,East,Furniture,UPI,Member,482.08,16,7713.28,1.42,109.53,7603.75,475.23,6.85
TXN6513,East,Grocery,UPI,Guest,692.16,14,9690.24,11.86,1149.26,8540.98,610.07,82.09
TXN6514,West,Grocery,UPI,Returning,176.94,3,530.82,12.5,66.35,464.47,154.82,22.12
TXN6515,East,Grocery,Cash,Member,564.31,3,1692.93,22.07,373.63,1319.3,439.77,124.54
TXN6516,North,Furniture,UPI,New,847.74,10,8477.4,8.8,746.01,7731.39,773.14,74.6
TXN6517,East,Grocery,Wallet,Returning,488.43,6,2930.58,7.35,215.4,2715.18,452.53,35.9
TXN6518,North,Apparel,Credit Card,Member,700.8,9,6307.2,1.08,68.12,6239.08,693.23,7.57
TXN6519,North,Grocery,Cash,Guest,72.72,18,1308.96,7.66,100.27,1208.69,67.15,5.57
TXN6520,North,Grocery,Wallet,New,789.98,1,789.98,28.44,224.67,565.31,565.31,224.67
TXN6521,North,Furniture,UPI,New,209.55,3,628.65,5.89,37.03,591.62,197.21,12.34
TXN6522,West,Furniture,Cash,New,929.52,10,9295.2,18.2,1691.73,7603.47,760.35,169.17
TXN6523,South,Apparel,UPI,Guest,733.77,13,9539.01,6.31,601.91,8937.1,687.47,46.3
TXN6524,West,Grocery,Wallet,Returning,804.83,5,4024.15,10.15,408.45,3615.7,723.14,81.69
TXN6525,East,Grocery,Cash,Returning,309.34,6,1856.04,7.78,144.4,1711.64,285.27,24.07
TXN6526,West,Electronics,UPI,Member,975.18,17,16578.06,10.51,1742.35,14835.71,872.69,102.49
TXN6527,West,Furniture,Wallet,Returning,989.05,11,10879.55,24.29,2642.64,8236.91,748.81,240.24
TXN6528,North,Furniture,UPI,Member,445.18,19,8458.42,10.97,927.89,7530.53,396.34,48.84
TXN6529,West,Electronics,UPI,Returning,269.81,1,269.81,4.91,13.25,256.56,256.56,13.25
TXN6530,East,Grocery,Credit Card,Guest,576.78,9,5191.02,20.1,1043.4,4147.62,460.85,115.93
TXN6531,West,Apparel,Cash,New,414.72,5,2073.6,2.72,56.4,2017.2,,11.28
TXN6532,East,Furniture,Wallet,Guest,621.57,15,9323.55,19.53,1820.89,7502.66,500.18,121.39
TXN6533,North,Furniture,Cash,New,733.01,16,11728.16,23.51,2757.29,8970.87,560.68,172.33
TXN6534,North,Apparel,Cash,Returning,324.98,11,3574.78,8.58,306.72,3268.06,297.1,27.88
TXN6535,East,Grocery,Cash,Returning,309.34,6,1856.04,7.78,144.4,1711.64,285.27,24.07
TXN6536,West,Electronics,UPI,Member,975.18,17,16578.06,10.51,1742.35,14835.71,872.69,102.49
TXN6537,West,Furniture,Wallet,,989.05,11,10879.55,24.29,2642.64,8236.91,748.81,240.24
TXN6538,East,Furniture,Wallet,Returning,860.54,16,13768.64,25.51,3512.38,10256.26,641.02,219.52
TXN6539,North,Furniture,Wallet,New,530.16,15,7952.4,24.14,1919.71,6032.69,402.18,127.98
TXN6540,South,Furniture,Credit Card,Guest,272.16,10,2721.6,25.45,692.65,2028.95,202.9,69.26
TXN6541,South,Grocery,Credit Card,New,554.98,5,2774.9,25.78,715.37,2059.53,411.91,143.07
TXN6542,North,Apparel,Wallet,Guest,971.78,15,14576.7,18.17,2648.59,11928.11,795.21,176.57
TXN6543,West,Furniture,Cash,Guest,497.97,4,1991.88,23.44,466.9,1524.98,381.25,116.72
TXN6544,East,Apparel,UPI,New,449.02,16,7184.32,22.04,1583.42,5600.9,,98.96
TXN6545,South,Grocery,Credit Card,Member,684.58,3,2053.74,20.53,421.63,1632.11,544.04,140.54
TXN6546,South,Apparel,Wallet,Guest,951.53,5,4757.65,19.58,931.55,3826.1,765.22,
TXN6547,North,Apparel,Cash,Guest,655.35,1,655.35,18.62,122.03,533.32,533.32,122.03
TXN6548,East,Furniture,UPI,Member,482.08,16,7713.28,1.42,109.53,7603.75,475.23,6.85
TXN6549,East,Grocery,UPI,Guest,692.16,14,9690.24,11.86,1149.26,8540.98,610.07,82.09
TXN6550,West,Grocery,UPI,,176.94,3,530.82,12.5,66.35,464.47,154.82,22.12
TXN6551,East,Grocery,Cash,Member,564.31,3,1692.93,22.07,373.63,1319.3,439.77,124.54
TXN6552,North,Furniture,UPI,New,847.74,10,8477.4,8.8,746.01,7731.39,773.14,74.6
TXN6553,East,Grocery,Wallet,Returning,488.43,6,2930.58,7.35,215.4,2715.18,452.53,35.9
TXN6554,North,Apparel,Credit Card,Member,700.8,9,6307.2,1.08,68.12,6239.08,693.23,7.57
TXN6555,North,Grocery,Cash,Guest,72.72,18,1308.96,7.66,100.27,1208.69,67.15,5.57
TXN6556,North,Grocery,Wallet,New,789.98,1,789.98,28.44,224.67,565.31,565.31,224.67
TXN6557,North,Furniture,UPI,New,209.55,3,628.65,5.89,37.03,591.62,197.21,12.34
TXN6558,West,Furniture,Cash,New,929.52,10,9295.2,18.2,1691.73,7603.47,760.35,169.17
TXN6559,South,Apparel,UPI,Guest,733.77,13,9539.01,6.31,601.91,8937.1,687.47,46.3
TXN6560,West,Grocery,Wallet,Returning,804.83,5,4024.15,10.15,408.45,3615.7,723.14,81.69
TXN6561,East,Grocery,Cash,Returning,309.34,6,1856.04,7.78,144.4,1711.64,285.27,24.07
TXN6562,West,Electronics,UPI,Member,975.18,17,16578.06,10.51,1742.35,14835.71,872.69,102.49
TXN6563,West,Furniture,Wallet,Returning,989.05,11,10879.55,24.29,2642.64,8236.91,748.81,240.24
TXN6564,North,Grocery,Wallet,New,789.98,1,789.98,28.44,224.67,565.31,565.31,224.67
TXN6565,North,Furniture,UPI,New,209.55,3,628.65,5.89,37.03,591.62,197.21,12.34
TXN6566,West,Furniture,Cash,New,929.52,10,9295.2,18.2,1691.73,7603.47,760.35,169.17
TXN6567,South,Apparel,UPI,Guest,733.77,13,9539.01,6.31,601.91,8937.1,687.47,46.3
TXN6568,West,Grocery,Wallet,,804.83,5,4024.15,10.15,408.45,3615.7,723.14,81.69
TXN6569,East,Grocery,Cash,Returning,309.34,6,1856.04,7.78,144.4,1711.64,285.27,24.07
TXN6570,West,Electronics,UPI,Member,975.18,17,16578.06,10.51,1742.35,14835.71,872.69,102.49
TXN6571,West,Furniture,Wallet,Returning,989.05,11,10879.55,24.29,2642.64,8236.91,748.81,240.24
TXN6572,North,Furniture,UPI,Member,445.18,19,8458.42,10.97,927.89,7530.53,396.34,48.84
TXN6573,West,Electronics,UPI,Returning,269.81,1,269.81,4.91,13.25,256.56,256.56,13.25
TXN6574,East,Grocery,Credit Card,Guest,576.78,9,5191.02,20.1,1043.4,4147.62,460.85,115.93
TXN6575,West,Apparel,Cash,New,414.72,5,2073.6,2.72,56.4,2017.2,,11.28
TXN6576,East,Furniture,Wallet,Guest,621.57,15,9323.55,19.53,1820.89,7502.66,500.18,121.39
TXN6577,North,Furniture,Cash,New,733.01,16,11728.16,23.51,2757.29,8970.87,560.68,172.33
TXN6578,North,Apparel,Cash,Returning,324.98,11,3574.78,8.58,306.72,3268.06,297.1,27.88
TXN6579,East,Grocery,Cash,Returning,309.34,6,1856.04,7.78,144.4,1711.64,285.27,24.07
TXN6580,West,Electronics,UPI,Member,975.18,17,16578.06,10.51,1742.35,14835.71,872.69,102.49
TXN6581,West,Furniture,Wallet,Returning,989.05,11,10879.55,24.29,2642.64,8236.91,748.81,240.24
TXN6582,East,Furniture,Wallet,Returning,860.54,16,13768.64,25.51,3512.38,10256.26,641.02,219.52
TXN6583,North,Furniture,Wallet,New,530.16,15,7952.4,24.14,1919.71,6032.69,402.18,127.98
TXN6584,South,Furniture,Credit Card,Guest,272.16,10,2721.6,25.45,692.65,2028.95,202.9,69.26
TXN6585,South,Grocery,Credit Card,New,554.98,5,2774.9,25.78,715.37,2059.53,411.91,143.07
TXN6586,North,Apparel,Wallet,Guest,971.78,15,14576.7,18.17,2648.59,11928.11,795.21,176.57
TXN6587,West,Furniture,Cash,Guest,497.97,4,1991.88,23.44,466.9,1524.98,381.25,116.72
TXN6588,East,Apparel,UPI,New,449.02,16,7184.32,22.04,1583.42,5600.9,,98.96
TXN6589,South,Grocery,Credit Card,Member,684.58,3,2053.74,20.53,421.63,1632.11,544.04,140.54
TXN6590,South,Apparel,Wallet,Guest,951.53,5,4757.65,19.58,931.55,3826.1,765.22,
TXN6591,North,Apparel,Cash,Guest,655.35,1,655.35,18.62,122.03,533.32,533.32,122.03
TXN6592,East,Furniture,UPI,Member,482.08,16,7713.28,1.42,109.53,7603.75,475.23,6.85
TXN6593,East,Grocery,UPI,Guest,692.16,14,9690.24,11.86,1149.26,8540.98,610.07,82.09
TXN6594,West,Grocery,UPI,Returning,176.94,3,530.82,12.5,66.35,464.47,154.82,22.12
TXN6595,East,Grocery,Cash,Member,564.31,3,1692.93,22.07,373.63,1319.3,439.77,124.54
TXN6596,North,Furniture,UPI,New,847.74,10,8477.4,8.8,746.01,7731.39,773.14,74.6
TXN6597,East,Grocery,Wallet,Returning,488.43,6,2930.58,7.35,215.4,2715.18,452.53,35.9
TXN6598,North,Apparel,Credit Card,Member,700.8,9,6307.2,1.08,68.12,6239.08,693.23,7.57
TXN6599,North,Grocery,Cash,Guest,72.72,18,1308.96,7.66,100.27,1208.69,67.15,5.57
TXN6600,North,Grocery,Wallet,New,789.98,1,789.98,28.44,224.67,565.31,565.31,224.67
TXN6601,North,Furniture,UPI,New,209.55,3,628.65,5.89,37.03,591.62,197.21,12.34
TXN6602,West,Furniture,Cash,,929.52,10,9295.2,18.2,1691.73,7603.47,760.35,169.17
TXN6603,South,Apparel,UPI,Guest,733.77,13,9539.01,6.31,601.91,8937.1,687.47,46.3
TXN6604,West,Grocery,Wallet,Returning,804.83,5,4024.15,10.15,408.45,3615.7,723.14,81.69
TXN6605,East,Grocery,Cash,,309.34,6,1856.04,7.78,144.4,1711.64,285.27,24.07
TXN6606,West,Electronics,UPI,Member,975.18,17,16578.06,10.51,1742.35,14835.71,872.69,102.49
TXN6607,West,Furniture,Wallet,Returning,989.05,11,10879.55,24.29,2642.64,8236.91,748.81,240.24
TXN6608,South,Grocery,Credit Card,Member,684.58,3,2053.74,20.53,421.63,1632.11,544.04,140.54
TXN6609,South,Apparel,Wallet,Guest,951.53,5,4757.65,19.58,931.55,3826.1,765.22,
TXN6610,North,Apparel,Cash,Guest,655.35,1,655.35,18.62,122.03,533.32,533.32,122.03
TXN6611,East,Furniture,UPI,Member,482.08,16,7713.28,1.42,109.53,7603.75,475.23,6.85
TXN6612,East,Grocery,UPI,Guest,692.16,14,9690.24,11.86,1149.26,8540.98,610.07,82.09
TXN6613,West,Grocery,UPI,Returning,176.94,3,530.82,12.5,66.35,464.47,154.82,
TXN6614,East,Grocery,Cash,Member,564.31,3,1692.93,22.07,373.63,1319.3,439.77,124.54
TXN6615,North,Furniture,UPI,New,847.74,10,8477.4,8.8,746.01,7731.39,773.14,74.6
TXN6616,East,Grocery,Wallet,Returning,488.43,6,2930.58,7.35,215.4,2715.18,452.53,35.9
TXN6617,North,Apparel,Credit Card,Member,700.8,9,6307.2,1.08,68.12,6239.08,693.23,7.57
TXN6618,North,Grocery,Cash,Guest,72.72,18,1308.96,7.66,100.27,1208.69,67.15,5.57
TXN6619,North,Grocery,Wallet,New,789.98,1,789.98,28.44,224.67,565.31,565.31,224.67
TXN6620,North,Furniture,UPI,New,209.55,3,628.65,5.89,37.03,591.62,197.21,12.34
TXN6621,West,Furniture,Cash,New,929.52,10,9295.2,18.2,1691.73,7603.47,760.35,169.17
TXN6622,South,Apparel,UPI,Guest,733.77,13,9539.01,6.31,601.91,8937.1,,46.3
TXN6623,West,Grocery,Wallet,Returning,804.83,5,4024.15,10.15,408.45,3615.7,723.14,81.69
TXN6624,East,Grocery,Cash,Returning,309.34,6,1856.04,7.78,144.4,1711.64,285.27,24.07
TXN6625,West,Electronics,UPI,Member,975.18,17,16578.06,10.51,1742.35,14835.71,872.69,102.49
TXN6626,West,Furniture,Wallet,Returning,989.05,11,10879.55,24.29,2642.64,8236.91,748.81,240.24
